date,team,elo
2000-01-01,Argentina,1988.1
2000-02-01,Argentina,1978.4
2000-03-01,Argentina,1998.2
2000-04-01,Argentina,1995.3
2000-05-01,Argentina,1995.7
2000-06-01,Argentina,1989.7
2000-07-01,Argentina,1977.2
2000-08-01,Argentina,1974.7
2000-09-01,Argentina,1994.6
2000-10-01,Argentina,1981.1
2000-11-01,Argentina,1973.8
2000-12-01,Argentina,1965.4
2001-01-01,Argentina,1997.4
2001-02-01,Argentina,1997.8
2001-03-01,Argentina,2006.6
2001-04-01,Argentina,1990.6
2001-05-01,Argentina,1989.7
2001-06-01,Argentina,1972.7
2001-07-01,Argentina,1997.4
2001-08-01,Argentina,1987.3
2001-09-01,Argentina,1988.5
2001-10-01,Argentina,1982.3
2001-11-01,Argentina,1988.2
2001-12-01,Argentina,1991.5
2002-01-01,Argentina,1989.9
2002-02-01,Argentina,1981.4
2002-03-01,Argentina,1999.3
2002-04-01,Argentina,1996.5
2002-05-01,Argentina,1990.4
2002-06-01,Argentina,2004.0
2002-07-01,Argentina,1990.7
2002-08-01,Argentina,1994.3
2002-09-01,Argentina,1975.0
2002-10-01,Argentina,1986.2
2002-11-01,Argentina,1996.0
2002-12-01,Argentina,1990.5
2003-01-01,Argentina,2001.3
2003-02-01,Argentina,1979.2
2003-03-01,Argentina,2001.6
2003-04-01,Argentina,1995.3
2003-05-01,Argentina,2007.6
2003-06-01,Argentina,1995.6
2003-07-01,Argentina,2001.4
2003-08-01,Argentina,2001.2
2003-09-01,Argentina,2004.1
2003-10-01,Argentina,1999.1
2003-11-01,Argentina,1996.7
2003-12-01,Argentina,1995.0
2004-01-01,Argentina,2008.9
2004-02-01,Argentina,1997.9
2004-03-01,Argentina,1995.9
2004-04-01,Argentina,2006.4
2004-05-01,Argentina,2009.5
2004-06-01,Argentina,2012.9
2004-07-01,Argentina,2013.7
2004-08-01,Argentina,2001.9
2004-09-01,Argentina,2005.6
2004-10-01,Argentina,2017.4
2004-11-01,Argentina,2008.7
2004-12-01,Argentina,2013.4
2005-01-01,Argentina,2012.1
2005-02-01,Argentina,1998.1
2005-03-01,Argentina,2002.4
2005-04-01,Argentina,1991.5
2005-05-01,Argentina,2002.5
2005-06-01,Argentina,1999.7
2005-07-01,Argentina,1999.0
2005-08-01,Argentina,2002.5
2005-09-01,Argentina,1997.5
2005-10-01,Argentina,1994.8
2005-11-01,Argentina,2012.4
2005-12-01,Argentina,1999.5
2006-01-01,Argentina,2006.0
2006-02-01,Argentina,2018.0
2006-03-01,Argentina,2002.0
2006-04-01,Argentina,2014.2
2006-05-01,Argentina,1998.0
2006-06-01,Argentina,2009.1
2006-07-01,Argentina,2013.2
2006-08-01,Argentina,2003.3
2006-09-01,Argentina,2016.4
2006-10-01,Argentina,2012.3
2006-11-01,Argentina,2010.9
2006-12-01,Argentina,2017.0
2007-01-01,Argentina,2018.8
2007-02-01,Argentina,2011.8
2007-03-01,Argentina,1999.9
2007-04-01,Argentina,2027.3
2007-05-01,Argentina,2007.8
2007-06-01,Argentina,1993.2
2007-07-01,Argentina,2025.2
2007-08-01,Argentina,2016.9
2007-09-01,Argentina,2012.2
2007-10-01,Argentina,2011.5
2007-11-01,Argentina,2019.1
2007-12-01,Argentina,2029.8
2008-01-01,Argentina,2012.8
2008-02-01,Argentina,2009.3
2008-03-01,Argentina,2014.0
2008-04-01,Argentina,2004.8
2008-05-01,Argentina,2014.7
2008-06-01,Argentina,2025.8
2008-07-01,Argentina,2017.3
2008-08-01,Argentina,2019.4
2008-09-01,Argentina,2023.9
2008-10-01,Argentina,2013.6
2008-11-01,Argentina,2006.6
2008-12-01,Argentina,2014.4
2009-01-01,Argentina,2018.6
2009-02-01,Argentina,2026.2
2009-03-01,Argentina,2025.7
2009-04-01,Argentina,2003.2
2009-05-01,Argentina,2007.1
2009-06-01,Argentina,2028.8
2009-07-01,Argentina,2010.2
2009-08-01,Argentina,2027.9
2009-09-01,Argentina,1999.2
2009-10-01,Argentina,2034.0
2009-11-01,Argentina,2020.1
2009-12-01,Argentina,2028.9
2010-01-01,Argentina,2024.9
2010-02-01,Argentina,2035.8
2010-03-01,Argentina,2035.4
2010-04-01,Argentina,2022.7
2010-05-01,Argentina,2011.8
2010-06-01,Argentina,2009.8
2010-07-01,Argentina,2016.0
2010-08-01,Argentina,2016.4
2010-09-01,Argentina,2035.8
2010-10-01,Argentina,2019.3
2010-11-01,Argentina,2026.5
2010-12-01,Argentina,2011.6
2011-01-01,Argentina,2024.8
2011-02-01,Argentina,2027.7
2011-03-01,Argentina,2027.2
2011-04-01,Argentina,2017.0
2011-05-01,Argentina,2032.7
2011-06-01,Argentina,2034.0
2011-07-01,Argentina,2025.2
2011-08-01,Argentina,2010.4
2011-09-01,Argentina,2032.4
2011-10-01,Argentina,2029.7
2011-11-01,Argentina,2038.3
2011-12-01,Argentina,2018.9
2012-01-01,Argentina,2045.3
2012-02-01,Argentina,2027.0
2012-03-01,Argentina,2049.1
2012-04-01,Argentina,2025.4
2012-05-01,Argentina,2034.4
2012-06-01,Argentina,2017.0
2012-07-01,Argentina,2029.3
2012-08-01,Argentina,2029.7
2012-09-01,Argentina,2034.4
2012-10-01,Argentina,2028.3
2012-11-01,Argentina,2029.7
2012-12-01,Argentina,2040.2
2013-01-01,Argentina,2029.6
2013-02-01,Argentina,2031.6
2013-03-01,Argentina,2038.3
2013-04-01,Argentina,2035.7
2013-05-01,Argentina,2033.8
2013-06-01,Argentina,2035.5
2013-07-01,Argentina,2024.2
2013-08-01,Argentina,2050.7
2013-09-01,Argentina,2030.8
2013-10-01,Argentina,2027.7
2013-11-01,Argentina,2036.8
2013-12-01,Argentina,2025.7
2014-01-01,Argentina,2035.7
2014-02-01,Argentina,2048.6
2014-03-01,Argentina,2039.0
2014-04-01,Argentina,2032.9
2014-05-01,Argentina,2029.5
2014-06-01,Argentina,2041.6
2014-07-01,Argentina,2031.5
2014-08-01,Argentina,2031.2
2014-09-01,Argentina,2041.5
2014-10-01,Argentina,2045.6
2014-11-01,Argentina,2032.9
2014-12-01,Argentina,2026.5
2015-01-01,Argentina,2039.7
2015-02-01,Argentina,2047.6
2015-03-01,Argentina,2045.4
2015-04-01,Argentina,2037.1
2015-05-01,Argentina,2045.6
2015-06-01,Argentina,2037.1
2015-07-01,Argentina,2033.9
2015-08-01,Argentina,2054.3
2015-09-01,Argentina,2052.0
2015-10-01,Argentina,2035.3
2015-11-01,Argentina,2046.8
2015-12-01,Argentina,2031.8
2016-01-01,Argentina,2058.1
2016-02-01,Argentina,2051.7
2016-03-01,Argentina,2048.2
2016-04-01,Argentina,2035.7
2016-05-01,Argentina,2055.2
2016-06-01,Argentina,2049.2
2016-07-01,Argentina,2050.7
2016-08-01,Argentina,2055.9
2016-09-01,Argentina,2051.3
2016-10-01,Argentina,2036.6
2016-11-01,Argentina,2055.6
2016-12-01,Argentina,2040.3
2017-01-01,Argentina,2047.9
2017-02-01,Argentina,2047.6
2017-03-01,Argentina,2039.7
2017-04-01,Argentina,2044.1
2017-05-01,Argentina,2041.6
2017-06-01,Argentina,2042.0
2017-07-01,Argentina,2049.5
2017-08-01,Argentina,2056.8
2017-09-01,Argentina,2065.4
2017-10-01,Argentina,2054.8
2017-11-01,Argentina,2063.9
2017-12-01,Argentina,2040.9
2018-01-01,Argentina,2068.3
2018-02-01,Argentina,2051.7
2018-03-01,Argentina,2072.0
2018-04-01,Argentina,2046.5
2018-05-01,Argentina,2062.8
2018-06-01,Argentina,2044.6
2018-07-01,Argentina,2045.2
2018-08-01,Argentina,2072.1
2018-09-01,Argentina,2047.4
2018-10-01,Argentina,2056.2
2018-11-01,Argentina,2044.8
2018-12-01,Argentina,2054.5
2019-01-01,Argentina,2074.3
2019-02-01,Argentina,2060.3
2019-03-01,Argentina,2053.8
2019-04-01,Argentina,2054.9
2019-05-01,Argentina,2057.1
2019-06-01,Argentina,2058.5
2019-07-01,Argentina,2061.3
2019-08-01,Argentina,2064.5
2019-09-01,Argentina,2053.1
2019-10-01,Argentina,2062.9
2019-11-01,Argentina,2044.7
2019-12-01,Argentina,2059.7
2020-01-01,Argentina,2055.9
2020-02-01,Argentina,2060.6
2020-03-01,Argentina,2066.1
2020-04-01,Argentina,2072.9
2020-05-01,Argentina,2059.7
2020-06-01,Argentina,2064.7
2020-07-01,Argentina,2063.5
2020-08-01,Argentina,2047.7
2020-09-01,Argentina,2064.0
2020-10-01,Argentina,2078.2
2020-11-01,Argentina,2069.5
2020-12-01,Argentina,2058.8
2021-01-01,Argentina,2062.5
2021-02-01,Argentina,2061.3
2021-03-01,Argentina,2071.0
2021-04-01,Argentina,2066.3
2021-05-01,Argentina,2054.0
2021-06-01,Argentina,2071.3
2021-07-01,Argentina,2070.3
2021-08-01,Argentina,2065.8
2021-09-01,Argentina,2067.5
2021-10-01,Argentina,2059.0
2021-11-01,Argentina,2077.9
2021-12-01,Argentina,2054.1
2022-01-01,Argentina,2069.2
2022-02-01,Argentina,2069.8
2022-03-01,Argentina,2066.6
2022-04-01,Argentina,2070.1
2022-05-01,Argentina,2061.7
2022-06-01,Argentina,2065.1
2022-07-01,Argentina,2061.9
2022-08-01,Argentina,2068.2
2022-09-01,Argentina,2081.0
2022-10-01,Argentina,2073.8
2022-11-01,Argentina,2059.5
2022-12-01,Argentina,2067.6
2023-01-01,Argentina,2073.2
2023-02-01,Argentina,2068.2
2023-03-01,Argentina,2069.8
2023-04-01,Argentina,2083.8
2023-05-01,Argentina,2059.9
2023-06-01,Argentina,2076.9
2023-07-01,Argentina,2059.0
2023-08-01,Argentina,2075.8
2023-09-01,Argentina,2066.6
2023-10-01,Argentina,2078.6
2023-11-01,Argentina,2089.2
2023-12-01,Argentina,2073.0
2024-01-01,Argentina,2088.0
2024-02-01,Argentina,2082.8
2024-03-01,Argentina,2081.0
2024-04-01,Argentina,2068.9
2024-05-01,Argentina,2086.2
2024-06-01,Argentina,2080.7
2024-07-01,Argentina,2069.0
2024-08-01,Argentina,2070.0
2024-09-01,Argentina,2072.9
2024-10-01,Argentina,2070.4
2024-11-01,Argentina,2076.2
2024-12-01,Argentina,2081.9
2025-01-01,Argentina,2079.4
2025-02-01,Argentina,2082.9
2025-03-01,Argentina,2071.2
2025-04-01,Argentina,2089.5
2025-05-01,Argentina,2088.2
2025-06-01,Argentina,2097.9
2025-07-01,Argentina,2072.8
2025-08-01,Argentina,2071.9
2025-09-01,Argentina,2070.6
2025-10-01,Argentina,2091.0
2025-11-01,Argentina,2069.9
2025-12-01,Argentina,2077.6
2026-01-01,Argentina,2072.4
2026-02-01,Argentina,2085.6
2026-03-01,Argentina,2086.8
2026-04-01,Argentina,2088.7
2026-05-01,Argentina,2084.2
2000-01-01,France,1960.8
2000-02-01,France,1974.1
2000-03-01,France,1970.5
2000-04-01,France,1970.4
2000-05-01,France,1963.0
2000-06-01,France,1973.2
2000-07-01,France,1976.7
2000-08-01,France,1963.3
2000-09-01,France,1959.2
2000-10-01,France,1976.0
2000-11-01,France,1955.6
2000-12-01,France,1962.0
2001-01-01,France,1967.7
2001-02-01,France,1967.0
2001-03-01,France,1979.7
2001-04-01,France,1983.1
2001-05-01,France,1981.9
2001-06-01,France,1966.4
2001-07-01,France,1985.8
2001-08-01,France,1963.6
2001-09-01,France,1975.8
2001-10-01,France,1975.3
2001-11-01,France,1986.0
2001-12-01,France,1977.9
2002-01-01,France,1991.2
2002-02-01,France,1970.7
2002-03-01,France,1984.5
2002-04-01,France,1986.8
2002-05-01,France,1982.1
2002-06-01,France,1971.1
2002-07-01,France,1975.5
2002-08-01,France,1982.7
2002-09-01,France,1983.9
2002-10-01,France,1970.0
2002-11-01,France,1968.6
2002-12-01,France,1987.9
2003-01-01,France,1989.5
2003-02-01,France,1991.8
2003-03-01,France,1996.2
2003-04-01,France,1982.8
2003-05-01,France,1969.1
2003-06-01,France,1993.2
2003-07-01,France,1980.5
2003-08-01,France,1995.4
2003-09-01,France,1975.0
2003-10-01,France,1989.3
2003-11-01,France,1973.2
2003-12-01,France,1993.5
2004-01-01,France,1973.1
2004-02-01,France,1986.0
2004-03-01,France,1984.5
2004-04-01,France,1980.2
2004-05-01,France,1985.3
2004-06-01,France,1979.5
2004-07-01,France,1983.0
2004-08-01,France,1986.6
2004-09-01,France,1978.6
2004-10-01,France,1984.5
2004-11-01,France,1991.1
2004-12-01,France,1978.3
2005-01-01,France,1990.0
2005-02-01,France,1980.5
2005-03-01,France,2002.3
2005-04-01,France,1992.5
2005-05-01,France,1978.6
2005-06-01,France,2003.9
2005-07-01,France,1992.1
2005-08-01,France,1982.2
2005-09-01,France,2008.8
2005-10-01,France,1988.0
2005-11-01,France,1976.3
2005-12-01,France,1999.1
2006-01-01,France,1995.5
2006-02-01,France,2004.0
2006-03-01,France,1994.1
2006-04-01,France,1987.4
2006-05-01,France,1983.5
2006-06-01,France,1986.9
2006-07-01,France,1987.5
2006-08-01,France,1980.2
2006-09-01,France,1986.9
2006-10-01,France,1991.6
2006-11-01,France,1990.7
2006-12-01,France,1967.4
2007-01-01,France,1988.0
2007-02-01,France,1995.6
2007-03-01,France,1991.5
2007-04-01,France,2001.0
2007-05-01,France,1992.2
2007-06-01,France,1996.0
2007-07-01,France,2000.0
2007-08-01,France,2004.6
2007-09-01,France,1997.4
2007-10-01,France,1982.9
2007-11-01,France,2007.9
2007-12-01,France,2004.9
2008-01-01,France,1992.5
2008-02-01,France,2002.8
2008-03-01,France,1993.3
2008-04-01,France,1996.6
2008-05-01,France,2006.4
2008-06-01,France,2002.3
2008-07-01,France,2003.4
2008-08-01,France,2004.2
2008-09-01,France,2012.0
2008-10-01,France,2006.1
2008-11-01,France,2001.0
2008-12-01,France,1998.1
2009-01-01,France,2003.3
2009-02-01,France,2002.0
2009-03-01,France,2005.3
2009-04-01,France,1994.1
2009-05-01,France,2004.8
2009-06-01,France,2014.6
2009-07-01,France,2004.9
2009-08-01,France,2004.2
2009-09-01,France,1990.9
2009-10-01,France,1993.4
2009-11-01,France,1994.2
2009-12-01,France,2001.8
2010-01-01,France,2005.2
2010-02-01,France,2004.4
2010-03-01,France,2008.8
2010-04-01,France,2017.7
2010-05-01,France,2013.5
2010-06-01,France,2021.6
2010-07-01,France,1995.5
2010-08-01,France,2010.2
2010-09-01,France,2006.2
2010-10-01,France,2013.5
2010-11-01,France,2002.7
2010-12-01,France,2009.4
2011-01-01,France,2008.5
2011-02-01,France,2015.7
2011-03-01,France,2022.2
2011-04-01,France,1996.1
2011-05-01,France,2009.1
2011-06-01,France,2026.0
2011-07-01,France,2020.2
2011-08-01,France,2016.8
2011-09-01,France,2005.4
2011-10-01,France,2006.3
2011-11-01,France,2013.4
2011-12-01,France,2011.3
2012-01-01,France,2006.9
2012-02-01,France,2012.3
2012-03-01,France,2035.4
2012-04-01,France,2019.4
2012-05-01,France,2003.8
2012-06-01,France,2029.6
2012-07-01,France,2011.4
2012-08-01,France,2030.9
2012-09-01,France,2023.7
2012-10-01,France,1992.7
2012-11-01,France,1999.5
2012-12-01,France,2015.9
2013-01-01,France,2023.6
2013-02-01,France,2024.9
2013-03-01,France,2028.1
2013-04-01,France,2018.6
2013-05-01,France,2008.2
2013-06-01,France,2016.9
2013-07-01,France,2004.5
2013-08-01,France,2017.2
2013-09-01,France,2029.7
2013-10-01,France,2032.1
2013-11-01,France,2016.1
2013-12-01,France,2023.2
2014-01-01,France,2012.7
2014-02-01,France,2031.3
2014-03-01,France,2017.6
2014-04-01,France,2020.5
2014-05-01,France,2029.1
2014-06-01,France,2020.4
2014-07-01,France,2027.6
2014-08-01,France,2020.9
2014-09-01,France,2027.2
2014-10-01,France,2023.8
2014-11-01,France,2032.9
2014-12-01,France,2017.7
2015-01-01,France,2033.7
2015-02-01,France,2027.4
2015-03-01,France,2031.1
2015-04-01,France,2022.0
2015-05-01,France,2040.1
2015-06-01,France,2031.7
2015-07-01,France,2017.5
2015-08-01,France,2034.9
2015-09-01,France,2043.3
2015-10-01,France,2020.0
2015-11-01,France,2020.0
2015-12-01,France,2039.2
2016-01-01,France,2026.3
2016-02-01,France,2039.2
2016-03-01,France,2033.5
2016-04-01,France,2027.9
2016-05-01,France,2031.9
2016-06-01,France,2040.5
2016-07-01,France,2035.0
2016-08-01,France,2023.8
2016-09-01,France,2028.6
2016-10-01,France,2039.4
2016-11-01,France,2045.7
2016-12-01,France,2037.4
2017-01-01,France,2054.6
2017-02-01,France,2033.6
2017-03-01,France,2041.2
2017-04-01,France,2037.9
2017-05-01,France,2050.6
2017-06-01,France,2035.8
2017-07-01,France,2044.6
2017-08-01,France,2034.8
2017-09-01,France,2029.9
2017-10-01,France,2049.5
2017-11-01,France,2034.4
2017-12-01,France,2036.9
2018-01-01,France,2032.1
2018-02-01,France,2046.9
2018-03-01,France,2029.1
2018-04-01,France,2029.4
2018-05-01,France,2048.7
2018-06-01,France,2039.8
2018-07-01,France,2036.4
2018-08-01,France,2030.2
2018-09-01,France,2043.7
2018-10-01,France,2046.4
2018-11-01,France,2042.8
2018-12-01,France,2025.3
2019-01-01,France,2052.3
2019-02-01,France,2045.9
2019-03-01,France,2039.4
2019-04-01,France,2044.1
2019-05-01,France,2034.5
2019-06-01,France,2048.1
2019-07-01,France,2041.4
2019-08-01,France,2049.9
2019-09-01,France,2046.7
2019-10-01,France,2045.5
2019-11-01,France,2047.8
2019-12-01,France,2049.9
2020-01-01,France,2037.3
2020-02-01,France,2055.1
2020-03-01,France,2032.8
2020-04-01,France,2045.9
2020-05-01,France,2058.1
2020-06-01,France,2048.7
2020-07-01,France,2045.0
2020-08-01,France,2043.2
2020-09-01,France,2038.1
2020-10-01,France,2061.2
2020-11-01,France,2035.0
2020-12-01,France,2037.5
2021-01-01,France,2037.2
2021-02-01,France,2063.6
2021-03-01,France,2048.8
2021-04-01,France,2056.2
2021-05-01,France,2055.8
2021-06-01,France,2055.3
2021-07-01,France,2052.0
2021-08-01,France,2052.4
2021-09-01,France,2061.1
2021-10-01,France,2051.1
2021-11-01,France,2045.6
2021-12-01,France,2060.9
2022-01-01,France,2058.6
2022-02-01,France,2037.1
2022-03-01,France,2051.0
2022-04-01,France,2053.0
2022-05-01,France,2066.3
2022-06-01,France,2055.1
2022-07-01,France,2048.9
2022-08-01,France,2046.1
2022-09-01,France,2054.9
2022-10-01,France,2062.5
2022-11-01,France,2068.7
2022-12-01,France,2043.8
2023-01-01,France,2060.1
2023-02-01,France,2055.2
2023-03-01,France,2057.6
2023-04-01,France,2052.5
2023-05-01,France,2046.8
2023-06-01,France,2061.5
2023-07-01,France,2055.5
2023-08-01,France,2064.9
2023-09-01,France,2059.4
2023-10-01,France,2071.6
2023-11-01,France,2068.7
2023-12-01,France,2074.8
2024-01-01,France,2055.3
2024-02-01,France,2072.7
2024-03-01,France,2063.4
2024-04-01,France,2067.1
2024-05-01,France,2062.5
2024-06-01,France,2063.8
2024-07-01,France,2059.5
2024-08-01,France,2072.7
2024-09-01,France,2056.1
2024-10-01,France,2062.7
2024-11-01,France,2068.1
2024-12-01,France,2059.8
2025-01-01,France,2074.3
2025-02-01,France,2063.6
2025-03-01,France,2064.9
2025-04-01,France,2076.3
2025-05-01,France,2062.5
2025-06-01,France,2074.7
2025-07-01,France,2071.8
2025-08-01,France,2082.6
2025-09-01,France,2062.0
2025-10-01,France,2064.0
2025-11-01,France,2068.7
2025-12-01,France,2064.1
2026-01-01,France,2073.8
2026-02-01,France,2071.6
2026-03-01,France,2060.7
2026-04-01,France,2064.1
2026-05-01,France,2084.0
2000-01-01,Spain,1951.9
2000-02-01,Spain,1958.7
2000-03-01,Spain,1950.3
2000-04-01,Spain,1949.2
2000-05-01,Spain,1963.9
2000-06-01,Spain,1957.3
2000-07-01,Spain,1947.8
2000-08-01,Spain,1956.9
2000-09-01,Spain,1958.4
2000-10-01,Spain,1968.9
2000-11-01,Spain,1939.0
2000-12-01,Spain,1964.0
2001-01-01,Spain,1956.0
2001-02-01,Spain,1974.7
2001-03-01,Spain,1972.2
2001-04-01,Spain,1973.7
2001-05-01,Spain,1955.8
2001-06-01,Spain,1948.9
2001-07-01,Spain,1959.2
2001-08-01,Spain,1952.1
2001-09-01,Spain,1958.6
2001-10-01,Spain,1948.6
2001-11-01,Spain,1955.8
2001-12-01,Spain,1970.4
2002-01-01,Spain,1964.9
2002-02-01,Spain,1954.4
2002-03-01,Spain,1967.6
2002-04-01,Spain,1957.8
2002-05-01,Spain,1972.3
2002-06-01,Spain,1970.6
2002-07-01,Spain,1968.1
2002-08-01,Spain,1976.8
2002-09-01,Spain,1961.3
2002-10-01,Spain,1978.6
2002-11-01,Spain,1966.8
2002-12-01,Spain,1969.2
2003-01-01,Spain,1949.4
2003-02-01,Spain,1965.5
2003-03-01,Spain,1964.6
2003-04-01,Spain,1957.6
2003-05-01,Spain,1959.1
2003-06-01,Spain,1976.3
2003-07-01,Spain,1971.9
2003-08-01,Spain,1972.2
2003-09-01,Spain,1983.4
2003-10-01,Spain,1970.8
2003-11-01,Spain,1977.8
2003-12-01,Spain,1969.1
2004-01-01,Spain,1965.7
2004-02-01,Spain,1970.6
2004-03-01,Spain,1976.0
2004-04-01,Spain,1958.0
2004-05-01,Spain,1972.6
2004-06-01,Spain,1974.5
2004-07-01,Spain,1964.8
2004-08-01,Spain,1959.8
2004-09-01,Spain,1974.8
2004-10-01,Spain,1971.4
2004-11-01,Spain,1980.0
2004-12-01,Spain,1971.8
2005-01-01,Spain,1956.9
2005-02-01,Spain,1974.5
2005-03-01,Spain,1980.5
2005-04-01,Spain,1963.7
2005-05-01,Spain,1961.4
2005-06-01,Spain,1979.7
2005-07-01,Spain,1983.2
2005-08-01,Spain,1972.3
2005-09-01,Spain,1977.3
2005-10-01,Spain,1966.7
2005-11-01,Spain,1969.8
2005-12-01,Spain,1978.0
2006-01-01,Spain,1979.6
2006-02-01,Spain,1981.2
2006-03-01,Spain,1982.0
2006-04-01,Spain,1996.9
2006-05-01,Spain,1955.1
2006-06-01,Spain,1983.3
2006-07-01,Spain,1973.7
2006-08-01,Spain,1971.5
2006-09-01,Spain,1981.5
2006-10-01,Spain,1980.2
2006-11-01,Spain,1984.5
2006-12-01,Spain,1979.0
2007-01-01,Spain,1975.2
2007-02-01,Spain,1972.0
2007-03-01,Spain,1977.3
2007-04-01,Spain,1987.6
2007-05-01,Spain,1989.8
2007-06-01,Spain,1967.9
2007-07-01,Spain,1979.9
2007-08-01,Spain,1979.4
2007-09-01,Spain,1984.3
2007-10-01,Spain,1976.5
2007-11-01,Spain,1969.9
2007-12-01,Spain,1978.9
2008-01-01,Spain,1995.6
2008-02-01,Spain,1968.7
2008-03-01,Spain,1976.3
2008-04-01,Spain,1984.8
2008-05-01,Spain,1980.9
2008-06-01,Spain,1976.5
2008-07-01,Spain,1980.1
2008-08-01,Spain,1988.3
2008-09-01,Spain,1987.7
2008-10-01,Spain,1992.7
2008-11-01,Spain,1990.8
2008-12-01,Spain,1974.7
2009-01-01,Spain,1993.9
2009-02-01,Spain,1995.0
2009-03-01,Spain,1985.6
2009-04-01,Spain,1999.5
2009-05-01,Spain,1984.6
2009-06-01,Spain,1998.1
2009-07-01,Spain,1994.4
2009-08-01,Spain,1988.2
2009-09-01,Spain,1981.7
2009-10-01,Spain,1985.0
2009-11-01,Spain,1984.3
2009-12-01,Spain,2004.1
2010-01-01,Spain,2002.1
2010-02-01,Spain,2001.5
2010-03-01,Spain,1996.1
2010-04-01,Spain,1989.5
2010-05-01,Spain,1999.3
2010-06-01,Spain,1986.1
2010-07-01,Spain,2005.6
2010-08-01,Spain,1981.3
2010-09-01,Spain,1984.9
2010-10-01,Spain,1998.5
2010-11-01,Spain,1991.0
2010-12-01,Spain,2003.2
2011-01-01,Spain,2007.2
2011-02-01,Spain,1977.7
2011-03-01,Spain,1990.6
2011-04-01,Spain,1990.4
2011-05-01,Spain,2004.4
2011-06-01,Spain,1986.1
2011-07-01,Spain,1977.9
2011-08-01,Spain,1989.0
2011-09-01,Spain,2001.6
2011-10-01,Spain,2012.8
2011-11-01,Spain,1983.9
2011-12-01,Spain,1990.2
2012-01-01,Spain,2002.2
2012-02-01,Spain,2009.7
2012-03-01,Spain,2017.6
2012-04-01,Spain,2003.8
2012-05-01,Spain,2007.1
2012-06-01,Spain,2001.7
2012-07-01,Spain,2012.8
2012-08-01,Spain,1996.7
2012-09-01,Spain,2001.2
2012-10-01,Spain,1983.6
2012-11-01,Spain,2007.1
2012-12-01,Spain,2013.9
2013-01-01,Spain,2010.3
2013-02-01,Spain,1998.9
2013-03-01,Spain,1993.7
2013-04-01,Spain,2018.5
2013-05-01,Spain,1997.1
2013-06-01,Spain,2002.3
2013-07-01,Spain,1993.3
2013-08-01,Spain,2008.7
2013-09-01,Spain,2019.4
2013-10-01,Spain,2006.0
2013-11-01,Spain,2015.7
2013-12-01,Spain,1997.7
2014-01-01,Spain,2008.1
2014-02-01,Spain,2010.3
2014-03-01,Spain,2002.4
2014-04-01,Spain,2001.2
2014-05-01,Spain,2003.7
2014-06-01,Spain,2006.8
2014-07-01,Spain,2004.7
2014-08-01,Spain,2019.2
2014-09-01,Spain,1991.6
2014-10-01,Spain,2009.6
2014-11-01,Spain,1996.3
2014-12-01,Spain,2017.0
2015-01-01,Spain,2006.5
2015-02-01,Spain,2012.3
2015-03-01,Spain,2023.3
2015-04-01,Spain,1999.4
2015-05-01,Spain,2023.5
2015-06-01,Spain,2016.7
2015-07-01,Spain,2009.1
2015-08-01,Spain,1993.7
2015-09-01,Spain,2027.7
2015-10-01,Spain,2009.9
2015-11-01,Spain,2017.7
2015-12-01,Spain,2013.9
2016-01-01,Spain,2033.1
2016-02-01,Spain,2007.9
2016-03-01,Spain,2024.9
2016-04-01,Spain,2031.3
2016-05-01,Spain,2007.0
2016-06-01,Spain,2014.9
2016-07-01,Spain,2019.3
2016-08-01,Spain,2022.4
2016-09-01,Spain,2021.1
2016-10-01,Spain,2025.0
2016-11-01,Spain,2016.6
2016-12-01,Spain,2019.7
2017-01-01,Spain,2010.6
2017-02-01,Spain,2012.2
2017-03-01,Spain,2019.6
2017-04-01,Spain,2017.6
2017-05-01,Spain,2025.8
2017-06-01,Spain,2005.5
2017-07-01,Spain,2024.1
2017-08-01,Spain,2026.5
2017-09-01,Spain,2002.7
2017-10-01,Spain,2033.8
2017-11-01,Spain,2036.1
2017-12-01,Spain,2029.2
2018-01-01,Spain,2022.5
2018-02-01,Spain,2022.0
2018-03-01,Spain,2019.6
2018-04-01,Spain,2024.2
2018-05-01,Spain,2020.6
2018-06-01,Spain,2027.0
2018-07-01,Spain,2024.5
2018-08-01,Spain,2029.0
2018-09-01,Spain,2021.2
2018-10-01,Spain,2016.1
2018-11-01,Spain,2033.7
2018-12-01,Spain,2016.2
2019-01-01,Spain,2026.7
2019-02-01,Spain,2026.8
2019-03-01,Spain,2028.9
2019-04-01,Spain,2027.1
2019-05-01,Spain,2025.2
2019-06-01,Spain,2029.7
2019-07-01,Spain,2020.6
2019-08-01,Spain,2026.3
2019-09-01,Spain,2028.7
2019-10-01,Spain,2013.8
2019-11-01,Spain,2038.4
2019-12-01,Spain,2044.7
2020-01-01,Spain,2036.9
2020-02-01,Spain,2028.9
2020-03-01,Spain,2029.2
2020-04-01,Spain,2023.6
2020-05-01,Spain,2044.4
2020-06-01,Spain,2021.2
2020-07-01,Spain,2039.4
2020-08-01,Spain,2028.2
2020-09-01,Spain,2042.7
2020-10-01,Spain,2037.2
2020-11-01,Spain,2039.0
2020-12-01,Spain,2033.3
2021-01-01,Spain,2049.1
2021-02-01,Spain,2022.8
2021-03-01,Spain,2021.9
2021-04-01,Spain,2023.5
2021-05-01,Spain,2032.0
2021-06-01,Spain,2030.0
2021-07-01,Spain,2031.5
2021-08-01,Spain,2049.0
2021-09-01,Spain,2030.9
2021-10-01,Spain,2043.1
2021-11-01,Spain,2036.4
2021-12-01,Spain,2044.5
2022-01-01,Spain,2042.6
2022-02-01,Spain,2042.5
2022-03-01,Spain,2037.4
2022-04-01,Spain,2032.2
2022-05-01,Spain,2027.0
2022-06-01,Spain,2044.6
2022-07-01,Spain,2054.7
2022-08-01,Spain,2035.2
2022-09-01,Spain,2039.5
2022-10-01,Spain,2031.4
2022-11-01,Spain,2038.6
2022-12-01,Spain,2036.9
2023-01-01,Spain,2038.0
2023-02-01,Spain,2035.3
2023-03-01,Spain,2051.6
2023-04-01,Spain,2051.6
2023-05-01,Spain,2054.7
2023-06-01,Spain,2050.2
2023-07-01,Spain,2036.3
2023-08-01,Spain,2038.5
2023-09-01,Spain,2046.2
2023-10-01,Spain,2037.1
2023-11-01,Spain,2055.4
2023-12-01,Spain,2043.3
2024-01-01,Spain,2040.1
2024-02-01,Spain,2052.5
2024-03-01,Spain,2053.6
2024-04-01,Spain,2050.9
2024-05-01,Spain,2054.1
2024-06-01,Spain,2050.4
2024-07-01,Spain,2060.1
2024-08-01,Spain,2055.8
2024-09-01,Spain,2042.1
2024-10-01,Spain,2041.8
2024-11-01,Spain,2046.3
2024-12-01,Spain,2047.2
2025-01-01,Spain,2045.7
2025-02-01,Spain,2043.2
2025-03-01,Spain,2049.4
2025-04-01,Spain,2045.8
2025-05-01,Spain,2051.6
2025-06-01,Spain,2032.8
2025-07-01,Spain,2059.8
2025-08-01,Spain,2048.5
2025-09-01,Spain,2053.7
2025-10-01,Spain,2032.0
2025-11-01,Spain,2051.8
2025-12-01,Spain,2050.0
2026-01-01,Spain,2054.5
2026-02-01,Spain,2056.5
2026-03-01,Spain,2050.5
2026-04-01,Spain,2058.0
2026-05-01,Spain,2033.5
2000-01-01,England,1922.2
2000-02-01,England,1921.5
2000-03-01,England,1932.3
2000-04-01,England,1922.2
2000-05-01,England,1901.5
2000-06-01,England,1916.2
2000-07-01,England,1916.3
2000-08-01,England,1919.2
2000-09-01,England,1917.3
2000-10-01,England,1920.6
2000-11-01,England,1912.4
2000-12-01,England,1932.8
2001-01-01,England,1922.9
2001-02-01,England,1941.2
2001-03-01,England,1913.1
2001-04-01,England,1920.5
2001-05-01,England,1929.8
2001-06-01,England,1912.0
2001-07-01,England,1933.5
2001-08-01,England,1925.0
2001-09-01,England,1924.9
2001-10-01,England,1934.3
2001-11-01,England,1920.2
2001-12-01,England,1919.3
2002-01-01,England,1924.4
2002-02-01,England,1925.2
2002-03-01,England,1917.7
2002-04-01,England,1930.8
2002-05-01,England,1924.9
2002-06-01,England,1926.1
2002-07-01,England,1926.3
2002-08-01,England,1934.1
2002-09-01,England,1930.2
2002-10-01,England,1931.5
2002-11-01,England,1926.3
2002-12-01,England,1931.6
2003-01-01,England,1947.3
2003-02-01,England,1941.0
2003-03-01,England,1924.0
2003-04-01,England,1940.7
2003-05-01,England,1935.2
2003-06-01,England,1931.7
2003-07-01,England,1938.0
2003-08-01,England,1936.9
2003-09-01,England,1933.2
2003-10-01,England,1928.7
2003-11-01,England,1925.6
2003-12-01,England,1938.2
2004-01-01,England,1938.2
2004-02-01,England,1933.3
2004-03-01,England,1935.2
2004-04-01,England,1932.4
2004-05-01,England,1927.2
2004-06-01,England,1945.3
2004-07-01,England,1936.5
2004-08-01,England,1920.3
2004-09-01,England,1941.4
2004-10-01,England,1937.8
2004-11-01,England,1939.9
2004-12-01,England,1944.0
2005-01-01,England,1938.0
2005-02-01,England,1940.4
2005-03-01,England,1928.7
2005-04-01,England,1935.0
2005-05-01,England,1946.8
2005-06-01,England,1938.9
2005-07-01,England,1936.2
2005-08-01,England,1941.4
2005-09-01,England,1932.0
2005-10-01,England,1934.8
2005-11-01,England,1945.6
2005-12-01,England,1925.6
2006-01-01,England,1939.0
2006-02-01,England,1944.0
2006-03-01,England,1946.3
2006-04-01,England,1936.3
2006-05-01,England,1947.1
2006-06-01,England,1943.4
2006-07-01,England,1953.1
2006-08-01,England,1948.3
2006-09-01,England,1941.2
2006-10-01,England,1951.9
2006-11-01,England,1943.4
2006-12-01,England,1946.4
2007-01-01,England,1942.4
2007-02-01,England,1939.5
2007-03-01,England,1934.9
2007-04-01,England,1942.6
2007-05-01,England,1946.9
2007-06-01,England,1942.1
2007-07-01,England,1949.0
2007-08-01,England,1945.5
2007-09-01,England,1947.0
2007-10-01,England,1956.5
2007-11-01,England,1958.6
2007-12-01,England,1935.2
2008-01-01,England,1941.8
2008-02-01,England,1952.1
2008-03-01,England,1947.7
2008-04-01,England,1938.9
2008-05-01,England,1953.9
2008-06-01,England,1942.0
2008-07-01,England,1956.1
2008-08-01,England,1958.5
2008-09-01,England,1959.8
2008-10-01,England,1945.0
2008-11-01,England,1951.0
2008-12-01,England,1959.6
2009-01-01,England,1937.8
2009-02-01,England,1945.6
2009-03-01,England,1958.9
2009-04-01,England,1966.8
2009-05-01,England,1935.0
2009-06-01,England,1945.4
2009-07-01,England,1951.9
2009-08-01,England,1955.5
2009-09-01,England,1969.8
2009-10-01,England,1962.5
2009-11-01,England,1958.3
2009-12-01,England,1943.3
2010-01-01,England,1958.5
2010-02-01,England,1965.1
2010-03-01,England,1949.5
2010-04-01,England,1955.2
2010-05-01,England,1957.3
2010-06-01,England,1953.1
2010-07-01,England,1964.2
2010-08-01,England,1965.4
2010-09-01,England,1951.8
2010-10-01,England,1950.0
2010-11-01,England,1957.9
2010-12-01,England,1961.2
2011-01-01,England,1977.4
2011-02-01,England,1962.5
2011-03-01,England,1959.4
2011-04-01,England,1956.1
2011-05-01,England,1963.7
2011-06-01,England,1960.2
2011-07-01,England,1968.5
2011-08-01,England,1964.0
2011-09-01,England,1961.5
2011-10-01,England,1954.8
2011-11-01,England,1965.8
2011-12-01,England,1961.1
2012-01-01,England,1971.7
2012-02-01,England,1954.7
2012-03-01,England,1968.6
2012-04-01,England,1972.3
2012-05-01,England,1966.5
2012-06-01,England,1972.8
2012-07-01,England,1969.5
2012-08-01,England,1961.2
2012-09-01,England,1956.9
2012-10-01,England,1974.0
2012-11-01,England,1961.6
2012-12-01,England,1965.2
2013-01-01,England,1965.8
2013-02-01,England,1978.5
2013-03-01,England,1951.9
2013-04-01,England,1977.1
2013-05-01,England,1965.7
2013-06-01,England,1986.9
2013-07-01,England,1977.3
2013-08-01,England,1963.6
2013-09-01,England,1982.5
2013-10-01,England,1964.9
2013-11-01,England,1974.7
2013-12-01,England,1973.6
2014-01-01,England,1991.3
2014-02-01,England,1966.3
2014-03-01,England,1954.7
2014-04-01,England,1964.5
2014-05-01,England,1973.9
2014-06-01,England,1965.4
2014-07-01,England,1962.7
2014-08-01,England,1971.2
2014-09-01,England,1981.3
2014-10-01,England,1950.6
2014-11-01,England,1975.2
2014-12-01,England,1975.2
2015-01-01,England,1984.1
2015-02-01,England,1969.3
2015-03-01,England,1991.5
2015-04-01,England,1979.2
2015-05-01,England,1981.0
2015-06-01,England,1973.5
2015-07-01,England,1986.7
2015-08-01,England,1997.4
2015-09-01,England,1975.1
2015-10-01,England,1979.8
2015-11-01,England,1982.6
2015-12-01,England,1989.0
2016-01-01,England,1989.7
2016-02-01,England,1985.7
2016-03-01,England,1986.3
2016-04-01,England,1988.7
2016-05-01,England,1989.7
2016-06-01,England,1990.0
2016-07-01,England,1977.1
2016-08-01,England,2003.9
2016-09-01,England,1984.1
2016-10-01,England,1986.0
2016-11-01,England,1989.4
2016-12-01,England,1986.3
2017-01-01,England,1993.0
2017-02-01,England,1980.6
2017-03-01,England,1986.0
2017-04-01,England,1985.6
2017-05-01,England,1993.2
2017-06-01,England,1986.3
2017-07-01,England,1987.3
2017-08-01,England,1987.6
2017-09-01,England,1996.6
2017-10-01,England,1964.2
2017-11-01,England,1988.9
2017-12-01,England,1982.5
2018-01-01,England,1975.1
2018-02-01,England,1980.8
2018-03-01,England,1980.7
2018-04-01,England,1985.9
2018-05-01,England,1982.6
2018-06-01,England,1989.7
2018-07-01,England,1995.5
2018-08-01,England,1990.6
2018-09-01,England,1983.7
2018-10-01,England,1990.8
2018-11-01,England,1994.2
2018-12-01,England,1998.7
2019-01-01,England,1986.5
2019-02-01,England,2006.7
2019-03-01,England,1994.4
2019-04-01,England,1994.2
2019-05-01,England,1987.5
2019-06-01,England,1982.5
2019-07-01,England,1981.8
2019-08-01,England,2007.4
2019-09-01,England,2004.5
2019-10-01,England,1998.1
2019-11-01,England,1984.3
2019-12-01,England,1992.3
2020-01-01,England,1985.1
2020-02-01,England,1992.1
2020-03-01,England,1984.3
2020-04-01,England,1993.7
2020-05-01,England,1994.1
2020-06-01,England,1991.7
2020-07-01,England,1989.5
2020-08-01,England,1995.6
2020-09-01,England,2001.2
2020-10-01,England,2007.2
2020-11-01,England,1991.3
2020-12-01,England,2001.7
2021-01-01,England,2005.4
2021-02-01,England,2003.6
2021-03-01,England,2007.8
2021-04-01,England,2002.0
2021-05-01,England,2000.5
2021-06-01,England,2005.5
2021-07-01,England,2015.9
2021-08-01,England,1988.5
2021-09-01,England,2002.1
2021-10-01,England,1997.2
2021-11-01,England,1992.1
2021-12-01,England,2005.0
2022-01-01,England,2002.0
2022-02-01,England,2000.7
2022-03-01,England,2007.2
2022-04-01,England,2010.9
2022-05-01,England,1995.9
2022-06-01,England,2006.3
2022-07-01,England,2015.9
2022-08-01,England,2005.9
2022-09-01,England,2003.7
2022-10-01,England,2003.1
2022-11-01,England,1988.5
2022-12-01,England,1989.8
2023-01-01,England,2016.1
2023-02-01,England,2024.3
2023-03-01,England,2021.2
2023-04-01,England,2023.8
2023-05-01,England,2006.0
2023-06-01,England,2007.4
2023-07-01,England,1998.9
2023-08-01,England,2000.1
2023-09-01,England,2014.6
2023-10-01,England,2002.9
2023-11-01,England,2004.1
2023-12-01,England,2006.0
2024-01-01,England,2019.6
2024-02-01,England,2012.4
2024-03-01,England,2007.6
2024-04-01,England,2012.5
2024-05-01,England,2019.5
2024-06-01,England,2007.5
2024-07-01,England,2004.5
2024-08-01,England,2004.9
2024-09-01,England,2028.1
2024-10-01,England,2006.3
2024-11-01,England,2012.5
2024-12-01,England,1997.2
2025-01-01,England,2034.7
2025-02-01,England,2011.5
2025-03-01,England,2020.0
2025-04-01,England,2015.4
2025-05-01,England,2010.3
2025-06-01,England,2021.6
2025-07-01,England,2011.4
2025-08-01,England,2023.9
2025-09-01,England,2037.1
2025-10-01,England,2023.1
2025-11-01,England,2009.4
2025-12-01,England,2014.4
2026-01-01,England,2006.6
2026-02-01,England,2001.7
2026-03-01,England,2009.5
2026-04-01,England,2020.5
2026-05-01,England,2022.7
2000-01-01,Brazil,1902.5
2000-02-01,Brazil,1903.9
2000-03-01,Brazil,1901.2
2000-04-01,Brazil,1906.4
2000-05-01,Brazil,1901.5
2000-06-01,Brazil,1893.9
2000-07-01,Brazil,1906.8
2000-08-01,Brazil,1891.1
2000-09-01,Brazil,1892.5
2000-10-01,Brazil,1916.5
2000-11-01,Brazil,1891.8
2000-12-01,Brazil,1906.9
2001-01-01,Brazil,1908.4
2001-02-01,Brazil,1894.8
2001-03-01,Brazil,1925.5
2001-04-01,Brazil,1901.7
2001-05-01,Brazil,1900.7
2001-06-01,Brazil,1901.1
2001-07-01,Brazil,1907.6
2001-08-01,Brazil,1898.3
2001-09-01,Brazil,1892.5
2001-10-01,Brazil,1909.2
2001-11-01,Brazil,1893.8
2001-12-01,Brazil,1892.2
2002-01-01,Brazil,1902.6
2002-02-01,Brazil,1926.6
2002-03-01,Brazil,1904.4
2002-04-01,Brazil,1921.0
2002-05-01,Brazil,1906.7
2002-06-01,Brazil,1908.4
2002-07-01,Brazil,1909.5
2002-08-01,Brazil,1902.6
2002-09-01,Brazil,1907.9
2002-10-01,Brazil,1912.1
2002-11-01,Brazil,1909.3
2002-12-01,Brazil,1902.6
2003-01-01,Brazil,1919.1
2003-02-01,Brazil,1896.1
2003-03-01,Brazil,1916.7
2003-04-01,Brazil,1914.9
2003-05-01,Brazil,1912.2
2003-06-01,Brazil,1920.8
2003-07-01,Brazil,1914.7
2003-08-01,Brazil,1888.8
2003-09-01,Brazil,1918.0
2003-10-01,Brazil,1911.6
2003-11-01,Brazil,1912.6
2003-12-01,Brazil,1913.5
2004-01-01,Brazil,1916.2
2004-02-01,Brazil,1906.3
2004-03-01,Brazil,1910.6
2004-04-01,Brazil,1922.3
2004-05-01,Brazil,1915.2
2004-06-01,Brazil,1916.8
2004-07-01,Brazil,1920.8
2004-08-01,Brazil,1913.5
2004-09-01,Brazil,1924.2
2004-10-01,Brazil,1917.2
2004-11-01,Brazil,1906.5
2004-12-01,Brazil,1912.7
2005-01-01,Brazil,1916.1
2005-02-01,Brazil,1919.8
2005-03-01,Brazil,1910.6
2005-04-01,Brazil,1933.6
2005-05-01,Brazil,1925.9
2005-06-01,Brazil,1921.2
2005-07-01,Brazil,1920.0
2005-08-01,Brazil,1927.0
2005-09-01,Brazil,1907.0
2005-10-01,Brazil,1921.7
2005-11-01,Brazil,1909.5
2005-12-01,Brazil,1926.4
2006-01-01,Brazil,1916.2
2006-02-01,Brazil,1925.5
2006-03-01,Brazil,1938.6
2006-04-01,Brazil,1932.0
2006-05-01,Brazil,1914.9
2006-06-01,Brazil,1924.9
2006-07-01,Brazil,1923.6
2006-08-01,Brazil,1922.6
2006-09-01,Brazil,1936.5
2006-10-01,Brazil,1922.6
2006-11-01,Brazil,1941.4
2006-12-01,Brazil,1918.0
2007-01-01,Brazil,1927.6
2007-02-01,Brazil,1927.1
2007-03-01,Brazil,1929.2
2007-04-01,Brazil,1933.4
2007-05-01,Brazil,1937.4
2007-06-01,Brazil,1926.2
2007-07-01,Brazil,1925.4
2007-08-01,Brazil,1926.4
2007-09-01,Brazil,1934.4
2007-10-01,Brazil,1917.2
2007-11-01,Brazil,1923.3
2007-12-01,Brazil,1941.4
2008-01-01,Brazil,1913.9
2008-02-01,Brazil,1938.0
2008-03-01,Brazil,1940.3
2008-04-01,Brazil,1938.4
2008-05-01,Brazil,1926.7
2008-06-01,Brazil,1939.0
2008-07-01,Brazil,1935.7
2008-08-01,Brazil,1935.4
2008-09-01,Brazil,1922.0
2008-10-01,Brazil,1928.7
2008-11-01,Brazil,1931.5
2008-12-01,Brazil,1951.2
2009-01-01,Brazil,1924.9
2009-02-01,Brazil,1934.0
2009-03-01,Brazil,1937.8
2009-04-01,Brazil,1934.9
2009-05-01,Brazil,1935.9
2009-06-01,Brazil,1921.6
2009-07-01,Brazil,1936.9
2009-08-01,Brazil,1926.1
2009-09-01,Brazil,1934.2
2009-10-01,Brazil,1934.0
2009-11-01,Brazil,1945.4
2009-12-01,Brazil,1915.6
2010-01-01,Brazil,1921.6
2010-02-01,Brazil,1933.4
2010-03-01,Brazil,1945.6
2010-04-01,Brazil,1941.0
2010-05-01,Brazil,1938.4
2010-06-01,Brazil,1949.4
2010-07-01,Brazil,1932.0
2010-08-01,Brazil,1933.9
2010-09-01,Brazil,1942.8
2010-10-01,Brazil,1941.3
2010-11-01,Brazil,1932.8
2010-12-01,Brazil,1934.1
2011-01-01,Brazil,1936.2
2011-02-01,Brazil,1932.0
2011-03-01,Brazil,1937.8
2011-04-01,Brazil,1926.2
2011-05-01,Brazil,1941.1
2011-06-01,Brazil,1940.8
2011-07-01,Brazil,1943.2
2011-08-01,Brazil,1952.3
2011-09-01,Brazil,1941.3
2011-10-01,Brazil,1935.4
2011-11-01,Brazil,1940.2
2011-12-01,Brazil,1934.2
2012-01-01,Brazil,1949.9
2012-02-01,Brazil,1952.5
2012-03-01,Brazil,1952.8
2012-04-01,Brazil,1956.7
2012-05-01,Brazil,1933.4
2012-06-01,Brazil,1942.3
2012-07-01,Brazil,1967.4
2012-08-01,Brazil,1954.3
2012-09-01,Brazil,1950.2
2012-10-01,Brazil,1945.1
2012-11-01,Brazil,1956.1
2012-12-01,Brazil,1943.6
2013-01-01,Brazil,1945.6
2013-02-01,Brazil,1952.0
2013-03-01,Brazil,1949.2
2013-04-01,Brazil,1944.5
2013-05-01,Brazil,1945.2
2013-06-01,Brazil,1958.2
2013-07-01,Brazil,1962.4
2013-08-01,Brazil,1954.0
2013-09-01,Brazil,1945.4
2013-10-01,Brazil,1948.9
2013-11-01,Brazil,1942.1
2013-12-01,Brazil,1940.5
2014-01-01,Brazil,1955.7
2014-02-01,Brazil,1952.9
2014-03-01,Brazil,1963.4
2014-04-01,Brazil,1960.3
2014-05-01,Brazil,1939.3
2014-06-01,Brazil,1965.8
2014-07-01,Brazil,1950.4
2014-08-01,Brazil,1949.7
2014-09-01,Brazil,1952.1
2014-10-01,Brazil,1953.1
2014-11-01,Brazil,1942.5
2014-12-01,Brazil,1958.2
2015-01-01,Brazil,1953.6
2015-02-01,Brazil,1948.7
2015-03-01,Brazil,1965.9
2015-04-01,Brazil,1948.4
2015-05-01,Brazil,1960.6
2015-06-01,Brazil,1954.0
2015-07-01,Brazil,1967.8
2015-08-01,Brazil,1962.9
2015-09-01,Brazil,1965.8
2015-10-01,Brazil,1941.7
2015-11-01,Brazil,1953.1
2015-12-01,Brazil,1956.0
2016-01-01,Brazil,1964.1
2016-02-01,Brazil,1971.5
2016-03-01,Brazil,1948.0
2016-04-01,Brazil,1963.6
2016-05-01,Brazil,1954.5
2016-06-01,Brazil,1959.5
2016-07-01,Brazil,1952.9
2016-08-01,Brazil,1983.0
2016-09-01,Brazil,1967.3
2016-10-01,Brazil,1959.8
2016-11-01,Brazil,1956.2
2016-12-01,Brazil,1967.1
2017-01-01,Brazil,1963.6
2017-02-01,Brazil,1968.4
2017-03-01,Brazil,1967.9
2017-04-01,Brazil,1961.6
2017-05-01,Brazil,1970.3
2017-06-01,Brazil,1960.2
2017-07-01,Brazil,1956.4
2017-08-01,Brazil,1967.4
2017-09-01,Brazil,1973.5
2017-10-01,Brazil,1955.1
2017-11-01,Brazil,1983.6
2017-12-01,Brazil,1956.8
2018-01-01,Brazil,1971.6
2018-02-01,Brazil,1988.2
2018-03-01,Brazil,1958.6
2018-04-01,Brazil,1960.2
2018-05-01,Brazil,1980.2
2018-06-01,Brazil,1981.9
2018-07-01,Brazil,1955.6
2018-08-01,Brazil,1963.3
2018-09-01,Brazil,1965.5
2018-10-01,Brazil,1964.6
2018-11-01,Brazil,1972.4
2018-12-01,Brazil,1970.2
2019-01-01,Brazil,1960.9
2019-02-01,Brazil,1984.4
2019-03-01,Brazil,1962.3
2019-04-01,Brazil,1977.9
2019-05-01,Brazil,1954.4
2019-06-01,Brazil,1964.9
2019-07-01,Brazil,1964.5
2019-08-01,Brazil,1990.1
2019-09-01,Brazil,1968.0
2019-10-01,Brazil,1976.4
2019-11-01,Brazil,1979.3
2019-12-01,Brazil,1978.2
2020-01-01,Brazil,1972.9
2020-02-01,Brazil,1974.3
2020-03-01,Brazil,1982.3
2020-04-01,Brazil,1978.4
2020-05-01,Brazil,1990.2
2020-06-01,Brazil,1958.4
2020-07-01,Brazil,1985.8
2020-08-01,Brazil,1979.0
2020-09-01,Brazil,1991.5
2020-10-01,Brazil,1995.9
2020-11-01,Brazil,1976.4
2020-12-01,Brazil,1980.6
2021-01-01,Brazil,1977.8
2021-02-01,Brazil,1989.3
2021-03-01,Brazil,1989.4
2021-04-01,Brazil,1978.2
2021-05-01,Brazil,1987.0
2021-06-01,Brazil,1980.3
2021-07-01,Brazil,1974.1
2021-08-01,Brazil,1983.3
2021-09-01,Brazil,1985.4
2021-10-01,Brazil,1985.9
2021-11-01,Brazil,1973.8
2021-12-01,Brazil,1979.2
2022-01-01,Brazil,1971.8
2022-02-01,Brazil,1985.9
2022-03-01,Brazil,1985.5
2022-04-01,Brazil,1973.4
2022-05-01,Brazil,1973.2
2022-06-01,Brazil,1989.4
2022-07-01,Brazil,1995.0
2022-08-01,Brazil,1978.0
2022-09-01,Brazil,1983.6
2022-10-01,Brazil,1972.7
2022-11-01,Brazil,1991.9
2022-12-01,Brazil,1996.6
2023-01-01,Brazil,1979.4
2023-02-01,Brazil,1977.2
2023-03-01,Brazil,1986.9
2023-04-01,Brazil,1990.1
2023-05-01,Brazil,1978.2
2023-06-01,Brazil,1978.7
2023-07-01,Brazil,1996.8
2023-08-01,Brazil,1975.0
2023-09-01,Brazil,1976.3
2023-10-01,Brazil,1987.2
2023-11-01,Brazil,2003.3
2023-12-01,Brazil,1984.4
2024-01-01,Brazil,1982.8
2024-02-01,Brazil,1996.6
2024-03-01,Brazil,2001.3
2024-04-01,Brazil,2003.2
2024-05-01,Brazil,1995.4
2024-06-01,Brazil,1997.1
2024-07-01,Brazil,1997.2
2024-08-01,Brazil,1994.0
2024-09-01,Brazil,2007.0
2024-10-01,Brazil,1992.9
2024-11-01,Brazil,1991.7
2024-12-01,Brazil,1999.3
2025-01-01,Brazil,1997.9
2025-02-01,Brazil,2011.7
2025-03-01,Brazil,2012.1
2025-04-01,Brazil,1988.6
2025-05-01,Brazil,2002.7
2025-06-01,Brazil,1996.5
2025-07-01,Brazil,1998.9
2025-08-01,Brazil,2005.5
2025-09-01,Brazil,1994.0
2025-10-01,Brazil,1989.6
2025-11-01,Brazil,1991.5
2025-12-01,Brazil,1995.0
2026-01-01,Brazil,1984.0
2026-02-01,Brazil,1997.1
2026-03-01,Brazil,1999.8
2026-04-01,Brazil,2007.2
2026-05-01,Brazil,1995.1
2000-01-01,Portugal,1888.3
2000-02-01,Portugal,1885.6
2000-03-01,Portugal,1891.8
2000-04-01,Portugal,1894.3
2000-05-01,Portugal,1881.6
2000-06-01,Portugal,1894.3
2000-07-01,Portugal,1892.8
2000-08-01,Portugal,1882.3
2000-09-01,Portugal,1893.5
2000-10-01,Portugal,1887.1
2000-11-01,Portugal,1890.7
2000-12-01,Portugal,1889.6
2001-01-01,Portugal,1884.7
2001-02-01,Portugal,1884.0
2001-03-01,Portugal,1899.4
2001-04-01,Portugal,1885.2
2001-05-01,Portugal,1872.8
2001-06-01,Portugal,1883.2
2001-07-01,Portugal,1898.7
2001-08-01,Portugal,1900.6
2001-09-01,Portugal,1898.0
2001-10-01,Portugal,1885.7
2001-11-01,Portugal,1886.2
2001-12-01,Portugal,1892.0
2002-01-01,Portugal,1897.4
2002-02-01,Portugal,1876.5
2002-03-01,Portugal,1885.5
2002-04-01,Portugal,1893.6
2002-05-01,Portugal,1890.4
2002-06-01,Portugal,1886.4
2002-07-01,Portugal,1896.2
2002-08-01,Portugal,1888.2
2002-09-01,Portugal,1877.7
2002-10-01,Portugal,1900.6
2002-11-01,Portugal,1891.9
2002-12-01,Portugal,1895.4
2003-01-01,Portugal,1887.8
2003-02-01,Portugal,1888.7
2003-03-01,Portugal,1882.6
2003-04-01,Portugal,1899.6
2003-05-01,Portugal,1894.9
2003-06-01,Portugal,1906.0
2003-07-01,Portugal,1891.5
2003-08-01,Portugal,1888.6
2003-09-01,Portugal,1888.4
2003-10-01,Portugal,1902.5
2003-11-01,Portugal,1915.1
2003-12-01,Portugal,1893.6
2004-01-01,Portugal,1905.2
2004-02-01,Portugal,1896.2
2004-03-01,Portugal,1897.2
2004-04-01,Portugal,1891.0
2004-05-01,Portugal,1901.3
2004-06-01,Portugal,1895.3
2004-07-01,Portugal,1892.9
2004-08-01,Portugal,1909.7
2004-09-01,Portugal,1907.3
2004-10-01,Portugal,1909.9
2004-11-01,Portugal,1902.4
2004-12-01,Portugal,1894.1
2005-01-01,Portugal,1907.0
2005-02-01,Portugal,1906.4
2005-03-01,Portugal,1897.4
2005-04-01,Portugal,1919.2
2005-05-01,Portugal,1904.2
2005-06-01,Portugal,1905.6
2005-07-01,Portugal,1905.6
2005-08-01,Portugal,1908.1
2005-09-01,Portugal,1902.2
2005-10-01,Portugal,1914.3
2005-11-01,Portugal,1915.8
2005-12-01,Portugal,1888.9
2006-01-01,Portugal,1906.3
2006-02-01,Portugal,1917.0
2006-03-01,Portugal,1911.7
2006-04-01,Portugal,1899.4
2006-05-01,Portugal,1905.0
2006-06-01,Portugal,1920.2
2006-07-01,Portugal,1895.4
2006-08-01,Portugal,1909.1
2006-09-01,Portugal,1907.3
2006-10-01,Portugal,1905.0
2006-11-01,Portugal,1905.5
2006-12-01,Portugal,1913.1
2007-01-01,Portugal,1917.5
2007-02-01,Portugal,1914.5
2007-03-01,Portugal,1916.9
2007-04-01,Portugal,1910.8
2007-05-01,Portugal,1923.0
2007-06-01,Portugal,1917.7
2007-07-01,Portugal,1907.4
2007-08-01,Portugal,1915.9
2007-09-01,Portugal,1920.3
2007-10-01,Portugal,1913.6
2007-11-01,Portugal,1904.2
2007-12-01,Portugal,1897.4
2008-01-01,Portugal,1921.0
2008-02-01,Portugal,1907.1
2008-03-01,Portugal,1909.1
2008-04-01,Portugal,1909.4
2008-05-01,Portugal,1908.0
2008-06-01,Portugal,1913.1
2008-07-01,Portugal,1916.4
2008-08-01,Portugal,1909.9
2008-09-01,Portugal,1908.9
2008-10-01,Portugal,1912.9
2008-11-01,Portugal,1913.9
2008-12-01,Portugal,1917.9
2009-01-01,Portugal,1921.4
2009-02-01,Portugal,1909.8
2009-03-01,Portugal,1926.5
2009-04-01,Portugal,1908.6
2009-05-01,Portugal,1921.6
2009-06-01,Portugal,1918.5
2009-07-01,Portugal,1933.1
2009-08-01,Portugal,1915.9
2009-09-01,Portugal,1920.0
2009-10-01,Portugal,1920.2
2009-11-01,Portugal,1924.4
2009-12-01,Portugal,1929.1
2010-01-01,Portugal,1925.6
2010-02-01,Portugal,1941.9
2010-03-01,Portugal,1921.4
2010-04-01,Portugal,1933.1
2010-05-01,Portugal,1925.4
2010-06-01,Portugal,1924.6
2010-07-01,Portugal,1913.8
2010-08-01,Portugal,1928.2
2010-09-01,Portugal,1921.7
2010-10-01,Portugal,1923.2
2010-11-01,Portugal,1923.4
2010-12-01,Portugal,1927.8
2011-01-01,Portugal,1936.7
2011-02-01,Portugal,1925.8
2011-03-01,Portugal,1924.7
2011-04-01,Portugal,1929.3
2011-05-01,Portugal,1918.9
2011-06-01,Portugal,1920.4
2011-07-01,Portugal,1931.5
2011-08-01,Portugal,1922.8
2011-09-01,Portugal,1933.7
2011-10-01,Portugal,1926.5
2011-11-01,Portugal,1924.5
2011-12-01,Portugal,1936.4
2012-01-01,Portugal,1925.9
2012-02-01,Portugal,1931.2
2012-03-01,Portugal,1926.1
2012-04-01,Portugal,1931.0
2012-05-01,Portugal,1936.3
2012-06-01,Portugal,1932.4
2012-07-01,Portugal,1930.8
2012-08-01,Portugal,1930.1
2012-09-01,Portugal,1933.3
2012-10-01,Portugal,1934.7
2012-11-01,Portugal,1934.6
2012-12-01,Portugal,1932.5
2013-01-01,Portugal,1930.3
2013-02-01,Portugal,1933.9
2013-03-01,Portugal,1931.5
2013-04-01,Portugal,1938.0
2013-05-01,Portugal,1932.9
2013-06-01,Portugal,1933.1
2013-07-01,Portugal,1946.5
2013-08-01,Portugal,1934.3
2013-09-01,Portugal,1920.5
2013-10-01,Portugal,1948.3
2013-11-01,Portugal,1935.0
2013-12-01,Portugal,1932.5
2014-01-01,Portugal,1936.3
2014-02-01,Portugal,1936.2
2014-03-01,Portugal,1948.7
2014-04-01,Portugal,1934.3
2014-05-01,Portugal,1934.3
2014-06-01,Portugal,1937.5
2014-07-01,Portugal,1926.4
2014-08-01,Portugal,1935.5
2014-09-01,Portugal,1946.6
2014-10-01,Portugal,1941.3
2014-11-01,Portugal,1943.2
2014-12-01,Portugal,1934.1
2015-01-01,Portugal,1930.0
2015-02-01,Portugal,1947.8
2015-03-01,Portugal,1935.0
2015-04-01,Portugal,1930.5
2015-05-01,Portugal,1936.7
2015-06-01,Portugal,1937.5
2015-07-01,Portugal,1933.9
2015-08-01,Portugal,1942.9
2015-09-01,Portugal,1959.7
2015-10-01,Portugal,1942.3
2015-11-01,Portugal,1937.7
2015-12-01,Portugal,1943.2
2016-01-01,Portugal,1954.0
2016-02-01,Portugal,1929.4
2016-03-01,Portugal,1943.2
2016-04-01,Portugal,1948.6
2016-05-01,Portugal,1949.3
2016-06-01,Portugal,1942.8
2016-07-01,Portugal,1936.0
2016-08-01,Portugal,1948.1
2016-09-01,Portugal,1940.5
2016-10-01,Portugal,1925.3
2016-11-01,Portugal,1947.4
2016-12-01,Portugal,1948.4
2017-01-01,Portugal,1948.7
2017-02-01,Portugal,1963.8
2017-03-01,Portugal,1954.1
2017-04-01,Portugal,1951.4
2017-05-01,Portugal,1962.1
2017-06-01,Portugal,1965.1
2017-07-01,Portugal,1957.4
2017-08-01,Portugal,1946.8
2017-09-01,Portugal,1953.8
2017-10-01,Portugal,1956.8
2017-11-01,Portugal,1931.3
2017-12-01,Portugal,1941.0
2018-01-01,Portugal,1958.7
2018-02-01,Portugal,1953.4
2018-03-01,Portugal,1958.4
2018-04-01,Portugal,1959.6
2018-05-01,Portugal,1947.1
2018-06-01,Portugal,1952.6
2018-07-01,Portugal,1955.3
2018-08-01,Portugal,1961.0
2018-09-01,Portugal,1961.0
2018-10-01,Portugal,1941.3
2018-11-01,Portugal,1937.2
2018-12-01,Portugal,1949.7
2019-01-01,Portugal,1967.2
2019-02-01,Portugal,1953.6
2019-03-01,Portugal,1975.4
2019-04-01,Portugal,1947.7
2019-05-01,Portugal,1950.0
2019-06-01,Portugal,1952.7
2019-07-01,Portugal,1950.3
2019-08-01,Portugal,1951.2
2019-09-01,Portugal,1959.9
2019-10-01,Portugal,1958.3
2019-11-01,Portugal,1950.0
2019-12-01,Portugal,1958.6
2020-01-01,Portugal,1956.6
2020-02-01,Portugal,1967.7
2020-03-01,Portugal,1964.2
2020-04-01,Portugal,1966.1
2020-05-01,Portugal,1962.4
2020-06-01,Portugal,1960.9
2020-07-01,Portugal,1963.4
2020-08-01,Portugal,1983.1
2020-09-01,Portugal,1957.8
2020-10-01,Portugal,1967.1
2020-11-01,Portugal,1967.0
2020-12-01,Portugal,1980.8
2021-01-01,Portugal,1975.3
2021-02-01,Portugal,1951.6
2021-03-01,Portugal,1963.0
2021-04-01,Portugal,1948.5
2021-05-01,Portugal,1968.6
2021-06-01,Portugal,1967.8
2021-07-01,Portugal,1963.2
2021-08-01,Portugal,1968.1
2021-09-01,Portugal,1971.6
2021-10-01,Portugal,1961.4
2021-11-01,Portugal,1957.5
2021-12-01,Portugal,1961.2
2022-01-01,Portugal,1973.5
2022-02-01,Portugal,1969.6
2022-03-01,Portugal,1976.5
2022-04-01,Portugal,1959.1
2022-05-01,Portugal,1976.6
2022-06-01,Portugal,1979.8
2022-07-01,Portugal,1985.0
2022-08-01,Portugal,1972.0
2022-09-01,Portugal,1970.8
2022-10-01,Portugal,1975.8
2022-11-01,Portugal,1969.3
2022-12-01,Portugal,1963.0
2023-01-01,Portugal,1961.9
2023-02-01,Portugal,1967.5
2023-03-01,Portugal,1985.0
2023-04-01,Portugal,1975.9
2023-05-01,Portugal,1962.2
2023-06-01,Portugal,1973.9
2023-07-01,Portugal,1977.5
2023-08-01,Portugal,1981.0
2023-09-01,Portugal,1967.2
2023-10-01,Portugal,1972.6
2023-11-01,Portugal,1960.4
2023-12-01,Portugal,1977.6
2024-01-01,Portugal,1959.3
2024-02-01,Portugal,1975.0
2024-03-01,Portugal,1972.6
2024-04-01,Portugal,1991.0
2024-05-01,Portugal,1987.9
2024-06-01,Portugal,1969.7
2024-07-01,Portugal,1975.0
2024-08-01,Portugal,1961.5
2024-09-01,Portugal,1969.5
2024-10-01,Portugal,1968.8
2024-11-01,Portugal,1979.9
2024-12-01,Portugal,1982.1
2025-01-01,Portugal,1972.5
2025-02-01,Portugal,1991.6
2025-03-01,Portugal,1996.6
2025-04-01,Portugal,1975.8
2025-05-01,Portugal,1975.2
2025-06-01,Portugal,1988.5
2025-07-01,Portugal,1979.8
2025-08-01,Portugal,1981.0
2025-09-01,Portugal,1982.4
2025-10-01,Portugal,1984.8
2025-11-01,Portugal,2001.1
2025-12-01,Portugal,1978.2
2026-01-01,Portugal,1988.7
2026-02-01,Portugal,1974.6
2026-03-01,Portugal,1969.4
2026-04-01,Portugal,1993.8
2026-05-01,Portugal,1980.9
2000-01-01,Netherlands,1880.1
2000-02-01,Netherlands,1879.1
2000-03-01,Netherlands,1881.0
2000-04-01,Netherlands,1871.0
2000-05-01,Netherlands,1879.8
2000-06-01,Netherlands,1888.5
2000-07-01,Netherlands,1876.3
2000-08-01,Netherlands,1883.6
2000-09-01,Netherlands,1872.0
2000-10-01,Netherlands,1873.2
2000-11-01,Netherlands,1885.5
2000-12-01,Netherlands,1870.9
2001-01-01,Netherlands,1875.4
2001-02-01,Netherlands,1874.8
2001-03-01,Netherlands,1871.7
2001-04-01,Netherlands,1883.4
2001-05-01,Netherlands,1878.0
2001-06-01,Netherlands,1881.7
2001-07-01,Netherlands,1871.6
2001-08-01,Netherlands,1874.3
2001-09-01,Netherlands,1884.1
2001-10-01,Netherlands,1874.6
2001-11-01,Netherlands,1884.3
2001-12-01,Netherlands,1878.0
2002-01-01,Netherlands,1885.2
2002-02-01,Netherlands,1900.6
2002-03-01,Netherlands,1889.4
2002-04-01,Netherlands,1893.8
2002-05-01,Netherlands,1874.8
2002-06-01,Netherlands,1886.2
2002-07-01,Netherlands,1894.8
2002-08-01,Netherlands,1887.3
2002-09-01,Netherlands,1881.6
2002-10-01,Netherlands,1881.3
2002-11-01,Netherlands,1876.0
2002-12-01,Netherlands,1880.1
2003-01-01,Netherlands,1881.5
2003-02-01,Netherlands,1881.0
2003-03-01,Netherlands,1891.2
2003-04-01,Netherlands,1883.3
2003-05-01,Netherlands,1891.2
2003-06-01,Netherlands,1887.2
2003-07-01,Netherlands,1903.4
2003-08-01,Netherlands,1885.0
2003-09-01,Netherlands,1891.5
2003-10-01,Netherlands,1881.3
2003-11-01,Netherlands,1883.8
2003-12-01,Netherlands,1886.0
2004-01-01,Netherlands,1892.3
2004-02-01,Netherlands,1889.7
2004-03-01,Netherlands,1884.2
2004-04-01,Netherlands,1897.1
2004-05-01,Netherlands,1894.3
2004-06-01,Netherlands,1898.6
2004-07-01,Netherlands,1890.6
2004-08-01,Netherlands,1901.3
2004-09-01,Netherlands,1889.2
2004-10-01,Netherlands,1878.7
2004-11-01,Netherlands,1891.4
2004-12-01,Netherlands,1872.6
2005-01-01,Netherlands,1896.1
2005-02-01,Netherlands,1896.4
2005-03-01,Netherlands,1877.7
2005-04-01,Netherlands,1878.7
2005-05-01,Netherlands,1886.1
2005-06-01,Netherlands,1893.7
2005-07-01,Netherlands,1883.8
2005-08-01,Netherlands,1904.4
2005-09-01,Netherlands,1885.2
2005-10-01,Netherlands,1901.1
2005-11-01,Netherlands,1877.8
2005-12-01,Netherlands,1905.2
2006-01-01,Netherlands,1904.4
2006-02-01,Netherlands,1884.7
2006-03-01,Netherlands,1898.8
2006-04-01,Netherlands,1902.5
2006-05-01,Netherlands,1909.9
2006-06-01,Netherlands,1886.0
2006-07-01,Netherlands,1911.6
2006-08-01,Netherlands,1896.1
2006-09-01,Netherlands,1916.1
2006-10-01,Netherlands,1911.2
2006-11-01,Netherlands,1871.1
2006-12-01,Netherlands,1903.4
2007-01-01,Netherlands,1900.4
2007-02-01,Netherlands,1909.2
2007-03-01,Netherlands,1906.5
2007-04-01,Netherlands,1904.4
2007-05-01,Netherlands,1907.7
2007-06-01,Netherlands,1893.9
2007-07-01,Netherlands,1887.2
2007-08-01,Netherlands,1907.0
2007-09-01,Netherlands,1904.3
2007-10-01,Netherlands,1911.5
2007-11-01,Netherlands,1906.6
2007-12-01,Netherlands,1898.3
2008-01-01,Netherlands,1908.3
2008-02-01,Netherlands,1916.7
2008-03-01,Netherlands,1907.3
2008-04-01,Netherlands,1889.1
2008-05-01,Netherlands,1917.3
2008-06-01,Netherlands,1897.3
2008-07-01,Netherlands,1901.0
2008-08-01,Netherlands,1897.4
2008-09-01,Netherlands,1907.3
2008-10-01,Netherlands,1902.7
2008-11-01,Netherlands,1911.0
2008-12-01,Netherlands,1912.9
2009-01-01,Netherlands,1896.8
2009-02-01,Netherlands,1892.0
2009-03-01,Netherlands,1904.7
2009-04-01,Netherlands,1917.0
2009-05-01,Netherlands,1912.5
2009-06-01,Netherlands,1915.6
2009-07-01,Netherlands,1899.7
2009-08-01,Netherlands,1899.7
2009-09-01,Netherlands,1915.5
2009-10-01,Netherlands,1900.4
2009-11-01,Netherlands,1912.1
2009-12-01,Netherlands,1896.8
2010-01-01,Netherlands,1911.6
2010-02-01,Netherlands,1907.5
2010-03-01,Netherlands,1918.2
2010-04-01,Netherlands,1900.2
2010-05-01,Netherlands,1920.7
2010-06-01,Netherlands,1914.3
2010-07-01,Netherlands,1920.3
2010-08-01,Netherlands,1907.2
2010-09-01,Netherlands,1919.9
2010-10-01,Netherlands,1908.8
2010-11-01,Netherlands,1924.8
2010-12-01,Netherlands,1900.4
2011-01-01,Netherlands,1904.4
2011-02-01,Netherlands,1916.7
2011-03-01,Netherlands,1918.5
2011-04-01,Netherlands,1918.8
2011-05-01,Netherlands,1922.0
2011-06-01,Netherlands,1906.0
2011-07-01,Netherlands,1931.1
2011-08-01,Netherlands,1916.5
2011-09-01,Netherlands,1923.3
2011-10-01,Netherlands,1917.9
2011-11-01,Netherlands,1925.0
2011-12-01,Netherlands,1946.4
2012-01-01,Netherlands,1913.0
2012-02-01,Netherlands,1921.9
2012-03-01,Netherlands,1919.6
2012-04-01,Netherlands,1931.5
2012-05-01,Netherlands,1926.6
2012-06-01,Netherlands,1929.3
2012-07-01,Netherlands,1917.7
2012-08-01,Netherlands,1927.2
2012-09-01,Netherlands,1914.0
2012-10-01,Netherlands,1916.7
2012-11-01,Netherlands,1930.1
2012-12-01,Netherlands,1928.6
2013-01-01,Netherlands,1933.3
2013-02-01,Netherlands,1918.1
2013-03-01,Netherlands,1930.9
2013-04-01,Netherlands,1917.1
2013-05-01,Netherlands,1925.5
2013-06-01,Netherlands,1931.5
2013-07-01,Netherlands,1927.8
2013-08-01,Netherlands,1934.7
2013-09-01,Netherlands,1912.6
2013-10-01,Netherlands,1921.5
2013-11-01,Netherlands,1914.5
2013-12-01,Netherlands,1921.8
2014-01-01,Netherlands,1928.7
2014-02-01,Netherlands,1929.1
2014-03-01,Netherlands,1935.8
2014-04-01,Netherlands,1936.3
2014-05-01,Netherlands,1924.8
2014-06-01,Netherlands,1932.5
2014-07-01,Netherlands,1942.2
2014-08-01,Netherlands,1941.7
2014-09-01,Netherlands,1929.1
2014-10-01,Netherlands,1933.4
2014-11-01,Netherlands,1928.6
2014-12-01,Netherlands,1910.4
2015-01-01,Netherlands,1922.6
2015-02-01,Netherlands,1928.7
2015-03-01,Netherlands,1929.2
2015-04-01,Netherlands,1929.6
2015-05-01,Netherlands,1926.8
2015-06-01,Netherlands,1932.4
2015-07-01,Netherlands,1930.8
2015-08-01,Netherlands,1926.9
2015-09-01,Netherlands,1927.6
2015-10-01,Netherlands,1927.2
2015-11-01,Netherlands,1941.7
2015-12-01,Netherlands,1936.9
2016-01-01,Netherlands,1933.1
2016-02-01,Netherlands,1942.5
2016-03-01,Netherlands,1932.8
2016-04-01,Netherlands,1934.7
2016-05-01,Netherlands,1934.3
2016-06-01,Netherlands,1945.7
2016-07-01,Netherlands,1938.7
2016-08-01,Netherlands,1933.3
2016-09-01,Netherlands,1947.3
2016-10-01,Netherlands,1935.1
2016-11-01,Netherlands,1928.1
2016-12-01,Netherlands,1931.1
2017-01-01,Netherlands,1927.7
2017-02-01,Netherlands,1934.7
2017-03-01,Netherlands,1936.8
2017-04-01,Netherlands,1931.4
2017-05-01,Netherlands,1934.5
2017-06-01,Netherlands,1932.0
2017-07-01,Netherlands,1947.9
2017-08-01,Netherlands,1927.4
2017-09-01,Netherlands,1930.3
2017-10-01,Netherlands,1940.8
2017-11-01,Netherlands,1927.4
2017-12-01,Netherlands,1941.5
2018-01-01,Netherlands,1934.9
2018-02-01,Netherlands,1947.7
2018-03-01,Netherlands,1939.2
2018-04-01,Netherlands,1940.5
2018-05-01,Netherlands,1949.7
2018-06-01,Netherlands,1944.5
2018-07-01,Netherlands,1930.8
2018-08-01,Netherlands,1944.8
2018-09-01,Netherlands,1942.2
2018-10-01,Netherlands,1941.4
2018-11-01,Netherlands,1940.4
2018-12-01,Netherlands,1937.0
2019-01-01,Netherlands,1949.8
2019-02-01,Netherlands,1942.8
2019-03-01,Netherlands,1962.4
2019-04-01,Netherlands,1961.7
2019-05-01,Netherlands,1947.5
2019-06-01,Netherlands,1954.7
2019-07-01,Netherlands,1946.0
2019-08-01,Netherlands,1944.5
2019-09-01,Netherlands,1948.1
2019-10-01,Netherlands,1940.6
2019-11-01,Netherlands,1941.1
2019-12-01,Netherlands,1964.0
2020-01-01,Netherlands,1951.4
2020-02-01,Netherlands,1956.0
2020-03-01,Netherlands,1957.7
2020-04-01,Netherlands,1944.9
2020-05-01,Netherlands,1940.7
2020-06-01,Netherlands,1964.6
2020-07-01,Netherlands,1953.6
2020-08-01,Netherlands,1952.0
2020-09-01,Netherlands,1955.2
2020-10-01,Netherlands,1955.2
2020-11-01,Netherlands,1960.0
2020-12-01,Netherlands,1958.8
2021-01-01,Netherlands,1955.7
2021-02-01,Netherlands,1955.8
2021-03-01,Netherlands,1966.6
2021-04-01,Netherlands,1943.4
2021-05-01,Netherlands,1956.6
2021-06-01,Netherlands,1946.4
2021-07-01,Netherlands,1942.5
2021-08-01,Netherlands,1949.8
2021-09-01,Netherlands,1946.7
2021-10-01,Netherlands,1960.3
2021-11-01,Netherlands,1940.4
2021-12-01,Netherlands,1965.3
2022-01-01,Netherlands,1956.6
2022-02-01,Netherlands,1966.0
2022-03-01,Netherlands,1954.4
2022-04-01,Netherlands,1953.6
2022-05-01,Netherlands,1956.6
2022-06-01,Netherlands,1956.2
2022-07-01,Netherlands,1956.8
2022-08-01,Netherlands,1953.1
2022-09-01,Netherlands,1958.8
2022-10-01,Netherlands,1961.5
2022-11-01,Netherlands,1963.2
2022-12-01,Netherlands,1969.3
2023-01-01,Netherlands,1964.3
2023-02-01,Netherlands,1968.4
2023-03-01,Netherlands,1974.8
2023-04-01,Netherlands,1957.3
2023-05-01,Netherlands,1968.4
2023-06-01,Netherlands,1957.8
2023-07-01,Netherlands,1958.0
2023-08-01,Netherlands,1964.0
2023-09-01,Netherlands,1940.4
2023-10-01,Netherlands,1961.2
2023-11-01,Netherlands,1957.3
2023-12-01,Netherlands,1951.7
2024-01-01,Netherlands,1972.6
2024-02-01,Netherlands,1961.4
2024-03-01,Netherlands,1971.3
2024-04-01,Netherlands,1973.3
2024-05-01,Netherlands,1974.0
2024-06-01,Netherlands,1986.0
2024-07-01,Netherlands,1962.3
2024-08-01,Netherlands,1957.8
2024-09-01,Netherlands,1984.4
2024-10-01,Netherlands,1965.0
2024-11-01,Netherlands,1965.7
2024-12-01,Netherlands,1974.2
2025-01-01,Netherlands,1970.8
2025-02-01,Netherlands,1969.4
2025-03-01,Netherlands,1978.3
2025-04-01,Netherlands,1961.0
2025-05-01,Netherlands,1961.8
2025-06-01,Netherlands,1971.0
2025-07-01,Netherlands,1955.9
2025-08-01,Netherlands,1957.5
2025-09-01,Netherlands,1984.4
2025-10-01,Netherlands,1958.4
2025-11-01,Netherlands,1966.9
2025-12-01,Netherlands,1977.4
2026-01-01,Netherlands,1982.7
2026-02-01,Netherlands,1978.2
2026-03-01,Netherlands,1970.8
2026-04-01,Netherlands,1968.0
2026-05-01,Netherlands,1972.6
2000-01-01,Germany,1862.2
2000-02-01,Germany,1849.0
2000-03-01,Germany,1864.6
2000-04-01,Germany,1860.0
2000-05-01,Germany,1854.7
2000-06-01,Germany,1864.7
2000-07-01,Germany,1870.6
2000-08-01,Germany,1861.2
2000-09-01,Germany,1860.7
2000-10-01,Germany,1856.8
2000-11-01,Germany,1846.6
2000-12-01,Germany,1852.8
2001-01-01,Germany,1863.5
2001-02-01,Germany,1852.5
2001-03-01,Germany,1858.5
2001-04-01,Germany,1854.7
2001-05-01,Germany,1864.4
2001-06-01,Germany,1868.9
2001-07-01,Germany,1869.1
2001-08-01,Germany,1875.3
2001-09-01,Germany,1853.9
2001-10-01,Germany,1871.0
2001-11-01,Germany,1865.8
2001-12-01,Germany,1866.8
2002-01-01,Germany,1879.6
2002-02-01,Germany,1853.6
2002-03-01,Germany,1866.4
2002-04-01,Germany,1863.9
2002-05-01,Germany,1860.0
2002-06-01,Germany,1866.1
2002-07-01,Germany,1870.8
2002-08-01,Germany,1867.5
2002-09-01,Germany,1853.9
2002-10-01,Germany,1865.7
2002-11-01,Germany,1858.3
2002-12-01,Germany,1860.5
2003-01-01,Germany,1864.1
2003-02-01,Germany,1885.4
2003-03-01,Germany,1867.8
2003-04-01,Germany,1867.6
2003-05-01,Germany,1871.3
2003-06-01,Germany,1866.4
2003-07-01,Germany,1879.4
2003-08-01,Germany,1876.4
2003-09-01,Germany,1874.5
2003-10-01,Germany,1870.9
2003-11-01,Germany,1876.5
2003-12-01,Germany,1870.3
2004-01-01,Germany,1881.9
2004-02-01,Germany,1877.3
2004-03-01,Germany,1870.5
2004-04-01,Germany,1874.8
2004-05-01,Germany,1881.5
2004-06-01,Germany,1876.3
2004-07-01,Germany,1868.6
2004-08-01,Germany,1891.4
2004-09-01,Germany,1871.8
2004-10-01,Germany,1875.7
2004-11-01,Germany,1875.0
2004-12-01,Germany,1891.9
2005-01-01,Germany,1878.2
2005-02-01,Germany,1886.0
2005-03-01,Germany,1886.2
2005-04-01,Germany,1869.9
2005-05-01,Germany,1892.1
2005-06-01,Germany,1880.6
2005-07-01,Germany,1879.4
2005-08-01,Germany,1881.9
2005-09-01,Germany,1896.5
2005-10-01,Germany,1879.3
2005-11-01,Germany,1881.0
2005-12-01,Germany,1885.8
2006-01-01,Germany,1885.3
2006-02-01,Germany,1892.3
2006-03-01,Germany,1886.6
2006-04-01,Germany,1892.3
2006-05-01,Germany,1888.3
2006-06-01,Germany,1884.5
2006-07-01,Germany,1891.8
2006-08-01,Germany,1889.6
2006-09-01,Germany,1882.0
2006-10-01,Germany,1877.6
2006-11-01,Germany,1884.8
2006-12-01,Germany,1892.9
2007-01-01,Germany,1878.8
2007-02-01,Germany,1885.8
2007-03-01,Germany,1886.5
2007-04-01,Germany,1895.2
2007-05-01,Germany,1878.2
2007-06-01,Germany,1895.2
2007-07-01,Germany,1881.7
2007-08-01,Germany,1887.3
2007-09-01,Germany,1893.8
2007-10-01,Germany,1899.2
2007-11-01,Germany,1896.4
2007-12-01,Germany,1882.6
2008-01-01,Germany,1883.5
2008-02-01,Germany,1906.0
2008-03-01,Germany,1880.8
2008-04-01,Germany,1904.6
2008-05-01,Germany,1898.7
2008-06-01,Germany,1898.0
2008-07-01,Germany,1896.9
2008-08-01,Germany,1883.7
2008-09-01,Germany,1888.3
2008-10-01,Germany,1906.0
2008-11-01,Germany,1880.9
2008-12-01,Germany,1903.3
2009-01-01,Germany,1909.1
2009-02-01,Germany,1887.7
2009-03-01,Germany,1902.4
2009-04-01,Germany,1909.8
2009-05-01,Germany,1910.4
2009-06-01,Germany,1878.3
2009-07-01,Germany,1903.3
2009-08-01,Germany,1897.3
2009-09-01,Germany,1905.7
2009-10-01,Germany,1898.9
2009-11-01,Germany,1895.7
2009-12-01,Germany,1912.0
2010-01-01,Germany,1900.7
2010-02-01,Germany,1914.7
2010-03-01,Germany,1904.8
2010-04-01,Germany,1890.6
2010-05-01,Germany,1902.7
2010-06-01,Germany,1911.9
2010-07-01,Germany,1891.5
2010-08-01,Germany,1901.0
2010-09-01,Germany,1878.3
2010-10-01,Germany,1891.6
2010-11-01,Germany,1888.3
2010-12-01,Germany,1889.2
2011-01-01,Germany,1912.7
2011-02-01,Germany,1899.0
2011-03-01,Germany,1898.7
2011-04-01,Germany,1896.4
2011-05-01,Germany,1907.9
2011-06-01,Germany,1916.0
2011-07-01,Germany,1907.5
2011-08-01,Germany,1908.9
2011-09-01,Germany,1911.2
2011-10-01,Germany,1904.1
2011-11-01,Germany,1888.9
2011-12-01,Germany,1911.8
2012-01-01,Germany,1904.2
2012-02-01,Germany,1891.8
2012-03-01,Germany,1910.6
2012-04-01,Germany,1922.8
2012-05-01,Germany,1916.6
2012-06-01,Germany,1894.2
2012-07-01,Germany,1905.5
2012-08-01,Germany,1901.0
2012-09-01,Germany,1896.0
2012-10-01,Germany,1905.2
2012-11-01,Germany,1904.9
2012-12-01,Germany,1897.0
2013-01-01,Germany,1906.8
2013-02-01,Germany,1907.9
2013-03-01,Germany,1902.2
2013-04-01,Germany,1895.5
2013-05-01,Germany,1903.5
2013-06-01,Germany,1896.9
2013-07-01,Germany,1912.6
2013-08-01,Germany,1909.9
2013-09-01,Germany,1920.1
2013-10-01,Germany,1891.5
2013-11-01,Germany,1920.6
2013-12-01,Germany,1900.0
2014-01-01,Germany,1913.2
2014-02-01,Germany,1911.1
2014-03-01,Germany,1903.0
2014-04-01,Germany,1915.9
2014-05-01,Germany,1914.3
2014-06-01,Germany,1929.5
2014-07-01,Germany,1914.9
2014-08-01,Germany,1911.2
2014-09-01,Germany,1907.7
2014-10-01,Germany,1908.4
2014-11-01,Germany,1896.2
2014-12-01,Germany,1908.8
2015-01-01,Germany,1921.5
2015-02-01,Germany,1911.1
2015-03-01,Germany,1925.6
2015-04-01,Germany,1917.5
2015-05-01,Germany,1923.5
2015-06-01,Germany,1915.2
2015-07-01,Germany,1911.5
2015-08-01,Germany,1927.9
2015-09-01,Germany,1917.3
2015-10-01,Germany,1926.8
2015-11-01,Germany,1914.3
2015-12-01,Germany,1888.3
2016-01-01,Germany,1935.4
2016-02-01,Germany,1914.3
2016-03-01,Germany,1910.5
2016-04-01,Germany,1927.8
2016-05-01,Germany,1906.8
2016-06-01,Germany,1929.3
2016-07-01,Germany,1922.0
2016-08-01,Germany,1923.6
2016-09-01,Germany,1925.1
2016-10-01,Germany,1912.7
2016-11-01,Germany,1912.8
2016-12-01,Germany,1928.8
2017-01-01,Germany,1920.3
2017-02-01,Germany,1923.1
2017-03-01,Germany,1926.5
2017-04-01,Germany,1930.9
2017-05-01,Germany,1912.0
2017-06-01,Germany,1929.2
2017-07-01,Germany,1933.8
2017-08-01,Germany,1929.0
2017-09-01,Germany,1936.3
2017-10-01,Germany,1923.0
2017-11-01,Germany,1913.1
2017-12-01,Germany,1929.7
2018-01-01,Germany,1929.4
2018-02-01,Germany,1944.1
2018-03-01,Germany,1931.4
2018-04-01,Germany,1936.2
2018-05-01,Germany,1926.7
2018-06-01,Germany,1929.6
2018-07-01,Germany,1939.1
2018-08-01,Germany,1934.5
2018-09-01,Germany,1951.9
2018-10-01,Germany,1936.9
2018-11-01,Germany,1929.9
2018-12-01,Germany,1931.5
2019-01-01,Germany,1938.7
2019-02-01,Germany,1944.2
2019-03-01,Germany,1931.9
2019-04-01,Germany,1919.5
2019-05-01,Germany,1939.8
2019-06-01,Germany,1941.9
2019-07-01,Germany,1929.9
2019-08-01,Germany,1944.7
2019-09-01,Germany,1940.2
2019-10-01,Germany,1935.7
2019-11-01,Germany,1929.5
2019-12-01,Germany,1926.2
2020-01-01,Germany,1942.0
2020-02-01,Germany,1940.0
2020-03-01,Germany,1934.8
2020-04-01,Germany,1923.8
2020-05-01,Germany,1942.1
2020-06-01,Germany,1942.4
2020-07-01,Germany,1939.0
2020-08-01,Germany,1936.3
2020-09-01,Germany,1928.8
2020-10-01,Germany,1942.7
2020-11-01,Germany,1951.9
2020-12-01,Germany,1930.1
2021-01-01,Germany,1934.6
2021-02-01,Germany,1937.9
2021-03-01,Germany,1951.1
2021-04-01,Germany,1952.7
2021-05-01,Germany,1940.4
2021-06-01,Germany,1940.8
2021-07-01,Germany,1941.2
2021-08-01,Germany,1929.4
2021-09-01,Germany,1928.2
2021-10-01,Germany,1944.1
2021-11-01,Germany,1957.2
2021-12-01,Germany,1961.4
2022-01-01,Germany,1942.8
2022-02-01,Germany,1938.2
2022-03-01,Germany,1936.6
2022-04-01,Germany,1962.3
2022-05-01,Germany,1935.6
2022-06-01,Germany,1944.7
2022-07-01,Germany,1953.1
2022-08-01,Germany,1944.7
2022-09-01,Germany,1956.7
2022-10-01,Germany,1933.6
2022-11-01,Germany,1938.8
2022-12-01,Germany,1940.6
2023-01-01,Germany,1947.4
2023-02-01,Germany,1956.9
2023-03-01,Germany,1931.3
2023-04-01,Germany,1947.0
2023-05-01,Germany,1951.7
2023-06-01,Germany,1955.6
2023-07-01,Germany,1943.8
2023-08-01,Germany,1947.7
2023-09-01,Germany,1950.0
2023-10-01,Germany,1953.5
2023-11-01,Germany,1961.9
2023-12-01,Germany,1948.2
2024-01-01,Germany,1957.2
2024-02-01,Germany,1936.5
2024-03-01,Germany,1950.5
2024-04-01,Germany,1958.0
2024-05-01,Germany,1961.4
2024-06-01,Germany,1938.7
2024-07-01,Germany,1951.8
2024-08-01,Germany,1948.4
2024-09-01,Germany,1962.0
2024-10-01,Germany,1939.9
2024-11-01,Germany,1957.2
2024-12-01,Germany,1955.5
2025-01-01,Germany,1962.3
2025-02-01,Germany,1957.3
2025-03-01,Germany,1960.7
2025-04-01,Germany,1962.5
2025-05-01,Germany,1951.2
2025-06-01,Germany,1955.0
2025-07-01,Germany,1963.2
2025-08-01,Germany,1958.1
2025-09-01,Germany,1940.1
2025-10-01,Germany,1944.0
2025-11-01,Germany,1967.8
2025-12-01,Germany,1952.6
2026-01-01,Germany,1942.5
2026-02-01,Germany,1955.8
2026-03-01,Germany,1966.6
2026-04-01,Germany,1955.6
2026-05-01,Germany,1971.2
2000-01-01,Belgium,1831.6
2000-02-01,Belgium,1844.0
2000-03-01,Belgium,1846.8
2000-04-01,Belgium,1842.4
2000-05-01,Belgium,1845.4
2000-06-01,Belgium,1854.3
2000-07-01,Belgium,1844.7
2000-08-01,Belgium,1825.4
2000-09-01,Belgium,1839.7
2000-10-01,Belgium,1844.1
2000-11-01,Belgium,1849.9
2000-12-01,Belgium,1843.2
2001-01-01,Belgium,1846.2
2001-02-01,Belgium,1849.6
2001-03-01,Belgium,1846.6
2001-04-01,Belgium,1836.7
2001-05-01,Belgium,1853.2
2001-06-01,Belgium,1838.0
2001-07-01,Belgium,1831.0
2001-08-01,Belgium,1846.4
2001-09-01,Belgium,1838.1
2001-10-01,Belgium,1845.1
2001-11-01,Belgium,1832.5
2001-12-01,Belgium,1844.9
2002-01-01,Belgium,1844.8
2002-02-01,Belgium,1846.5
2002-03-01,Belgium,1848.8
2002-04-01,Belgium,1845.9
2002-05-01,Belgium,1842.0
2002-06-01,Belgium,1837.8
2002-07-01,Belgium,1851.3
2002-08-01,Belgium,1842.1
2002-09-01,Belgium,1835.4
2002-10-01,Belgium,1843.8
2002-11-01,Belgium,1842.2
2002-12-01,Belgium,1843.2
2003-01-01,Belgium,1859.1
2003-02-01,Belgium,1844.0
2003-03-01,Belgium,1865.4
2003-04-01,Belgium,1851.4
2003-05-01,Belgium,1848.2
2003-06-01,Belgium,1861.5
2003-07-01,Belgium,1850.3
2003-08-01,Belgium,1847.7
2003-09-01,Belgium,1849.9
2003-10-01,Belgium,1881.2
2003-11-01,Belgium,1829.8
2003-12-01,Belgium,1851.6
2004-01-01,Belgium,1864.3
2004-02-01,Belgium,1858.8
2004-03-01,Belgium,1858.8
2004-04-01,Belgium,1862.1
2004-05-01,Belgium,1861.5
2004-06-01,Belgium,1853.5
2004-07-01,Belgium,1861.9
2004-08-01,Belgium,1856.2
2004-09-01,Belgium,1857.8
2004-10-01,Belgium,1847.8
2004-11-01,Belgium,1849.9
2004-12-01,Belgium,1851.0
2005-01-01,Belgium,1852.6
2005-02-01,Belgium,1850.3
2005-03-01,Belgium,1866.3
2005-04-01,Belgium,1853.5
2005-05-01,Belgium,1850.3
2005-06-01,Belgium,1860.7
2005-07-01,Belgium,1852.0
2005-08-01,Belgium,1864.0
2005-09-01,Belgium,1861.7
2005-10-01,Belgium,1862.7
2005-11-01,Belgium,1852.0
2005-12-01,Belgium,1855.1
2006-01-01,Belgium,1867.2
2006-02-01,Belgium,1850.3
2006-03-01,Belgium,1865.8
2006-04-01,Belgium,1863.2
2006-05-01,Belgium,1873.3
2006-06-01,Belgium,1850.3
2006-07-01,Belgium,1859.1
2006-08-01,Belgium,1864.1
2006-09-01,Belgium,1873.3
2006-10-01,Belgium,1869.2
2006-11-01,Belgium,1858.0
2006-12-01,Belgium,1864.6
2007-01-01,Belgium,1874.0
2007-02-01,Belgium,1873.5
2007-03-01,Belgium,1876.6
2007-04-01,Belgium,1858.1
2007-05-01,Belgium,1882.0
2007-06-01,Belgium,1859.7
2007-07-01,Belgium,1868.8
2007-08-01,Belgium,1862.4
2007-09-01,Belgium,1866.4
2007-10-01,Belgium,1864.3
2007-11-01,Belgium,1880.7
2007-12-01,Belgium,1857.0
2008-01-01,Belgium,1856.3
2008-02-01,Belgium,1862.5
2008-03-01,Belgium,1862.5
2008-04-01,Belgium,1874.9
2008-05-01,Belgium,1869.2
2008-06-01,Belgium,1873.5
2008-07-01,Belgium,1873.0
2008-08-01,Belgium,1864.1
2008-09-01,Belgium,1865.3
2008-10-01,Belgium,1861.8
2008-11-01,Belgium,1876.4
2008-12-01,Belgium,1860.2
2009-01-01,Belgium,1857.9
2009-02-01,Belgium,1868.4
2009-03-01,Belgium,1886.1
2009-04-01,Belgium,1867.4
2009-05-01,Belgium,1872.8
2009-06-01,Belgium,1865.4
2009-07-01,Belgium,1862.8
2009-08-01,Belgium,1867.4
2009-09-01,Belgium,1878.3
2009-10-01,Belgium,1860.1
2009-11-01,Belgium,1887.0
2009-12-01,Belgium,1860.8
2010-01-01,Belgium,1871.7
2010-02-01,Belgium,1869.1
2010-03-01,Belgium,1873.6
2010-04-01,Belgium,1891.1
2010-05-01,Belgium,1875.4
2010-06-01,Belgium,1874.4
2010-07-01,Belgium,1883.2
2010-08-01,Belgium,1870.6
2010-09-01,Belgium,1878.7
2010-10-01,Belgium,1889.7
2010-11-01,Belgium,1883.8
2010-12-01,Belgium,1880.8
2011-01-01,Belgium,1884.4
2011-02-01,Belgium,1877.5
2011-03-01,Belgium,1871.5
2011-04-01,Belgium,1887.5
2011-05-01,Belgium,1881.5
2011-06-01,Belgium,1887.6
2011-07-01,Belgium,1895.0
2011-08-01,Belgium,1893.5
2011-09-01,Belgium,1882.2
2011-10-01,Belgium,1883.9
2011-11-01,Belgium,1874.0
2011-12-01,Belgium,1876.7
2012-01-01,Belgium,1882.5
2012-02-01,Belgium,1889.1
2012-03-01,Belgium,1883.6
2012-04-01,Belgium,1887.5
2012-05-01,Belgium,1883.5
2012-06-01,Belgium,1880.0
2012-07-01,Belgium,1890.9
2012-08-01,Belgium,1888.3
2012-09-01,Belgium,1880.5
2012-10-01,Belgium,1889.0
2012-11-01,Belgium,1882.2
2012-12-01,Belgium,1893.1
2013-01-01,Belgium,1902.4
2013-02-01,Belgium,1885.9
2013-03-01,Belgium,1892.1
2013-04-01,Belgium,1894.0
2013-05-01,Belgium,1888.8
2013-06-01,Belgium,1883.2
2013-07-01,Belgium,1890.7
2013-08-01,Belgium,1895.1
2013-09-01,Belgium,1877.9
2013-10-01,Belgium,1887.7
2013-11-01,Belgium,1898.1
2013-12-01,Belgium,1897.5
2014-01-01,Belgium,1883.2
2014-02-01,Belgium,1881.4
2014-03-01,Belgium,1902.6
2014-04-01,Belgium,1878.7
2014-05-01,Belgium,1887.7
2014-06-01,Belgium,1900.5
2014-07-01,Belgium,1904.1
2014-08-01,Belgium,1885.4
2014-09-01,Belgium,1896.0
2014-10-01,Belgium,1903.0
2014-11-01,Belgium,1890.8
2014-12-01,Belgium,1889.9
2015-01-01,Belgium,1911.1
2015-02-01,Belgium,1896.4
2015-03-01,Belgium,1879.1
2015-04-01,Belgium,1898.8
2015-05-01,Belgium,1902.0
2015-06-01,Belgium,1906.2
2015-07-01,Belgium,1903.3
2015-08-01,Belgium,1900.9
2015-09-01,Belgium,1891.0
2015-10-01,Belgium,1910.1
2015-11-01,Belgium,1896.6
2015-12-01,Belgium,1904.3
2016-01-01,Belgium,1908.5
2016-02-01,Belgium,1906.4
2016-03-01,Belgium,1898.5
2016-04-01,Belgium,1912.9
2016-05-01,Belgium,1902.4
2016-06-01,Belgium,1903.8
2016-07-01,Belgium,1908.0
2016-08-01,Belgium,1900.9
2016-09-01,Belgium,1910.0
2016-10-01,Belgium,1904.3
2016-11-01,Belgium,1898.5
2016-12-01,Belgium,1906.0
2017-01-01,Belgium,1897.4
2017-02-01,Belgium,1906.8
2017-03-01,Belgium,1903.6
2017-04-01,Belgium,1911.2
2017-05-01,Belgium,1911.5
2017-06-01,Belgium,1900.6
2017-07-01,Belgium,1899.0
2017-08-01,Belgium,1916.5
2017-09-01,Belgium,1918.6
2017-10-01,Belgium,1926.2
2017-11-01,Belgium,1902.3
2017-12-01,Belgium,1900.8
2018-01-01,Belgium,1901.0
2018-02-01,Belgium,1907.8
2018-03-01,Belgium,1897.1
2018-04-01,Belgium,1905.7
2018-05-01,Belgium,1910.1
2018-06-01,Belgium,1895.9
2018-07-01,Belgium,1910.2
2018-08-01,Belgium,1917.8
2018-09-01,Belgium,1912.1
2018-10-01,Belgium,1915.6
2018-11-01,Belgium,1902.8
2018-12-01,Belgium,1896.6
2019-01-01,Belgium,1921.8
2019-02-01,Belgium,1915.5
2019-03-01,Belgium,1911.8
2019-04-01,Belgium,1912.8
2019-05-01,Belgium,1904.6
2019-06-01,Belgium,1915.6
2019-07-01,Belgium,1915.3
2019-08-01,Belgium,1915.2
2019-09-01,Belgium,1909.5
2019-10-01,Belgium,1916.4
2019-11-01,Belgium,1915.6
2019-12-01,Belgium,1915.4
2020-01-01,Belgium,1916.5
2020-02-01,Belgium,1916.3
2020-03-01,Belgium,1914.7
2020-04-01,Belgium,1917.7
2020-05-01,Belgium,1905.2
2020-06-01,Belgium,1917.2
2020-07-01,Belgium,1915.2
2020-08-01,Belgium,1929.8
2020-09-01,Belgium,1908.2
2020-10-01,Belgium,1906.4
2020-11-01,Belgium,1911.5
2020-12-01,Belgium,1919.0
2021-01-01,Belgium,1918.8
2021-02-01,Belgium,1906.9
2021-03-01,Belgium,1910.3
2021-04-01,Belgium,1929.7
2021-05-01,Belgium,1936.5
2021-06-01,Belgium,1925.1
2021-07-01,Belgium,1919.4
2021-08-01,Belgium,1922.5
2021-09-01,Belgium,1914.6
2021-10-01,Belgium,1931.1
2021-11-01,Belgium,1933.3
2021-12-01,Belgium,1914.9
2022-01-01,Belgium,1928.5
2022-02-01,Belgium,1921.0
2022-03-01,Belgium,1929.1
2022-04-01,Belgium,1922.1
2022-05-01,Belgium,1918.6
2022-06-01,Belgium,1926.5
2022-07-01,Belgium,1913.6
2022-08-01,Belgium,1924.4
2022-09-01,Belgium,1922.7
2022-10-01,Belgium,1929.6
2022-11-01,Belgium,1926.3
2022-12-01,Belgium,1924.8
2023-01-01,Belgium,1935.6
2023-02-01,Belgium,1934.8
2023-03-01,Belgium,1935.3
2023-04-01,Belgium,1920.1
2023-05-01,Belgium,1933.8
2023-06-01,Belgium,1940.8
2023-07-01,Belgium,1915.2
2023-08-01,Belgium,1918.5
2023-09-01,Belgium,1943.1
2023-10-01,Belgium,1931.8
2023-11-01,Belgium,1923.5
2023-12-01,Belgium,1918.5
2024-01-01,Belgium,1927.1
2024-02-01,Belgium,1915.8
2024-03-01,Belgium,1934.9
2024-04-01,Belgium,1939.5
2024-05-01,Belgium,1943.3
2024-06-01,Belgium,1917.6
2024-07-01,Belgium,1936.8
2024-08-01,Belgium,1932.9
2024-09-01,Belgium,1938.3
2024-10-01,Belgium,1913.0
2024-11-01,Belgium,1932.1
2024-12-01,Belgium,1923.6
2025-01-01,Belgium,1927.5
2025-02-01,Belgium,1950.6
2025-03-01,Belgium,1949.5
2025-04-01,Belgium,1937.7
2025-05-01,Belgium,1920.0
2025-06-01,Belgium,1930.7
2025-07-01,Belgium,1950.7
2025-08-01,Belgium,1934.6
2025-09-01,Belgium,1926.9
2025-10-01,Belgium,1937.3
2025-11-01,Belgium,1935.4
2025-12-01,Belgium,1927.4
2026-01-01,Belgium,1934.8
2026-02-01,Belgium,1929.0
2026-03-01,Belgium,1959.5
2026-04-01,Belgium,1933.3
2026-05-01,Belgium,1935.9
2000-01-01,Morocco,1817.2
2000-02-01,Morocco,1825.6
2000-03-01,Morocco,1804.4
2000-04-01,Morocco,1819.4
2000-05-01,Morocco,1821.1
2000-06-01,Morocco,1823.5
2000-07-01,Morocco,1821.2
2000-08-01,Morocco,1811.6
2000-09-01,Morocco,1819.1
2000-10-01,Morocco,1824.3
2000-11-01,Morocco,1820.5
2000-12-01,Morocco,1819.3
2001-01-01,Morocco,1835.3
2001-02-01,Morocco,1830.4
2001-03-01,Morocco,1818.5
2001-04-01,Morocco,1821.4
2001-05-01,Morocco,1827.1
2001-06-01,Morocco,1815.0
2001-07-01,Morocco,1823.9
2001-08-01,Morocco,1827.2
2001-09-01,Morocco,1815.3
2001-10-01,Morocco,1830.5
2001-11-01,Morocco,1830.5
2001-12-01,Morocco,1807.6
2002-01-01,Morocco,1831.5
2002-02-01,Morocco,1839.7
2002-03-01,Morocco,1827.7
2002-04-01,Morocco,1817.3
2002-05-01,Morocco,1832.6
2002-06-01,Morocco,1823.4
2002-07-01,Morocco,1832.1
2002-08-01,Morocco,1833.1
2002-09-01,Morocco,1818.3
2002-10-01,Morocco,1829.5
2002-11-01,Morocco,1819.8
2002-12-01,Morocco,1817.5
2003-01-01,Morocco,1837.6
2003-02-01,Morocco,1832.3
2003-03-01,Morocco,1811.1
2003-04-01,Morocco,1836.7
2003-05-01,Morocco,1822.1
2003-06-01,Morocco,1831.6
2003-07-01,Morocco,1828.2
2003-08-01,Morocco,1839.2
2003-09-01,Morocco,1835.7
2003-10-01,Morocco,1833.6
2003-11-01,Morocco,1836.1
2003-12-01,Morocco,1830.6
2004-01-01,Morocco,1842.3
2004-02-01,Morocco,1837.7
2004-03-01,Morocco,1843.0
2004-04-01,Morocco,1846.9
2004-05-01,Morocco,1844.1
2004-06-01,Morocco,1835.9
2004-07-01,Morocco,1848.1
2004-08-01,Morocco,1829.8
2004-09-01,Morocco,1834.9
2004-10-01,Morocco,1839.6
2004-11-01,Morocco,1833.2
2004-12-01,Morocco,1842.5
2005-01-01,Morocco,1839.5
2005-02-01,Morocco,1826.0
2005-03-01,Morocco,1829.0
2005-04-01,Morocco,1846.5
2005-05-01,Morocco,1831.5
2005-06-01,Morocco,1839.6
2005-07-01,Morocco,1835.5
2005-08-01,Morocco,1843.1
2005-09-01,Morocco,1838.9
2005-10-01,Morocco,1832.2
2005-11-01,Morocco,1827.3
2005-12-01,Morocco,1845.9
2006-01-01,Morocco,1841.4
2006-02-01,Morocco,1831.6
2006-03-01,Morocco,1844.9
2006-04-01,Morocco,1845.7
2006-05-01,Morocco,1840.2
2006-06-01,Morocco,1842.3
2006-07-01,Morocco,1851.4
2006-08-01,Morocco,1843.5
2006-09-01,Morocco,1831.1
2006-10-01,Morocco,1843.5
2006-11-01,Morocco,1850.9
2006-12-01,Morocco,1832.4
2007-01-01,Morocco,1852.6
2007-02-01,Morocco,1846.2
2007-03-01,Morocco,1834.9
2007-04-01,Morocco,1854.1
2007-05-01,Morocco,1840.5
2007-06-01,Morocco,1846.8
2007-07-01,Morocco,1849.3
2007-08-01,Morocco,1847.7
2007-09-01,Morocco,1840.8
2007-10-01,Morocco,1856.4
2007-11-01,Morocco,1839.9
2007-12-01,Morocco,1843.9
2008-01-01,Morocco,1857.4
2008-02-01,Morocco,1849.7
2008-03-01,Morocco,1847.7
2008-04-01,Morocco,1848.0
2008-05-01,Morocco,1835.6
2008-06-01,Morocco,1858.3
2008-07-01,Morocco,1840.8
2008-08-01,Morocco,1850.3
2008-09-01,Morocco,1832.1
2008-10-01,Morocco,1851.2
2008-11-01,Morocco,1840.1
2008-12-01,Morocco,1836.7
2009-01-01,Morocco,1846.3
2009-02-01,Morocco,1840.8
2009-03-01,Morocco,1852.9
2009-04-01,Morocco,1854.4
2009-05-01,Morocco,1853.1
2009-06-01,Morocco,1848.6
2009-07-01,Morocco,1860.7
2009-08-01,Morocco,1851.9
2009-09-01,Morocco,1863.1
2009-10-01,Morocco,1836.4
2009-11-01,Morocco,1855.7
2009-12-01,Morocco,1855.5
2010-01-01,Morocco,1851.3
2010-02-01,Morocco,1866.5
2010-03-01,Morocco,1857.3
2010-04-01,Morocco,1858.6
2010-05-01,Morocco,1860.6
2010-06-01,Morocco,1872.3
2010-07-01,Morocco,1854.3
2010-08-01,Morocco,1858.9
2010-09-01,Morocco,1867.0
2010-10-01,Morocco,1856.4
2010-11-01,Morocco,1866.0
2010-12-01,Morocco,1857.5
2011-01-01,Morocco,1864.2
2011-02-01,Morocco,1860.1
2011-03-01,Morocco,1858.9
2011-04-01,Morocco,1861.4
2011-05-01,Morocco,1854.9
2011-06-01,Morocco,1855.1
2011-07-01,Morocco,1860.2
2011-08-01,Morocco,1861.7
2011-09-01,Morocco,1866.5
2011-10-01,Morocco,1858.4
2011-11-01,Morocco,1873.3
2011-12-01,Morocco,1851.9
2012-01-01,Morocco,1858.4
2012-02-01,Morocco,1868.3
2012-03-01,Morocco,1875.6
2012-04-01,Morocco,1859.5
2012-05-01,Morocco,1877.4
2012-06-01,Morocco,1871.4
2012-07-01,Morocco,1869.3
2012-08-01,Morocco,1869.1
2012-09-01,Morocco,1868.9
2012-10-01,Morocco,1861.5
2012-11-01,Morocco,1861.4
2012-12-01,Morocco,1861.4
2013-01-01,Morocco,1865.5
2013-02-01,Morocco,1874.5
2013-03-01,Morocco,1879.0
2013-04-01,Morocco,1861.1
2013-05-01,Morocco,1862.1
2013-06-01,Morocco,1880.0
2013-07-01,Morocco,1868.7
2013-08-01,Morocco,1874.4
2013-09-01,Morocco,1865.9
2013-10-01,Morocco,1884.4
2013-11-01,Morocco,1870.1
2013-12-01,Morocco,1875.6
2014-01-01,Morocco,1880.4
2014-02-01,Morocco,1860.1
2014-03-01,Morocco,1859.6
2014-04-01,Morocco,1868.6
2014-05-01,Morocco,1873.5
2014-06-01,Morocco,1873.2
2014-07-01,Morocco,1881.2
2014-08-01,Morocco,1865.5
2014-09-01,Morocco,1864.9
2014-10-01,Morocco,1865.8
2014-11-01,Morocco,1882.1
2014-12-01,Morocco,1879.3
2015-01-01,Morocco,1866.7
2015-02-01,Morocco,1882.9
2015-03-01,Morocco,1872.6
2015-04-01,Morocco,1865.9
2015-05-01,Morocco,1876.7
2015-06-01,Morocco,1876.2
2015-07-01,Morocco,1883.2
2015-08-01,Morocco,1876.2
2015-09-01,Morocco,1886.2
2015-10-01,Morocco,1887.1
2015-11-01,Morocco,1872.6
2015-12-01,Morocco,1875.6
2016-01-01,Morocco,1888.8
2016-02-01,Morocco,1881.2
2016-03-01,Morocco,1889.0
2016-04-01,Morocco,1889.3
2016-05-01,Morocco,1867.9
2016-06-01,Morocco,1885.4
2016-07-01,Morocco,1884.3
2016-08-01,Morocco,1884.6
2016-09-01,Morocco,1883.9
2016-10-01,Morocco,1883.7
2016-11-01,Morocco,1895.6
2016-12-01,Morocco,1884.4
2017-01-01,Morocco,1881.5
2017-02-01,Morocco,1881.9
2017-03-01,Morocco,1883.1
2017-04-01,Morocco,1895.2
2017-05-01,Morocco,1876.7
2017-06-01,Morocco,1897.3
2017-07-01,Morocco,1886.8
2017-08-01,Morocco,1868.1
2017-09-01,Morocco,1895.7
2017-10-01,Morocco,1891.7
2017-11-01,Morocco,1882.4
2017-12-01,Morocco,1886.9
2018-01-01,Morocco,1896.5
2018-02-01,Morocco,1898.5
2018-03-01,Morocco,1888.0
2018-04-01,Morocco,1900.0
2018-05-01,Morocco,1887.7
2018-06-01,Morocco,1898.8
2018-07-01,Morocco,1876.5
2018-08-01,Morocco,1901.4
2018-09-01,Morocco,1875.2
2018-10-01,Morocco,1882.9
2018-11-01,Morocco,1897.4
2018-12-01,Morocco,1890.0
2019-01-01,Morocco,1898.7
2019-02-01,Morocco,1883.6
2019-03-01,Morocco,1886.3
2019-04-01,Morocco,1890.7
2019-05-01,Morocco,1880.6
2019-06-01,Morocco,1902.1
2019-07-01,Morocco,1892.5
2019-08-01,Morocco,1884.0
2019-09-01,Morocco,1892.6
2019-10-01,Morocco,1893.0
2019-11-01,Morocco,1897.0
2019-12-01,Morocco,1892.1
2020-01-01,Morocco,1890.8
2020-02-01,Morocco,1895.2
2020-03-01,Morocco,1913.7
2020-04-01,Morocco,1899.6
2020-05-01,Morocco,1889.2
2020-06-01,Morocco,1904.9
2020-07-01,Morocco,1915.6
2020-08-01,Morocco,1901.2
2020-09-01,Morocco,1896.4
2020-10-01,Morocco,1885.1
2020-11-01,Morocco,1896.2
2020-12-01,Morocco,1887.1
2021-01-01,Morocco,1903.1
2021-02-01,Morocco,1884.1
2021-03-01,Morocco,1905.4
2021-04-01,Morocco,1886.6
2021-05-01,Morocco,1901.5
2021-06-01,Morocco,1913.2
2021-07-01,Morocco,1893.3
2021-08-01,Morocco,1895.5
2021-09-01,Morocco,1903.7
2021-10-01,Morocco,1896.4
2021-11-01,Morocco,1910.3
2021-12-01,Morocco,1898.5
2022-01-01,Morocco,1912.4
2022-02-01,Morocco,1908.4
2022-03-01,Morocco,1905.0
2022-04-01,Morocco,1905.8
2022-05-01,Morocco,1907.5
2022-06-01,Morocco,1901.6
2022-07-01,Morocco,1914.0
2022-08-01,Morocco,1894.3
2022-09-01,Morocco,1917.5
2022-10-01,Morocco,1894.4
2022-11-01,Morocco,1912.9
2022-12-01,Morocco,1920.2
2023-01-01,Morocco,1922.3
2023-02-01,Morocco,1892.1
2023-03-01,Morocco,1908.8
2023-04-01,Morocco,1908.7
2023-05-01,Morocco,1921.4
2023-06-01,Morocco,1897.5
2023-07-01,Morocco,1908.2
2023-08-01,Morocco,1900.9
2023-09-01,Morocco,1910.2
2023-10-01,Morocco,1904.1
2023-11-01,Morocco,1909.8
2023-12-01,Morocco,1905.5
2024-01-01,Morocco,1900.7
2024-02-01,Morocco,1920.2
2024-03-01,Morocco,1896.2
2024-04-01,Morocco,1913.5
2024-05-01,Morocco,1909.8
2024-06-01,Morocco,1917.6
2024-07-01,Morocco,1929.7
2024-08-01,Morocco,1897.6
2024-09-01,Morocco,1907.3
2024-10-01,Morocco,1910.5
2024-11-01,Morocco,1906.3
2024-12-01,Morocco,1917.9
2025-01-01,Morocco,1915.9
2025-02-01,Morocco,1910.3
2025-03-01,Morocco,1908.0
2025-04-01,Morocco,1899.7
2025-05-01,Morocco,1921.1
2025-06-01,Morocco,1911.1
2025-07-01,Morocco,1931.1
2025-08-01,Morocco,1926.1
2025-09-01,Morocco,1913.8
2025-10-01,Morocco,1915.1
2025-11-01,Morocco,1909.1
2025-12-01,Morocco,1914.8
2026-01-01,Morocco,1916.3
2026-02-01,Morocco,1919.3
2026-03-01,Morocco,1926.5
2026-04-01,Morocco,1935.6
2026-05-01,Morocco,1914.5
2000-01-01,Croatia,1792.1
2000-02-01,Croatia,1802.4
2000-03-01,Croatia,1805.5
2000-04-01,Croatia,1809.1
2000-05-01,Croatia,1813.7
2000-06-01,Croatia,1793.3
2000-07-01,Croatia,1807.2
2000-08-01,Croatia,1820.0
2000-09-01,Croatia,1807.7
2000-10-01,Croatia,1796.0
2000-11-01,Croatia,1792.5
2000-12-01,Croatia,1803.4
2001-01-01,Croatia,1821.2
2001-02-01,Croatia,1807.9
2001-03-01,Croatia,1802.6
2001-04-01,Croatia,1799.3
2001-05-01,Croatia,1825.0
2001-06-01,Croatia,1792.1
2001-07-01,Croatia,1805.5
2001-08-01,Croatia,1799.6
2001-09-01,Croatia,1807.5
2001-10-01,Croatia,1807.9
2001-11-01,Croatia,1815.6
2001-12-01,Croatia,1796.9
2002-01-01,Croatia,1812.5
2002-02-01,Croatia,1799.0
2002-03-01,Croatia,1798.7
2002-04-01,Croatia,1810.0
2002-05-01,Croatia,1816.2
2002-06-01,Croatia,1818.4
2002-07-01,Croatia,1816.7
2002-08-01,Croatia,1812.3
2002-09-01,Croatia,1815.1
2002-10-01,Croatia,1809.2
2002-11-01,Croatia,1805.2
2002-12-01,Croatia,1805.6
2003-01-01,Croatia,1814.6
2003-02-01,Croatia,1810.2
2003-03-01,Croatia,1829.8
2003-04-01,Croatia,1811.3
2003-05-01,Croatia,1800.9
2003-06-01,Croatia,1822.1
2003-07-01,Croatia,1822.3
2003-08-01,Croatia,1817.2
2003-09-01,Croatia,1816.6
2003-10-01,Croatia,1814.5
2003-11-01,Croatia,1814.1
2003-12-01,Croatia,1815.0
2004-01-01,Croatia,1820.6
2004-02-01,Croatia,1818.4
2004-03-01,Croatia,1805.4
2004-04-01,Croatia,1811.6
2004-05-01,Croatia,1821.7
2004-06-01,Croatia,1811.4
2004-07-01,Croatia,1813.1
2004-08-01,Croatia,1825.8
2004-09-01,Croatia,1806.6
2004-10-01,Croatia,1811.6
2004-11-01,Croatia,1824.8
2004-12-01,Croatia,1813.8
2005-01-01,Croatia,1823.1
2005-02-01,Croatia,1802.6
2005-03-01,Croatia,1831.6
2005-04-01,Croatia,1831.5
2005-05-01,Croatia,1823.7
2005-06-01,Croatia,1814.9
2005-07-01,Croatia,1836.3
2005-08-01,Croatia,1842.1
2005-09-01,Croatia,1837.3
2005-10-01,Croatia,1830.8
2005-11-01,Croatia,1825.1
2005-12-01,Croatia,1821.0
2006-01-01,Croatia,1838.5
2006-02-01,Croatia,1826.8
2006-03-01,Croatia,1804.0
2006-04-01,Croatia,1827.9
2006-05-01,Croatia,1826.4
2006-06-01,Croatia,1822.6
2006-07-01,Croatia,1834.5
2006-08-01,Croatia,1822.5
2006-09-01,Croatia,1829.6
2006-10-01,Croatia,1808.3
2006-11-01,Croatia,1819.6
2006-12-01,Croatia,1825.4
2007-01-01,Croatia,1815.5
2007-02-01,Croatia,1824.1
2007-03-01,Croatia,1837.6
2007-04-01,Croatia,1828.3
2007-05-01,Croatia,1843.1
2007-06-01,Croatia,1834.3
2007-07-01,Croatia,1821.6
2007-08-01,Croatia,1842.5
2007-09-01,Croatia,1837.1
2007-10-01,Croatia,1833.9
2007-11-01,Croatia,1839.8
2007-12-01,Croatia,1824.1
2008-01-01,Croatia,1837.6
2008-02-01,Croatia,1829.5
2008-03-01,Croatia,1841.6
2008-04-01,Croatia,1826.0
2008-05-01,Croatia,1836.7
2008-06-01,Croatia,1844.4
2008-07-01,Croatia,1833.3
2008-08-01,Croatia,1846.1
2008-09-01,Croatia,1830.7
2008-10-01,Croatia,1826.2
2008-11-01,Croatia,1837.8
2008-12-01,Croatia,1834.7
2009-01-01,Croatia,1848.9
2009-02-01,Croatia,1832.8
2009-03-01,Croatia,1847.2
2009-04-01,Croatia,1840.1
2009-05-01,Croatia,1847.3
2009-06-01,Croatia,1833.2
2009-07-01,Croatia,1836.7
2009-08-01,Croatia,1840.1
2009-09-01,Croatia,1849.0
2009-10-01,Croatia,1843.5
2009-11-01,Croatia,1828.0
2009-12-01,Croatia,1832.8
2010-01-01,Croatia,1842.5
2010-02-01,Croatia,1837.6
2010-03-01,Croatia,1857.0
2010-04-01,Croatia,1837.8
2010-05-01,Croatia,1834.0
2010-06-01,Croatia,1839.2
2010-07-01,Croatia,1848.2
2010-08-01,Croatia,1840.8
2010-09-01,Croatia,1856.1
2010-10-01,Croatia,1832.2
2010-11-01,Croatia,1841.4
2010-12-01,Croatia,1864.2
2011-01-01,Croatia,1851.8
2011-02-01,Croatia,1841.4
2011-03-01,Croatia,1834.0
2011-04-01,Croatia,1839.9
2011-05-01,Croatia,1847.3
2011-06-01,Croatia,1856.3
2011-07-01,Croatia,1838.4
2011-08-01,Croatia,1838.2
2011-09-01,Croatia,1846.1
2011-10-01,Croatia,1861.3
2011-11-01,Croatia,1856.4
2011-12-01,Croatia,1832.8
2012-01-01,Croatia,1850.0
2012-02-01,Croatia,1854.6
2012-03-01,Croatia,1850.6
2012-04-01,Croatia,1841.9
2012-05-01,Croatia,1858.7
2012-06-01,Croatia,1856.5
2012-07-01,Croatia,1862.4
2012-08-01,Croatia,1852.5
2012-09-01,Croatia,1847.6
2012-10-01,Croatia,1854.7
2012-11-01,Croatia,1844.7
2012-12-01,Croatia,1858.1
2013-01-01,Croatia,1868.6
2013-02-01,Croatia,1846.6
2013-03-01,Croatia,1848.5
2013-04-01,Croatia,1867.7
2013-05-01,Croatia,1861.6
2013-06-01,Croatia,1855.1
2013-07-01,Croatia,1843.1
2013-08-01,Croatia,1852.9
2013-09-01,Croatia,1852.7
2013-10-01,Croatia,1850.6
2013-11-01,Croatia,1856.3
2013-12-01,Croatia,1840.1
2014-01-01,Croatia,1859.8
2014-02-01,Croatia,1861.1
2014-03-01,Croatia,1855.2
2014-04-01,Croatia,1868.6
2014-05-01,Croatia,1852.4
2014-06-01,Croatia,1862.8
2014-07-01,Croatia,1869.5
2014-08-01,Croatia,1863.9
2014-09-01,Croatia,1848.1
2014-10-01,Croatia,1873.2
2014-11-01,Croatia,1858.0
2014-12-01,Croatia,1866.1
2015-01-01,Croatia,1864.4
2015-02-01,Croatia,1872.3
2015-03-01,Croatia,1870.0
2015-04-01,Croatia,1860.3
2015-05-01,Croatia,1860.1
2015-06-01,Croatia,1867.1
2015-07-01,Croatia,1859.7
2015-08-01,Croatia,1870.4
2015-09-01,Croatia,1874.4
2015-10-01,Croatia,1866.0
2015-11-01,Croatia,1859.8
2015-12-01,Croatia,1869.7
2016-01-01,Croatia,1876.5
2016-02-01,Croatia,1864.0
2016-03-01,Croatia,1859.8
2016-04-01,Croatia,1858.1
2016-05-01,Croatia,1859.2
2016-06-01,Croatia,1868.1
2016-07-01,Croatia,1874.2
2016-08-01,Croatia,1855.7
2016-09-01,Croatia,1872.8
2016-10-01,Croatia,1873.6
2016-11-01,Croatia,1880.4
2016-12-01,Croatia,1863.4
2017-01-01,Croatia,1883.3
2017-02-01,Croatia,1872.0
2017-03-01,Croatia,1867.7
2017-04-01,Croatia,1864.1
2017-05-01,Croatia,1869.3
2017-06-01,Croatia,1862.1
2017-07-01,Croatia,1868.1
2017-08-01,Croatia,1865.2
2017-09-01,Croatia,1856.0
2017-10-01,Croatia,1874.1
2017-11-01,Croatia,1873.3
2017-12-01,Croatia,1867.5
2018-01-01,Croatia,1878.1
2018-02-01,Croatia,1877.8
2018-03-01,Croatia,1863.6
2018-04-01,Croatia,1877.0
2018-05-01,Croatia,1876.6
2018-06-01,Croatia,1871.9
2018-07-01,Croatia,1860.0
2018-08-01,Croatia,1899.5
2018-09-01,Croatia,1870.6
2018-10-01,Croatia,1870.0
2018-11-01,Croatia,1876.3
2018-12-01,Croatia,1871.0
2019-01-01,Croatia,1871.7
2019-02-01,Croatia,1887.1
2019-03-01,Croatia,1866.1
2019-04-01,Croatia,1870.9
2019-05-01,Croatia,1872.7
2019-06-01,Croatia,1880.9
2019-07-01,Croatia,1889.0
2019-08-01,Croatia,1868.9
2019-09-01,Croatia,1878.0
2019-10-01,Croatia,1864.1
2019-11-01,Croatia,1871.0
2019-12-01,Croatia,1876.7
2020-01-01,Croatia,1883.8
2020-02-01,Croatia,1863.5
2020-03-01,Croatia,1871.2
2020-04-01,Croatia,1886.2
2020-05-01,Croatia,1887.5
2020-06-01,Croatia,1876.6
2020-07-01,Croatia,1877.4
2020-08-01,Croatia,1876.2
2020-09-01,Croatia,1892.2
2020-10-01,Croatia,1887.5
2020-11-01,Croatia,1894.4
2020-12-01,Croatia,1892.1
2021-01-01,Croatia,1884.9
2021-02-01,Croatia,1883.8
2021-03-01,Croatia,1886.9
2021-04-01,Croatia,1885.2
2021-05-01,Croatia,1890.8
2021-06-01,Croatia,1889.4
2021-07-01,Croatia,1894.7
2021-08-01,Croatia,1879.5
2021-09-01,Croatia,1889.0
2021-10-01,Croatia,1882.1
2021-11-01,Croatia,1893.6
2021-12-01,Croatia,1869.7
2022-01-01,Croatia,1894.9
2022-02-01,Croatia,1881.4
2022-03-01,Croatia,1889.1
2022-04-01,Croatia,1890.9
2022-05-01,Croatia,1883.5
2022-06-01,Croatia,1885.8
2022-07-01,Croatia,1891.7
2022-08-01,Croatia,1887.7
2022-09-01,Croatia,1892.1
2022-10-01,Croatia,1897.4
2022-11-01,Croatia,1888.0
2022-12-01,Croatia,1897.3
2023-01-01,Croatia,1885.5
2023-02-01,Croatia,1910.3
2023-03-01,Croatia,1883.1
2023-04-01,Croatia,1887.5
2023-05-01,Croatia,1902.3
2023-06-01,Croatia,1898.9
2023-07-01,Croatia,1896.9
2023-08-01,Croatia,1893.1
2023-09-01,Croatia,1887.1
2023-10-01,Croatia,1882.4
2023-11-01,Croatia,1897.9
2023-12-01,Croatia,1899.1
2024-01-01,Croatia,1901.2
2024-02-01,Croatia,1895.7
2024-03-01,Croatia,1911.0
2024-04-01,Croatia,1901.5
2024-05-01,Croatia,1898.5
2024-06-01,Croatia,1900.1
2024-07-01,Croatia,1913.3
2024-08-01,Croatia,1891.0
2024-09-01,Croatia,1891.3
2024-10-01,Croatia,1898.6
2024-11-01,Croatia,1897.0
2024-12-01,Croatia,1903.4
2025-01-01,Croatia,1901.9
2025-02-01,Croatia,1907.2
2025-03-01,Croatia,1910.6
2025-04-01,Croatia,1900.1
2025-05-01,Croatia,1914.8
2025-06-01,Croatia,1900.8
2025-07-01,Croatia,1906.5
2025-08-01,Croatia,1900.7
2025-09-01,Croatia,1892.6
2025-10-01,Croatia,1898.7
2025-11-01,Croatia,1914.6
2025-12-01,Croatia,1889.5
2026-01-01,Croatia,1914.8
2026-02-01,Croatia,1890.9
2026-03-01,Croatia,1906.9
2026-04-01,Croatia,1914.8
2026-05-01,Croatia,1892.7
2000-01-01,Colombia,1783.9
2000-02-01,Colombia,1800.6
2000-03-01,Colombia,1785.6
2000-04-01,Colombia,1788.3
2000-05-01,Colombia,1787.6
2000-06-01,Colombia,1779.8
2000-07-01,Colombia,1792.0
2000-08-01,Colombia,1800.8
2000-09-01,Colombia,1791.6
2000-10-01,Colombia,1800.1
2000-11-01,Colombia,1787.8
2000-12-01,Colombia,1792.2
2001-01-01,Colombia,1801.6
2001-02-01,Colombia,1795.4
2001-03-01,Colombia,1785.5
2001-04-01,Colombia,1788.0
2001-05-01,Colombia,1794.5
2001-06-01,Colombia,1800.6
2001-07-01,Colombia,1792.5
2001-08-01,Colombia,1801.8
2001-09-01,Colombia,1808.8
2001-10-01,Colombia,1803.0
2001-11-01,Colombia,1790.4
2001-12-01,Colombia,1791.5
2002-01-01,Colombia,1808.6
2002-02-01,Colombia,1799.9
2002-03-01,Colombia,1798.0
2002-04-01,Colombia,1796.3
2002-05-01,Colombia,1790.9
2002-06-01,Colombia,1790.1
2002-07-01,Colombia,1794.1
2002-08-01,Colombia,1794.1
2002-09-01,Colombia,1802.5
2002-10-01,Colombia,1795.0
2002-11-01,Colombia,1797.8
2002-12-01,Colombia,1794.3
2003-01-01,Colombia,1798.9
2003-02-01,Colombia,1803.9
2003-03-01,Colombia,1779.7
2003-04-01,Colombia,1812.3
2003-05-01,Colombia,1800.3
2003-06-01,Colombia,1793.7
2003-07-01,Colombia,1792.4
2003-08-01,Colombia,1802.1
2003-09-01,Colombia,1778.3
2003-10-01,Colombia,1811.7
2003-11-01,Colombia,1795.0
2003-12-01,Colombia,1811.9
2004-01-01,Colombia,1810.1
2004-02-01,Colombia,1804.6
2004-03-01,Colombia,1811.5
2004-04-01,Colombia,1800.3
2004-05-01,Colombia,1803.0
2004-06-01,Colombia,1819.9
2004-07-01,Colombia,1810.4
2004-08-01,Colombia,1812.1
2004-09-01,Colombia,1805.2
2004-10-01,Colombia,1798.2
2004-11-01,Colombia,1804.1
2004-12-01,Colombia,1795.9
2005-01-01,Colombia,1797.3
2005-02-01,Colombia,1809.6
2005-03-01,Colombia,1803.1
2005-04-01,Colombia,1812.8
2005-05-01,Colombia,1804.3
2005-06-01,Colombia,1794.9
2005-07-01,Colombia,1814.8
2005-08-01,Colombia,1814.3
2005-09-01,Colombia,1813.3
2005-10-01,Colombia,1806.0
2005-11-01,Colombia,1818.5
2005-12-01,Colombia,1808.2
2006-01-01,Colombia,1813.8
2006-02-01,Colombia,1817.1
2006-03-01,Colombia,1803.1
2006-04-01,Colombia,1813.0
2006-05-01,Colombia,1812.4
2006-06-01,Colombia,1817.2
2006-07-01,Colombia,1816.1
2006-08-01,Colombia,1822.6
2006-09-01,Colombia,1825.7
2006-10-01,Colombia,1810.6
2006-11-01,Colombia,1797.7
2006-12-01,Colombia,1796.2
2007-01-01,Colombia,1825.8
2007-02-01,Colombia,1808.6
2007-03-01,Colombia,1814.3
2007-04-01,Colombia,1825.1
2007-05-01,Colombia,1818.7
2007-06-01,Colombia,1834.6
2007-07-01,Colombia,1824.2
2007-08-01,Colombia,1812.4
2007-09-01,Colombia,1811.8
2007-10-01,Colombia,1824.4
2007-11-01,Colombia,1814.3
2007-12-01,Colombia,1822.5
2008-01-01,Colombia,1835.2
2008-02-01,Colombia,1811.0
2008-03-01,Colombia,1812.5
2008-04-01,Colombia,1809.1
2008-05-01,Colombia,1809.7
2008-06-01,Colombia,1814.7
2008-07-01,Colombia,1818.3
2008-08-01,Colombia,1816.8
2008-09-01,Colombia,1822.2
2008-10-01,Colombia,1818.6
2008-11-01,Colombia,1828.2
2008-12-01,Colombia,1845.4
2009-01-01,Colombia,1823.4
2009-02-01,Colombia,1820.7
2009-03-01,Colombia,1818.0
2009-04-01,Colombia,1811.5
2009-05-01,Colombia,1819.7
2009-06-01,Colombia,1825.6
2009-07-01,Colombia,1823.8
2009-08-01,Colombia,1838.4
2009-09-01,Colombia,1828.3
2009-10-01,Colombia,1834.2
2009-11-01,Colombia,1821.2
2009-12-01,Colombia,1812.1
2010-01-01,Colombia,1834.9
2010-02-01,Colombia,1835.5
2010-03-01,Colombia,1820.3
2010-04-01,Colombia,1812.9
2010-05-01,Colombia,1814.9
2010-06-01,Colombia,1836.4
2010-07-01,Colombia,1829.4
2010-08-01,Colombia,1827.5
2010-09-01,Colombia,1834.2
2010-10-01,Colombia,1826.4
2010-11-01,Colombia,1814.8
2010-12-01,Colombia,1823.6
2011-01-01,Colombia,1855.1
2011-02-01,Colombia,1842.2
2011-03-01,Colombia,1835.2
2011-04-01,Colombia,1826.6
2011-05-01,Colombia,1836.0
2011-06-01,Colombia,1840.9
2011-07-01,Colombia,1835.6
2011-08-01,Colombia,1832.3
2011-09-01,Colombia,1829.5
2011-10-01,Colombia,1841.4
2011-11-01,Colombia,1832.5
2011-12-01,Colombia,1830.7
2012-01-01,Colombia,1834.8
2012-02-01,Colombia,1831.5
2012-03-01,Colombia,1837.7
2012-04-01,Colombia,1822.1
2012-05-01,Colombia,1831.5
2012-06-01,Colombia,1830.1
2012-07-01,Colombia,1842.0
2012-08-01,Colombia,1839.3
2012-09-01,Colombia,1855.6
2012-10-01,Colombia,1834.2
2012-11-01,Colombia,1842.2
2012-12-01,Colombia,1820.3
2013-01-01,Colombia,1839.8
2013-02-01,Colombia,1835.0
2013-03-01,Colombia,1830.0
2013-04-01,Colombia,1841.7
2013-05-01,Colombia,1853.9
2013-06-01,Colombia,1842.9
2013-07-01,Colombia,1828.5
2013-08-01,Colombia,1823.9
2013-09-01,Colombia,1841.5
2013-10-01,Colombia,1835.1
2013-11-01,Colombia,1829.5
2013-12-01,Colombia,1845.1
2014-01-01,Colombia,1854.2
2014-02-01,Colombia,1831.1
2014-03-01,Colombia,1851.7
2014-04-01,Colombia,1838.3
2014-05-01,Colombia,1843.0
2014-06-01,Colombia,1852.2
2014-07-01,Colombia,1837.1
2014-08-01,Colombia,1843.0
2014-09-01,Colombia,1836.0
2014-10-01,Colombia,1846.4
2014-11-01,Colombia,1847.4
2014-12-01,Colombia,1832.2
2015-01-01,Colombia,1841.1
2015-02-01,Colombia,1859.0
2015-03-01,Colombia,1852.5
2015-04-01,Colombia,1849.2
2015-05-01,Colombia,1855.5
2015-06-01,Colombia,1841.2
2015-07-01,Colombia,1844.8
2015-08-01,Colombia,1840.4
2015-09-01,Colombia,1835.4
2015-10-01,Colombia,1841.7
2015-11-01,Colombia,1847.2
2015-12-01,Colombia,1852.2
2016-01-01,Colombia,1861.2
2016-02-01,Colombia,1852.2
2016-03-01,Colombia,1856.4
2016-04-01,Colombia,1858.8
2016-05-01,Colombia,1859.2
2016-06-01,Colombia,1846.6
2016-07-01,Colombia,1846.0
2016-08-01,Colombia,1851.7
2016-09-01,Colombia,1868.1
2016-10-01,Colombia,1858.9
2016-11-01,Colombia,1848.2
2016-12-01,Colombia,1851.7
2017-01-01,Colombia,1857.6
2017-02-01,Colombia,1845.6
2017-03-01,Colombia,1849.3
2017-04-01,Colombia,1859.0
2017-05-01,Colombia,1861.2
2017-06-01,Colombia,1854.2
2017-07-01,Colombia,1851.7
2017-08-01,Colombia,1858.4
2017-09-01,Colombia,1847.4
2017-10-01,Colombia,1848.1
2017-11-01,Colombia,1878.7
2017-12-01,Colombia,1849.2
2018-01-01,Colombia,1866.2
2018-02-01,Colombia,1856.2
2018-03-01,Colombia,1864.2
2018-04-01,Colombia,1866.7
2018-05-01,Colombia,1846.7
2018-06-01,Colombia,1858.5
2018-07-01,Colombia,1849.7
2018-08-01,Colombia,1851.8
2018-09-01,Colombia,1870.2
2018-10-01,Colombia,1852.8
2018-11-01,Colombia,1853.5
2018-12-01,Colombia,1864.3
2019-01-01,Colombia,1886.3
2019-02-01,Colombia,1859.6
2019-03-01,Colombia,1856.9
2019-04-01,Colombia,1861.7
2019-05-01,Colombia,1868.8
2019-06-01,Colombia,1871.4
2019-07-01,Colombia,1852.8
2019-08-01,Colombia,1877.2
2019-09-01,Colombia,1867.7
2019-10-01,Colombia,1856.7
2019-11-01,Colombia,1861.2
2019-12-01,Colombia,1866.8
2020-01-01,Colombia,1867.0
2020-02-01,Colombia,1865.7
2020-03-01,Colombia,1883.5
2020-04-01,Colombia,1871.2
2020-05-01,Colombia,1863.3
2020-06-01,Colombia,1864.1
2020-07-01,Colombia,1880.7
2020-08-01,Colombia,1869.8
2020-09-01,Colombia,1858.4
2020-10-01,Colombia,1865.1
2020-11-01,Colombia,1866.7
2020-12-01,Colombia,1858.7
2021-01-01,Colombia,1883.9
2021-02-01,Colombia,1860.8
2021-03-01,Colombia,1884.0
2021-04-01,Colombia,1861.4
2021-05-01,Colombia,1873.2
2021-06-01,Colombia,1880.7
2021-07-01,Colombia,1869.6
2021-08-01,Colombia,1864.2
2021-09-01,Colombia,1872.0
2021-10-01,Colombia,1874.0
2021-11-01,Colombia,1881.6
2021-12-01,Colombia,1861.2
2022-01-01,Colombia,1867.3
2022-02-01,Colombia,1891.0
2022-03-01,Colombia,1876.4
2022-04-01,Colombia,1877.9
2022-05-01,Colombia,1880.5
2022-06-01,Colombia,1875.6
2022-07-01,Colombia,1884.6
2022-08-01,Colombia,1879.9
2022-09-01,Colombia,1875.1
2022-10-01,Colombia,1862.6
2022-11-01,Colombia,1882.8
2022-12-01,Colombia,1889.6
2023-01-01,Colombia,1888.2
2023-02-01,Colombia,1860.8
2023-03-01,Colombia,1888.4
2023-04-01,Colombia,1883.9
2023-05-01,Colombia,1878.9
2023-06-01,Colombia,1868.0
2023-07-01,Colombia,1872.4
2023-08-01,Colombia,1882.2
2023-09-01,Colombia,1875.0
2023-10-01,Colombia,1894.9
2023-11-01,Colombia,1865.7
2023-12-01,Colombia,1877.7
2024-01-01,Colombia,1869.3
2024-02-01,Colombia,1869.2
2024-03-01,Colombia,1873.2
2024-04-01,Colombia,1868.1
2024-05-01,Colombia,1886.7
2024-06-01,Colombia,1875.9
2024-07-01,Colombia,1873.5
2024-08-01,Colombia,1882.0
2024-09-01,Colombia,1880.6
2024-10-01,Colombia,1880.3
2024-11-01,Colombia,1879.0
2024-12-01,Colombia,1885.3
2025-01-01,Colombia,1891.1
2025-02-01,Colombia,1877.9
2025-03-01,Colombia,1899.3
2025-04-01,Colombia,1886.0
2025-05-01,Colombia,1895.4
2025-06-01,Colombia,1887.0
2025-07-01,Colombia,1892.8
2025-08-01,Colombia,1874.1
2025-09-01,Colombia,1876.9
2025-10-01,Colombia,1881.3
2025-11-01,Colombia,1875.9
2025-12-01,Colombia,1888.3
2026-01-01,Colombia,1889.8
2026-02-01,Colombia,1881.9
2026-03-01,Colombia,1894.3
2026-04-01,Colombia,1896.3
2026-05-01,Colombia,1873.2
2000-01-01,Uruguay,1788.2
2000-02-01,Uruguay,1785.0
2000-03-01,Uruguay,1767.3
2000-04-01,Uruguay,1774.4
2000-05-01,Uruguay,1774.6
2000-06-01,Uruguay,1772.2
2000-07-01,Uruguay,1792.2
2000-08-01,Uruguay,1775.9
2000-09-01,Uruguay,1761.5
2000-10-01,Uruguay,1777.5
2000-11-01,Uruguay,1775.1
2000-12-01,Uruguay,1774.2
2001-01-01,Uruguay,1786.4
2001-02-01,Uruguay,1772.5
2001-03-01,Uruguay,1798.1
2001-04-01,Uruguay,1782.8
2001-05-01,Uruguay,1784.1
2001-06-01,Uruguay,1780.3
2001-07-01,Uruguay,1796.3
2001-08-01,Uruguay,1778.3
2001-09-01,Uruguay,1785.5
2001-10-01,Uruguay,1786.7
2001-11-01,Uruguay,1782.0
2001-12-01,Uruguay,1788.4
2002-01-01,Uruguay,1794.7
2002-02-01,Uruguay,1793.5
2002-03-01,Uruguay,1786.9
2002-04-01,Uruguay,1785.6
2002-05-01,Uruguay,1788.8
2002-06-01,Uruguay,1784.4
2002-07-01,Uruguay,1779.3
2002-08-01,Uruguay,1788.9
2002-09-01,Uruguay,1799.5
2002-10-01,Uruguay,1791.8
2002-11-01,Uruguay,1777.1
2002-12-01,Uruguay,1788.4
2003-01-01,Uruguay,1798.9
2003-02-01,Uruguay,1790.2
2003-03-01,Uruguay,1793.0
2003-04-01,Uruguay,1820.0
2003-05-01,Uruguay,1806.5
2003-06-01,Uruguay,1791.6
2003-07-01,Uruguay,1797.5
2003-08-01,Uruguay,1789.9
2003-09-01,Uruguay,1789.3
2003-10-01,Uruguay,1799.4
2003-11-01,Uruguay,1799.3
2003-12-01,Uruguay,1797.1
2004-01-01,Uruguay,1793.9
2004-02-01,Uruguay,1810.4
2004-03-01,Uruguay,1786.9
2004-04-01,Uruguay,1796.5
2004-05-01,Uruguay,1786.5
2004-06-01,Uruguay,1796.6
2004-07-01,Uruguay,1793.4
2004-08-01,Uruguay,1806.7
2004-09-01,Uruguay,1795.7
2004-10-01,Uruguay,1806.9
2004-11-01,Uruguay,1794.3
2004-12-01,Uruguay,1791.9
2005-01-01,Uruguay,1803.0
2005-02-01,Uruguay,1782.8
2005-03-01,Uruguay,1796.9
2005-04-01,Uruguay,1801.4
2005-05-01,Uruguay,1817.8
2005-06-01,Uruguay,1804.7
2005-07-01,Uruguay,1785.2
2005-08-01,Uruguay,1794.2
2005-09-01,Uruguay,1790.6
2005-10-01,Uruguay,1803.3
2005-11-01,Uruguay,1807.1
2005-12-01,Uruguay,1787.7
2006-01-01,Uruguay,1812.7
2006-02-01,Uruguay,1796.3
2006-03-01,Uruguay,1796.4
2006-04-01,Uruguay,1793.8
2006-05-01,Uruguay,1798.9
2006-06-01,Uruguay,1803.6
2006-07-01,Uruguay,1813.0
2006-08-01,Uruguay,1793.2
2006-09-01,Uruguay,1793.5
2006-10-01,Uruguay,1810.6
2006-11-01,Uruguay,1800.8
2006-12-01,Uruguay,1798.0
2007-01-01,Uruguay,1809.1
2007-02-01,Uruguay,1802.8
2007-03-01,Uruguay,1799.8
2007-04-01,Uruguay,1804.8
2007-05-01,Uruguay,1809.1
2007-06-01,Uruguay,1798.3
2007-07-01,Uruguay,1815.2
2007-08-01,Uruguay,1805.9
2007-09-01,Uruguay,1805.7
2007-10-01,Uruguay,1802.4
2007-11-01,Uruguay,1803.8
2007-12-01,Uruguay,1801.0
2008-01-01,Uruguay,1820.0
2008-02-01,Uruguay,1812.1
2008-03-01,Uruguay,1807.0
2008-04-01,Uruguay,1804.1
2008-05-01,Uruguay,1807.1
2008-06-01,Uruguay,1814.7
2008-07-01,Uruguay,1808.0
2008-08-01,Uruguay,1809.0
2008-09-01,Uruguay,1811.8
2008-10-01,Uruguay,1806.3
2008-11-01,Uruguay,1810.0
2008-12-01,Uruguay,1827.2
2009-01-01,Uruguay,1816.1
2009-02-01,Uruguay,1816.4
2009-03-01,Uruguay,1808.7
2009-04-01,Uruguay,1821.6
2009-05-01,Uruguay,1809.5
2009-06-01,Uruguay,1817.3
2009-07-01,Uruguay,1798.0
2009-08-01,Uruguay,1808.2
2009-09-01,Uruguay,1810.2
2009-10-01,Uruguay,1812.2
2009-11-01,Uruguay,1811.3
2009-12-01,Uruguay,1824.3
2010-01-01,Uruguay,1817.9
2010-02-01,Uruguay,1828.2
2010-03-01,Uruguay,1811.0
2010-04-01,Uruguay,1808.7
2010-05-01,Uruguay,1830.4
2010-06-01,Uruguay,1811.2
2010-07-01,Uruguay,1820.7
2010-08-01,Uruguay,1816.4
2010-09-01,Uruguay,1809.4
2010-10-01,Uruguay,1807.5
2010-11-01,Uruguay,1811.9
2010-12-01,Uruguay,1815.0
2011-01-01,Uruguay,1825.6
2011-02-01,Uruguay,1822.9
2011-03-01,Uruguay,1819.6
2011-04-01,Uruguay,1830.6
2011-05-01,Uruguay,1832.9
2011-06-01,Uruguay,1823.6
2011-07-01,Uruguay,1818.5
2011-08-01,Uruguay,1822.2
2011-09-01,Uruguay,1824.4
2011-10-01,Uruguay,1810.7
2011-11-01,Uruguay,1821.8
2011-12-01,Uruguay,1822.6
2012-01-01,Uruguay,1818.2
2012-02-01,Uruguay,1821.7
2012-03-01,Uruguay,1820.1
2012-04-01,Uruguay,1835.8
2012-05-01,Uruguay,1816.3
2012-06-01,Uruguay,1829.2
2012-07-01,Uruguay,1839.2
2012-08-01,Uruguay,1825.4
2012-09-01,Uruguay,1837.3
2012-10-01,Uruguay,1827.0
2012-11-01,Uruguay,1830.0
2012-12-01,Uruguay,1815.1
2013-01-01,Uruguay,1840.3
2013-02-01,Uruguay,1827.6
2013-03-01,Uruguay,1829.4
2013-04-01,Uruguay,1827.2
2013-05-01,Uruguay,1823.9
2013-06-01,Uruguay,1836.5
2013-07-01,Uruguay,1827.0
2013-08-01,Uruguay,1823.6
2013-09-01,Uruguay,1824.1
2013-10-01,Uruguay,1822.4
2013-11-01,Uruguay,1842.0
2013-12-01,Uruguay,1831.0
2014-01-01,Uruguay,1827.5
2014-02-01,Uruguay,1827.3
2014-03-01,Uruguay,1842.1
2014-04-01,Uruguay,1836.0
2014-05-01,Uruguay,1821.9
2014-06-01,Uruguay,1809.9
2014-07-01,Uruguay,1835.0
2014-08-01,Uruguay,1844.8
2014-09-01,Uruguay,1827.6
2014-10-01,Uruguay,1838.7
2014-11-01,Uruguay,1848.1
2014-12-01,Uruguay,1823.4
2015-01-01,Uruguay,1830.0
2015-02-01,Uruguay,1834.9
2015-03-01,Uruguay,1840.7
2015-04-01,Uruguay,1840.4
2015-05-01,Uruguay,1836.7
2015-06-01,Uruguay,1858.3
2015-07-01,Uruguay,1844.3
2015-08-01,Uruguay,1835.0
2015-09-01,Uruguay,1836.2
2015-10-01,Uruguay,1834.7
2015-11-01,Uruguay,1847.7
2015-12-01,Uruguay,1825.6
2016-01-01,Uruguay,1839.6
2016-02-01,Uruguay,1826.4
2016-03-01,Uruguay,1844.0
2016-04-01,Uruguay,1845.6
2016-05-01,Uruguay,1830.1
2016-06-01,Uruguay,1828.7
2016-07-01,Uruguay,1841.7
2016-08-01,Uruguay,1844.4
2016-09-01,Uruguay,1829.9
2016-10-01,Uruguay,1839.4
2016-11-01,Uruguay,1846.8
2016-12-01,Uruguay,1845.4
2017-01-01,Uruguay,1842.1
2017-02-01,Uruguay,1839.8
2017-03-01,Uruguay,1825.6
2017-04-01,Uruguay,1839.2
2017-05-01,Uruguay,1848.0
2017-06-01,Uruguay,1845.0
2017-07-01,Uruguay,1851.4
2017-08-01,Uruguay,1860.4
2017-09-01,Uruguay,1845.4
2017-10-01,Uruguay,1829.0
2017-11-01,Uruguay,1841.4
2017-12-01,Uruguay,1854.6
2018-01-01,Uruguay,1859.0
2018-02-01,Uruguay,1836.0
2018-03-01,Uruguay,1842.3
2018-04-01,Uruguay,1847.5
2018-05-01,Uruguay,1856.5
2018-06-01,Uruguay,1842.1
2018-07-01,Uruguay,1853.9
2018-08-01,Uruguay,1827.3
2018-09-01,Uruguay,1848.0
2018-10-01,Uruguay,1839.7
2018-11-01,Uruguay,1846.9
2018-12-01,Uruguay,1836.9
2019-01-01,Uruguay,1853.3
2019-02-01,Uruguay,1857.5
2019-03-01,Uruguay,1854.8
2019-04-01,Uruguay,1862.0
2019-05-01,Uruguay,1854.0
2019-06-01,Uruguay,1854.4
2019-07-01,Uruguay,1848.3
2019-08-01,Uruguay,1856.4
2019-09-01,Uruguay,1848.9
2019-10-01,Uruguay,1850.5
2019-11-01,Uruguay,1861.7
2019-12-01,Uruguay,1866.7
2020-01-01,Uruguay,1854.2
2020-02-01,Uruguay,1860.1
2020-03-01,Uruguay,1850.8
2020-04-01,Uruguay,1851.7
2020-05-01,Uruguay,1837.2
2020-06-01,Uruguay,1861.4
2020-07-01,Uruguay,1853.3
2020-08-01,Uruguay,1870.3
2020-09-01,Uruguay,1851.0
2020-10-01,Uruguay,1856.8
2020-11-01,Uruguay,1862.8
2020-12-01,Uruguay,1876.9
2021-01-01,Uruguay,1853.9
2021-02-01,Uruguay,1857.0
2021-03-01,Uruguay,1862.1
2021-04-01,Uruguay,1858.2
2021-05-01,Uruguay,1866.3
2021-06-01,Uruguay,1862.1
2021-07-01,Uruguay,1870.8
2021-08-01,Uruguay,1858.7
2021-09-01,Uruguay,1867.6
2021-10-01,Uruguay,1860.5
2021-11-01,Uruguay,1865.3
2021-12-01,Uruguay,1862.6
2022-01-01,Uruguay,1864.1
2022-02-01,Uruguay,1858.7
2022-03-01,Uruguay,1871.4
2022-04-01,Uruguay,1856.2
2022-05-01,Uruguay,1869.7
2022-06-01,Uruguay,1869.5
2022-07-01,Uruguay,1882.3
2022-08-01,Uruguay,1871.4
2022-09-01,Uruguay,1849.7
2022-10-01,Uruguay,1857.0
2022-11-01,Uruguay,1864.4
2022-12-01,Uruguay,1861.3
2023-01-01,Uruguay,1871.3
2023-02-01,Uruguay,1858.4
2023-03-01,Uruguay,1854.1
2023-04-01,Uruguay,1860.9
2023-05-01,Uruguay,1885.6
2023-06-01,Uruguay,1877.1
2023-07-01,Uruguay,1864.0
2023-08-01,Uruguay,1869.9
2023-09-01,Uruguay,1860.5
2023-10-01,Uruguay,1875.2
2023-11-01,Uruguay,1860.0
2023-12-01,Uruguay,1865.3
2024-01-01,Uruguay,1866.2
2024-02-01,Uruguay,1870.4
2024-03-01,Uruguay,1874.6
2024-04-01,Uruguay,1872.1
2024-05-01,Uruguay,1880.2
2024-06-01,Uruguay,1864.3
2024-07-01,Uruguay,1852.4
2024-08-01,Uruguay,1873.7
2024-09-01,Uruguay,1885.3
2024-10-01,Uruguay,1864.2
2024-11-01,Uruguay,1876.9
2024-12-01,Uruguay,1868.7
2025-01-01,Uruguay,1869.8
2025-02-01,Uruguay,1869.8
2025-03-01,Uruguay,1880.2
2025-04-01,Uruguay,1886.9
2025-05-01,Uruguay,1885.7
2025-06-01,Uruguay,1883.0
2025-07-01,Uruguay,1877.3
2025-08-01,Uruguay,1871.0
2025-09-01,Uruguay,1883.6
2025-10-01,Uruguay,1886.8
2025-11-01,Uruguay,1872.7
2025-12-01,Uruguay,1872.6
2026-01-01,Uruguay,1883.4
2026-02-01,Uruguay,1871.9
2026-03-01,Uruguay,1881.8
2026-04-01,Uruguay,1864.1
2026-05-01,Uruguay,1888.2
2000-01-01,Japan,1766.0
2000-02-01,Japan,1766.0
2000-03-01,Japan,1769.2
2000-04-01,Japan,1761.2
2000-05-01,Japan,1772.7
2000-06-01,Japan,1774.5
2000-07-01,Japan,1771.0
2000-08-01,Japan,1771.1
2000-09-01,Japan,1790.5
2000-10-01,Japan,1777.9
2000-11-01,Japan,1760.0
2000-12-01,Japan,1766.4
2001-01-01,Japan,1755.3
2001-02-01,Japan,1774.6
2001-03-01,Japan,1764.5
2001-04-01,Japan,1783.0
2001-05-01,Japan,1774.4
2001-06-01,Japan,1765.0
2001-07-01,Japan,1769.6
2001-08-01,Japan,1777.6
2001-09-01,Japan,1775.3
2001-10-01,Japan,1763.3
2001-11-01,Japan,1780.1
2001-12-01,Japan,1751.1
2002-01-01,Japan,1761.6
2002-02-01,Japan,1772.2
2002-03-01,Japan,1769.4
2002-04-01,Japan,1775.0
2002-05-01,Japan,1763.6
2002-06-01,Japan,1766.8
2002-07-01,Japan,1764.0
2002-08-01,Japan,1763.4
2002-09-01,Japan,1771.9
2002-10-01,Japan,1764.2
2002-11-01,Japan,1768.9
2002-12-01,Japan,1769.1
2003-01-01,Japan,1776.4
2003-02-01,Japan,1762.9
2003-03-01,Japan,1779.8
2003-04-01,Japan,1771.4
2003-05-01,Japan,1778.9
2003-06-01,Japan,1775.2
2003-07-01,Japan,1779.0
2003-08-01,Japan,1778.1
2003-09-01,Japan,1790.5
2003-10-01,Japan,1764.7
2003-11-01,Japan,1790.3
2003-12-01,Japan,1786.3
2004-01-01,Japan,1777.6
2004-02-01,Japan,1786.5
2004-03-01,Japan,1797.9
2004-04-01,Japan,1769.1
2004-05-01,Japan,1782.2
2004-06-01,Japan,1771.4
2004-07-01,Japan,1783.3
2004-08-01,Japan,1788.2
2004-09-01,Japan,1772.5
2004-10-01,Japan,1775.9
2004-11-01,Japan,1780.1
2004-12-01,Japan,1787.9
2005-01-01,Japan,1792.9
2005-02-01,Japan,1788.5
2005-03-01,Japan,1786.8
2005-04-01,Japan,1784.6
2005-05-01,Japan,1791.9
2005-06-01,Japan,1788.8
2005-07-01,Japan,1790.6
2005-08-01,Japan,1786.2
2005-09-01,Japan,1774.3
2005-10-01,Japan,1775.3
2005-11-01,Japan,1788.4
2005-12-01,Japan,1780.7
2006-01-01,Japan,1792.1
2006-02-01,Japan,1784.8
2006-03-01,Japan,1782.1
2006-04-01,Japan,1794.0
2006-05-01,Japan,1777.7
2006-06-01,Japan,1792.9
2006-07-01,Japan,1785.3
2006-08-01,Japan,1782.2
2006-09-01,Japan,1785.0
2006-10-01,Japan,1789.3
2006-11-01,Japan,1802.3
2006-12-01,Japan,1792.1
2007-01-01,Japan,1800.8
2007-02-01,Japan,1797.8
2007-03-01,Japan,1793.6
2007-04-01,Japan,1788.8
2007-05-01,Japan,1788.7
2007-06-01,Japan,1790.5
2007-07-01,Japan,1800.4
2007-08-01,Japan,1810.6
2007-09-01,Japan,1789.4
2007-10-01,Japan,1793.8
2007-11-01,Japan,1792.7
2007-12-01,Japan,1788.8
2008-01-01,Japan,1780.1
2008-02-01,Japan,1807.2
2008-03-01,Japan,1800.2
2008-04-01,Japan,1800.6
2008-05-01,Japan,1791.8
2008-06-01,Japan,1801.1
2008-07-01,Japan,1786.7
2008-08-01,Japan,1798.4
2008-09-01,Japan,1787.7
2008-10-01,Japan,1788.1
2008-11-01,Japan,1795.4
2008-12-01,Japan,1793.3
2009-01-01,Japan,1812.6
2009-02-01,Japan,1786.1
2009-03-01,Japan,1803.9
2009-04-01,Japan,1808.2
2009-05-01,Japan,1794.3
2009-06-01,Japan,1797.4
2009-07-01,Japan,1805.4
2009-08-01,Japan,1792.3
2009-09-01,Japan,1799.8
2009-10-01,Japan,1798.6
2009-11-01,Japan,1802.7
2009-12-01,Japan,1801.0
2010-01-01,Japan,1802.7
2010-02-01,Japan,1803.2
2010-03-01,Japan,1800.0
2010-04-01,Japan,1809.9
2010-05-01,Japan,1805.1
2010-06-01,Japan,1804.5
2010-07-01,Japan,1815.8
2010-08-01,Japan,1810.1
2010-09-01,Japan,1799.3
2010-10-01,Japan,1821.0
2010-11-01,Japan,1800.4
2010-12-01,Japan,1824.3
2011-01-01,Japan,1779.9
2011-02-01,Japan,1803.4
2011-03-01,Japan,1806.5
2011-04-01,Japan,1806.0
2011-05-01,Japan,1805.1
2011-06-01,Japan,1811.5
2011-07-01,Japan,1803.2
2011-08-01,Japan,1808.0
2011-09-01,Japan,1809.9
2011-10-01,Japan,1833.1
2011-11-01,Japan,1820.2
2011-12-01,Japan,1812.3
2012-01-01,Japan,1823.1
2012-02-01,Japan,1793.7
2012-03-01,Japan,1799.4
2012-04-01,Japan,1809.5
2012-05-01,Japan,1802.7
2012-06-01,Japan,1815.7
2012-07-01,Japan,1818.4
2012-08-01,Japan,1809.6
2012-09-01,Japan,1805.0
2012-10-01,Japan,1822.3
2012-11-01,Japan,1796.3
2012-12-01,Japan,1808.9
2013-01-01,Japan,1807.0
2013-02-01,Japan,1814.6
2013-03-01,Japan,1812.2
2013-04-01,Japan,1813.4
2013-05-01,Japan,1817.3
2013-06-01,Japan,1830.5
2013-07-01,Japan,1823.7
2013-08-01,Japan,1812.6
2013-09-01,Japan,1810.8
2013-10-01,Japan,1818.5
2013-11-01,Japan,1802.8
2013-12-01,Japan,1798.0
2014-01-01,Japan,1820.0
2014-02-01,Japan,1818.1
2014-03-01,Japan,1830.2
2014-04-01,Japan,1817.7
2014-05-01,Japan,1825.3
2014-06-01,Japan,1822.7
2014-07-01,Japan,1818.7
2014-08-01,Japan,1809.9
2014-09-01,Japan,1818.4
2014-10-01,Japan,1809.5
2014-11-01,Japan,1813.3
2014-12-01,Japan,1808.5
2015-01-01,Japan,1832.4
2015-02-01,Japan,1821.8
2015-03-01,Japan,1814.7
2015-04-01,Japan,1812.8
2015-05-01,Japan,1830.6
2015-06-01,Japan,1828.8
2015-07-01,Japan,1812.4
2015-08-01,Japan,1827.3
2015-09-01,Japan,1817.7
2015-10-01,Japan,1828.9
2015-11-01,Japan,1810.3
2015-12-01,Japan,1822.7
2016-01-01,Japan,1829.2
2016-02-01,Japan,1838.8
2016-03-01,Japan,1820.8
2016-04-01,Japan,1818.6
2016-05-01,Japan,1816.8
2016-06-01,Japan,1819.3
2016-07-01,Japan,1836.8
2016-08-01,Japan,1818.4
2016-09-01,Japan,1828.6
2016-10-01,Japan,1828.5
2016-11-01,Japan,1817.2
2016-12-01,Japan,1830.6
2017-01-01,Japan,1837.6
2017-02-01,Japan,1825.9
2017-03-01,Japan,1828.7
2017-04-01,Japan,1827.2
2017-05-01,Japan,1820.8
2017-06-01,Japan,1833.6
2017-07-01,Japan,1829.9
2017-08-01,Japan,1831.9
2017-09-01,Japan,1812.8
2017-10-01,Japan,1833.1
2017-11-01,Japan,1840.6
2017-12-01,Japan,1825.5
2018-01-01,Japan,1827.1
2018-02-01,Japan,1839.9
2018-03-01,Japan,1824.2
2018-04-01,Japan,1814.4
2018-05-01,Japan,1835.5
2018-06-01,Japan,1829.3
2018-07-01,Japan,1839.2
2018-08-01,Japan,1834.7
2018-09-01,Japan,1839.4
2018-10-01,Japan,1835.2
2018-11-01,Japan,1840.9
2018-12-01,Japan,1859.3
2019-01-01,Japan,1834.7
2019-02-01,Japan,1836.5
2019-03-01,Japan,1829.1
2019-04-01,Japan,1836.0
2019-05-01,Japan,1838.0
2019-06-01,Japan,1834.8
2019-07-01,Japan,1838.7
2019-08-01,Japan,1839.0
2019-09-01,Japan,1839.9
2019-10-01,Japan,1834.7
2019-11-01,Japan,1825.1
2019-12-01,Japan,1843.4
2020-01-01,Japan,1839.2
2020-02-01,Japan,1848.0
2020-03-01,Japan,1838.8
2020-04-01,Japan,1830.6
2020-05-01,Japan,1839.3
2020-06-01,Japan,1826.7
2020-07-01,Japan,1834.1
2020-08-01,Japan,1839.4
2020-09-01,Japan,1832.0
2020-10-01,Japan,1840.0
2020-11-01,Japan,1834.2
2020-12-01,Japan,1846.3
2021-01-01,Japan,1829.6
2021-02-01,Japan,1847.7
2021-03-01,Japan,1844.6
2021-04-01,Japan,1839.9
2021-05-01,Japan,1844.1
2021-06-01,Japan,1848.6
2021-07-01,Japan,1826.4
2021-08-01,Japan,1850.4
2021-09-01,Japan,1858.5
2021-10-01,Japan,1834.7
2021-11-01,Japan,1859.9
2021-12-01,Japan,1852.9
2022-01-01,Japan,1843.5
2022-02-01,Japan,1850.4
2022-03-01,Japan,1844.7
2022-04-01,Japan,1850.7
2022-05-01,Japan,1863.0
2022-06-01,Japan,1853.9
2022-07-01,Japan,1847.1
2022-08-01,Japan,1852.7
2022-09-01,Japan,1838.4
2022-10-01,Japan,1862.3
2022-11-01,Japan,1847.8
2022-12-01,Japan,1847.7
2023-01-01,Japan,1855.2
2023-02-01,Japan,1849.5
2023-03-01,Japan,1846.7
2023-04-01,Japan,1856.1
2023-05-01,Japan,1850.7
2023-06-01,Japan,1844.2
2023-07-01,Japan,1861.4
2023-08-01,Japan,1833.7
2023-09-01,Japan,1843.8
2023-10-01,Japan,1859.8
2023-11-01,Japan,1851.1
2023-12-01,Japan,1863.2
2024-01-01,Japan,1866.4
2024-02-01,Japan,1864.9
2024-03-01,Japan,1869.3
2024-04-01,Japan,1855.3
2024-05-01,Japan,1856.3
2024-06-01,Japan,1857.6
2024-07-01,Japan,1865.4
2024-08-01,Japan,1852.8
2024-09-01,Japan,1864.5
2024-10-01,Japan,1857.9
2024-11-01,Japan,1865.3
2024-12-01,Japan,1864.6
2025-01-01,Japan,1860.0
2025-02-01,Japan,1874.3
2025-03-01,Japan,1868.6
2025-04-01,Japan,1846.8
2025-05-01,Japan,1844.6
2025-06-01,Japan,1853.1
2025-07-01,Japan,1860.9
2025-08-01,Japan,1870.2
2025-09-01,Japan,1858.4
2025-10-01,Japan,1858.5
2025-11-01,Japan,1863.4
2025-12-01,Japan,1873.0
2026-01-01,Japan,1867.9
2026-02-01,Japan,1863.0
2026-03-01,Japan,1856.0
2026-04-01,Japan,1854.8
2026-05-01,Japan,1853.0
2000-01-01,Mexico,1759.0
2000-02-01,Mexico,1757.6
2000-03-01,Mexico,1759.8
2000-04-01,Mexico,1762.1
2000-05-01,Mexico,1756.3
2000-06-01,Mexico,1747.4
2000-07-01,Mexico,1749.7
2000-08-01,Mexico,1755.9
2000-09-01,Mexico,1751.9
2000-10-01,Mexico,1740.3
2000-11-01,Mexico,1749.3
2000-12-01,Mexico,1766.2
2001-01-01,Mexico,1760.6
2001-02-01,Mexico,1759.7
2001-03-01,Mexico,1752.4
2001-04-01,Mexico,1747.3
2001-05-01,Mexico,1759.4
2001-06-01,Mexico,1761.8
2001-07-01,Mexico,1747.3
2001-08-01,Mexico,1765.7
2001-09-01,Mexico,1755.0
2001-10-01,Mexico,1761.6
2001-11-01,Mexico,1759.2
2001-12-01,Mexico,1758.1
2002-01-01,Mexico,1783.9
2002-02-01,Mexico,1767.2
2002-03-01,Mexico,1762.9
2002-04-01,Mexico,1767.8
2002-05-01,Mexico,1759.5
2002-06-01,Mexico,1769.2
2002-07-01,Mexico,1764.9
2002-08-01,Mexico,1761.5
2002-09-01,Mexico,1760.4
2002-10-01,Mexico,1761.4
2002-11-01,Mexico,1762.8
2002-12-01,Mexico,1772.3
2003-01-01,Mexico,1770.0
2003-02-01,Mexico,1749.7
2003-03-01,Mexico,1779.8
2003-04-01,Mexico,1770.9
2003-05-01,Mexico,1786.6
2003-06-01,Mexico,1766.1
2003-07-01,Mexico,1775.8
2003-08-01,Mexico,1772.6
2003-09-01,Mexico,1768.1
2003-10-01,Mexico,1777.2
2003-11-01,Mexico,1765.1
2003-12-01,Mexico,1767.6
2004-01-01,Mexico,1761.7
2004-02-01,Mexico,1768.7
2004-03-01,Mexico,1763.3
2004-04-01,Mexico,1770.8
2004-05-01,Mexico,1775.4
2004-06-01,Mexico,1773.6
2004-07-01,Mexico,1772.2
2004-08-01,Mexico,1776.2
2004-09-01,Mexico,1790.0
2004-10-01,Mexico,1766.9
2004-11-01,Mexico,1789.9
2004-12-01,Mexico,1759.3
2005-01-01,Mexico,1755.6
2005-02-01,Mexico,1784.0
2005-03-01,Mexico,1774.9
2005-04-01,Mexico,1761.9
2005-05-01,Mexico,1774.6
2005-06-01,Mexico,1771.0
2005-07-01,Mexico,1777.5
2005-08-01,Mexico,1772.3
2005-09-01,Mexico,1784.7
2005-10-01,Mexico,1775.6
2005-11-01,Mexico,1776.5
2005-12-01,Mexico,1772.8
2006-01-01,Mexico,1783.7
2006-02-01,Mexico,1777.2
2006-03-01,Mexico,1786.2
2006-04-01,Mexico,1767.0
2006-05-01,Mexico,1779.1
2006-06-01,Mexico,1773.4
2006-07-01,Mexico,1770.2
2006-08-01,Mexico,1767.5
2006-09-01,Mexico,1771.2
2006-10-01,Mexico,1781.0
2006-11-01,Mexico,1781.7
2006-12-01,Mexico,1784.5
2007-01-01,Mexico,1778.4
2007-02-01,Mexico,1790.1
2007-03-01,Mexico,1781.4
2007-04-01,Mexico,1787.3
2007-05-01,Mexico,1782.8
2007-06-01,Mexico,1776.1
2007-07-01,Mexico,1770.7
2007-08-01,Mexico,1772.4
2007-09-01,Mexico,1774.2
2007-10-01,Mexico,1778.0
2007-11-01,Mexico,1787.1
2007-12-01,Mexico,1789.9
2008-01-01,Mexico,1794.3
2008-02-01,Mexico,1760.7
2008-03-01,Mexico,1782.1
2008-04-01,Mexico,1783.7
2008-05-01,Mexico,1782.4
2008-06-01,Mexico,1772.0
2008-07-01,Mexico,1794.0
2008-08-01,Mexico,1800.3
2008-09-01,Mexico,1783.0
2008-10-01,Mexico,1803.5
2008-11-01,Mexico,1767.2
2008-12-01,Mexico,1776.9
2009-01-01,Mexico,1787.5
2009-02-01,Mexico,1794.8
2009-03-01,Mexico,1790.3
2009-04-01,Mexico,1780.9
2009-05-01,Mexico,1795.5
2009-06-01,Mexico,1794.3
2009-07-01,Mexico,1785.3
2009-08-01,Mexico,1786.6
2009-09-01,Mexico,1780.6
2009-10-01,Mexico,1793.9
2009-11-01,Mexico,1780.1
2009-12-01,Mexico,1779.2
2010-01-01,Mexico,1806.5
2010-02-01,Mexico,1794.2
2010-03-01,Mexico,1787.7
2010-04-01,Mexico,1778.1
2010-05-01,Mexico,1794.4
2010-06-01,Mexico,1793.6
2010-07-01,Mexico,1802.3
2010-08-01,Mexico,1774.6
2010-09-01,Mexico,1787.4
2010-10-01,Mexico,1797.9
2010-11-01,Mexico,1792.1
2010-12-01,Mexico,1799.2
2011-01-01,Mexico,1799.5
2011-02-01,Mexico,1799.0
2011-03-01,Mexico,1802.2
2011-04-01,Mexico,1787.5
2011-05-01,Mexico,1800.0
2011-06-01,Mexico,1800.4
2011-07-01,Mexico,1814.1
2011-08-01,Mexico,1780.6
2011-09-01,Mexico,1794.1
2011-10-01,Mexico,1801.6
2011-11-01,Mexico,1804.4
2011-12-01,Mexico,1795.6
2012-01-01,Mexico,1798.5
2012-02-01,Mexico,1799.3
2012-03-01,Mexico,1812.5
2012-04-01,Mexico,1800.8
2012-05-01,Mexico,1795.4
2012-06-01,Mexico,1796.3
2012-07-01,Mexico,1795.2
2012-08-01,Mexico,1807.8
2012-09-01,Mexico,1809.9
2012-10-01,Mexico,1787.6
2012-11-01,Mexico,1797.1
2012-12-01,Mexico,1805.7
2013-01-01,Mexico,1807.1
2013-02-01,Mexico,1802.6
2013-03-01,Mexico,1811.7
2013-04-01,Mexico,1816.2
2013-05-01,Mexico,1799.3
2013-06-01,Mexico,1792.3
2013-07-01,Mexico,1804.3
2013-08-01,Mexico,1796.3
2013-09-01,Mexico,1810.7
2013-10-01,Mexico,1796.7
2013-11-01,Mexico,1820.7
2013-12-01,Mexico,1795.8
2014-01-01,Mexico,1807.9
2014-02-01,Mexico,1810.5
2014-03-01,Mexico,1803.6
2014-04-01,Mexico,1807.4
2014-05-01,Mexico,1810.4
2014-06-01,Mexico,1824.3
2014-07-01,Mexico,1811.7
2014-08-01,Mexico,1809.4
2014-09-01,Mexico,1818.9
2014-10-01,Mexico,1814.3
2014-11-01,Mexico,1818.8
2014-12-01,Mexico,1802.1
2015-01-01,Mexico,1801.2
2015-02-01,Mexico,1826.5
2015-03-01,Mexico,1816.7
2015-04-01,Mexico,1808.4
2015-05-01,Mexico,1804.0
2015-06-01,Mexico,1809.4
2015-07-01,Mexico,1827.8
2015-08-01,Mexico,1802.9
2015-09-01,Mexico,1827.5
2015-10-01,Mexico,1808.0
2015-11-01,Mexico,1812.6
2015-12-01,Mexico,1812.9
2016-01-01,Mexico,1817.7
2016-02-01,Mexico,1804.5
2016-03-01,Mexico,1836.5
2016-04-01,Mexico,1822.4
2016-05-01,Mexico,1823.2
2016-06-01,Mexico,1817.4
2016-07-01,Mexico,1818.7
2016-08-01,Mexico,1820.3
2016-09-01,Mexico,1819.4
2016-10-01,Mexico,1809.5
2016-11-01,Mexico,1811.4
2016-12-01,Mexico,1824.4
2017-01-01,Mexico,1831.7
2017-02-01,Mexico,1814.1
2017-03-01,Mexico,1818.6
2017-04-01,Mexico,1818.3
2017-05-01,Mexico,1827.5
2017-06-01,Mexico,1819.4
2017-07-01,Mexico,1817.8
2017-08-01,Mexico,1814.1
2017-09-01,Mexico,1828.0
2017-10-01,Mexico,1819.9
2017-11-01,Mexico,1817.9
2017-12-01,Mexico,1819.8
2018-01-01,Mexico,1837.2
2018-02-01,Mexico,1826.6
2018-03-01,Mexico,1836.4
2018-04-01,Mexico,1816.7
2018-05-01,Mexico,1825.5
2018-06-01,Mexico,1823.5
2018-07-01,Mexico,1845.7
2018-08-01,Mexico,1824.5
2018-09-01,Mexico,1817.5
2018-10-01,Mexico,1827.2
2018-11-01,Mexico,1828.8
2018-12-01,Mexico,1836.8
2019-01-01,Mexico,1825.1
2019-02-01,Mexico,1838.9
2019-03-01,Mexico,1829.6
2019-04-01,Mexico,1832.4
2019-05-01,Mexico,1833.8
2019-06-01,Mexico,1827.8
2019-07-01,Mexico,1816.9
2019-08-01,Mexico,1830.1
2019-09-01,Mexico,1824.4
2019-10-01,Mexico,1819.2
2019-11-01,Mexico,1829.8
2019-12-01,Mexico,1820.8
2020-01-01,Mexico,1833.6
2020-02-01,Mexico,1832.6
2020-03-01,Mexico,1830.8
2020-04-01,Mexico,1824.6
2020-05-01,Mexico,1821.0
2020-06-01,Mexico,1833.7
2020-07-01,Mexico,1842.1
2020-08-01,Mexico,1838.4
2020-09-01,Mexico,1822.0
2020-10-01,Mexico,1829.0
2020-11-01,Mexico,1830.0
2020-12-01,Mexico,1822.1
2021-01-01,Mexico,1831.3
2021-02-01,Mexico,1828.3
2021-03-01,Mexico,1848.5
2021-04-01,Mexico,1837.5
2021-05-01,Mexico,1847.7
2021-06-01,Mexico,1838.1
2021-07-01,Mexico,1847.4
2021-08-01,Mexico,1824.8
2021-09-01,Mexico,1846.1
2021-10-01,Mexico,1835.1
2021-11-01,Mexico,1834.9
2021-12-01,Mexico,1844.1
2022-01-01,Mexico,1839.2
2022-02-01,Mexico,1843.7
2022-03-01,Mexico,1832.5
2022-04-01,Mexico,1855.1
2022-05-01,Mexico,1833.3
2022-06-01,Mexico,1831.2
2022-07-01,Mexico,1832.7
2022-08-01,Mexico,1829.8
2022-09-01,Mexico,1825.2
2022-10-01,Mexico,1840.4
2022-11-01,Mexico,1830.0
2022-12-01,Mexico,1834.1
2023-01-01,Mexico,1826.6
2023-02-01,Mexico,1856.1
2023-03-01,Mexico,1847.6
2023-04-01,Mexico,1826.8
2023-05-01,Mexico,1842.1
2023-06-01,Mexico,1841.9
2023-07-01,Mexico,1842.2
2023-08-01,Mexico,1846.4
2023-09-01,Mexico,1831.4
2023-10-01,Mexico,1835.6
2023-11-01,Mexico,1839.3
2023-12-01,Mexico,1847.6
2024-01-01,Mexico,1844.4
2024-02-01,Mexico,1849.0
2024-03-01,Mexico,1837.3
2024-04-01,Mexico,1841.4
2024-05-01,Mexico,1853.0
2024-06-01,Mexico,1851.6
2024-07-01,Mexico,1849.7
2024-08-01,Mexico,1853.6
2024-09-01,Mexico,1852.0
2024-10-01,Mexico,1843.2
2024-11-01,Mexico,1851.8
2024-12-01,Mexico,1848.3
2025-01-01,Mexico,1849.1
2025-02-01,Mexico,1848.1
2025-03-01,Mexico,1859.6
2025-04-01,Mexico,1857.1
2025-05-01,Mexico,1847.4
2025-06-01,Mexico,1845.7
2025-07-01,Mexico,1846.9
2025-08-01,Mexico,1857.2
2025-09-01,Mexico,1843.3
2025-10-01,Mexico,1850.3
2025-11-01,Mexico,1856.3
2025-12-01,Mexico,1854.6
2026-01-01,Mexico,1858.7
2026-02-01,Mexico,1843.0
2026-03-01,Mexico,1858.2
2026-04-01,Mexico,1849.0
2026-05-01,Mexico,1851.4
2000-01-01,United States,1727.5
2000-02-01,United States,1747.9
2000-03-01,United States,1744.5
2000-04-01,United States,1734.7
2000-05-01,United States,1743.2
2000-06-01,United States,1746.3
2000-07-01,United States,1750.1
2000-08-01,United States,1744.4
2000-09-01,United States,1736.3
2000-10-01,United States,1731.5
2000-11-01,United States,1757.3
2000-12-01,United States,1737.3
2001-01-01,United States,1743.7
2001-02-01,United States,1747.2
2001-03-01,United States,1751.0
2001-04-01,United States,1742.6
2001-05-01,United States,1751.7
2001-06-01,United States,1764.5
2001-07-01,United States,1741.9
2001-08-01,United States,1748.7
2001-09-01,United States,1736.8
2001-10-01,United States,1741.2
2001-11-01,United States,1738.0
2001-12-01,United States,1735.9
2002-01-01,United States,1739.8
2002-02-01,United States,1759.0
2002-03-01,United States,1761.8
2002-04-01,United States,1758.4
2002-05-01,United States,1747.1
2002-06-01,United States,1754.8
2002-07-01,United States,1737.1
2002-08-01,United States,1726.3
2002-09-01,United States,1745.4
2002-10-01,United States,1749.6
2002-11-01,United States,1745.8
2002-12-01,United States,1749.7
2003-01-01,United States,1752.4
2003-02-01,United States,1748.1
2003-03-01,United States,1748.3
2003-04-01,United States,1754.8
2003-05-01,United States,1766.2
2003-06-01,United States,1748.7
2003-07-01,United States,1762.3
2003-08-01,United States,1746.5
2003-09-01,United States,1746.1
2003-10-01,United States,1758.9
2003-11-01,United States,1764.6
2003-12-01,United States,1743.9
2004-01-01,United States,1740.4
2004-02-01,United States,1752.6
2004-03-01,United States,1765.9
2004-04-01,United States,1758.7
2004-05-01,United States,1742.1
2004-06-01,United States,1750.7
2004-07-01,United States,1757.7
2004-08-01,United States,1764.6
2004-09-01,United States,1753.3
2004-10-01,United States,1760.8
2004-11-01,United States,1761.5
2004-12-01,United States,1756.6
2005-01-01,United States,1757.6
2005-02-01,United States,1765.0
2005-03-01,United States,1756.1
2005-04-01,United States,1754.7
2005-05-01,United States,1747.7
2005-06-01,United States,1739.9
2005-07-01,United States,1748.4
2005-08-01,United States,1759.0
2005-09-01,United States,1769.6
2005-10-01,United States,1762.6
2005-11-01,United States,1769.5
2005-12-01,United States,1757.7
2006-01-01,United States,1765.7
2006-02-01,United States,1759.1
2006-03-01,United States,1746.0
2006-04-01,United States,1753.2
2006-05-01,United States,1758.3
2006-06-01,United States,1765.3
2006-07-01,United States,1751.4
2006-08-01,United States,1765.9
2006-09-01,United States,1766.3
2006-10-01,United States,1751.2
2006-11-01,United States,1768.5
2006-12-01,United States,1761.5
2007-01-01,United States,1755.5
2007-02-01,United States,1766.7
2007-03-01,United States,1757.4
2007-04-01,United States,1776.0
2007-05-01,United States,1752.3
2007-06-01,United States,1774.5
2007-07-01,United States,1779.9
2007-08-01,United States,1778.2
2007-09-01,United States,1776.6
2007-10-01,United States,1763.3
2007-11-01,United States,1766.6
2007-12-01,United States,1768.1
2008-01-01,United States,1760.7
2008-02-01,United States,1776.9
2008-03-01,United States,1775.9
2008-04-01,United States,1773.5
2008-05-01,United States,1758.0
2008-06-01,United States,1776.8
2008-07-01,United States,1774.0
2008-08-01,United States,1764.1
2008-09-01,United States,1771.1
2008-10-01,United States,1783.3
2008-11-01,United States,1775.8
2008-12-01,United States,1781.2
2009-01-01,United States,1788.3
2009-02-01,United States,1772.1
2009-03-01,United States,1772.0
2009-04-01,United States,1774.8
2009-05-01,United States,1757.5
2009-06-01,United States,1782.2
2009-07-01,United States,1777.8
2009-08-01,United States,1768.4
2009-09-01,United States,1772.6
2009-10-01,United States,1763.6
2009-11-01,United States,1783.2
2009-12-01,United States,1774.7
2010-01-01,United States,1782.9
2010-02-01,United States,1778.8
2010-03-01,United States,1791.9
2010-04-01,United States,1770.1
2010-05-01,United States,1770.7
2010-06-01,United States,1768.1
2010-07-01,United States,1785.2
2010-08-01,United States,1762.5
2010-09-01,United States,1763.9
2010-10-01,United States,1773.2
2010-11-01,United States,1786.0
2010-12-01,United States,1784.8
2011-01-01,United States,1773.3
2011-02-01,United States,1767.0
2011-03-01,United States,1796.0
2011-04-01,United States,1778.1
2011-05-01,United States,1789.1
2011-06-01,United States,1789.2
2011-07-01,United States,1773.8
2011-08-01,United States,1778.8
2011-09-01,United States,1788.9
2011-10-01,United States,1780.7
2011-11-01,United States,1770.7
2011-12-01,United States,1781.5
2012-01-01,United States,1782.4
2012-02-01,United States,1793.9
2012-03-01,United States,1792.1
2012-04-01,United States,1777.9
2012-05-01,United States,1787.3
2012-06-01,United States,1771.8
2012-07-01,United States,1778.5
2012-08-01,United States,1799.0
2012-09-01,United States,1786.9
2012-10-01,United States,1797.3
2012-11-01,United States,1788.7
2012-12-01,United States,1791.2
2013-01-01,United States,1790.7
2013-02-01,United States,1773.9
2013-03-01,United States,1793.4
2013-04-01,United States,1800.2
2013-05-01,United States,1796.5
2013-06-01,United States,1774.0
2013-07-01,United States,1796.8
2013-08-01,United States,1788.9
2013-09-01,United States,1786.5
2013-10-01,United States,1787.3
2013-11-01,United States,1790.3
2013-12-01,United States,1783.5
2014-01-01,United States,1793.8
2014-02-01,United States,1799.0
2014-03-01,United States,1796.9
2014-04-01,United States,1798.3
2014-05-01,United States,1805.7
2014-06-01,United States,1794.0
2014-07-01,United States,1798.6
2014-08-01,United States,1790.0
2014-09-01,United States,1796.8
2014-10-01,United States,1796.8
2014-11-01,United States,1786.4
2014-12-01,United States,1789.9
2015-01-01,United States,1789.5
2015-02-01,United States,1798.9
2015-03-01,United States,1797.2
2015-04-01,United States,1806.3
2015-05-01,United States,1803.5
2015-06-01,United States,1799.8
2015-07-01,United States,1803.7
2015-08-01,United States,1802.1
2015-09-01,United States,1805.5
2015-10-01,United States,1806.0
2015-11-01,United States,1813.6
2015-12-01,United States,1804.9
2016-01-01,United States,1793.1
2016-02-01,United States,1812.6
2016-03-01,United States,1797.1
2016-04-01,United States,1817.0
2016-05-01,United States,1799.5
2016-06-01,United States,1815.0
2016-07-01,United States,1793.7
2016-08-01,United States,1814.4
2016-09-01,United States,1816.3
2016-10-01,United States,1817.9
2016-11-01,United States,1814.0
2016-12-01,United States,1804.9
2017-01-01,United States,1807.0
2017-02-01,United States,1808.5
2017-03-01,United States,1798.1
2017-04-01,United States,1805.1
2017-05-01,United States,1814.5
2017-06-01,United States,1820.4
2017-07-01,United States,1803.9
2017-08-01,United States,1804.1
2017-09-01,United States,1819.5
2017-10-01,United States,1805.2
2017-11-01,United States,1800.0
2017-12-01,United States,1816.0
2018-01-01,United States,1810.5
2018-02-01,United States,1813.4
2018-03-01,United States,1808.6
2018-04-01,United States,1814.4
2018-05-01,United States,1801.0
2018-06-01,United States,1807.8
2018-07-01,United States,1810.5
2018-08-01,United States,1805.7
2018-09-01,United States,1815.8
2018-10-01,United States,1823.9
2018-11-01,United States,1815.3
2018-12-01,United States,1808.9
2019-01-01,United States,1810.0
2019-02-01,United States,1798.5
2019-03-01,United States,1806.8
2019-04-01,United States,1810.5
2019-05-01,United States,1819.5
2019-06-01,United States,1807.6
2019-07-01,United States,1818.0
2019-08-01,United States,1823.4
2019-09-01,United States,1808.6
2019-10-01,United States,1815.7
2019-11-01,United States,1823.4
2019-12-01,United States,1813.5
2020-01-01,United States,1817.1
2020-02-01,United States,1813.8
2020-03-01,United States,1812.3
2020-04-01,United States,1807.2
2020-05-01,United States,1812.1
2020-06-01,United States,1815.9
2020-07-01,United States,1819.9
2020-08-01,United States,1826.5
2020-09-01,United States,1806.8
2020-10-01,United States,1807.8
2020-11-01,United States,1827.9
2020-12-01,United States,1814.1
2021-01-01,United States,1825.8
2021-02-01,United States,1828.9
2021-03-01,United States,1825.0
2021-04-01,United States,1821.0
2021-05-01,United States,1827.0
2021-06-01,United States,1822.2
2021-07-01,United States,1817.5
2021-08-01,United States,1820.9
2021-09-01,United States,1818.9
2021-10-01,United States,1822.8
2021-11-01,United States,1813.4
2021-12-01,United States,1829.6
2022-01-01,United States,1824.3
2022-02-01,United States,1817.1
2022-03-01,United States,1819.6
2022-04-01,United States,1818.1
2022-05-01,United States,1816.6
2022-06-01,United States,1837.4
2022-07-01,United States,1834.6
2022-08-01,United States,1816.2
2022-09-01,United States,1817.3
2022-10-01,United States,1817.3
2022-11-01,United States,1828.6
2022-12-01,United States,1826.2
2023-01-01,United States,1831.6
2023-02-01,United States,1820.9
2023-03-01,United States,1819.2
2023-04-01,United States,1824.2
2023-05-01,United States,1834.6
2023-06-01,United States,1847.0
2023-07-01,United States,1818.6
2023-08-01,United States,1838.4
2023-09-01,United States,1833.6
2023-10-01,United States,1821.4
2023-11-01,United States,1832.3
2023-12-01,United States,1830.0
2024-01-01,United States,1834.3
2024-02-01,United States,1838.3
2024-03-01,United States,1846.8
2024-04-01,United States,1838.0
2024-05-01,United States,1833.5
2024-06-01,United States,1827.9
2024-07-01,United States,1831.7
2024-08-01,United States,1834.6
2024-09-01,United States,1830.1
2024-10-01,United States,1838.8
2024-11-01,United States,1846.5
2024-12-01,United States,1820.5
2025-01-01,United States,1831.7
2025-02-01,United States,1850.0
2025-03-01,United States,1837.1
2025-04-01,United States,1845.7
2025-05-01,United States,1828.2
2025-06-01,United States,1839.8
2025-07-01,United States,1834.1
2025-08-01,United States,1835.9
2025-09-01,United States,1833.6
2025-10-01,United States,1849.2
2025-11-01,United States,1832.3
2025-12-01,United States,1845.3
2026-01-01,United States,1840.6
2026-02-01,United States,1854.3
2026-03-01,United States,1845.1
2026-04-01,United States,1829.6
2026-05-01,United States,1841.1
2000-01-01,Senegal,1723.7
2000-02-01,Senegal,1730.1
2000-03-01,Senegal,1726.5
2000-04-01,Senegal,1713.0
2000-05-01,Senegal,1722.4
2000-06-01,Senegal,1721.4
2000-07-01,Senegal,1725.0
2000-08-01,Senegal,1727.6
2000-09-01,Senegal,1730.9
2000-10-01,Senegal,1729.6
2000-11-01,Senegal,1705.8
2000-12-01,Senegal,1729.3
2001-01-01,Senegal,1739.8
2001-02-01,Senegal,1730.2
2001-03-01,Senegal,1724.0
2001-04-01,Senegal,1722.0
2001-05-01,Senegal,1736.0
2001-06-01,Senegal,1731.6
2001-07-01,Senegal,1724.4
2001-08-01,Senegal,1730.2
2001-09-01,Senegal,1725.7
2001-10-01,Senegal,1725.4
2001-11-01,Senegal,1729.2
2001-12-01,Senegal,1730.4
2002-01-01,Senegal,1726.8
2002-02-01,Senegal,1729.9
2002-03-01,Senegal,1746.4
2002-04-01,Senegal,1725.4
2002-05-01,Senegal,1734.4
2002-06-01,Senegal,1737.5
2002-07-01,Senegal,1728.0
2002-08-01,Senegal,1728.5
2002-09-01,Senegal,1727.0
2002-10-01,Senegal,1724.7
2002-11-01,Senegal,1744.2
2002-12-01,Senegal,1729.2
2003-01-01,Senegal,1736.5
2003-02-01,Senegal,1729.3
2003-03-01,Senegal,1739.6
2003-04-01,Senegal,1731.9
2003-05-01,Senegal,1742.5
2003-06-01,Senegal,1729.3
2003-07-01,Senegal,1749.4
2003-08-01,Senegal,1731.9
2003-09-01,Senegal,1739.1
2003-10-01,Senegal,1739.3
2003-11-01,Senegal,1743.5
2003-12-01,Senegal,1724.9
2004-01-01,Senegal,1733.0
2004-02-01,Senegal,1737.4
2004-03-01,Senegal,1749.4
2004-04-01,Senegal,1738.8
2004-05-01,Senegal,1753.9
2004-06-01,Senegal,1756.7
2004-07-01,Senegal,1740.1
2004-08-01,Senegal,1757.4
2004-09-01,Senegal,1737.6
2004-10-01,Senegal,1742.3
2004-11-01,Senegal,1743.3
2004-12-01,Senegal,1751.5
2005-01-01,Senegal,1752.9
2005-02-01,Senegal,1743.9
2005-03-01,Senegal,1739.6
2005-04-01,Senegal,1747.4
2005-05-01,Senegal,1749.3
2005-06-01,Senegal,1754.3
2005-07-01,Senegal,1757.4
2005-08-01,Senegal,1742.2
2005-09-01,Senegal,1739.9
2005-10-01,Senegal,1748.1
2005-11-01,Senegal,1734.0
2005-12-01,Senegal,1756.8
2006-01-01,Senegal,1741.6
2006-02-01,Senegal,1749.0
2006-03-01,Senegal,1737.3
2006-04-01,Senegal,1742.4
2006-05-01,Senegal,1753.2
2006-06-01,Senegal,1740.4
2006-07-01,Senegal,1745.0
2006-08-01,Senegal,1761.6
2006-09-01,Senegal,1751.9
2006-10-01,Senegal,1745.1
2006-11-01,Senegal,1737.1
2006-12-01,Senegal,1758.0
2007-01-01,Senegal,1765.5
2007-02-01,Senegal,1734.2
2007-03-01,Senegal,1740.8
2007-04-01,Senegal,1758.8
2007-05-01,Senegal,1746.5
2007-06-01,Senegal,1759.6
2007-07-01,Senegal,1747.5
2007-08-01,Senegal,1762.8
2007-09-01,Senegal,1741.0
2007-10-01,Senegal,1749.8
2007-11-01,Senegal,1749.7
2007-12-01,Senegal,1757.5
2008-01-01,Senegal,1755.8
2008-02-01,Senegal,1753.6
2008-03-01,Senegal,1752.8
2008-04-01,Senegal,1740.3
2008-05-01,Senegal,1752.2
2008-06-01,Senegal,1749.3
2008-07-01,Senegal,1759.7
2008-08-01,Senegal,1750.6
2008-09-01,Senegal,1761.4
2008-10-01,Senegal,1751.9
2008-11-01,Senegal,1754.4
2008-12-01,Senegal,1755.7
2009-01-01,Senegal,1754.4
2009-02-01,Senegal,1760.4
2009-03-01,Senegal,1747.4
2009-04-01,Senegal,1763.3
2009-05-01,Senegal,1760.8
2009-06-01,Senegal,1763.6
2009-07-01,Senegal,1768.9
2009-08-01,Senegal,1775.2
2009-09-01,Senegal,1757.3
2009-10-01,Senegal,1753.6
2009-11-01,Senegal,1756.2
2009-12-01,Senegal,1771.5
2010-01-01,Senegal,1755.6
2010-02-01,Senegal,1783.9
2010-03-01,Senegal,1764.5
2010-04-01,Senegal,1766.3
2010-05-01,Senegal,1775.9
2010-06-01,Senegal,1760.6
2010-07-01,Senegal,1766.7
2010-08-01,Senegal,1773.4
2010-09-01,Senegal,1755.8
2010-10-01,Senegal,1750.4
2010-11-01,Senegal,1765.2
2010-12-01,Senegal,1754.1
2011-01-01,Senegal,1770.7
2011-02-01,Senegal,1765.9
2011-03-01,Senegal,1775.4
2011-04-01,Senegal,1774.7
2011-05-01,Senegal,1754.6
2011-06-01,Senegal,1764.1
2011-07-01,Senegal,1757.9
2011-08-01,Senegal,1770.5
2011-09-01,Senegal,1757.9
2011-10-01,Senegal,1775.7
2011-11-01,Senegal,1754.4
2011-12-01,Senegal,1766.5
2012-01-01,Senegal,1764.9
2012-02-01,Senegal,1767.6
2012-03-01,Senegal,1767.1
2012-04-01,Senegal,1771.3
2012-05-01,Senegal,1762.3
2012-06-01,Senegal,1767.4
2012-07-01,Senegal,1785.0
2012-08-01,Senegal,1771.6
2012-09-01,Senegal,1784.0
2012-10-01,Senegal,1770.5
2012-11-01,Senegal,1767.0
2012-12-01,Senegal,1761.8
2013-01-01,Senegal,1779.0
2013-02-01,Senegal,1787.4
2013-03-01,Senegal,1783.7
2013-04-01,Senegal,1780.3
2013-05-01,Senegal,1785.6
2013-06-01,Senegal,1781.0
2013-07-01,Senegal,1782.7
2013-08-01,Senegal,1781.7
2013-09-01,Senegal,1782.2
2013-10-01,Senegal,1766.7
2013-11-01,Senegal,1770.6
2013-12-01,Senegal,1789.7
2014-01-01,Senegal,1774.1
2014-02-01,Senegal,1770.4
2014-03-01,Senegal,1783.3
2014-04-01,Senegal,1777.5
2014-05-01,Senegal,1791.2
2014-06-01,Senegal,1767.8
2014-07-01,Senegal,1769.4
2014-08-01,Senegal,1794.5
2014-09-01,Senegal,1771.7
2014-10-01,Senegal,1774.2
2014-11-01,Senegal,1776.5
2014-12-01,Senegal,1760.8
2015-01-01,Senegal,1786.8
2015-02-01,Senegal,1771.9
2015-03-01,Senegal,1787.5
2015-04-01,Senegal,1770.5
2015-05-01,Senegal,1788.4
2015-06-01,Senegal,1781.0
2015-07-01,Senegal,1781.4
2015-08-01,Senegal,1787.6
2015-09-01,Senegal,1789.8
2015-10-01,Senegal,1783.4
2015-11-01,Senegal,1782.6
2015-12-01,Senegal,1778.7
2016-01-01,Senegal,1789.7
2016-02-01,Senegal,1797.8
2016-03-01,Senegal,1790.8
2016-04-01,Senegal,1777.5
2016-05-01,Senegal,1786.7
2016-06-01,Senegal,1781.3
2016-07-01,Senegal,1777.7
2016-08-01,Senegal,1784.3
2016-09-01,Senegal,1789.8
2016-10-01,Senegal,1791.8
2016-11-01,Senegal,1790.4
2016-12-01,Senegal,1781.0
2017-01-01,Senegal,1783.1
2017-02-01,Senegal,1780.1
2017-03-01,Senegal,1789.4
2017-04-01,Senegal,1794.9
2017-05-01,Senegal,1794.1
2017-06-01,Senegal,1782.9
2017-07-01,Senegal,1803.5
2017-08-01,Senegal,1792.2
2017-09-01,Senegal,1796.4
2017-10-01,Senegal,1794.7
2017-11-01,Senegal,1779.1
2017-12-01,Senegal,1796.2
2018-01-01,Senegal,1806.0
2018-02-01,Senegal,1786.5
2018-03-01,Senegal,1786.7
2018-04-01,Senegal,1797.6
2018-05-01,Senegal,1794.9
2018-06-01,Senegal,1798.4
2018-07-01,Senegal,1786.0
2018-08-01,Senegal,1799.8
2018-09-01,Senegal,1781.7
2018-10-01,Senegal,1791.6
2018-11-01,Senegal,1796.7
2018-12-01,Senegal,1788.5
2019-01-01,Senegal,1798.6
2019-02-01,Senegal,1806.6
2019-03-01,Senegal,1791.7
2019-04-01,Senegal,1795.1
2019-05-01,Senegal,1779.6
2019-06-01,Senegal,1799.4
2019-07-01,Senegal,1808.5
2019-08-01,Senegal,1789.9
2019-09-01,Senegal,1794.2
2019-10-01,Senegal,1806.3
2019-11-01,Senegal,1809.6
2019-12-01,Senegal,1797.6
2020-01-01,Senegal,1794.6
2020-02-01,Senegal,1798.4
2020-03-01,Senegal,1806.2
2020-04-01,Senegal,1796.6
2020-05-01,Senegal,1798.1
2020-06-01,Senegal,1796.1
2020-07-01,Senegal,1809.4
2020-08-01,Senegal,1803.1
2020-09-01,Senegal,1797.5
2020-10-01,Senegal,1802.7
2020-11-01,Senegal,1805.6
2020-12-01,Senegal,1789.0
2021-01-01,Senegal,1809.2
2021-02-01,Senegal,1816.0
2021-03-01,Senegal,1799.8
2021-04-01,Senegal,1799.9
2021-05-01,Senegal,1814.6
2021-06-01,Senegal,1790.7
2021-07-01,Senegal,1823.9
2021-08-01,Senegal,1797.3
2021-09-01,Senegal,1802.0
2021-10-01,Senegal,1798.2
2021-11-01,Senegal,1796.3
2021-12-01,Senegal,1808.6
2022-01-01,Senegal,1813.6
2022-02-01,Senegal,1804.1
2022-03-01,Senegal,1798.1
2022-04-01,Senegal,1805.8
2022-05-01,Senegal,1813.4
2022-06-01,Senegal,1809.5
2022-07-01,Senegal,1811.7
2022-08-01,Senegal,1806.9
2022-09-01,Senegal,1791.5
2022-10-01,Senegal,1796.7
2022-11-01,Senegal,1818.1
2022-12-01,Senegal,1811.5
2023-01-01,Senegal,1804.9
2023-02-01,Senegal,1812.7
2023-03-01,Senegal,1827.8
2023-04-01,Senegal,1808.7
2023-05-01,Senegal,1813.5
2023-06-01,Senegal,1818.5
2023-07-01,Senegal,1808.4
2023-08-01,Senegal,1834.0
2023-09-01,Senegal,1812.3
2023-10-01,Senegal,1822.8
2023-11-01,Senegal,1819.7
2023-12-01,Senegal,1819.9
2024-01-01,Senegal,1822.7
2024-02-01,Senegal,1804.7
2024-03-01,Senegal,1806.3
2024-04-01,Senegal,1829.8
2024-05-01,Senegal,1809.7
2024-06-01,Senegal,1832.1
2024-07-01,Senegal,1806.2
2024-08-01,Senegal,1814.3
2024-09-01,Senegal,1818.8
2024-10-01,Senegal,1814.4
2024-11-01,Senegal,1823.6
2024-12-01,Senegal,1833.1
2025-01-01,Senegal,1815.3
2025-02-01,Senegal,1813.4
2025-03-01,Senegal,1824.5
2025-04-01,Senegal,1825.0
2025-05-01,Senegal,1813.3
2025-06-01,Senegal,1834.9
2025-07-01,Senegal,1814.7
2025-08-01,Senegal,1827.0
2025-09-01,Senegal,1821.5
2025-10-01,Senegal,1829.6
2025-11-01,Senegal,1813.2
2025-12-01,Senegal,1826.1
2026-01-01,Senegal,1809.0
2026-02-01,Senegal,1824.0
2026-03-01,Senegal,1819.9
2026-04-01,Senegal,1828.5
2026-05-01,Senegal,1839.9
2000-01-01,Switzerland,1703.6
2000-02-01,Switzerland,1712.2
2000-03-01,Switzerland,1706.1
2000-04-01,Switzerland,1721.3
2000-05-01,Switzerland,1713.2
2000-06-01,Switzerland,1706.9
2000-07-01,Switzerland,1716.4
2000-08-01,Switzerland,1701.5
2000-09-01,Switzerland,1712.1
2000-10-01,Switzerland,1708.4
2000-11-01,Switzerland,1715.6
2000-12-01,Switzerland,1694.5
2001-01-01,Switzerland,1707.7
2001-02-01,Switzerland,1711.6
2001-03-01,Switzerland,1701.4
2001-04-01,Switzerland,1699.6
2001-05-01,Switzerland,1723.0
2001-06-01,Switzerland,1712.5
2001-07-01,Switzerland,1724.8
2001-08-01,Switzerland,1713.7
2001-09-01,Switzerland,1723.3
2001-10-01,Switzerland,1704.9
2001-11-01,Switzerland,1719.3
2001-12-01,Switzerland,1702.4
2002-01-01,Switzerland,1721.1
2002-02-01,Switzerland,1735.9
2002-03-01,Switzerland,1715.0
2002-04-01,Switzerland,1720.2
2002-05-01,Switzerland,1715.6
2002-06-01,Switzerland,1720.7
2002-07-01,Switzerland,1717.2
2002-08-01,Switzerland,1736.8
2002-09-01,Switzerland,1720.7
2002-10-01,Switzerland,1710.7
2002-11-01,Switzerland,1712.7
2002-12-01,Switzerland,1728.8
2003-01-01,Switzerland,1719.2
2003-02-01,Switzerland,1731.6
2003-03-01,Switzerland,1729.3
2003-04-01,Switzerland,1718.7
2003-05-01,Switzerland,1716.7
2003-06-01,Switzerland,1725.8
2003-07-01,Switzerland,1713.0
2003-08-01,Switzerland,1731.0
2003-09-01,Switzerland,1716.7
2003-10-01,Switzerland,1720.4
2003-11-01,Switzerland,1724.4
2003-12-01,Switzerland,1724.8
2004-01-01,Switzerland,1717.6
2004-02-01,Switzerland,1709.6
2004-03-01,Switzerland,1720.5
2004-04-01,Switzerland,1727.9
2004-05-01,Switzerland,1733.1
2004-06-01,Switzerland,1714.0
2004-07-01,Switzerland,1724.8
2004-08-01,Switzerland,1712.0
2004-09-01,Switzerland,1706.3
2004-10-01,Switzerland,1743.0
2004-11-01,Switzerland,1721.4
2004-12-01,Switzerland,1726.7
2005-01-01,Switzerland,1735.4
2005-02-01,Switzerland,1743.5
2005-03-01,Switzerland,1727.5
2005-04-01,Switzerland,1723.4
2005-05-01,Switzerland,1724.4
2005-06-01,Switzerland,1727.2
2005-07-01,Switzerland,1729.1
2005-08-01,Switzerland,1729.2
2005-09-01,Switzerland,1724.3
2005-10-01,Switzerland,1720.4
2005-11-01,Switzerland,1742.4
2005-12-01,Switzerland,1728.9
2006-01-01,Switzerland,1726.0
2006-02-01,Switzerland,1717.5
2006-03-01,Switzerland,1734.7
2006-04-01,Switzerland,1731.0
2006-05-01,Switzerland,1725.9
2006-06-01,Switzerland,1739.2
2006-07-01,Switzerland,1723.3
2006-08-01,Switzerland,1733.8
2006-09-01,Switzerland,1737.0
2006-10-01,Switzerland,1724.4
2006-11-01,Switzerland,1733.9
2006-12-01,Switzerland,1730.9
2007-01-01,Switzerland,1741.5
2007-02-01,Switzerland,1742.8
2007-03-01,Switzerland,1717.0
2007-04-01,Switzerland,1740.4
2007-05-01,Switzerland,1740.4
2007-06-01,Switzerland,1751.1
2007-07-01,Switzerland,1742.5
2007-08-01,Switzerland,1738.4
2007-09-01,Switzerland,1733.7
2007-10-01,Switzerland,1727.6
2007-11-01,Switzerland,1740.1
2007-12-01,Switzerland,1732.0
2008-01-01,Switzerland,1735.0
2008-02-01,Switzerland,1739.4
2008-03-01,Switzerland,1743.7
2008-04-01,Switzerland,1749.0
2008-05-01,Switzerland,1742.5
2008-06-01,Switzerland,1742.9
2008-07-01,Switzerland,1737.8
2008-08-01,Switzerland,1737.1
2008-09-01,Switzerland,1738.6
2008-10-01,Switzerland,1742.3
2008-11-01,Switzerland,1731.1
2008-12-01,Switzerland,1732.9
2009-01-01,Switzerland,1752.4
2009-02-01,Switzerland,1745.1
2009-03-01,Switzerland,1722.5
2009-04-01,Switzerland,1748.5
2009-05-01,Switzerland,1745.0
2009-06-01,Switzerland,1746.1
2009-07-01,Switzerland,1744.4
2009-08-01,Switzerland,1758.1
2009-09-01,Switzerland,1744.4
2009-10-01,Switzerland,1726.0
2009-11-01,Switzerland,1755.9
2009-12-01,Switzerland,1752.9
2010-01-01,Switzerland,1743.1
2010-02-01,Switzerland,1744.2
2010-03-01,Switzerland,1756.1
2010-04-01,Switzerland,1770.0
2010-05-01,Switzerland,1752.8
2010-06-01,Switzerland,1742.7
2010-07-01,Switzerland,1753.7
2010-08-01,Switzerland,1742.8
2010-09-01,Switzerland,1742.2
2010-10-01,Switzerland,1747.0
2010-11-01,Switzerland,1754.8
2010-12-01,Switzerland,1756.6
2011-01-01,Switzerland,1741.4
2011-02-01,Switzerland,1747.1
2011-03-01,Switzerland,1738.9
2011-04-01,Switzerland,1760.8
2011-05-01,Switzerland,1755.3
2011-06-01,Switzerland,1755.4
2011-07-01,Switzerland,1752.4
2011-08-01,Switzerland,1754.4
2011-09-01,Switzerland,1754.6
2011-10-01,Switzerland,1755.0
2011-11-01,Switzerland,1745.6
2011-12-01,Switzerland,1759.4
2012-01-01,Switzerland,1765.9
2012-02-01,Switzerland,1758.1
2012-03-01,Switzerland,1754.3
2012-04-01,Switzerland,1771.4
2012-05-01,Switzerland,1762.1
2012-06-01,Switzerland,1743.2
2012-07-01,Switzerland,1761.4
2012-08-01,Switzerland,1765.3
2012-09-01,Switzerland,1754.8
2012-10-01,Switzerland,1745.8
2012-11-01,Switzerland,1766.1
2012-12-01,Switzerland,1758.6
2013-01-01,Switzerland,1769.9
2013-02-01,Switzerland,1761.8
2013-03-01,Switzerland,1746.5
2013-04-01,Switzerland,1765.9
2013-05-01,Switzerland,1765.6
2013-06-01,Switzerland,1752.3
2013-07-01,Switzerland,1780.3
2013-08-01,Switzerland,1752.7
2013-09-01,Switzerland,1754.2
2013-10-01,Switzerland,1772.6
2013-11-01,Switzerland,1749.3
2013-12-01,Switzerland,1759.3
2014-01-01,Switzerland,1758.4
2014-02-01,Switzerland,1763.7
2014-03-01,Switzerland,1755.9
2014-04-01,Switzerland,1779.9
2014-05-01,Switzerland,1756.7
2014-06-01,Switzerland,1769.8
2014-07-01,Switzerland,1752.3
2014-08-01,Switzerland,1762.5
2014-09-01,Switzerland,1774.5
2014-10-01,Switzerland,1765.1
2014-11-01,Switzerland,1774.5
2014-12-01,Switzerland,1762.3
2015-01-01,Switzerland,1773.0
2015-02-01,Switzerland,1769.3
2015-03-01,Switzerland,1760.0
2015-04-01,Switzerland,1777.1
2015-05-01,Switzerland,1761.2
2015-06-01,Switzerland,1771.5
2015-07-01,Switzerland,1766.4
2015-08-01,Switzerland,1770.3
2015-09-01,Switzerland,1768.0
2015-10-01,Switzerland,1784.3
2015-11-01,Switzerland,1773.5
2015-12-01,Switzerland,1764.8
2016-01-01,Switzerland,1770.0
2016-02-01,Switzerland,1771.6
2016-03-01,Switzerland,1768.3
2016-04-01,Switzerland,1761.4
2016-05-01,Switzerland,1788.1
2016-06-01,Switzerland,1779.0
2016-07-01,Switzerland,1766.3
2016-08-01,Switzerland,1773.3
2016-09-01,Switzerland,1781.7
2016-10-01,Switzerland,1768.1
2016-11-01,Switzerland,1757.1
2016-12-01,Switzerland,1764.9
2017-01-01,Switzerland,1766.0
2017-02-01,Switzerland,1775.0
2017-03-01,Switzerland,1765.0
2017-04-01,Switzerland,1782.2
2017-05-01,Switzerland,1777.0
2017-06-01,Switzerland,1780.8
2017-07-01,Switzerland,1780.2
2017-08-01,Switzerland,1766.7
2017-09-01,Switzerland,1757.6
2017-10-01,Switzerland,1782.1
2017-11-01,Switzerland,1769.7
2017-12-01,Switzerland,1781.0
2018-01-01,Switzerland,1778.2
2018-02-01,Switzerland,1780.8
2018-03-01,Switzerland,1786.8
2018-04-01,Switzerland,1773.0
2018-05-01,Switzerland,1773.4
2018-06-01,Switzerland,1790.0
2018-07-01,Switzerland,1786.7
2018-08-01,Switzerland,1782.6
2018-09-01,Switzerland,1768.4
2018-10-01,Switzerland,1777.5
2018-11-01,Switzerland,1770.9
2018-12-01,Switzerland,1774.2
2019-01-01,Switzerland,1776.6
2019-02-01,Switzerland,1774.7
2019-03-01,Switzerland,1782.9
2019-04-01,Switzerland,1776.0
2019-05-01,Switzerland,1779.3
2019-06-01,Switzerland,1776.3
2019-07-01,Switzerland,1793.5
2019-08-01,Switzerland,1785.0
2019-09-01,Switzerland,1787.1
2019-10-01,Switzerland,1782.0
2019-11-01,Switzerland,1782.8
2019-12-01,Switzerland,1785.0
2020-01-01,Switzerland,1799.0
2020-02-01,Switzerland,1795.8
2020-03-01,Switzerland,1787.7
2020-04-01,Switzerland,1779.4
2020-05-01,Switzerland,1792.3
2020-06-01,Switzerland,1783.1
2020-07-01,Switzerland,1783.4
2020-08-01,Switzerland,1785.4
2020-09-01,Switzerland,1788.1
2020-10-01,Switzerland,1794.7
2020-11-01,Switzerland,1779.0
2020-12-01,Switzerland,1791.3
2021-01-01,Switzerland,1788.3
2021-02-01,Switzerland,1815.2
2021-03-01,Switzerland,1789.7
2021-04-01,Switzerland,1799.4
2021-05-01,Switzerland,1804.7
2021-06-01,Switzerland,1782.7
2021-07-01,Switzerland,1790.6
2021-08-01,Switzerland,1794.8
2021-09-01,Switzerland,1783.7
2021-10-01,Switzerland,1787.5
2021-11-01,Switzerland,1788.5
2021-12-01,Switzerland,1797.1
2022-01-01,Switzerland,1807.6
2022-02-01,Switzerland,1793.1
2022-03-01,Switzerland,1787.0
2022-04-01,Switzerland,1812.0
2022-05-01,Switzerland,1799.2
2022-06-01,Switzerland,1801.0
2022-07-01,Switzerland,1781.2
2022-08-01,Switzerland,1781.7
2022-09-01,Switzerland,1791.7
2022-10-01,Switzerland,1799.3
2022-11-01,Switzerland,1794.8
2022-12-01,Switzerland,1789.7
2023-01-01,Switzerland,1789.6
2023-02-01,Switzerland,1805.3
2023-03-01,Switzerland,1802.6
2023-04-01,Switzerland,1793.3
2023-05-01,Switzerland,1797.8
2023-06-01,Switzerland,1791.8
2023-07-01,Switzerland,1791.6
2023-08-01,Switzerland,1800.1
2023-09-01,Switzerland,1814.7
2023-10-01,Switzerland,1800.9
2023-11-01,Switzerland,1803.1
2023-12-01,Switzerland,1796.3
2024-01-01,Switzerland,1800.5
2024-02-01,Switzerland,1807.1
2024-03-01,Switzerland,1804.2
2024-04-01,Switzerland,1806.6
2024-05-01,Switzerland,1792.9
2024-06-01,Switzerland,1801.4
2024-07-01,Switzerland,1802.2
2024-08-01,Switzerland,1807.1
2024-09-01,Switzerland,1805.2
2024-10-01,Switzerland,1796.7
2024-11-01,Switzerland,1811.4
2024-12-01,Switzerland,1813.2
2025-01-01,Switzerland,1801.6
2025-02-01,Switzerland,1798.3
2025-03-01,Switzerland,1800.6
2025-04-01,Switzerland,1800.8
2025-05-01,Switzerland,1806.1
2025-06-01,Switzerland,1814.6
2025-07-01,Switzerland,1805.4
2025-08-01,Switzerland,1815.8
2025-09-01,Switzerland,1819.4
2025-10-01,Switzerland,1814.4
2025-11-01,Switzerland,1814.0
2025-12-01,Switzerland,1813.3
2026-01-01,Switzerland,1810.5
2026-02-01,Switzerland,1801.3
2026-03-01,Switzerland,1819.2
2026-04-01,Switzerland,1816.9
2026-05-01,Switzerland,1798.8
2000-01-01,Ecuador,1693.4
2000-02-01,Ecuador,1694.9
2000-03-01,Ecuador,1691.8
2000-04-01,Ecuador,1702.7
2000-05-01,Ecuador,1701.5
2000-06-01,Ecuador,1700.7
2000-07-01,Ecuador,1693.4
2000-08-01,Ecuador,1689.0
2000-09-01,Ecuador,1705.1
2000-10-01,Ecuador,1687.8
2000-11-01,Ecuador,1683.5
2000-12-01,Ecuador,1693.6
2001-01-01,Ecuador,1697.6
2001-02-01,Ecuador,1700.7
2001-03-01,Ecuador,1705.5
2001-04-01,Ecuador,1706.4
2001-05-01,Ecuador,1704.3
2001-06-01,Ecuador,1694.6
2001-07-01,Ecuador,1699.5
2001-08-01,Ecuador,1698.6
2001-09-01,Ecuador,1711.3
2001-10-01,Ecuador,1691.1
2001-11-01,Ecuador,1694.7
2001-12-01,Ecuador,1714.0
2002-01-01,Ecuador,1713.7
2002-02-01,Ecuador,1703.0
2002-03-01,Ecuador,1701.3
2002-04-01,Ecuador,1710.1
2002-05-01,Ecuador,1711.3
2002-06-01,Ecuador,1702.7
2002-07-01,Ecuador,1718.3
2002-08-01,Ecuador,1701.6
2002-09-01,Ecuador,1704.2
2002-10-01,Ecuador,1714.8
2002-11-01,Ecuador,1701.6
2002-12-01,Ecuador,1717.2
2003-01-01,Ecuador,1712.8
2003-02-01,Ecuador,1701.7
2003-03-01,Ecuador,1718.4
2003-04-01,Ecuador,1702.6
2003-05-01,Ecuador,1697.4
2003-06-01,Ecuador,1706.8
2003-07-01,Ecuador,1701.7
2003-08-01,Ecuador,1704.5
2003-09-01,Ecuador,1703.0
2003-10-01,Ecuador,1699.7
2003-11-01,Ecuador,1693.5
2003-12-01,Ecuador,1713.0
2004-01-01,Ecuador,1715.4
2004-02-01,Ecuador,1715.3
2004-03-01,Ecuador,1712.6
2004-04-01,Ecuador,1703.5
2004-05-01,Ecuador,1713.7
2004-06-01,Ecuador,1705.6
2004-07-01,Ecuador,1704.6
2004-08-01,Ecuador,1694.8
2004-09-01,Ecuador,1718.3
2004-10-01,Ecuador,1704.3
2004-11-01,Ecuador,1715.3
2004-12-01,Ecuador,1699.7
2005-01-01,Ecuador,1708.4
2005-02-01,Ecuador,1723.5
2005-03-01,Ecuador,1721.2
2005-04-01,Ecuador,1724.3
2005-05-01,Ecuador,1710.6
2005-06-01,Ecuador,1705.8
2005-07-01,Ecuador,1717.8
2005-08-01,Ecuador,1701.7
2005-09-01,Ecuador,1709.4
2005-10-01,Ecuador,1708.2
2005-11-01,Ecuador,1726.4
2005-12-01,Ecuador,1709.0
2006-01-01,Ecuador,1719.4
2006-02-01,Ecuador,1707.6
2006-03-01,Ecuador,1726.6
2006-04-01,Ecuador,1723.8
2006-05-01,Ecuador,1714.8
2006-06-01,Ecuador,1726.1
2006-07-01,Ecuador,1729.4
2006-08-01,Ecuador,1714.5
2006-09-01,Ecuador,1727.1
2006-10-01,Ecuador,1718.0
2006-11-01,Ecuador,1707.3
2006-12-01,Ecuador,1721.1
2007-01-01,Ecuador,1717.8
2007-02-01,Ecuador,1711.6
2007-03-01,Ecuador,1723.7
2007-04-01,Ecuador,1725.1
2007-05-01,Ecuador,1737.8
2007-06-01,Ecuador,1720.8
2007-07-01,Ecuador,1712.0
2007-08-01,Ecuador,1718.3
2007-09-01,Ecuador,1730.4
2007-10-01,Ecuador,1737.2
2007-11-01,Ecuador,1729.0
2007-12-01,Ecuador,1725.4
2008-01-01,Ecuador,1722.4
2008-02-01,Ecuador,1721.7
2008-03-01,Ecuador,1729.8
2008-04-01,Ecuador,1727.5
2008-05-01,Ecuador,1713.3
2008-06-01,Ecuador,1715.8
2008-07-01,Ecuador,1723.9
2008-08-01,Ecuador,1726.2
2008-09-01,Ecuador,1720.8
2008-10-01,Ecuador,1728.6
2008-11-01,Ecuador,1727.9
2008-12-01,Ecuador,1728.9
2009-01-01,Ecuador,1736.7
2009-02-01,Ecuador,1720.9
2009-03-01,Ecuador,1730.6
2009-04-01,Ecuador,1731.3
2009-05-01,Ecuador,1735.2
2009-06-01,Ecuador,1729.5
2009-07-01,Ecuador,1722.8
2009-08-01,Ecuador,1729.1
2009-09-01,Ecuador,1729.4
2009-10-01,Ecuador,1730.2
2009-11-01,Ecuador,1741.2
2009-12-01,Ecuador,1725.0
2010-01-01,Ecuador,1735.5
2010-02-01,Ecuador,1718.7
2010-03-01,Ecuador,1726.8
2010-04-01,Ecuador,1729.4
2010-05-01,Ecuador,1730.6
2010-06-01,Ecuador,1741.7
2010-07-01,Ecuador,1741.6
2010-08-01,Ecuador,1717.7
2010-09-01,Ecuador,1731.7
2010-10-01,Ecuador,1741.5
2010-11-01,Ecuador,1735.4
2010-12-01,Ecuador,1732.4
2011-01-01,Ecuador,1733.6
2011-02-01,Ecuador,1713.7
2011-03-01,Ecuador,1737.4
2011-04-01,Ecuador,1723.6
2011-05-01,Ecuador,1735.5
2011-06-01,Ecuador,1747.5
2011-07-01,Ecuador,1742.2
2011-08-01,Ecuador,1730.0
2011-09-01,Ecuador,1738.2
2011-10-01,Ecuador,1747.7
2011-11-01,Ecuador,1735.1
2011-12-01,Ecuador,1740.8
2012-01-01,Ecuador,1744.5
2012-02-01,Ecuador,1742.3
2012-03-01,Ecuador,1738.4
2012-04-01,Ecuador,1759.2
2012-05-01,Ecuador,1753.5
2012-06-01,Ecuador,1742.1
2012-07-01,Ecuador,1738.6
2012-08-01,Ecuador,1745.0
2012-09-01,Ecuador,1757.1
2012-10-01,Ecuador,1743.9
2012-11-01,Ecuador,1749.8
2012-12-01,Ecuador,1734.7
2013-01-01,Ecuador,1749.1
2013-02-01,Ecuador,1757.7
2013-03-01,Ecuador,1753.4
2013-04-01,Ecuador,1755.6
2013-05-01,Ecuador,1743.6
2013-06-01,Ecuador,1741.1
2013-07-01,Ecuador,1753.4
2013-08-01,Ecuador,1739.6
2013-09-01,Ecuador,1757.2
2013-10-01,Ecuador,1753.3
2013-11-01,Ecuador,1760.7
2013-12-01,Ecuador,1741.4
2014-01-01,Ecuador,1741.4
2014-02-01,Ecuador,1754.5
2014-03-01,Ecuador,1751.1
2014-04-01,Ecuador,1741.4
2014-05-01,Ecuador,1755.4
2014-06-01,Ecuador,1763.0
2014-07-01,Ecuador,1763.3
2014-08-01,Ecuador,1748.3
2014-09-01,Ecuador,1738.9
2014-10-01,Ecuador,1743.9
2014-11-01,Ecuador,1741.5
2014-12-01,Ecuador,1742.8
2015-01-01,Ecuador,1754.6
2015-02-01,Ecuador,1746.2
2015-03-01,Ecuador,1739.4
2015-04-01,Ecuador,1745.1
2015-05-01,Ecuador,1764.6
2015-06-01,Ecuador,1758.7
2015-07-01,Ecuador,1744.4
2015-08-01,Ecuador,1757.0
2015-09-01,Ecuador,1752.8
2015-10-01,Ecuador,1750.6
2015-11-01,Ecuador,1750.3
2015-12-01,Ecuador,1763.6
2016-01-01,Ecuador,1749.4
2016-02-01,Ecuador,1758.1
2016-03-01,Ecuador,1752.9
2016-04-01,Ecuador,1746.5
2016-05-01,Ecuador,1764.8
2016-06-01,Ecuador,1766.8
2016-07-01,Ecuador,1757.3
2016-08-01,Ecuador,1763.8
2016-09-01,Ecuador,1752.6
2016-10-01,Ecuador,1762.6
2016-11-01,Ecuador,1756.3
2016-12-01,Ecuador,1750.7
2017-01-01,Ecuador,1759.4
2017-02-01,Ecuador,1760.4
2017-03-01,Ecuador,1764.3
2017-04-01,Ecuador,1741.3
2017-05-01,Ecuador,1757.1
2017-06-01,Ecuador,1770.1
2017-07-01,Ecuador,1759.6
2017-08-01,Ecuador,1750.2
2017-09-01,Ecuador,1768.5
2017-10-01,Ecuador,1765.1
2017-11-01,Ecuador,1754.1
2017-12-01,Ecuador,1749.7
2018-01-01,Ecuador,1769.9
2018-02-01,Ecuador,1761.3
2018-03-01,Ecuador,1740.8
2018-04-01,Ecuador,1754.5
2018-05-01,Ecuador,1761.2
2018-06-01,Ecuador,1778.6
2018-07-01,Ecuador,1770.0
2018-08-01,Ecuador,1751.7
2018-09-01,Ecuador,1758.5
2018-10-01,Ecuador,1775.7
2018-11-01,Ecuador,1755.0
2018-12-01,Ecuador,1770.0
2019-01-01,Ecuador,1761.2
2019-02-01,Ecuador,1765.0
2019-03-01,Ecuador,1753.7
2019-04-01,Ecuador,1765.8
2019-05-01,Ecuador,1765.7
2019-06-01,Ecuador,1765.0
2019-07-01,Ecuador,1784.0
2019-08-01,Ecuador,1774.8
2019-09-01,Ecuador,1761.2
2019-10-01,Ecuador,1760.3
2019-11-01,Ecuador,1774.7
2019-12-01,Ecuador,1759.2
2020-01-01,Ecuador,1768.3
2020-02-01,Ecuador,1780.1
2020-03-01,Ecuador,1768.5
2020-04-01,Ecuador,1766.4
2020-05-01,Ecuador,1766.3
2020-06-01,Ecuador,1764.9
2020-07-01,Ecuador,1780.4
2020-08-01,Ecuador,1773.4
2020-09-01,Ecuador,1769.6
2020-10-01,Ecuador,1770.6
2020-11-01,Ecuador,1777.6
2020-12-01,Ecuador,1767.8
2021-01-01,Ecuador,1775.7
2021-02-01,Ecuador,1768.2
2021-03-01,Ecuador,1788.3
2021-04-01,Ecuador,1779.1
2021-05-01,Ecuador,1765.4
2021-06-01,Ecuador,1771.1
2021-07-01,Ecuador,1770.6
2021-08-01,Ecuador,1774.1
2021-09-01,Ecuador,1790.4
2021-10-01,Ecuador,1772.0
2021-11-01,Ecuador,1774.2
2021-12-01,Ecuador,1769.8
2022-01-01,Ecuador,1780.6
2022-02-01,Ecuador,1774.0
2022-03-01,Ecuador,1773.4
2022-04-01,Ecuador,1775.5
2022-05-01,Ecuador,1780.1
2022-06-01,Ecuador,1778.0
2022-07-01,Ecuador,1779.0
2022-08-01,Ecuador,1786.2
2022-09-01,Ecuador,1769.4
2022-10-01,Ecuador,1780.7
2022-11-01,Ecuador,1788.8
2022-12-01,Ecuador,1788.3
2023-01-01,Ecuador,1784.6
2023-02-01,Ecuador,1788.5
2023-03-01,Ecuador,1793.2
2023-04-01,Ecuador,1777.1
2023-05-01,Ecuador,1780.3
2023-06-01,Ecuador,1778.6
2023-07-01,Ecuador,1781.5
2023-08-01,Ecuador,1776.6
2023-09-01,Ecuador,1779.8
2023-10-01,Ecuador,1787.6
2023-11-01,Ecuador,1780.2
2023-12-01,Ecuador,1784.5
2024-01-01,Ecuador,1781.1
2024-02-01,Ecuador,1793.5
2024-03-01,Ecuador,1774.9
2024-04-01,Ecuador,1785.3
2024-05-01,Ecuador,1794.8
2024-06-01,Ecuador,1784.6
2024-07-01,Ecuador,1780.4
2024-08-01,Ecuador,1796.2
2024-09-01,Ecuador,1781.3
2024-10-01,Ecuador,1784.9
2024-11-01,Ecuador,1784.5
2024-12-01,Ecuador,1783.4
2025-01-01,Ecuador,1800.1
2025-02-01,Ecuador,1779.1
2025-03-01,Ecuador,1785.7
2025-04-01,Ecuador,1790.2
2025-05-01,Ecuador,1795.2
2025-06-01,Ecuador,1782.0
2025-07-01,Ecuador,1796.1
2025-08-01,Ecuador,1794.4
2025-09-01,Ecuador,1780.4
2025-10-01,Ecuador,1786.4
2025-11-01,Ecuador,1789.1
2025-12-01,Ecuador,1800.1
2026-01-01,Ecuador,1805.2
2026-02-01,Ecuador,1801.1
2026-03-01,Ecuador,1790.6
2026-04-01,Ecuador,1797.0
2026-05-01,Ecuador,1797.2
2000-01-01,South Korea,1670.6
2000-02-01,South Korea,1678.6
2000-03-01,South Korea,1692.1
2000-04-01,South Korea,1671.0
2000-05-01,South Korea,1682.6
2000-06-01,South Korea,1680.2
2000-07-01,South Korea,1672.8
2000-08-01,South Korea,1685.8
2000-09-01,South Korea,1675.6
2000-10-01,South Korea,1689.7
2000-11-01,South Korea,1698.5
2000-12-01,South Korea,1680.5
2001-01-01,South Korea,1698.4
2001-02-01,South Korea,1684.8
2001-03-01,South Korea,1666.6
2001-04-01,South Korea,1681.5
2001-05-01,South Korea,1683.4
2001-06-01,South Korea,1697.9
2001-07-01,South Korea,1684.7
2001-08-01,South Korea,1666.4
2001-09-01,South Korea,1687.3
2001-10-01,South Korea,1684.7
2001-11-01,South Korea,1682.4
2001-12-01,South Korea,1683.8
2002-01-01,South Korea,1696.9
2002-02-01,South Korea,1689.0
2002-03-01,South Korea,1689.2
2002-04-01,South Korea,1683.7
2002-05-01,South Korea,1677.6
2002-06-01,South Korea,1689.2
2002-07-01,South Korea,1683.2
2002-08-01,South Korea,1688.9
2002-09-01,South Korea,1671.5
2002-10-01,South Korea,1688.5
2002-11-01,South Korea,1687.2
2002-12-01,South Korea,1688.2
2003-01-01,South Korea,1693.4
2003-02-01,South Korea,1695.4
2003-03-01,South Korea,1696.0
2003-04-01,South Korea,1690.0
2003-05-01,South Korea,1699.1
2003-06-01,South Korea,1690.9
2003-07-01,South Korea,1680.7
2003-08-01,South Korea,1697.2
2003-09-01,South Korea,1690.0
2003-10-01,South Korea,1688.6
2003-11-01,South Korea,1703.4
2003-12-01,South Korea,1689.8
2004-01-01,South Korea,1697.7
2004-02-01,South Korea,1703.7
2004-03-01,South Korea,1691.2
2004-04-01,South Korea,1701.3
2004-05-01,South Korea,1696.8
2004-06-01,South Korea,1705.8
2004-07-01,South Korea,1690.9
2004-08-01,South Korea,1690.3
2004-09-01,South Korea,1697.7
2004-10-01,South Korea,1687.6
2004-11-01,South Korea,1705.4
2004-12-01,South Korea,1693.1
2005-01-01,South Korea,1713.0
2005-02-01,South Korea,1691.3
2005-03-01,South Korea,1707.6
2005-04-01,South Korea,1697.2
2005-05-01,South Korea,1694.4
2005-06-01,South Korea,1702.8
2005-07-01,South Korea,1700.4
2005-08-01,South Korea,1703.7
2005-09-01,South Korea,1693.6
2005-10-01,South Korea,1686.8
2005-11-01,South Korea,1704.4
2005-12-01,South Korea,1693.9
2006-01-01,South Korea,1703.5
2006-02-01,South Korea,1708.0
2006-03-01,South Korea,1704.3
2006-04-01,South Korea,1701.5
2006-05-01,South Korea,1698.6
2006-06-01,South Korea,1711.8
2006-07-01,South Korea,1709.2
2006-08-01,South Korea,1712.3
2006-09-01,South Korea,1694.2
2006-10-01,South Korea,1697.9
2006-11-01,South Korea,1700.0
2006-12-01,South Korea,1705.8
2007-01-01,South Korea,1720.4
2007-02-01,South Korea,1707.4
2007-03-01,South Korea,1703.5
2007-04-01,South Korea,1708.9
2007-05-01,South Korea,1696.0
2007-06-01,South Korea,1690.0
2007-07-01,South Korea,1697.4
2007-08-01,South Korea,1703.6
2007-09-01,South Korea,1710.3
2007-10-01,South Korea,1715.9
2007-11-01,South Korea,1717.5
2007-12-01,South Korea,1714.1
2008-01-01,South Korea,1700.3
2008-02-01,South Korea,1709.0
2008-03-01,South Korea,1722.1
2008-04-01,South Korea,1699.5
2008-05-01,South Korea,1710.8
2008-06-01,South Korea,1711.0
2008-07-01,South Korea,1717.1
2008-08-01,South Korea,1688.3
2008-09-01,South Korea,1715.6
2008-10-01,South Korea,1701.0
2008-11-01,South Korea,1717.7
2008-12-01,South Korea,1700.7
2009-01-01,South Korea,1715.5
2009-02-01,South Korea,1698.9
2009-03-01,South Korea,1706.3
2009-04-01,South Korea,1718.4
2009-05-01,South Korea,1709.2
2009-06-01,South Korea,1719.4
2009-07-01,South Korea,1717.0
2009-08-01,South Korea,1713.3
2009-09-01,South Korea,1697.3
2009-10-01,South Korea,1715.9
2009-11-01,South Korea,1720.2
2009-12-01,South Korea,1718.6
2010-01-01,South Korea,1711.6
2010-02-01,South Korea,1720.3
2010-03-01,South Korea,1716.8
2010-04-01,South Korea,1719.5
2010-05-01,South Korea,1728.1
2010-06-01,South Korea,1720.6
2010-07-01,South Korea,1714.2
2010-08-01,South Korea,1722.6
2010-09-01,South Korea,1719.1
2010-10-01,South Korea,1726.4
2010-11-01,South Korea,1709.5
2010-12-01,South Korea,1709.0
2011-01-01,South Korea,1720.3
2011-02-01,South Korea,1708.4
2011-03-01,South Korea,1718.8
2011-04-01,South Korea,1723.7
2011-05-01,South Korea,1731.0
2011-06-01,South Korea,1719.3
2011-07-01,South Korea,1729.1
2011-08-01,South Korea,1723.9
2011-09-01,South Korea,1721.1
2011-10-01,South Korea,1714.3
2011-11-01,South Korea,1717.5
2011-12-01,South Korea,1717.9
2012-01-01,South Korea,1723.5
2012-02-01,South Korea,1721.7
2012-03-01,South Korea,1732.8
2012-04-01,South Korea,1724.9
2012-05-01,South Korea,1739.1
2012-06-01,South Korea,1718.8
2012-07-01,South Korea,1732.4
2012-08-01,South Korea,1716.9
2012-09-01,South Korea,1724.0
2012-10-01,South Korea,1724.1
2012-11-01,South Korea,1724.3
2012-12-01,South Korea,1734.6
2013-01-01,South Korea,1730.6
2013-02-01,South Korea,1743.2
2013-03-01,South Korea,1739.9
2013-04-01,South Korea,1729.2
2013-05-01,South Korea,1737.7
2013-06-01,South Korea,1720.3
2013-07-01,South Korea,1729.2
2013-08-01,South Korea,1728.5
2013-09-01,South Korea,1733.2
2013-10-01,South Korea,1734.6
2013-11-01,South Korea,1723.1
2013-12-01,South Korea,1733.0
2014-01-01,South Korea,1743.5
2014-02-01,South Korea,1739.2
2014-03-01,South Korea,1736.6
2014-04-01,South Korea,1740.5
2014-05-01,South Korea,1715.9
2014-06-01,South Korea,1719.4
2014-07-01,South Korea,1746.2
2014-08-01,South Korea,1738.4
2014-09-01,South Korea,1735.9
2014-10-01,South Korea,1734.6
2014-11-01,South Korea,1733.4
2014-12-01,South Korea,1736.9
2015-01-01,South Korea,1739.6
2015-02-01,South Korea,1734.5
2015-03-01,South Korea,1739.3
2015-04-01,South Korea,1739.2
2015-05-01,South Korea,1733.0
2015-06-01,South Korea,1745.9
2015-07-01,South Korea,1732.9
2015-08-01,South Korea,1732.1
2015-09-01,South Korea,1734.2
2015-10-01,South Korea,1726.7
2015-11-01,South Korea,1736.5
2015-12-01,South Korea,1734.4
2016-01-01,South Korea,1746.0
2016-02-01,South Korea,1740.6
2016-03-01,South Korea,1729.0
2016-04-01,South Korea,1738.0
2016-05-01,South Korea,1730.8
2016-06-01,South Korea,1749.0
2016-07-01,South Korea,1749.3
2016-08-01,South Korea,1744.3
2016-09-01,South Korea,1746.8
2016-10-01,South Korea,1742.2
2016-11-01,South Korea,1743.5
2016-12-01,South Korea,1736.8
2017-01-01,South Korea,1742.6
2017-02-01,South Korea,1750.9
2017-03-01,South Korea,1738.5
2017-04-01,South Korea,1746.4
2017-05-01,South Korea,1740.7
2017-06-01,South Korea,1740.4
2017-07-01,South Korea,1753.6
2017-08-01,South Korea,1749.3
2017-09-01,South Korea,1747.3
2017-10-01,South Korea,1738.0
2017-11-01,South Korea,1745.4
2017-12-01,South Korea,1743.0
2018-01-01,South Korea,1740.1
2018-02-01,South Korea,1753.2
2018-03-01,South Korea,1752.6
2018-04-01,South Korea,1734.2
2018-05-01,South Korea,1747.8
2018-06-01,South Korea,1761.7
2018-07-01,South Korea,1750.9
2018-08-01,South Korea,1761.6
2018-09-01,South Korea,1751.8
2018-10-01,South Korea,1753.3
2018-11-01,South Korea,1747.7
2018-12-01,South Korea,1742.8
2019-01-01,South Korea,1746.2
2019-02-01,South Korea,1761.0
2019-03-01,South Korea,1751.4
2019-04-01,South Korea,1749.3
2019-05-01,South Korea,1766.6
2019-06-01,South Korea,1768.4
2019-07-01,South Korea,1754.6
2019-08-01,South Korea,1740.7
2019-09-01,South Korea,1752.3
2019-10-01,South Korea,1745.6
2019-11-01,South Korea,1744.3
2019-12-01,South Korea,1763.1
2020-01-01,South Korea,1747.8
2020-02-01,South Korea,1751.9
2020-03-01,South Korea,1755.5
2020-04-01,South Korea,1748.5
2020-05-01,South Korea,1752.6
2020-06-01,South Korea,1748.8
2020-07-01,South Korea,1747.6
2020-08-01,South Korea,1756.0
2020-09-01,South Korea,1756.6
2020-10-01,South Korea,1746.8
2020-11-01,South Korea,1747.2
2020-12-01,South Korea,1747.4
2021-01-01,South Korea,1751.1
2021-02-01,South Korea,1759.7
2021-03-01,South Korea,1762.7
2021-04-01,South Korea,1757.2
2021-05-01,South Korea,1770.2
2021-06-01,South Korea,1770.8
2021-07-01,South Korea,1747.1
2021-08-01,South Korea,1761.5
2021-09-01,South Korea,1747.2
2021-10-01,South Korea,1761.5
2021-11-01,South Korea,1768.3
2021-12-01,South Korea,1763.3
2022-01-01,South Korea,1758.1
2022-02-01,South Korea,1773.2
2022-03-01,South Korea,1758.6
2022-04-01,South Korea,1766.2
2022-05-01,South Korea,1757.3
2022-06-01,South Korea,1766.9
2022-07-01,South Korea,1762.3
2022-08-01,South Korea,1750.9
2022-09-01,South Korea,1761.5
2022-10-01,South Korea,1769.9
2022-11-01,South Korea,1774.0
2022-12-01,South Korea,1761.5
2023-01-01,South Korea,1776.6
2023-02-01,South Korea,1764.2
2023-03-01,South Korea,1784.9
2023-04-01,South Korea,1762.8
2023-05-01,South Korea,1768.9
2023-06-01,South Korea,1758.8
2023-07-01,South Korea,1766.7
2023-08-01,South Korea,1773.2
2023-09-01,South Korea,1791.0
2023-10-01,South Korea,1763.1
2023-11-01,South Korea,1751.1
2023-12-01,South Korea,1777.8
2024-01-01,South Korea,1772.7
2024-02-01,South Korea,1783.0
2024-03-01,South Korea,1763.3
2024-04-01,South Korea,1788.4
2024-05-01,South Korea,1767.5
2024-06-01,South Korea,1770.7
2024-07-01,South Korea,1773.1
2024-08-01,South Korea,1763.3
2024-09-01,South Korea,1769.5
2024-10-01,South Korea,1758.7
2024-11-01,South Korea,1777.3
2024-12-01,South Korea,1768.7
2025-01-01,South Korea,1754.9
2025-02-01,South Korea,1773.1
2025-03-01,South Korea,1778.5
2025-04-01,South Korea,1778.7
2025-05-01,South Korea,1789.9
2025-06-01,South Korea,1777.6
2025-07-01,South Korea,1774.2
2025-08-01,South Korea,1775.1
2025-09-01,South Korea,1789.2
2025-10-01,South Korea,1768.7
2025-11-01,South Korea,1772.7
2025-12-01,South Korea,1782.0
2026-01-01,South Korea,1781.6
2026-02-01,South Korea,1771.3
2026-03-01,South Korea,1781.9
2026-04-01,South Korea,1794.2
2026-05-01,South Korea,1779.3
2000-01-01,Australia,1656.6
2000-02-01,Australia,1660.0
2000-03-01,Australia,1658.4
2000-04-01,Australia,1677.6
2000-05-01,Australia,1667.0
2000-06-01,Australia,1643.2
2000-07-01,Australia,1670.6
2000-08-01,Australia,1656.2
2000-09-01,Australia,1661.9
2000-10-01,Australia,1667.7
2000-11-01,Australia,1671.7
2000-12-01,Australia,1663.3
2001-01-01,Australia,1664.2
2001-02-01,Australia,1660.8
2001-03-01,Australia,1663.9
2001-04-01,Australia,1678.6
2001-05-01,Australia,1652.2
2001-06-01,Australia,1662.5
2001-07-01,Australia,1669.8
2001-08-01,Australia,1681.2
2001-09-01,Australia,1679.1
2001-10-01,Australia,1666.6
2001-11-01,Australia,1670.3
2001-12-01,Australia,1671.9
2002-01-01,Australia,1665.6
2002-02-01,Australia,1674.9
2002-03-01,Australia,1664.1
2002-04-01,Australia,1657.7
2002-05-01,Australia,1673.4
2002-06-01,Australia,1668.0
2002-07-01,Australia,1675.5
2002-08-01,Australia,1670.8
2002-09-01,Australia,1661.9
2002-10-01,Australia,1679.0
2002-11-01,Australia,1673.8
2002-12-01,Australia,1674.5
2003-01-01,Australia,1663.2
2003-02-01,Australia,1666.7
2003-03-01,Australia,1668.1
2003-04-01,Australia,1672.0
2003-05-01,Australia,1688.9
2003-06-01,Australia,1661.4
2003-07-01,Australia,1672.6
2003-08-01,Australia,1664.3
2003-09-01,Australia,1664.9
2003-10-01,Australia,1669.4
2003-11-01,Australia,1675.7
2003-12-01,Australia,1652.3
2004-01-01,Australia,1663.8
2004-02-01,Australia,1671.4
2004-03-01,Australia,1673.8
2004-04-01,Australia,1668.1
2004-05-01,Australia,1672.7
2004-06-01,Australia,1672.4
2004-07-01,Australia,1680.0
2004-08-01,Australia,1677.7
2004-09-01,Australia,1675.0
2004-10-01,Australia,1685.0
2004-11-01,Australia,1682.4
2004-12-01,Australia,1673.4
2005-01-01,Australia,1668.8
2005-02-01,Australia,1677.7
2005-03-01,Australia,1667.8
2005-04-01,Australia,1684.0
2005-05-01,Australia,1694.8
2005-06-01,Australia,1682.5
2005-07-01,Australia,1686.6
2005-08-01,Australia,1671.7
2005-09-01,Australia,1680.8
2005-10-01,Australia,1677.9
2005-11-01,Australia,1672.3
2005-12-01,Australia,1678.0
2006-01-01,Australia,1674.0
2006-02-01,Australia,1690.1
2006-03-01,Australia,1679.3
2006-04-01,Australia,1676.3
2006-05-01,Australia,1684.7
2006-06-01,Australia,1688.8
2006-07-01,Australia,1691.2
2006-08-01,Australia,1677.5
2006-09-01,Australia,1683.2
2006-10-01,Australia,1691.6
2006-11-01,Australia,1674.8
2006-12-01,Australia,1683.7
2007-01-01,Australia,1687.6
2007-02-01,Australia,1679.1
2007-03-01,Australia,1696.0
2007-04-01,Australia,1684.6
2007-05-01,Australia,1697.4
2007-06-01,Australia,1678.5
2007-07-01,Australia,1667.4
2007-08-01,Australia,1682.5
2007-09-01,Australia,1690.3
2007-10-01,Australia,1682.9
2007-11-01,Australia,1687.7
2007-12-01,Australia,1686.7
2008-01-01,Australia,1683.6
2008-02-01,Australia,1713.2
2008-03-01,Australia,1689.9
2008-04-01,Australia,1685.6
2008-05-01,Australia,1712.1
2008-06-01,Australia,1683.5
2008-07-01,Australia,1691.8
2008-08-01,Australia,1686.3
2008-09-01,Australia,1681.2
2008-10-01,Australia,1698.5
2008-11-01,Australia,1691.2
2008-12-01,Australia,1680.9
2009-01-01,Australia,1710.8
2009-02-01,Australia,1695.1
2009-03-01,Australia,1705.4
2009-04-01,Australia,1706.1
2009-05-01,Australia,1682.6
2009-06-01,Australia,1701.0
2009-07-01,Australia,1703.5
2009-08-01,Australia,1696.2
2009-09-01,Australia,1703.5
2009-10-01,Australia,1691.3
2009-11-01,Australia,1707.9
2009-12-01,Australia,1691.1
2010-01-01,Australia,1711.7
2010-02-01,Australia,1702.8
2010-03-01,Australia,1702.3
2010-04-01,Australia,1688.6
2010-05-01,Australia,1711.0
2010-06-01,Australia,1691.7
2010-07-01,Australia,1712.9
2010-08-01,Australia,1702.0
2010-09-01,Australia,1702.6
2010-10-01,Australia,1694.9
2010-11-01,Australia,1695.9
2010-12-01,Australia,1685.6
2011-01-01,Australia,1709.6
2011-02-01,Australia,1706.0
2011-03-01,Australia,1715.9
2011-04-01,Australia,1700.7
2011-05-01,Australia,1719.5
2011-06-01,Australia,1694.7
2011-07-01,Australia,1705.3
2011-08-01,Australia,1708.6
2011-09-01,Australia,1707.1
2011-10-01,Australia,1699.9
2011-11-01,Australia,1692.1
2011-12-01,Australia,1703.2
2012-01-01,Australia,1702.5
2012-02-01,Australia,1722.1
2012-03-01,Australia,1711.2
2012-04-01,Australia,1707.9
2012-05-01,Australia,1718.5
2012-06-01,Australia,1713.0
2012-07-01,Australia,1691.6
2012-08-01,Australia,1714.9
2012-09-01,Australia,1710.6
2012-10-01,Australia,1710.2
2012-11-01,Australia,1706.7
2012-12-01,Australia,1702.7
2013-01-01,Australia,1702.2
2013-02-01,Australia,1717.2
2013-03-01,Australia,1706.8
2013-04-01,Australia,1705.1
2013-05-01,Australia,1735.2
2013-06-01,Australia,1706.8
2013-07-01,Australia,1705.4
2013-08-01,Australia,1715.5
2013-09-01,Australia,1708.0
2013-10-01,Australia,1722.3
2013-11-01,Australia,1714.7
2013-12-01,Australia,1711.7
2014-01-01,Australia,1720.5
2014-02-01,Australia,1717.5
2014-03-01,Australia,1708.1
2014-04-01,Australia,1717.1
2014-05-01,Australia,1704.7
2014-06-01,Australia,1704.2
2014-07-01,Australia,1709.2
2014-08-01,Australia,1712.2
2014-09-01,Australia,1714.9
2014-10-01,Australia,1691.8
2014-11-01,Australia,1710.6
2014-12-01,Australia,1701.7
2015-01-01,Australia,1722.6
2015-02-01,Australia,1714.1
2015-03-01,Australia,1716.0
2015-04-01,Australia,1709.3
2015-05-01,Australia,1722.5
2015-06-01,Australia,1706.2
2015-07-01,Australia,1715.2
2015-08-01,Australia,1713.5
2015-09-01,Australia,1731.5
2015-10-01,Australia,1702.4
2015-11-01,Australia,1730.2
2015-12-01,Australia,1715.1
2016-01-01,Australia,1719.7
2016-02-01,Australia,1731.4
2016-03-01,Australia,1728.9
2016-04-01,Australia,1723.2
2016-05-01,Australia,1726.2
2016-06-01,Australia,1707.5
2016-07-01,Australia,1712.7
2016-08-01,Australia,1725.9
2016-09-01,Australia,1713.3
2016-10-01,Australia,1722.0
2016-11-01,Australia,1718.6
2016-12-01,Australia,1711.1
2017-01-01,Australia,1734.0
2017-02-01,Australia,1731.4
2017-03-01,Australia,1724.3
2017-04-01,Australia,1738.7
2017-05-01,Australia,1713.5
2017-06-01,Australia,1718.5
2017-07-01,Australia,1719.6
2017-08-01,Australia,1723.2
2017-09-01,Australia,1724.1
2017-10-01,Australia,1732.5
2017-11-01,Australia,1743.6
2017-12-01,Australia,1730.5
2018-01-01,Australia,1729.7
2018-02-01,Australia,1741.3
2018-03-01,Australia,1730.9
2018-04-01,Australia,1729.9
2018-05-01,Australia,1732.0
2018-06-01,Australia,1732.1
2018-07-01,Australia,1736.9
2018-08-01,Australia,1712.4
2018-09-01,Australia,1733.7
2018-10-01,Australia,1731.1
2018-11-01,Australia,1727.7
2018-12-01,Australia,1737.1
2019-01-01,Australia,1739.7
2019-02-01,Australia,1728.7
2019-03-01,Australia,1733.8
2019-04-01,Australia,1738.0
2019-05-01,Australia,1732.0
2019-06-01,Australia,1726.2
2019-07-01,Australia,1734.3
2019-08-01,Australia,1744.8
2019-09-01,Australia,1731.5
2019-10-01,Australia,1737.5
2019-11-01,Australia,1752.4
2019-12-01,Australia,1715.7
2020-01-01,Australia,1743.9
2020-02-01,Australia,1730.6
2020-03-01,Australia,1731.9
2020-04-01,Australia,1734.7
2020-05-01,Australia,1731.0
2020-06-01,Australia,1741.9
2020-07-01,Australia,1727.1
2020-08-01,Australia,1743.4
2020-09-01,Australia,1745.6
2020-10-01,Australia,1724.1
2020-11-01,Australia,1725.0
2020-12-01,Australia,1732.6
2021-01-01,Australia,1749.4
2021-02-01,Australia,1734.9
2021-03-01,Australia,1742.3
2021-04-01,Australia,1729.0
2021-05-01,Australia,1734.2
2021-06-01,Australia,1732.4
2021-07-01,Australia,1734.4
2021-08-01,Australia,1739.9
2021-09-01,Australia,1742.1
2021-10-01,Australia,1743.3
2021-11-01,Australia,1731.0
2021-12-01,Australia,1752.0
2022-01-01,Australia,1742.4
2022-02-01,Australia,1754.1
2022-03-01,Australia,1750.9
2022-04-01,Australia,1749.6
2022-05-01,Australia,1755.7
2022-06-01,Australia,1738.7
2022-07-01,Australia,1749.1
2022-08-01,Australia,1724.4
2022-09-01,Australia,1747.0
2022-10-01,Australia,1748.6
2022-11-01,Australia,1738.3
2022-12-01,Australia,1745.7
2023-01-01,Australia,1734.5
2023-02-01,Australia,1739.7
2023-03-01,Australia,1748.3
2023-04-01,Australia,1738.3
2023-05-01,Australia,1764.3
2023-06-01,Australia,1752.9
2023-07-01,Australia,1747.8
2023-08-01,Australia,1750.3
2023-09-01,Australia,1751.8
2023-10-01,Australia,1739.2
2023-11-01,Australia,1752.6
2023-12-01,Australia,1751.7
2024-01-01,Australia,1747.6
2024-02-01,Australia,1756.2
2024-03-01,Australia,1750.3
2024-04-01,Australia,1756.5
2024-05-01,Australia,1762.0
2024-06-01,Australia,1752.2
2024-07-01,Australia,1767.3
2024-08-01,Australia,1749.0
2024-09-01,Australia,1744.0
2024-10-01,Australia,1754.1
2024-11-01,Australia,1744.1
2024-12-01,Australia,1755.8
2025-01-01,Australia,1747.0
2025-02-01,Australia,1761.9
2025-03-01,Australia,1754.4
2025-04-01,Australia,1770.4
2025-05-01,Australia,1768.8
2025-06-01,Australia,1764.9
2025-07-01,Australia,1748.2
2025-08-01,Australia,1749.5
2025-09-01,Australia,1757.2
2025-10-01,Australia,1760.9
2025-11-01,Australia,1756.1
2025-12-01,Australia,1754.6
2026-01-01,Australia,1764.5
2026-02-01,Australia,1771.6
2026-03-01,Australia,1774.8
2026-04-01,Australia,1774.1
2026-05-01,Australia,1745.9
2000-01-01,Turkey,1621.1
2000-02-01,Turkey,1650.2
2000-03-01,Turkey,1653.5
2000-04-01,Turkey,1653.0
2000-05-01,Turkey,1652.8
2000-06-01,Turkey,1653.5
2000-07-01,Turkey,1645.2
2000-08-01,Turkey,1648.2
2000-09-01,Turkey,1650.6
2000-10-01,Turkey,1651.0
2000-11-01,Turkey,1642.9
2000-12-01,Turkey,1636.9
2001-01-01,Turkey,1636.6
2001-02-01,Turkey,1645.8
2001-03-01,Turkey,1639.0
2001-04-01,Turkey,1648.7
2001-05-01,Turkey,1655.5
2001-06-01,Turkey,1651.5
2001-07-01,Turkey,1648.5
2001-08-01,Turkey,1653.4
2001-09-01,Turkey,1641.2
2001-10-01,Turkey,1655.3
2001-11-01,Turkey,1650.8
2001-12-01,Turkey,1644.3
2002-01-01,Turkey,1659.4
2002-02-01,Turkey,1628.1
2002-03-01,Turkey,1653.0
2002-04-01,Turkey,1649.3
2002-05-01,Turkey,1646.9
2002-06-01,Turkey,1648.6
2002-07-01,Turkey,1657.0
2002-08-01,Turkey,1649.9
2002-09-01,Turkey,1662.8
2002-10-01,Turkey,1642.0
2002-11-01,Turkey,1653.9
2002-12-01,Turkey,1644.5
2003-01-01,Turkey,1668.1
2003-02-01,Turkey,1661.2
2003-03-01,Turkey,1648.2
2003-04-01,Turkey,1661.9
2003-05-01,Turkey,1666.4
2003-06-01,Turkey,1655.1
2003-07-01,Turkey,1656.4
2003-08-01,Turkey,1659.5
2003-09-01,Turkey,1656.5
2003-10-01,Turkey,1666.3
2003-11-01,Turkey,1658.6
2003-12-01,Turkey,1660.2
2004-01-01,Turkey,1665.4
2004-02-01,Turkey,1663.0
2004-03-01,Turkey,1661.1
2004-04-01,Turkey,1657.9
2004-05-01,Turkey,1663.2
2004-06-01,Turkey,1663.7
2004-07-01,Turkey,1663.7
2004-08-01,Turkey,1646.6
2004-09-01,Turkey,1664.8
2004-10-01,Turkey,1663.1
2004-11-01,Turkey,1665.8
2004-12-01,Turkey,1650.4
2005-01-01,Turkey,1663.7
2005-02-01,Turkey,1667.3
2005-03-01,Turkey,1665.6
2005-04-01,Turkey,1670.1
2005-05-01,Turkey,1663.7
2005-06-01,Turkey,1652.7
2005-07-01,Turkey,1642.9
2005-08-01,Turkey,1656.1
2005-09-01,Turkey,1656.9
2005-10-01,Turkey,1672.8
2005-11-01,Turkey,1673.4
2005-12-01,Turkey,1671.8
2006-01-01,Turkey,1667.6
2006-02-01,Turkey,1655.2
2006-03-01,Turkey,1664.1
2006-04-01,Turkey,1681.8
2006-05-01,Turkey,1660.1
2006-06-01,Turkey,1672.5
2006-07-01,Turkey,1668.0
2006-08-01,Turkey,1665.3
2006-09-01,Turkey,1666.4
2006-10-01,Turkey,1675.5
2006-11-01,Turkey,1655.1
2006-12-01,Turkey,1669.7
2007-01-01,Turkey,1655.2
2007-02-01,Turkey,1669.6
2007-03-01,Turkey,1676.9
2007-04-01,Turkey,1677.8
2007-05-01,Turkey,1675.2
2007-06-01,Turkey,1670.4
2007-07-01,Turkey,1676.4
2007-08-01,Turkey,1686.2
2007-09-01,Turkey,1676.1
2007-10-01,Turkey,1653.5
2007-11-01,Turkey,1674.7
2007-12-01,Turkey,1680.7
2008-01-01,Turkey,1677.2
2008-02-01,Turkey,1670.1
2008-03-01,Turkey,1685.8
2008-04-01,Turkey,1674.9
2008-05-01,Turkey,1665.8
2008-06-01,Turkey,1675.7
2008-07-01,Turkey,1683.0
2008-08-01,Turkey,1676.0
2008-09-01,Turkey,1670.8
2008-10-01,Turkey,1680.6
2008-11-01,Turkey,1681.1
2008-12-01,Turkey,1668.2
2009-01-01,Turkey,1676.8
2009-02-01,Turkey,1673.2
2009-03-01,Turkey,1681.2
2009-04-01,Turkey,1693.1
2009-05-01,Turkey,1691.2
2009-06-01,Turkey,1680.1
2009-07-01,Turkey,1667.1
2009-08-01,Turkey,1680.0
2009-09-01,Turkey,1677.8
2009-10-01,Turkey,1671.7
2009-11-01,Turkey,1687.5
2009-12-01,Turkey,1687.2
2010-01-01,Turkey,1683.9
2010-02-01,Turkey,1682.0
2010-03-01,Turkey,1675.9
2010-04-01,Turkey,1686.2
2010-05-01,Turkey,1689.1
2010-06-01,Turkey,1688.2
2010-07-01,Turkey,1685.0
2010-08-01,Turkey,1697.6
2010-09-01,Turkey,1686.8
2010-10-01,Turkey,1681.2
2010-11-01,Turkey,1678.8
2010-12-01,Turkey,1674.9
2011-01-01,Turkey,1704.5
2011-02-01,Turkey,1693.8
2011-03-01,Turkey,1697.8
2011-04-01,Turkey,1688.6
2011-05-01,Turkey,1689.5
2011-06-01,Turkey,1680.3
2011-07-01,Turkey,1685.0
2011-08-01,Turkey,1684.8
2011-09-01,Turkey,1679.3
2011-10-01,Turkey,1691.4
2011-11-01,Turkey,1716.4
2011-12-01,Turkey,1677.0
2012-01-01,Turkey,1695.5
2012-02-01,Turkey,1687.0
2012-03-01,Turkey,1693.4
2012-04-01,Turkey,1704.6
2012-05-01,Turkey,1677.5
2012-06-01,Turkey,1682.1
2012-07-01,Turkey,1688.7
2012-08-01,Turkey,1691.4
2012-09-01,Turkey,1685.9
2012-10-01,Turkey,1689.0
2012-11-01,Turkey,1698.5
2012-12-01,Turkey,1681.9
2013-01-01,Turkey,1690.1
2013-02-01,Turkey,1689.2
2013-03-01,Turkey,1704.4
2013-04-01,Turkey,1692.1
2013-05-01,Turkey,1690.5
2013-06-01,Turkey,1693.0
2013-07-01,Turkey,1695.3
2013-08-01,Turkey,1705.3
2013-09-01,Turkey,1698.5
2013-10-01,Turkey,1710.4
2013-11-01,Turkey,1690.9
2013-12-01,Turkey,1702.1
2014-01-01,Turkey,1710.2
2014-02-01,Turkey,1688.8
2014-03-01,Turkey,1687.6
2014-04-01,Turkey,1695.4
2014-05-01,Turkey,1713.4
2014-06-01,Turkey,1700.3
2014-07-01,Turkey,1701.3
2014-08-01,Turkey,1696.9
2014-09-01,Turkey,1702.7
2014-10-01,Turkey,1700.0
2014-11-01,Turkey,1687.9
2014-12-01,Turkey,1680.7
2015-01-01,Turkey,1712.9
2015-02-01,Turkey,1683.5
2015-03-01,Turkey,1698.7
2015-04-01,Turkey,1698.0
2015-05-01,Turkey,1700.9
2015-06-01,Turkey,1702.1
2015-07-01,Turkey,1713.6
2015-08-01,Turkey,1705.4
2015-09-01,Turkey,1713.2
2015-10-01,Turkey,1699.3
2015-11-01,Turkey,1701.3
2015-12-01,Turkey,1693.2
2016-01-01,Turkey,1703.1
2016-02-01,Turkey,1710.1
2016-03-01,Turkey,1690.2
2016-04-01,Turkey,1709.2
2016-05-01,Turkey,1696.1
2016-06-01,Turkey,1700.7
2016-07-01,Turkey,1714.8
2016-08-01,Turkey,1698.5
2016-09-01,Turkey,1699.9
2016-10-01,Turkey,1712.6
2016-11-01,Turkey,1707.4
2016-12-01,Turkey,1693.4
2017-01-01,Turkey,1707.6
2017-02-01,Turkey,1707.1
2017-03-01,Turkey,1710.3
2017-04-01,Turkey,1711.3
2017-05-01,Turkey,1705.3
2017-06-01,Turkey,1734.7
2017-07-01,Turkey,1707.5
2017-08-01,Turkey,1713.5
2017-09-01,Turkey,1694.7
2017-10-01,Turkey,1705.4
2017-11-01,Turkey,1710.6
2017-12-01,Turkey,1700.2
2018-01-01,Turkey,1710.9
2018-02-01,Turkey,1715.9
2018-03-01,Turkey,1703.1
2018-04-01,Turkey,1708.9
2018-05-01,Turkey,1714.4
2018-06-01,Turkey,1719.4
2018-07-01,Turkey,1719.3
2018-08-01,Turkey,1714.2
2018-09-01,Turkey,1712.9
2018-10-01,Turkey,1725.4
2018-11-01,Turkey,1728.1
2018-12-01,Turkey,1728.2
2019-01-01,Turkey,1719.8
2019-02-01,Turkey,1716.1
2019-03-01,Turkey,1718.7
2019-04-01,Turkey,1709.3
2019-05-01,Turkey,1713.1
2019-06-01,Turkey,1715.7
2019-07-01,Turkey,1720.8
2019-08-01,Turkey,1724.2
2019-09-01,Turkey,1729.5
2019-10-01,Turkey,1731.3
2019-11-01,Turkey,1715.1
2019-12-01,Turkey,1719.4
2020-01-01,Turkey,1732.1
2020-02-01,Turkey,1723.3
2020-03-01,Turkey,1713.1
2020-04-01,Turkey,1730.0
2020-05-01,Turkey,1717.7
2020-06-01,Turkey,1710.8
2020-07-01,Turkey,1715.5
2020-08-01,Turkey,1725.9
2020-09-01,Turkey,1723.8
2020-10-01,Turkey,1718.0
2020-11-01,Turkey,1741.6
2020-12-01,Turkey,1712.6
2021-01-01,Turkey,1721.0
2021-02-01,Turkey,1723.5
2021-03-01,Turkey,1714.9
2021-04-01,Turkey,1722.8
2021-05-01,Turkey,1713.1
2021-06-01,Turkey,1730.8
2021-07-01,Turkey,1727.5
2021-08-01,Turkey,1727.4
2021-09-01,Turkey,1736.1
2021-10-01,Turkey,1725.5
2021-11-01,Turkey,1712.7
2021-12-01,Turkey,1722.6
2022-01-01,Turkey,1735.8
2022-02-01,Turkey,1723.1
2022-03-01,Turkey,1730.7
2022-04-01,Turkey,1723.4
2022-05-01,Turkey,1722.9
2022-06-01,Turkey,1730.0
2022-07-01,Turkey,1738.0
2022-08-01,Turkey,1725.1
2022-09-01,Turkey,1739.9
2022-10-01,Turkey,1728.4
2022-11-01,Turkey,1725.8
2022-12-01,Turkey,1722.4
2023-01-01,Turkey,1734.1
2023-02-01,Turkey,1733.8
2023-03-01,Turkey,1730.3
2023-04-01,Turkey,1725.4
2023-05-01,Turkey,1715.9
2023-06-01,Turkey,1730.8
2023-07-01,Turkey,1733.2
2023-08-01,Turkey,1744.9
2023-09-01,Turkey,1733.6
2023-10-01,Turkey,1742.0
2023-11-01,Turkey,1728.4
2023-12-01,Turkey,1725.8
2024-01-01,Turkey,1712.4
2024-02-01,Turkey,1734.7
2024-03-01,Turkey,1745.6
2024-04-01,Turkey,1720.2
2024-05-01,Turkey,1736.5
2024-06-01,Turkey,1742.8
2024-07-01,Turkey,1727.7
2024-08-01,Turkey,1741.6
2024-09-01,Turkey,1731.3
2024-10-01,Turkey,1750.5
2024-11-01,Turkey,1727.7
2024-12-01,Turkey,1744.7
2025-01-01,Turkey,1723.9
2025-02-01,Turkey,1748.2
2025-03-01,Turkey,1739.4
2025-04-01,Turkey,1744.4
2025-05-01,Turkey,1728.2
2025-06-01,Turkey,1737.4
2025-07-01,Turkey,1747.1
2025-08-01,Turkey,1740.4
2025-09-01,Turkey,1735.4
2025-10-01,Turkey,1752.5
2025-11-01,Turkey,1741.4
2025-12-01,Turkey,1747.8
2026-01-01,Turkey,1732.8
2026-02-01,Turkey,1742.8
2026-03-01,Turkey,1738.3
2026-04-01,Turkey,1740.6
2026-05-01,Turkey,1763.4
2000-01-01,Nigeria,1636.1
2000-02-01,Nigeria,1629.2
2000-03-01,Nigeria,1627.2
2000-04-01,Nigeria,1618.6
2000-05-01,Nigeria,1620.9
2000-06-01,Nigeria,1635.2
2000-07-01,Nigeria,1628.2
2000-08-01,Nigeria,1626.2
2000-09-01,Nigeria,1610.7
2000-10-01,Nigeria,1628.2
2000-11-01,Nigeria,1651.0
2000-12-01,Nigeria,1635.0
2001-01-01,Nigeria,1630.0
2001-02-01,Nigeria,1635.2
2001-03-01,Nigeria,1628.5
2001-04-01,Nigeria,1648.6
2001-05-01,Nigeria,1641.2
2001-06-01,Nigeria,1636.0
2001-07-01,Nigeria,1628.5
2001-08-01,Nigeria,1639.5
2001-09-01,Nigeria,1637.3
2001-10-01,Nigeria,1638.2
2001-11-01,Nigeria,1638.3
2001-12-01,Nigeria,1633.1
2002-01-01,Nigeria,1624.6
2002-02-01,Nigeria,1638.8
2002-03-01,Nigeria,1633.6
2002-04-01,Nigeria,1626.9
2002-05-01,Nigeria,1623.5
2002-06-01,Nigeria,1635.9
2002-07-01,Nigeria,1627.6
2002-08-01,Nigeria,1623.8
2002-09-01,Nigeria,1644.8
2002-10-01,Nigeria,1646.6
2002-11-01,Nigeria,1643.9
2002-12-01,Nigeria,1647.0
2003-01-01,Nigeria,1631.4
2003-02-01,Nigeria,1640.1
2003-03-01,Nigeria,1641.5
2003-04-01,Nigeria,1644.3
2003-05-01,Nigeria,1642.0
2003-06-01,Nigeria,1628.3
2003-07-01,Nigeria,1636.6
2003-08-01,Nigeria,1642.2
2003-09-01,Nigeria,1638.1
2003-10-01,Nigeria,1646.9
2003-11-01,Nigeria,1645.1
2003-12-01,Nigeria,1655.4
2004-01-01,Nigeria,1649.7
2004-02-01,Nigeria,1654.8
2004-03-01,Nigeria,1639.2
2004-04-01,Nigeria,1657.2
2004-05-01,Nigeria,1655.7
2004-06-01,Nigeria,1643.4
2004-07-01,Nigeria,1642.1
2004-08-01,Nigeria,1643.0
2004-09-01,Nigeria,1632.9
2004-10-01,Nigeria,1638.0
2004-11-01,Nigeria,1649.3
2004-12-01,Nigeria,1655.1
2005-01-01,Nigeria,1656.0
2005-02-01,Nigeria,1641.3
2005-03-01,Nigeria,1658.9
2005-04-01,Nigeria,1657.1
2005-05-01,Nigeria,1651.4
2005-06-01,Nigeria,1659.4
2005-07-01,Nigeria,1668.4
2005-08-01,Nigeria,1647.6
2005-09-01,Nigeria,1646.3
2005-10-01,Nigeria,1644.8
2005-11-01,Nigeria,1646.2
2005-12-01,Nigeria,1656.0
2006-01-01,Nigeria,1641.1
2006-02-01,Nigeria,1641.0
2006-03-01,Nigeria,1656.4
2006-04-01,Nigeria,1651.7
2006-05-01,Nigeria,1661.8
2006-06-01,Nigeria,1642.1
2006-07-01,Nigeria,1649.5
2006-08-01,Nigeria,1651.3
2006-09-01,Nigeria,1658.8
2006-10-01,Nigeria,1651.9
2006-11-01,Nigeria,1646.3
2006-12-01,Nigeria,1656.3
2007-01-01,Nigeria,1657.0
2007-02-01,Nigeria,1652.8
2007-03-01,Nigeria,1646.8
2007-04-01,Nigeria,1664.4
2007-05-01,Nigeria,1654.4
2007-06-01,Nigeria,1656.9
2007-07-01,Nigeria,1661.5
2007-08-01,Nigeria,1649.1
2007-09-01,Nigeria,1662.0
2007-10-01,Nigeria,1662.8
2007-11-01,Nigeria,1651.2
2007-12-01,Nigeria,1653.3
2008-01-01,Nigeria,1654.1
2008-02-01,Nigeria,1658.5
2008-03-01,Nigeria,1665.2
2008-04-01,Nigeria,1650.3
2008-05-01,Nigeria,1660.8
2008-06-01,Nigeria,1662.6
2008-07-01,Nigeria,1664.6
2008-08-01,Nigeria,1650.9
2008-09-01,Nigeria,1656.2
2008-10-01,Nigeria,1660.1
2008-11-01,Nigeria,1654.3
2008-12-01,Nigeria,1648.0
2009-01-01,Nigeria,1673.9
2009-02-01,Nigeria,1661.9
2009-03-01,Nigeria,1662.4
2009-04-01,Nigeria,1664.8
2009-05-01,Nigeria,1674.7
2009-06-01,Nigeria,1671.8
2009-07-01,Nigeria,1667.2
2009-08-01,Nigeria,1650.1
2009-09-01,Nigeria,1678.2
2009-10-01,Nigeria,1664.6
2009-11-01,Nigeria,1648.7
2009-12-01,Nigeria,1671.7
2010-01-01,Nigeria,1660.5
2010-02-01,Nigeria,1662.6
2010-03-01,Nigeria,1661.8
2010-04-01,Nigeria,1648.2
2010-05-01,Nigeria,1665.4
2010-06-01,Nigeria,1676.2
2010-07-01,Nigeria,1668.1
2010-08-01,Nigeria,1664.1
2010-09-01,Nigeria,1663.2
2010-10-01,Nigeria,1665.2
2010-11-01,Nigeria,1658.6
2010-12-01,Nigeria,1671.9
2011-01-01,Nigeria,1678.8
2011-02-01,Nigeria,1679.3
2011-03-01,Nigeria,1677.8
2011-04-01,Nigeria,1676.0
2011-05-01,Nigeria,1669.8
2011-06-01,Nigeria,1676.8
2011-07-01,Nigeria,1674.6
2011-08-01,Nigeria,1659.7
2011-09-01,Nigeria,1667.9
2011-10-01,Nigeria,1675.7
2011-11-01,Nigeria,1674.6
2011-12-01,Nigeria,1667.2
2012-01-01,Nigeria,1673.8
2012-02-01,Nigeria,1673.3
2012-03-01,Nigeria,1676.4
2012-04-01,Nigeria,1684.0
2012-05-01,Nigeria,1689.5
2012-06-01,Nigeria,1679.4
2012-07-01,Nigeria,1658.8
2012-08-01,Nigeria,1668.1
2012-09-01,Nigeria,1675.6
2012-10-01,Nigeria,1686.4
2012-11-01,Nigeria,1687.7
2012-12-01,Nigeria,1686.2
2013-01-01,Nigeria,1675.6
2013-02-01,Nigeria,1678.0
2013-03-01,Nigeria,1687.9
2013-04-01,Nigeria,1661.5
2013-05-01,Nigeria,1674.8
2013-06-01,Nigeria,1692.4
2013-07-01,Nigeria,1683.1
2013-08-01,Nigeria,1679.2
2013-09-01,Nigeria,1681.9
2013-10-01,Nigeria,1696.4
2013-11-01,Nigeria,1683.2
2013-12-01,Nigeria,1687.7
2014-01-01,Nigeria,1692.5
2014-02-01,Nigeria,1705.7
2014-03-01,Nigeria,1683.8
2014-04-01,Nigeria,1687.5
2014-05-01,Nigeria,1689.7
2014-06-01,Nigeria,1676.2
2014-07-01,Nigeria,1698.2
2014-08-01,Nigeria,1681.7
2014-09-01,Nigeria,1676.7
2014-10-01,Nigeria,1686.0
2014-11-01,Nigeria,1673.4
2014-12-01,Nigeria,1681.0
2015-01-01,Nigeria,1690.9
2015-02-01,Nigeria,1674.2
2015-03-01,Nigeria,1689.4
2015-04-01,Nigeria,1678.2
2015-05-01,Nigeria,1688.8
2015-06-01,Nigeria,1689.2
2015-07-01,Nigeria,1687.4
2015-08-01,Nigeria,1687.3
2015-09-01,Nigeria,1697.4
2015-10-01,Nigeria,1671.9
2015-11-01,Nigeria,1686.6
2015-12-01,Nigeria,1692.2
2016-01-01,Nigeria,1705.9
2016-02-01,Nigeria,1686.9
2016-03-01,Nigeria,1691.6
2016-04-01,Nigeria,1703.0
2016-05-01,Nigeria,1690.0
2016-06-01,Nigeria,1700.2
2016-07-01,Nigeria,1698.4
2016-08-01,Nigeria,1702.4
2016-09-01,Nigeria,1686.7
2016-10-01,Nigeria,1687.3
2016-11-01,Nigeria,1677.6
2016-12-01,Nigeria,1687.0
2017-01-01,Nigeria,1697.7
2017-02-01,Nigeria,1704.9
2017-03-01,Nigeria,1697.4
2017-04-01,Nigeria,1699.4
2017-05-01,Nigeria,1687.4
2017-06-01,Nigeria,1679.2
2017-07-01,Nigeria,1705.6
2017-08-01,Nigeria,1700.8
2017-09-01,Nigeria,1702.5
2017-10-01,Nigeria,1682.9
2017-11-01,Nigeria,1689.7
2017-12-01,Nigeria,1687.9
2018-01-01,Nigeria,1696.3
2018-02-01,Nigeria,1704.5
2018-03-01,Nigeria,1706.4
2018-04-01,Nigeria,1704.1
2018-05-01,Nigeria,1693.9
2018-06-01,Nigeria,1698.7
2018-07-01,Nigeria,1702.7
2018-08-01,Nigeria,1689.0
2018-09-01,Nigeria,1695.8
2018-10-01,Nigeria,1698.4
2018-11-01,Nigeria,1701.3
2018-12-01,Nigeria,1702.3
2019-01-01,Nigeria,1690.2
2019-02-01,Nigeria,1692.7
2019-03-01,Nigeria,1693.2
2019-04-01,Nigeria,1708.9
2019-05-01,Nigeria,1695.6
2019-06-01,Nigeria,1698.0
2019-07-01,Nigeria,1689.2
2019-08-01,Nigeria,1708.6
2019-09-01,Nigeria,1702.5
2019-10-01,Nigeria,1718.1
2019-11-01,Nigeria,1680.1
2019-12-01,Nigeria,1692.3
2020-01-01,Nigeria,1710.0
2020-02-01,Nigeria,1721.2
2020-03-01,Nigeria,1696.7
2020-04-01,Nigeria,1690.5
2020-05-01,Nigeria,1706.1
2020-06-01,Nigeria,1701.1
2020-07-01,Nigeria,1708.9
2020-08-01,Nigeria,1720.6
2020-09-01,Nigeria,1702.6
2020-10-01,Nigeria,1704.8
2020-11-01,Nigeria,1704.4
2020-12-01,Nigeria,1711.3
2021-01-01,Nigeria,1709.7
2021-02-01,Nigeria,1703.1
2021-03-01,Nigeria,1719.2
2021-04-01,Nigeria,1699.9
2021-05-01,Nigeria,1706.9
2021-06-01,Nigeria,1708.5
2021-07-01,Nigeria,1699.5
2021-08-01,Nigeria,1719.5
2021-09-01,Nigeria,1705.4
2021-10-01,Nigeria,1702.6
2021-11-01,Nigeria,1722.8
2021-12-01,Nigeria,1712.5
2022-01-01,Nigeria,1708.9
2022-02-01,Nigeria,1713.5
2022-03-01,Nigeria,1715.6
2022-04-01,Nigeria,1715.3
2022-05-01,Nigeria,1717.5
2022-06-01,Nigeria,1715.3
2022-07-01,Nigeria,1728.1
2022-08-01,Nigeria,1717.7
2022-09-01,Nigeria,1717.8
2022-10-01,Nigeria,1705.8
2022-11-01,Nigeria,1714.5
2022-12-01,Nigeria,1702.8
2023-01-01,Nigeria,1724.1
2023-02-01,Nigeria,1720.2
2023-03-01,Nigeria,1719.8
2023-04-01,Nigeria,1725.8
2023-05-01,Nigeria,1728.2
2023-06-01,Nigeria,1705.0
2023-07-01,Nigeria,1714.5
2023-08-01,Nigeria,1719.2
2023-09-01,Nigeria,1709.4
2023-10-01,Nigeria,1722.2
2023-11-01,Nigeria,1723.4
2023-12-01,Nigeria,1715.4
2024-01-01,Nigeria,1727.6
2024-02-01,Nigeria,1722.2
2024-03-01,Nigeria,1714.0
2024-04-01,Nigeria,1721.0
2024-05-01,Nigeria,1709.7
2024-06-01,Nigeria,1722.2
2024-07-01,Nigeria,1727.5
2024-08-01,Nigeria,1727.5
2024-09-01,Nigeria,1720.3
2024-10-01,Nigeria,1720.1
2024-11-01,Nigeria,1729.3
2024-12-01,Nigeria,1717.0
2025-01-01,Nigeria,1718.5
2025-02-01,Nigeria,1739.1
2025-03-01,Nigeria,1721.0
2025-04-01,Nigeria,1716.8
2025-05-01,Nigeria,1729.5
2025-06-01,Nigeria,1718.0
2025-07-01,Nigeria,1734.7
2025-08-01,Nigeria,1722.4
2025-09-01,Nigeria,1722.9
2025-10-01,Nigeria,1729.8
2025-11-01,Nigeria,1739.3
2025-12-01,Nigeria,1728.8
2026-01-01,Nigeria,1732.3
2026-02-01,Nigeria,1729.8
2026-03-01,Nigeria,1745.4
2026-04-01,Nigeria,1734.1
2026-05-01,Nigeria,1722.0
2000-01-01,Iran,1610.5
2000-02-01,Iran,1624.3
2000-03-01,Iran,1622.9
2000-04-01,Iran,1617.9
2000-05-01,Iran,1608.4
2000-06-01,Iran,1622.4
2000-07-01,Iran,1615.1
2000-08-01,Iran,1613.3
2000-09-01,Iran,1628.2
2000-10-01,Iran,1617.2
2000-11-01,Iran,1614.3
2000-12-01,Iran,1619.3
2001-01-01,Iran,1621.9
2001-02-01,Iran,1628.9
2001-03-01,Iran,1622.7
2001-04-01,Iran,1621.2
2001-05-01,Iran,1634.4
2001-06-01,Iran,1627.5
2001-07-01,Iran,1630.5
2001-08-01,Iran,1630.4
2001-09-01,Iran,1621.0
2001-10-01,Iran,1623.3
2001-11-01,Iran,1624.2
2001-12-01,Iran,1637.8
2002-01-01,Iran,1613.7
2002-02-01,Iran,1626.5
2002-03-01,Iran,1629.0
2002-04-01,Iran,1617.3
2002-05-01,Iran,1613.7
2002-06-01,Iran,1622.9
2002-07-01,Iran,1630.2
2002-08-01,Iran,1633.6
2002-09-01,Iran,1637.4
2002-10-01,Iran,1630.5
2002-11-01,Iran,1623.8
2002-12-01,Iran,1627.6
2003-01-01,Iran,1627.5
2003-02-01,Iran,1634.4
2003-03-01,Iran,1628.6
2003-04-01,Iran,1630.4
2003-05-01,Iran,1636.3
2003-06-01,Iran,1625.1
2003-07-01,Iran,1639.9
2003-08-01,Iran,1621.6
2003-09-01,Iran,1633.6
2003-10-01,Iran,1625.1
2003-11-01,Iran,1641.4
2003-12-01,Iran,1630.0
2004-01-01,Iran,1635.7
2004-02-01,Iran,1633.6
2004-03-01,Iran,1638.6
2004-04-01,Iran,1634.0
2004-05-01,Iran,1623.3
2004-06-01,Iran,1633.4
2004-07-01,Iran,1642.7
2004-08-01,Iran,1636.0
2004-09-01,Iran,1620.5
2004-10-01,Iran,1636.4
2004-11-01,Iran,1635.3
2004-12-01,Iran,1640.4
2005-01-01,Iran,1646.0
2005-02-01,Iran,1633.1
2005-03-01,Iran,1637.4
2005-04-01,Iran,1632.0
2005-05-01,Iran,1638.2
2005-06-01,Iran,1635.4
2005-07-01,Iran,1637.6
2005-08-01,Iran,1636.1
2005-09-01,Iran,1643.7
2005-10-01,Iran,1653.5
2005-11-01,Iran,1636.7
2005-12-01,Iran,1644.2
2006-01-01,Iran,1638.6
2006-02-01,Iran,1615.8
2006-03-01,Iran,1644.4
2006-04-01,Iran,1644.5
2006-05-01,Iran,1657.5
2006-06-01,Iran,1647.6
2006-07-01,Iran,1640.2
2006-08-01,Iran,1629.1
2006-09-01,Iran,1645.1
2006-10-01,Iran,1650.3
2006-11-01,Iran,1663.7
2006-12-01,Iran,1643.9
2007-01-01,Iran,1653.0
2007-02-01,Iran,1647.3
2007-03-01,Iran,1652.2
2007-04-01,Iran,1649.4
2007-05-01,Iran,1636.4
2007-06-01,Iran,1647.2
2007-07-01,Iran,1644.8
2007-08-01,Iran,1648.3
2007-09-01,Iran,1653.8
2007-10-01,Iran,1653.4
2007-11-01,Iran,1643.7
2007-12-01,Iran,1648.3
2008-01-01,Iran,1645.2
2008-02-01,Iran,1641.1
2008-03-01,Iran,1645.8
2008-04-01,Iran,1648.9
2008-05-01,Iran,1654.0
2008-06-01,Iran,1673.6
2008-07-01,Iran,1654.1
2008-08-01,Iran,1641.9
2008-09-01,Iran,1652.3
2008-10-01,Iran,1649.2
2008-11-01,Iran,1660.8
2008-12-01,Iran,1646.0
2009-01-01,Iran,1657.5
2009-02-01,Iran,1663.4
2009-03-01,Iran,1654.1
2009-04-01,Iran,1649.6
2009-05-01,Iran,1661.8
2009-06-01,Iran,1652.8
2009-07-01,Iran,1667.6
2009-08-01,Iran,1653.6
2009-09-01,Iran,1653.7
2009-10-01,Iran,1659.4
2009-11-01,Iran,1656.4
2009-12-01,Iran,1645.4
2010-01-01,Iran,1653.5
2010-02-01,Iran,1653.7
2010-03-01,Iran,1647.7
2010-04-01,Iran,1652.2
2010-05-01,Iran,1660.4
2010-06-01,Iran,1663.7
2010-07-01,Iran,1657.5
2010-08-01,Iran,1665.4
2010-09-01,Iran,1651.8
2010-10-01,Iran,1673.3
2010-11-01,Iran,1668.8
2010-12-01,Iran,1664.3
2011-01-01,Iran,1665.1
2011-02-01,Iran,1648.7
2011-03-01,Iran,1674.0
2011-04-01,Iran,1656.4
2011-05-01,Iran,1661.2
2011-06-01,Iran,1658.4
2011-07-01,Iran,1660.9
2011-08-01,Iran,1662.2
2011-09-01,Iran,1679.9
2011-10-01,Iran,1660.9
2011-11-01,Iran,1661.1
2011-12-01,Iran,1667.0
2012-01-01,Iran,1668.3
2012-02-01,Iran,1671.7
2012-03-01,Iran,1678.2
2012-04-01,Iran,1663.2
2012-05-01,Iran,1676.7
2012-06-01,Iran,1666.3
2012-07-01,Iran,1661.4
2012-08-01,Iran,1659.7
2012-09-01,Iran,1670.8
2012-10-01,Iran,1669.5
2012-11-01,Iran,1664.7
2012-12-01,Iran,1669.9
2013-01-01,Iran,1665.9
2013-02-01,Iran,1683.2
2013-03-01,Iran,1664.8
2013-04-01,Iran,1670.3
2013-05-01,Iran,1655.3
2013-06-01,Iran,1681.2
2013-07-01,Iran,1681.5
2013-08-01,Iran,1668.5
2013-09-01,Iran,1669.8
2013-10-01,Iran,1659.5
2013-11-01,Iran,1666.3
2013-12-01,Iran,1670.0
2014-01-01,Iran,1672.7
2014-02-01,Iran,1658.5
2014-03-01,Iran,1673.7
2014-04-01,Iran,1669.7
2014-05-01,Iran,1663.7
2014-06-01,Iran,1664.5
2014-07-01,Iran,1664.4
2014-08-01,Iran,1678.8
2014-09-01,Iran,1688.5
2014-10-01,Iran,1700.9
2014-11-01,Iran,1669.1
2014-12-01,Iran,1661.0
2015-01-01,Iran,1672.6
2015-02-01,Iran,1668.5
2015-03-01,Iran,1657.3
2015-04-01,Iran,1681.5
2015-05-01,Iran,1672.3
2015-06-01,Iran,1677.4
2015-07-01,Iran,1676.7
2015-08-01,Iran,1672.8
2015-09-01,Iran,1657.0
2015-10-01,Iran,1669.0
2015-11-01,Iran,1666.6
2015-12-01,Iran,1669.6
2016-01-01,Iran,1676.1
2016-02-01,Iran,1683.8
2016-03-01,Iran,1679.1
2016-04-01,Iran,1675.5
2016-05-01,Iran,1680.7
2016-06-01,Iran,1680.6
2016-07-01,Iran,1690.6
2016-08-01,Iran,1703.6
2016-09-01,Iran,1667.1
2016-10-01,Iran,1685.9
2016-11-01,Iran,1667.5
2016-12-01,Iran,1685.5
2017-01-01,Iran,1670.2
2017-02-01,Iran,1681.7
2017-03-01,Iran,1676.7
2017-04-01,Iran,1684.9
2017-05-01,Iran,1678.4
2017-06-01,Iran,1684.0
2017-07-01,Iran,1682.5
2017-08-01,Iran,1691.3
2017-09-01,Iran,1683.1
2017-10-01,Iran,1699.9
2017-11-01,Iran,1681.2
2017-12-01,Iran,1688.2
2018-01-01,Iran,1678.0
2018-02-01,Iran,1687.8
2018-03-01,Iran,1683.6
2018-04-01,Iran,1695.1
2018-05-01,Iran,1692.0
2018-06-01,Iran,1689.3
2018-07-01,Iran,1682.8
2018-08-01,Iran,1694.7
2018-09-01,Iran,1692.1
2018-10-01,Iran,1700.4
2018-11-01,Iran,1661.2
2018-12-01,Iran,1694.0
2019-01-01,Iran,1696.4
2019-02-01,Iran,1691.8
2019-03-01,Iran,1700.6
2019-04-01,Iran,1698.1
2019-05-01,Iran,1687.9
2019-06-01,Iran,1682.5
2019-07-01,Iran,1696.5
2019-08-01,Iran,1698.8
2019-09-01,Iran,1681.8
2019-10-01,Iran,1691.6
2019-11-01,Iran,1685.1
2019-12-01,Iran,1700.2
2020-01-01,Iran,1702.5
2020-02-01,Iran,1694.4
2020-03-01,Iran,1693.3
2020-04-01,Iran,1700.6
2020-05-01,Iran,1696.9
2020-06-01,Iran,1693.2
2020-07-01,Iran,1680.9
2020-08-01,Iran,1689.1
2020-09-01,Iran,1706.2
2020-10-01,Iran,1710.0
2020-11-01,Iran,1693.8
2020-12-01,Iran,1698.5
2021-01-01,Iran,1698.6
2021-02-01,Iran,1696.1
2021-03-01,Iran,1695.7
2021-04-01,Iran,1687.2
2021-05-01,Iran,1700.5
2021-06-01,Iran,1703.1
2021-07-01,Iran,1697.7
2021-08-01,Iran,1709.4
2021-09-01,Iran,1692.8
2021-10-01,Iran,1694.0
2021-11-01,Iran,1690.3
2021-12-01,Iran,1713.0
2022-01-01,Iran,1697.9
2022-02-01,Iran,1703.6
2022-03-01,Iran,1697.2
2022-04-01,Iran,1711.0
2022-05-01,Iran,1710.2
2022-06-01,Iran,1704.8
2022-07-01,Iran,1704.6
2022-08-01,Iran,1706.8
2022-09-01,Iran,1706.6
2022-10-01,Iran,1710.9
2022-11-01,Iran,1695.9
2022-12-01,Iran,1711.6
2023-01-01,Iran,1701.1
2023-02-01,Iran,1708.4
2023-03-01,Iran,1701.8
2023-04-01,Iran,1708.0
2023-05-01,Iran,1710.1
2023-06-01,Iran,1714.3
2023-07-01,Iran,1718.8
2023-08-01,Iran,1710.1
2023-09-01,Iran,1699.3
2023-10-01,Iran,1702.7
2023-11-01,Iran,1701.7
2023-12-01,Iran,1715.7
2024-01-01,Iran,1695.2
2024-02-01,Iran,1711.4
2024-03-01,Iran,1711.4
2024-04-01,Iran,1720.1
2024-05-01,Iran,1709.4
2024-06-01,Iran,1708.1
2024-07-01,Iran,1718.0
2024-08-01,Iran,1715.3
2024-09-01,Iran,1723.4
2024-10-01,Iran,1710.1
2024-11-01,Iran,1708.2
2024-12-01,Iran,1706.8
2025-01-01,Iran,1720.5
2025-02-01,Iran,1727.9
2025-03-01,Iran,1702.2
2025-04-01,Iran,1720.0
2025-05-01,Iran,1715.2
2025-06-01,Iran,1716.5
2025-07-01,Iran,1726.6
2025-08-01,Iran,1723.7
2025-09-01,Iran,1724.5
2025-10-01,Iran,1719.4
2025-11-01,Iran,1718.2
2025-12-01,Iran,1721.4
2026-01-01,Iran,1740.0
2026-02-01,Iran,1720.8
2026-03-01,Iran,1722.2
2026-04-01,Iran,1714.6
2026-05-01,Iran,1706.3
2000-01-01,Canada,1609.8
2000-02-01,Canada,1598.3
2000-03-01,Canada,1605.1
2000-04-01,Canada,1602.4
2000-05-01,Canada,1611.7
2000-06-01,Canada,1597.5
2000-07-01,Canada,1589.1
2000-08-01,Canada,1610.8
2000-09-01,Canada,1602.3
2000-10-01,Canada,1601.0
2000-11-01,Canada,1582.9
2000-12-01,Canada,1604.6
2001-01-01,Canada,1589.7
2001-02-01,Canada,1611.0
2001-03-01,Canada,1601.3
2001-04-01,Canada,1608.0
2001-05-01,Canada,1604.0
2001-06-01,Canada,1601.1
2001-07-01,Canada,1597.5
2001-08-01,Canada,1587.4
2001-09-01,Canada,1602.2
2001-10-01,Canada,1605.9
2001-11-01,Canada,1607.0
2001-12-01,Canada,1610.1
2002-01-01,Canada,1610.8
2002-02-01,Canada,1623.4
2002-03-01,Canada,1603.6
2002-04-01,Canada,1621.8
2002-05-01,Canada,1609.1
2002-06-01,Canada,1612.7
2002-07-01,Canada,1615.4
2002-08-01,Canada,1580.5
2002-09-01,Canada,1621.0
2002-10-01,Canada,1611.9
2002-11-01,Canada,1602.0
2002-12-01,Canada,1603.9
2003-01-01,Canada,1618.1
2003-02-01,Canada,1608.8
2003-03-01,Canada,1606.2
2003-04-01,Canada,1610.0
2003-05-01,Canada,1604.3
2003-06-01,Canada,1601.5
2003-07-01,Canada,1611.0
2003-08-01,Canada,1590.3
2003-09-01,Canada,1615.0
2003-10-01,Canada,1603.0
2003-11-01,Canada,1627.6
2003-12-01,Canada,1615.8
2004-01-01,Canada,1622.2
2004-02-01,Canada,1603.3
2004-03-01,Canada,1623.2
2004-04-01,Canada,1601.6
2004-05-01,Canada,1612.7
2004-06-01,Canada,1601.9
2004-07-01,Canada,1613.3
2004-08-01,Canada,1617.9
2004-09-01,Canada,1613.1
2004-10-01,Canada,1609.2
2004-11-01,Canada,1620.8
2004-12-01,Canada,1615.3
2005-01-01,Canada,1618.0
2005-02-01,Canada,1621.7
2005-03-01,Canada,1610.2
2005-04-01,Canada,1626.0
2005-05-01,Canada,1626.1
2005-06-01,Canada,1616.0
2005-07-01,Canada,1621.5
2005-08-01,Canada,1620.6
2005-09-01,Canada,1627.7
2005-10-01,Canada,1639.5
2005-11-01,Canada,1630.3
2005-12-01,Canada,1609.6
2006-01-01,Canada,1630.0
2006-02-01,Canada,1645.2
2006-03-01,Canada,1615.1
2006-04-01,Canada,1634.6
2006-05-01,Canada,1628.5
2006-06-01,Canada,1624.8
2006-07-01,Canada,1625.3
2006-08-01,Canada,1620.3
2006-09-01,Canada,1611.2
2006-10-01,Canada,1631.2
2006-11-01,Canada,1609.4
2006-12-01,Canada,1621.4
2007-01-01,Canada,1627.1
2007-02-01,Canada,1624.2
2007-03-01,Canada,1628.6
2007-04-01,Canada,1642.4
2007-05-01,Canada,1628.8
2007-06-01,Canada,1629.2
2007-07-01,Canada,1634.9
2007-08-01,Canada,1631.0
2007-09-01,Canada,1628.0
2007-10-01,Canada,1624.3
2007-11-01,Canada,1627.8
2007-12-01,Canada,1631.4
2008-01-01,Canada,1635.2
2008-02-01,Canada,1623.0
2008-03-01,Canada,1619.5
2008-04-01,Canada,1635.0
2008-05-01,Canada,1624.5
2008-06-01,Canada,1631.6
2008-07-01,Canada,1628.9
2008-08-01,Canada,1627.0
2008-09-01,Canada,1635.1
2008-10-01,Canada,1631.5
2008-11-01,Canada,1640.6
2008-12-01,Canada,1637.1
2009-01-01,Canada,1627.6
2009-02-01,Canada,1631.2
2009-03-01,Canada,1632.6
2009-04-01,Canada,1629.5
2009-05-01,Canada,1644.0
2009-06-01,Canada,1630.8
2009-07-01,Canada,1634.5
2009-08-01,Canada,1637.7
2009-09-01,Canada,1625.5
2009-10-01,Canada,1634.8
2009-11-01,Canada,1647.6
2009-12-01,Canada,1635.1
2010-01-01,Canada,1635.9
2010-02-01,Canada,1645.0
2010-03-01,Canada,1644.8
2010-04-01,Canada,1619.9
2010-05-01,Canada,1637.4
2010-06-01,Canada,1641.5
2010-07-01,Canada,1645.2
2010-08-01,Canada,1647.8
2010-09-01,Canada,1636.3
2010-10-01,Canada,1638.7
2010-11-01,Canada,1633.2
2010-12-01,Canada,1648.2
2011-01-01,Canada,1625.2
2011-02-01,Canada,1631.1
2011-03-01,Canada,1655.0
2011-04-01,Canada,1641.9
2011-05-01,Canada,1638.8
2011-06-01,Canada,1650.3
2011-07-01,Canada,1628.8
2011-08-01,Canada,1644.1
2011-09-01,Canada,1648.1
2011-10-01,Canada,1642.9
2011-11-01,Canada,1615.3
2011-12-01,Canada,1639.3
2012-01-01,Canada,1638.3
2012-02-01,Canada,1660.7
2012-03-01,Canada,1654.9
2012-04-01,Canada,1643.8
2012-05-01,Canada,1631.7
2012-06-01,Canada,1646.1
2012-07-01,Canada,1636.7
2012-08-01,Canada,1650.2
2012-09-01,Canada,1648.7
2012-10-01,Canada,1643.1
2012-11-01,Canada,1649.0
2012-12-01,Canada,1666.8
2013-01-01,Canada,1636.8
2013-02-01,Canada,1640.8
2013-03-01,Canada,1652.1
2013-04-01,Canada,1643.3
2013-05-01,Canada,1653.1
2013-06-01,Canada,1639.6
2013-07-01,Canada,1650.4
2013-08-01,Canada,1649.8
2013-09-01,Canada,1655.2
2013-10-01,Canada,1648.4
2013-11-01,Canada,1658.1
2013-12-01,Canada,1642.0
2014-01-01,Canada,1656.5
2014-02-01,Canada,1639.7
2014-03-01,Canada,1635.7
2014-04-01,Canada,1642.8
2014-05-01,Canada,1670.2
2014-06-01,Canada,1665.6
2014-07-01,Canada,1656.8
2014-08-01,Canada,1647.2
2014-09-01,Canada,1661.0
2014-10-01,Canada,1640.9
2014-11-01,Canada,1637.7
2014-12-01,Canada,1652.7
2015-01-01,Canada,1657.3
2015-02-01,Canada,1661.4
2015-03-01,Canada,1652.4
2015-04-01,Canada,1652.8
2015-05-01,Canada,1672.0
2015-06-01,Canada,1656.3
2015-07-01,Canada,1653.3
2015-08-01,Canada,1660.7
2015-09-01,Canada,1653.7
2015-10-01,Canada,1672.0
2015-11-01,Canada,1660.4
2015-12-01,Canada,1654.8
2016-01-01,Canada,1655.0
2016-02-01,Canada,1645.7
2016-03-01,Canada,1663.3
2016-04-01,Canada,1654.9
2016-05-01,Canada,1647.2
2016-06-01,Canada,1651.9
2016-07-01,Canada,1671.8
2016-08-01,Canada,1659.8
2016-09-01,Canada,1663.1
2016-10-01,Canada,1663.3
2016-11-01,Canada,1676.6
2016-12-01,Canada,1656.0
2017-01-01,Canada,1664.4
2017-02-01,Canada,1673.2
2017-03-01,Canada,1665.4
2017-04-01,Canada,1667.9
2017-05-01,Canada,1664.1
2017-06-01,Canada,1659.0
2017-07-01,Canada,1674.4
2017-08-01,Canada,1663.3
2017-09-01,Canada,1669.1
2017-10-01,Canada,1667.7
2017-11-01,Canada,1635.9
2017-12-01,Canada,1664.6
2018-01-01,Canada,1669.7
2018-02-01,Canada,1650.7
2018-03-01,Canada,1658.6
2018-04-01,Canada,1667.2
2018-05-01,Canada,1665.3
2018-06-01,Canada,1676.5
2018-07-01,Canada,1681.4
2018-08-01,Canada,1664.3
2018-09-01,Canada,1662.1
2018-10-01,Canada,1668.7
2018-11-01,Canada,1677.6
2018-12-01,Canada,1669.1
2019-01-01,Canada,1681.6
2019-02-01,Canada,1681.7
2019-03-01,Canada,1677.8
2019-04-01,Canada,1672.6
2019-05-01,Canada,1664.4
2019-06-01,Canada,1674.5
2019-07-01,Canada,1668.3
2019-08-01,Canada,1686.9
2019-09-01,Canada,1681.9
2019-10-01,Canada,1671.9
2019-11-01,Canada,1672.2
2019-12-01,Canada,1661.5
2020-01-01,Canada,1673.1
2020-02-01,Canada,1693.4
2020-03-01,Canada,1680.1
2020-04-01,Canada,1676.1
2020-05-01,Canada,1680.3
2020-06-01,Canada,1674.7
2020-07-01,Canada,1676.6
2020-08-01,Canada,1676.8
2020-09-01,Canada,1690.8
2020-10-01,Canada,1659.1
2020-11-01,Canada,1671.1
2020-12-01,Canada,1658.5
2021-01-01,Canada,1677.2
2021-02-01,Canada,1679.9
2021-03-01,Canada,1685.6
2021-04-01,Canada,1671.4
2021-05-01,Canada,1673.8
2021-06-01,Canada,1686.0
2021-07-01,Canada,1684.6
2021-08-01,Canada,1678.3
2021-09-01,Canada,1661.9
2021-10-01,Canada,1680.5
2021-11-01,Canada,1682.4
2021-12-01,Canada,1681.6
2022-01-01,Canada,1671.4
2022-02-01,Canada,1675.4
2022-03-01,Canada,1691.5
2022-04-01,Canada,1697.1
2022-05-01,Canada,1691.2
2022-06-01,Canada,1680.6
2022-07-01,Canada,1681.9
2022-08-01,Canada,1676.6
2022-09-01,Canada,1688.3
2022-10-01,Canada,1694.2
2022-11-01,Canada,1690.8
2022-12-01,Canada,1689.6
2023-01-01,Canada,1682.6
2023-02-01,Canada,1686.0
2023-03-01,Canada,1684.5
2023-04-01,Canada,1694.9
2023-05-01,Canada,1688.7
2023-06-01,Canada,1696.2
2023-07-01,Canada,1691.7
2023-08-01,Canada,1681.6
2023-09-01,Canada,1676.4
2023-10-01,Canada,1704.2
2023-11-01,Canada,1685.1
2023-12-01,Canada,1689.4
2024-01-01,Canada,1706.3
2024-02-01,Canada,1696.4
2024-03-01,Canada,1684.0
2024-04-01,Canada,1692.8
2024-05-01,Canada,1704.1
2024-06-01,Canada,1695.1
2024-07-01,Canada,1719.3
2024-08-01,Canada,1676.1
2024-09-01,Canada,1689.2
2024-10-01,Canada,1681.4
2024-11-01,Canada,1698.1
2024-12-01,Canada,1682.0
2025-01-01,Canada,1689.9
2025-02-01,Canada,1691.3
2025-03-01,Canada,1697.6
2025-04-01,Canada,1694.6
2025-05-01,Canada,1704.0
2025-06-01,Canada,1687.6
2025-07-01,Canada,1699.4
2025-08-01,Canada,1694.4
2025-09-01,Canada,1680.7
2025-10-01,Canada,1705.0
2025-11-01,Canada,1690.3
2025-12-01,Canada,1697.3
2026-01-01,Canada,1692.6
2026-02-01,Canada,1722.5
2026-03-01,Canada,1712.9
2026-04-01,Canada,1696.1
2026-05-01,Canada,1702.2
2000-01-01,Egypt,1592.3
2000-02-01,Egypt,1578.7
2000-03-01,Egypt,1595.1
2000-04-01,Egypt,1590.3
2000-05-01,Egypt,1598.6
2000-06-01,Egypt,1588.8
2000-07-01,Egypt,1580.8
2000-08-01,Egypt,1583.9
2000-09-01,Egypt,1580.3
2000-10-01,Egypt,1591.2
2000-11-01,Egypt,1595.8
2000-12-01,Egypt,1578.6
2001-01-01,Egypt,1596.9
2001-02-01,Egypt,1599.6
2001-03-01,Egypt,1597.5
2001-04-01,Egypt,1583.0
2001-05-01,Egypt,1607.4
2001-06-01,Egypt,1596.6
2001-07-01,Egypt,1581.0
2001-08-01,Egypt,1589.3
2001-09-01,Egypt,1589.0
2001-10-01,Egypt,1591.9
2001-11-01,Egypt,1605.6
2001-12-01,Egypt,1595.8
2002-01-01,Egypt,1596.5
2002-02-01,Egypt,1610.3
2002-03-01,Egypt,1601.6
2002-04-01,Egypt,1614.6
2002-05-01,Egypt,1598.6
2002-06-01,Egypt,1610.6
2002-07-01,Egypt,1581.1
2002-08-01,Egypt,1603.7
2002-09-01,Egypt,1596.3
2002-10-01,Egypt,1599.9
2002-11-01,Egypt,1601.2
2002-12-01,Egypt,1603.0
2003-01-01,Egypt,1614.7
2003-02-01,Egypt,1606.1
2003-03-01,Egypt,1601.6
2003-04-01,Egypt,1605.6
2003-05-01,Egypt,1594.5
2003-06-01,Egypt,1617.0
2003-07-01,Egypt,1596.4
2003-08-01,Egypt,1608.0
2003-09-01,Egypt,1611.7
2003-10-01,Egypt,1606.4
2003-11-01,Egypt,1596.7
2003-12-01,Egypt,1596.0
2004-01-01,Egypt,1614.7
2004-02-01,Egypt,1608.7
2004-03-01,Egypt,1601.9
2004-04-01,Egypt,1599.0
2004-05-01,Egypt,1600.2
2004-06-01,Egypt,1607.0
2004-07-01,Egypt,1624.8
2004-08-01,Egypt,1595.7
2004-09-01,Egypt,1586.8
2004-10-01,Egypt,1605.7
2004-11-01,Egypt,1600.4
2004-12-01,Egypt,1602.5
2005-01-01,Egypt,1600.2
2005-02-01,Egypt,1619.5
2005-03-01,Egypt,1605.4
2005-04-01,Egypt,1613.1
2005-05-01,Egypt,1621.8
2005-06-01,Egypt,1607.4
2005-07-01,Egypt,1602.7
2005-08-01,Egypt,1608.2
2005-09-01,Egypt,1608.4
2005-10-01,Egypt,1613.5
2005-11-01,Egypt,1609.3
2005-12-01,Egypt,1610.0
2006-01-01,Egypt,1609.4
2006-02-01,Egypt,1614.7
2006-03-01,Egypt,1615.7
2006-04-01,Egypt,1617.5
2006-05-01,Egypt,1599.8
2006-06-01,Egypt,1603.6
2006-07-01,Egypt,1601.7
2006-08-01,Egypt,1620.7
2006-09-01,Egypt,1603.8
2006-10-01,Egypt,1609.6
2006-11-01,Egypt,1612.9
2006-12-01,Egypt,1601.5
2007-01-01,Egypt,1612.9
2007-02-01,Egypt,1637.1
2007-03-01,Egypt,1617.3
2007-04-01,Egypt,1631.2
2007-05-01,Egypt,1613.0
2007-06-01,Egypt,1622.0
2007-07-01,Egypt,1613.2
2007-08-01,Egypt,1618.9
2007-09-01,Egypt,1623.3
2007-10-01,Egypt,1613.3
2007-11-01,Egypt,1621.1
2007-12-01,Egypt,1614.4
2008-01-01,Egypt,1622.8
2008-02-01,Egypt,1628.9
2008-03-01,Egypt,1632.0
2008-04-01,Egypt,1629.2
2008-05-01,Egypt,1620.5
2008-06-01,Egypt,1631.1
2008-07-01,Egypt,1628.1
2008-08-01,Egypt,1616.9
2008-09-01,Egypt,1612.4
2008-10-01,Egypt,1607.2
2008-11-01,Egypt,1634.9
2008-12-01,Egypt,1608.4
2009-01-01,Egypt,1622.8
2009-02-01,Egypt,1627.7
2009-03-01,Egypt,1615.0
2009-04-01,Egypt,1638.0
2009-05-01,Egypt,1643.8
2009-06-01,Egypt,1625.7
2009-07-01,Egypt,1623.0
2009-08-01,Egypt,1618.9
2009-09-01,Egypt,1627.7
2009-10-01,Egypt,1607.9
2009-11-01,Egypt,1625.2
2009-12-01,Egypt,1630.5
2010-01-01,Egypt,1623.6
2010-02-01,Egypt,1630.4
2010-03-01,Egypt,1632.4
2010-04-01,Egypt,1631.1
2010-05-01,Egypt,1625.2
2010-06-01,Egypt,1633.9
2010-07-01,Egypt,1621.8
2010-08-01,Egypt,1620.3
2010-09-01,Egypt,1623.2
2010-10-01,Egypt,1630.6
2010-11-01,Egypt,1614.0
2010-12-01,Egypt,1619.1
2011-01-01,Egypt,1623.4
2011-02-01,Egypt,1633.5
2011-03-01,Egypt,1625.7
2011-04-01,Egypt,1623.5
2011-05-01,Egypt,1621.9
2011-06-01,Egypt,1624.6
2011-07-01,Egypt,1627.7
2011-08-01,Egypt,1622.8
2011-09-01,Egypt,1633.7
2011-10-01,Egypt,1630.8
2011-11-01,Egypt,1641.8
2011-12-01,Egypt,1645.9
2012-01-01,Egypt,1634.8
2012-02-01,Egypt,1640.0
2012-03-01,Egypt,1641.2
2012-04-01,Egypt,1636.9
2012-05-01,Egypt,1630.0
2012-06-01,Egypt,1639.0
2012-07-01,Egypt,1625.9
2012-08-01,Egypt,1639.3
2012-09-01,Egypt,1634.9
2012-10-01,Egypt,1637.5
2012-11-01,Egypt,1637.0
2012-12-01,Egypt,1647.2
2013-01-01,Egypt,1633.9
2013-02-01,Egypt,1646.7
2013-03-01,Egypt,1640.7
2013-04-01,Egypt,1651.6
2013-05-01,Egypt,1629.6
2013-06-01,Egypt,1639.1
2013-07-01,Egypt,1642.8
2013-08-01,Egypt,1639.9
2013-09-01,Egypt,1627.6
2013-10-01,Egypt,1634.8
2013-11-01,Egypt,1633.3
2013-12-01,Egypt,1654.8
2014-01-01,Egypt,1644.7
2014-02-01,Egypt,1635.7
2014-03-01,Egypt,1649.9
2014-04-01,Egypt,1640.5
2014-05-01,Egypt,1654.2
2014-06-01,Egypt,1637.4
2014-07-01,Egypt,1635.3
2014-08-01,Egypt,1639.5
2014-09-01,Egypt,1647.8
2014-10-01,Egypt,1647.8
2014-11-01,Egypt,1654.7
2014-12-01,Egypt,1659.7
2015-01-01,Egypt,1652.7
2015-02-01,Egypt,1642.2
2015-03-01,Egypt,1655.0
2015-04-01,Egypt,1648.2
2015-05-01,Egypt,1647.9
2015-06-01,Egypt,1646.9
2015-07-01,Egypt,1639.6
2015-08-01,Egypt,1641.2
2015-09-01,Egypt,1638.0
2015-10-01,Egypt,1633.6
2015-11-01,Egypt,1649.6
2015-12-01,Egypt,1659.4
2016-01-01,Egypt,1654.8
2016-02-01,Egypt,1656.9
2016-03-01,Egypt,1667.8
2016-04-01,Egypt,1643.3
2016-05-01,Egypt,1664.1
2016-06-01,Egypt,1661.4
2016-07-01,Egypt,1651.5
2016-08-01,Egypt,1642.6
2016-09-01,Egypt,1655.5
2016-10-01,Egypt,1671.1
2016-11-01,Egypt,1659.4
2016-12-01,Egypt,1645.1
2017-01-01,Egypt,1661.2
2017-02-01,Egypt,1653.4
2017-03-01,Egypt,1660.2
2017-04-01,Egypt,1647.4
2017-05-01,Egypt,1659.8
2017-06-01,Egypt,1651.6
2017-07-01,Egypt,1639.4
2017-08-01,Egypt,1655.6
2017-09-01,Egypt,1649.2
2017-10-01,Egypt,1646.3
2017-11-01,Egypt,1643.7
2017-12-01,Egypt,1650.8
2018-01-01,Egypt,1656.1
2018-02-01,Egypt,1660.5
2018-03-01,Egypt,1653.9
2018-04-01,Egypt,1652.2
2018-05-01,Egypt,1655.2
2018-06-01,Egypt,1659.5
2018-07-01,Egypt,1658.2
2018-08-01,Egypt,1659.8
2018-09-01,Egypt,1650.8
2018-10-01,Egypt,1648.4
2018-11-01,Egypt,1663.5
2018-12-01,Egypt,1661.9
2019-01-01,Egypt,1647.2
2019-02-01,Egypt,1664.0
2019-03-01,Egypt,1661.1
2019-04-01,Egypt,1652.6
2019-05-01,Egypt,1676.6
2019-06-01,Egypt,1649.4
2019-07-01,Egypt,1670.0
2019-08-01,Egypt,1655.1
2019-09-01,Egypt,1653.3
2019-10-01,Egypt,1663.3
2019-11-01,Egypt,1654.3
2019-12-01,Egypt,1672.5
2020-01-01,Egypt,1675.5
2020-02-01,Egypt,1663.6
2020-03-01,Egypt,1668.6
2020-04-01,Egypt,1672.2
2020-05-01,Egypt,1657.4
2020-06-01,Egypt,1677.8
2020-07-01,Egypt,1661.4
2020-08-01,Egypt,1665.6
2020-09-01,Egypt,1664.9
2020-10-01,Egypt,1661.6
2020-11-01,Egypt,1661.9
2020-12-01,Egypt,1669.6
2021-01-01,Egypt,1674.5
2021-02-01,Egypt,1661.2
2021-03-01,Egypt,1669.4
2021-04-01,Egypt,1662.3
2021-05-01,Egypt,1662.3
2021-06-01,Egypt,1683.8
2021-07-01,Egypt,1668.3
2021-08-01,Egypt,1660.6
2021-09-01,Egypt,1673.6
2021-10-01,Egypt,1666.8
2021-11-01,Egypt,1670.9
2021-12-01,Egypt,1662.2
2022-01-01,Egypt,1674.1
2022-02-01,Egypt,1681.0
2022-03-01,Egypt,1681.2
2022-04-01,Egypt,1684.2
2022-05-01,Egypt,1671.5
2022-06-01,Egypt,1669.2
2022-07-01,Egypt,1674.2
2022-08-01,Egypt,1673.4
2022-09-01,Egypt,1671.9
2022-10-01,Egypt,1666.0
2022-11-01,Egypt,1690.0
2022-12-01,Egypt,1676.3
2023-01-01,Egypt,1664.4
2023-02-01,Egypt,1678.2
2023-03-01,Egypt,1685.4
2023-04-01,Egypt,1698.5
2023-05-01,Egypt,1679.6
2023-06-01,Egypt,1684.8
2023-07-01,Egypt,1681.7
2023-08-01,Egypt,1673.6
2023-09-01,Egypt,1681.3
2023-10-01,Egypt,1676.7
2023-11-01,Egypt,1672.2
2023-12-01,Egypt,1679.9
2024-01-01,Egypt,1684.0
2024-02-01,Egypt,1688.1
2024-03-01,Egypt,1689.5
2024-04-01,Egypt,1667.8
2024-05-01,Egypt,1674.9
2024-06-01,Egypt,1693.6
2024-07-01,Egypt,1677.1
2024-08-01,Egypt,1673.6
2024-09-01,Egypt,1667.7
2024-10-01,Egypt,1691.7
2024-11-01,Egypt,1680.3
2024-12-01,Egypt,1672.7
2025-01-01,Egypt,1679.4
2025-02-01,Egypt,1678.7
2025-03-01,Egypt,1701.5
2025-04-01,Egypt,1691.5
2025-05-01,Egypt,1689.8
2025-06-01,Egypt,1690.1
2025-07-01,Egypt,1697.0
2025-08-01,Egypt,1703.9
2025-09-01,Egypt,1687.5
2025-10-01,Egypt,1683.6
2025-11-01,Egypt,1701.0
2025-12-01,Egypt,1681.3
2026-01-01,Egypt,1698.4
2026-02-01,Egypt,1681.2
2026-03-01,Egypt,1692.4
2026-04-01,Egypt,1689.7
2026-05-01,Egypt,1688.0
2000-01-01,Paraguay,1576.8
2000-02-01,Paraguay,1571.4
2000-03-01,Paraguay,1559.9
2000-04-01,Paraguay,1581.7
2000-05-01,Paraguay,1572.4
2000-06-01,Paraguay,1574.1
2000-07-01,Paraguay,1588.0
2000-08-01,Paraguay,1573.1
2000-09-01,Paraguay,1577.9
2000-10-01,Paraguay,1568.3
2000-11-01,Paraguay,1592.9
2000-12-01,Paraguay,1569.8
2001-01-01,Paraguay,1570.0
2001-02-01,Paraguay,1557.5
2001-03-01,Paraguay,1583.9
2001-04-01,Paraguay,1582.6
2001-05-01,Paraguay,1576.9
2001-06-01,Paraguay,1576.9
2001-07-01,Paraguay,1575.5
2001-08-01,Paraguay,1592.2
2001-09-01,Paraguay,1573.2
2001-10-01,Paraguay,1576.9
2001-11-01,Paraguay,1563.1
2001-12-01,Paraguay,1583.0
2002-01-01,Paraguay,1582.3
2002-02-01,Paraguay,1587.1
2002-03-01,Paraguay,1586.2
2002-04-01,Paraguay,1584.8
2002-05-01,Paraguay,1576.9
2002-06-01,Paraguay,1577.3
2002-07-01,Paraguay,1587.2
2002-08-01,Paraguay,1578.3
2002-09-01,Paraguay,1587.4
2002-10-01,Paraguay,1583.8
2002-11-01,Paraguay,1588.3
2002-12-01,Paraguay,1573.7
2003-01-01,Paraguay,1582.8
2003-02-01,Paraguay,1586.5
2003-03-01,Paraguay,1580.2
2003-04-01,Paraguay,1583.2
2003-05-01,Paraguay,1582.5
2003-06-01,Paraguay,1589.0
2003-07-01,Paraguay,1588.5
2003-08-01,Paraguay,1586.9
2003-09-01,Paraguay,1577.9
2003-10-01,Paraguay,1581.2
2003-11-01,Paraguay,1580.4
2003-12-01,Paraguay,1598.3
2004-01-01,Paraguay,1578.9
2004-02-01,Paraguay,1581.4
2004-03-01,Paraguay,1590.0
2004-04-01,Paraguay,1582.0
2004-05-01,Paraguay,1585.0
2004-06-01,Paraguay,1584.3
2004-07-01,Paraguay,1575.0
2004-08-01,Paraguay,1590.4
2004-09-01,Paraguay,1577.8
2004-10-01,Paraguay,1606.9
2004-11-01,Paraguay,1586.0
2004-12-01,Paraguay,1587.2
2005-01-01,Paraguay,1586.9
2005-02-01,Paraguay,1594.4
2005-03-01,Paraguay,1596.4
2005-04-01,Paraguay,1579.8
2005-05-01,Paraguay,1596.5
2005-06-01,Paraguay,1596.5
2005-07-01,Paraguay,1581.9
2005-08-01,Paraguay,1597.3
2005-09-01,Paraguay,1583.9
2005-10-01,Paraguay,1589.9
2005-11-01,Paraguay,1589.6
2005-12-01,Paraguay,1583.5
2006-01-01,Paraguay,1588.8
2006-02-01,Paraguay,1615.4
2006-03-01,Paraguay,1583.6
2006-04-01,Paraguay,1604.9
2006-05-01,Paraguay,1596.6
2006-06-01,Paraguay,1610.6
2006-07-01,Paraguay,1607.2
2006-08-01,Paraguay,1587.8
2006-09-01,Paraguay,1592.3
2006-10-01,Paraguay,1605.1
2006-11-01,Paraguay,1597.8
2006-12-01,Paraguay,1590.0
2007-01-01,Paraguay,1595.4
2007-02-01,Paraguay,1619.2
2007-03-01,Paraguay,1601.4
2007-04-01,Paraguay,1601.7
2007-05-01,Paraguay,1607.2
2007-06-01,Paraguay,1591.5
2007-07-01,Paraguay,1614.1
2007-08-01,Paraguay,1584.4
2007-09-01,Paraguay,1612.7
2007-10-01,Paraguay,1606.0
2007-11-01,Paraguay,1608.3
2007-12-01,Paraguay,1597.3
2008-01-01,Paraguay,1600.2
2008-02-01,Paraguay,1618.7
2008-03-01,Paraguay,1627.9
2008-04-01,Paraguay,1607.3
2008-05-01,Paraguay,1616.1
2008-06-01,Paraguay,1608.0
2008-07-01,Paraguay,1600.7
2008-08-01,Paraguay,1620.5
2008-09-01,Paraguay,1603.7
2008-10-01,Paraguay,1611.2
2008-11-01,Paraguay,1607.1
2008-12-01,Paraguay,1609.8
2009-01-01,Paraguay,1606.2
2009-02-01,Paraguay,1611.6
2009-03-01,Paraguay,1602.1
2009-04-01,Paraguay,1623.8
2009-05-01,Paraguay,1612.2
2009-06-01,Paraguay,1609.2
2009-07-01,Paraguay,1614.5
2009-08-01,Paraguay,1615.2
2009-09-01,Paraguay,1604.6
2009-10-01,Paraguay,1600.1
2009-11-01,Paraguay,1605.8
2009-12-01,Paraguay,1616.5
2010-01-01,Paraguay,1611.4
2010-02-01,Paraguay,1604.2
2010-03-01,Paraguay,1614.7
2010-04-01,Paraguay,1626.9
2010-05-01,Paraguay,1612.9
2010-06-01,Paraguay,1600.1
2010-07-01,Paraguay,1606.5
2010-08-01,Paraguay,1609.1
2010-09-01,Paraguay,1613.4
2010-10-01,Paraguay,1617.6
2010-11-01,Paraguay,1619.6
2010-12-01,Paraguay,1612.5
2011-01-01,Paraguay,1609.9
2011-02-01,Paraguay,1603.7
2011-03-01,Paraguay,1619.0
2011-04-01,Paraguay,1603.5
2011-05-01,Paraguay,1630.9
2011-06-01,Paraguay,1626.1
2011-07-01,Paraguay,1628.7
2011-08-01,Paraguay,1615.3
2011-09-01,Paraguay,1617.7
2011-10-01,Paraguay,1607.4
2011-11-01,Paraguay,1623.9
2011-12-01,Paraguay,1604.4
2012-01-01,Paraguay,1619.1
2012-02-01,Paraguay,1613.4
2012-03-01,Paraguay,1632.8
2012-04-01,Paraguay,1624.2
2012-05-01,Paraguay,1623.2
2012-06-01,Paraguay,1618.4
2012-07-01,Paraguay,1626.8
2012-08-01,Paraguay,1633.2
2012-09-01,Paraguay,1633.5
2012-10-01,Paraguay,1641.7
2012-11-01,Paraguay,1612.9
2012-12-01,Paraguay,1616.2
2013-01-01,Paraguay,1631.1
2013-02-01,Paraguay,1625.1
2013-03-01,Paraguay,1627.4
2013-04-01,Paraguay,1612.9
2013-05-01,Paraguay,1631.5
2013-06-01,Paraguay,1621.1
2013-07-01,Paraguay,1628.3
2013-08-01,Paraguay,1623.5
2013-09-01,Paraguay,1616.2
2013-10-01,Paraguay,1638.6
2013-11-01,Paraguay,1629.8
2013-12-01,Paraguay,1624.8
2014-01-01,Paraguay,1620.8
2014-02-01,Paraguay,1634.8
2014-03-01,Paraguay,1632.6
2014-04-01,Paraguay,1621.5
2014-05-01,Paraguay,1632.5
2014-06-01,Paraguay,1627.9
2014-07-01,Paraguay,1632.2
2014-08-01,Paraguay,1633.0
2014-09-01,Paraguay,1623.5
2014-10-01,Paraguay,1632.5
2014-11-01,Paraguay,1640.5
2014-12-01,Paraguay,1634.3
2015-01-01,Paraguay,1632.8
2015-02-01,Paraguay,1633.2
2015-03-01,Paraguay,1645.0
2015-04-01,Paraguay,1644.6
2015-05-01,Paraguay,1624.2
2015-06-01,Paraguay,1636.7
2015-07-01,Paraguay,1630.6
2015-08-01,Paraguay,1622.7
2015-09-01,Paraguay,1639.3
2015-10-01,Paraguay,1637.1
2015-11-01,Paraguay,1628.0
2015-12-01,Paraguay,1630.6
2016-01-01,Paraguay,1645.9
2016-02-01,Paraguay,1633.3
2016-03-01,Paraguay,1631.7
2016-04-01,Paraguay,1627.5
2016-05-01,Paraguay,1641.1
2016-06-01,Paraguay,1624.9
2016-07-01,Paraguay,1624.9
2016-08-01,Paraguay,1634.6
2016-09-01,Paraguay,1631.5
2016-10-01,Paraguay,1625.6
2016-11-01,Paraguay,1627.7
2016-12-01,Paraguay,1623.2
2017-01-01,Paraguay,1641.6
2017-02-01,Paraguay,1629.9
2017-03-01,Paraguay,1630.4
2017-04-01,Paraguay,1639.1
2017-05-01,Paraguay,1638.5
2017-06-01,Paraguay,1641.2
2017-07-01,Paraguay,1655.9
2017-08-01,Paraguay,1635.2
2017-09-01,Paraguay,1616.5
2017-10-01,Paraguay,1647.3
2017-11-01,Paraguay,1630.0
2017-12-01,Paraguay,1646.0
2018-01-01,Paraguay,1636.7
2018-02-01,Paraguay,1644.4
2018-03-01,Paraguay,1641.2
2018-04-01,Paraguay,1640.3
2018-05-01,Paraguay,1629.8
2018-06-01,Paraguay,1639.6
2018-07-01,Paraguay,1634.8
2018-08-01,Paraguay,1646.8
2018-09-01,Paraguay,1660.5
2018-10-01,Paraguay,1643.5
2018-11-01,Paraguay,1657.7
2018-12-01,Paraguay,1629.8
2019-01-01,Paraguay,1649.5
2019-02-01,Paraguay,1644.8
2019-03-01,Paraguay,1642.1
2019-04-01,Paraguay,1631.6
2019-05-01,Paraguay,1651.5
2019-06-01,Paraguay,1654.7
2019-07-01,Paraguay,1648.6
2019-08-01,Paraguay,1635.3
2019-09-01,Paraguay,1640.3
2019-10-01,Paraguay,1644.2
2019-11-01,Paraguay,1657.1
2019-12-01,Paraguay,1637.7
2020-01-01,Paraguay,1657.1
2020-02-01,Paraguay,1662.0
2020-03-01,Paraguay,1651.0
2020-04-01,Paraguay,1653.8
2020-05-01,Paraguay,1650.1
2020-06-01,Paraguay,1641.1
2020-07-01,Paraguay,1652.2
2020-08-01,Paraguay,1644.6
2020-09-01,Paraguay,1659.2
2020-10-01,Paraguay,1659.1
2020-11-01,Paraguay,1652.1
2020-12-01,Paraguay,1648.1
2021-01-01,Paraguay,1660.2
2021-02-01,Paraguay,1649.9
2021-03-01,Paraguay,1634.6
2021-04-01,Paraguay,1647.7
2021-05-01,Paraguay,1652.0
2021-06-01,Paraguay,1646.4
2021-07-01,Paraguay,1665.9
2021-08-01,Paraguay,1643.3
2021-09-01,Paraguay,1658.4
2021-10-01,Paraguay,1655.8
2021-11-01,Paraguay,1646.4
2021-12-01,Paraguay,1655.4
2022-01-01,Paraguay,1650.5
2022-02-01,Paraguay,1659.9
2022-03-01,Paraguay,1659.7
2022-04-01,Paraguay,1644.6
2022-05-01,Paraguay,1644.2
2022-06-01,Paraguay,1671.1
2022-07-01,Paraguay,1662.4
2022-08-01,Paraguay,1654.4
2022-09-01,Paraguay,1656.6
2022-10-01,Paraguay,1655.6
2022-11-01,Paraguay,1667.0
2022-12-01,Paraguay,1655.8
2023-01-01,Paraguay,1651.5
2023-02-01,Paraguay,1659.2
2023-03-01,Paraguay,1656.6
2023-04-01,Paraguay,1661.6
2023-05-01,Paraguay,1674.1
2023-06-01,Paraguay,1651.8
2023-07-01,Paraguay,1654.2
2023-08-01,Paraguay,1668.2
2023-09-01,Paraguay,1656.0
2023-10-01,Paraguay,1671.8
2023-11-01,Paraguay,1671.0
2023-12-01,Paraguay,1668.7
2024-01-01,Paraguay,1676.7
2024-02-01,Paraguay,1674.3
2024-03-01,Paraguay,1662.0
2024-04-01,Paraguay,1686.2
2024-05-01,Paraguay,1656.4
2024-06-01,Paraguay,1667.0
2024-07-01,Paraguay,1664.8
2024-08-01,Paraguay,1679.8
2024-09-01,Paraguay,1672.2
2024-10-01,Paraguay,1672.9
2024-11-01,Paraguay,1672.2
2024-12-01,Paraguay,1661.1
2025-01-01,Paraguay,1664.9
2025-02-01,Paraguay,1686.3
2025-03-01,Paraguay,1683.0
2025-04-01,Paraguay,1670.0
2025-05-01,Paraguay,1665.2
2025-06-01,Paraguay,1673.2
2025-07-01,Paraguay,1681.6
2025-08-01,Paraguay,1674.6
2025-09-01,Paraguay,1667.2
2025-10-01,Paraguay,1671.2
2025-11-01,Paraguay,1671.8
2025-12-01,Paraguay,1684.1
2026-01-01,Paraguay,1667.3
2026-02-01,Paraguay,1676.1
2026-03-01,Paraguay,1681.2
2026-04-01,Paraguay,1666.7
2026-05-01,Paraguay,1670.8
2000-01-01,Peru,1566.9
2000-02-01,Peru,1562.7
2000-03-01,Peru,1565.3
2000-04-01,Peru,1570.1
2000-05-01,Peru,1559.2
2000-06-01,Peru,1574.6
2000-07-01,Peru,1572.5
2000-08-01,Peru,1559.2
2000-09-01,Peru,1565.3
2000-10-01,Peru,1562.3
2000-11-01,Peru,1547.5
2000-12-01,Peru,1572.6
2001-01-01,Peru,1556.1
2001-02-01,Peru,1570.9
2001-03-01,Peru,1563.4
2001-04-01,Peru,1554.3
2001-05-01,Peru,1572.5
2001-06-01,Peru,1569.2
2001-07-01,Peru,1558.1
2001-08-01,Peru,1554.0
2001-09-01,Peru,1564.8
2001-10-01,Peru,1565.8
2001-11-01,Peru,1569.6
2001-12-01,Peru,1546.0
2002-01-01,Peru,1578.4
2002-02-01,Peru,1566.0
2002-03-01,Peru,1572.4
2002-04-01,Peru,1566.7
2002-05-01,Peru,1574.1
2002-06-01,Peru,1557.1
2002-07-01,Peru,1557.3
2002-08-01,Peru,1572.2
2002-09-01,Peru,1578.0
2002-10-01,Peru,1571.0
2002-11-01,Peru,1559.9
2002-12-01,Peru,1577.8
2003-01-01,Peru,1572.1
2003-02-01,Peru,1568.9
2003-03-01,Peru,1575.2
2003-04-01,Peru,1571.4
2003-05-01,Peru,1563.9
2003-06-01,Peru,1574.7
2003-07-01,Peru,1564.2
2003-08-01,Peru,1577.8
2003-09-01,Peru,1571.2
2003-10-01,Peru,1571.3
2003-11-01,Peru,1578.3
2003-12-01,Peru,1562.8
2004-01-01,Peru,1573.6
2004-02-01,Peru,1582.4
2004-03-01,Peru,1573.0
2004-04-01,Peru,1545.4
2004-05-01,Peru,1576.7
2004-06-01,Peru,1581.0
2004-07-01,Peru,1579.4
2004-08-01,Peru,1579.4
2004-09-01,Peru,1572.1
2004-10-01,Peru,1569.0
2004-11-01,Peru,1579.8
2004-12-01,Peru,1575.6
2005-01-01,Peru,1576.5
2005-02-01,Peru,1575.8
2005-03-01,Peru,1580.2
2005-04-01,Peru,1581.3
2005-05-01,Peru,1574.3
2005-06-01,Peru,1579.3
2005-07-01,Peru,1567.1
2005-08-01,Peru,1583.9
2005-09-01,Peru,1581.5
2005-10-01,Peru,1580.7
2005-11-01,Peru,1576.8
2005-12-01,Peru,1591.3
2006-01-01,Peru,1579.0
2006-02-01,Peru,1571.1
2006-03-01,Peru,1579.5
2006-04-01,Peru,1573.2
2006-05-01,Peru,1559.2
2006-06-01,Peru,1597.7
2006-07-01,Peru,1578.1
2006-08-01,Peru,1591.9
2006-09-01,Peru,1585.9
2006-10-01,Peru,1592.4
2006-11-01,Peru,1575.9
2006-12-01,Peru,1599.8
2007-01-01,Peru,1578.5
2007-02-01,Peru,1588.3
2007-03-01,Peru,1583.4
2007-04-01,Peru,1596.1
2007-05-01,Peru,1591.1
2007-06-01,Peru,1571.2
2007-07-01,Peru,1584.8
2007-08-01,Peru,1597.7
2007-09-01,Peru,1580.8
2007-10-01,Peru,1584.2
2007-11-01,Peru,1586.6
2007-12-01,Peru,1583.5
2008-01-01,Peru,1600.6
2008-02-01,Peru,1585.6
2008-03-01,Peru,1591.2
2008-04-01,Peru,1597.1
2008-05-01,Peru,1593.1
2008-06-01,Peru,1597.6
2008-07-01,Peru,1587.7
2008-08-01,Peru,1587.0
2008-09-01,Peru,1592.0
2008-10-01,Peru,1589.9
2008-11-01,Peru,1591.4
2008-12-01,Peru,1591.1
2009-01-01,Peru,1597.3
2009-02-01,Peru,1596.0
2009-03-01,Peru,1599.2
2009-04-01,Peru,1591.9
2009-05-01,Peru,1600.3
2009-06-01,Peru,1591.8
2009-07-01,Peru,1612.6
2009-08-01,Peru,1604.3
2009-09-01,Peru,1609.0
2009-10-01,Peru,1594.5
2009-11-01,Peru,1587.6
2009-12-01,Peru,1573.2
2010-01-01,Peru,1590.2
2010-02-01,Peru,1599.2
2010-03-01,Peru,1610.0
2010-04-01,Peru,1593.8
2010-05-01,Peru,1595.1
2010-06-01,Peru,1604.0
2010-07-01,Peru,1582.3
2010-08-01,Peru,1604.6
2010-09-01,Peru,1607.9
2010-10-01,Peru,1611.9
2010-11-01,Peru,1600.2
2010-12-01,Peru,1598.7
2011-01-01,Peru,1606.0
2011-02-01,Peru,1609.5
2011-03-01,Peru,1610.6
2011-04-01,Peru,1603.0
2011-05-01,Peru,1598.2
2011-06-01,Peru,1595.6
2011-07-01,Peru,1605.6
2011-08-01,Peru,1605.7
2011-09-01,Peru,1597.0
2011-10-01,Peru,1601.8
2011-11-01,Peru,1621.3
2011-12-01,Peru,1613.7
2012-01-01,Peru,1622.4
2012-02-01,Peru,1612.7
2012-03-01,Peru,1618.6
2012-04-01,Peru,1600.9
2012-05-01,Peru,1615.3
2012-06-01,Peru,1609.9
2012-07-01,Peru,1614.9
2012-08-01,Peru,1607.0
2012-09-01,Peru,1597.4
2012-10-01,Peru,1602.0
2012-11-01,Peru,1618.9
2012-12-01,Peru,1598.9
2013-01-01,Peru,1612.8
2013-02-01,Peru,1608.2
2013-03-01,Peru,1618.9
2013-04-01,Peru,1598.3
2013-05-01,Peru,1605.2
2013-06-01,Peru,1598.0
2013-07-01,Peru,1605.4
2013-08-01,Peru,1616.5
2013-09-01,Peru,1596.1
2013-10-01,Peru,1602.4
2013-11-01,Peru,1603.6
2013-12-01,Peru,1607.5
2014-01-01,Peru,1609.9
2014-02-01,Peru,1614.9
2014-03-01,Peru,1619.9
2014-04-01,Peru,1599.3
2014-05-01,Peru,1617.1
2014-06-01,Peru,1611.9
2014-07-01,Peru,1616.1
2014-08-01,Peru,1610.8
2014-09-01,Peru,1622.8
2014-10-01,Peru,1611.7
2014-11-01,Peru,1625.2
2014-12-01,Peru,1626.1
2015-01-01,Peru,1615.8
2015-02-01,Peru,1621.4
2015-03-01,Peru,1619.5
2015-04-01,Peru,1619.7
2015-05-01,Peru,1601.2
2015-06-01,Peru,1594.1
2015-07-01,Peru,1618.8
2015-08-01,Peru,1625.9
2015-09-01,Peru,1621.0
2015-10-01,Peru,1622.3
2015-11-01,Peru,1620.0
2015-12-01,Peru,1618.3
2016-01-01,Peru,1629.6
2016-02-01,Peru,1618.0
2016-03-01,Peru,1628.6
2016-04-01,Peru,1619.7
2016-05-01,Peru,1621.3
2016-06-01,Peru,1632.3
2016-07-01,Peru,1622.9
2016-08-01,Peru,1625.4
2016-09-01,Peru,1629.1
2016-10-01,Peru,1601.9
2016-11-01,Peru,1624.8
2016-12-01,Peru,1622.5
2017-01-01,Peru,1613.7
2017-02-01,Peru,1622.3
2017-03-01,Peru,1628.1
2017-04-01,Peru,1617.5
2017-05-01,Peru,1627.4
2017-06-01,Peru,1619.1
2017-07-01,Peru,1619.4
2017-08-01,Peru,1620.6
2017-09-01,Peru,1631.6
2017-10-01,Peru,1636.5
2017-11-01,Peru,1630.1
2017-12-01,Peru,1621.2
2018-01-01,Peru,1633.3
2018-02-01,Peru,1635.4
2018-03-01,Peru,1628.4
2018-04-01,Peru,1621.7
2018-05-01,Peru,1643.3
2018-06-01,Peru,1626.8
2018-07-01,Peru,1628.7
2018-08-01,Peru,1624.5
2018-09-01,Peru,1643.0
2018-10-01,Peru,1639.7
2018-11-01,Peru,1632.2
2018-12-01,Peru,1637.4
2019-01-01,Peru,1632.0
2019-02-01,Peru,1641.4
2019-03-01,Peru,1633.1
2019-04-01,Peru,1635.1
2019-05-01,Peru,1628.0
2019-06-01,Peru,1617.6
2019-07-01,Peru,1627.5
2019-08-01,Peru,1633.2
2019-09-01,Peru,1627.4
2019-10-01,Peru,1652.9
2019-11-01,Peru,1640.3
2019-12-01,Peru,1635.9
2020-01-01,Peru,1637.7
2020-02-01,Peru,1639.3
2020-03-01,Peru,1646.1
2020-04-01,Peru,1637.1
2020-05-01,Peru,1632.3
2020-06-01,Peru,1633.4
2020-07-01,Peru,1627.6
2020-08-01,Peru,1630.0
2020-09-01,Peru,1643.5
2020-10-01,Peru,1643.0
2020-11-01,Peru,1643.6
2020-12-01,Peru,1627.9
2021-01-01,Peru,1649.1
2021-02-01,Peru,1637.6
2021-03-01,Peru,1637.8
2021-04-01,Peru,1633.3
2021-05-01,Peru,1629.7
2021-06-01,Peru,1632.8
2021-07-01,Peru,1633.7
2021-08-01,Peru,1637.0
2021-09-01,Peru,1648.0
2021-10-01,Peru,1647.6
2021-11-01,Peru,1647.4
2021-12-01,Peru,1636.8
2022-01-01,Peru,1640.4
2022-02-01,Peru,1652.9
2022-03-01,Peru,1632.5
2022-04-01,Peru,1628.1
2022-05-01,Peru,1634.5
2022-06-01,Peru,1646.9
2022-07-01,Peru,1644.2
2022-08-01,Peru,1634.5
2022-09-01,Peru,1645.8
2022-10-01,Peru,1649.7
2022-11-01,Peru,1665.1
2022-12-01,Peru,1655.3
2023-01-01,Peru,1650.7
2023-02-01,Peru,1655.8
2023-03-01,Peru,1668.9
2023-04-01,Peru,1641.6
2023-05-01,Peru,1637.3
2023-06-01,Peru,1657.7
2023-07-01,Peru,1647.0
2023-08-01,Peru,1640.0
2023-09-01,Peru,1647.6
2023-10-01,Peru,1641.6
2023-11-01,Peru,1639.7
2023-12-01,Peru,1653.8
2024-01-01,Peru,1647.6
2024-02-01,Peru,1640.3
2024-03-01,Peru,1652.7
2024-04-01,Peru,1649.2
2024-05-01,Peru,1655.6
2024-06-01,Peru,1650.5
2024-07-01,Peru,1647.8
2024-08-01,Peru,1662.4
2024-09-01,Peru,1643.3
2024-10-01,Peru,1661.2
2024-11-01,Peru,1652.7
2024-12-01,Peru,1660.3
2025-01-01,Peru,1656.4
2025-02-01,Peru,1658.8
2025-03-01,Peru,1659.1
2025-04-01,Peru,1667.6
2025-05-01,Peru,1659.0
2025-06-01,Peru,1646.1
2025-07-01,Peru,1658.0
2025-08-01,Peru,1664.9
2025-09-01,Peru,1665.6
2025-10-01,Peru,1653.2
2025-11-01,Peru,1651.5
2025-12-01,Peru,1647.0
2026-01-01,Peru,1667.0
2026-02-01,Peru,1666.3
2026-03-01,Peru,1672.0
2026-04-01,Peru,1655.1
2026-05-01,Peru,1661.7
2000-01-01,Ivory Coast,1543.8
2000-02-01,Ivory Coast,1540.8
2000-03-01,Ivory Coast,1544.7
2000-04-01,Ivory Coast,1535.9
2000-05-01,Ivory Coast,1550.9
2000-06-01,Ivory Coast,1552.9
2000-07-01,Ivory Coast,1550.6
2000-08-01,Ivory Coast,1545.1
2000-09-01,Ivory Coast,1552.1
2000-10-01,Ivory Coast,1542.0
2000-11-01,Ivory Coast,1534.0
2000-12-01,Ivory Coast,1542.7
2001-01-01,Ivory Coast,1544.2
2001-02-01,Ivory Coast,1568.1
2001-03-01,Ivory Coast,1555.2
2001-04-01,Ivory Coast,1549.1
2001-05-01,Ivory Coast,1558.2
2001-06-01,Ivory Coast,1554.3
2001-07-01,Ivory Coast,1549.7
2001-08-01,Ivory Coast,1547.8
2001-09-01,Ivory Coast,1542.4
2001-10-01,Ivory Coast,1552.0
2001-11-01,Ivory Coast,1556.4
2001-12-01,Ivory Coast,1538.5
2002-01-01,Ivory Coast,1556.6
2002-02-01,Ivory Coast,1556.2
2002-03-01,Ivory Coast,1546.5
2002-04-01,Ivory Coast,1552.8
2002-05-01,Ivory Coast,1541.1
2002-06-01,Ivory Coast,1554.5
2002-07-01,Ivory Coast,1556.6
2002-08-01,Ivory Coast,1558.4
2002-09-01,Ivory Coast,1556.1
2002-10-01,Ivory Coast,1561.4
2002-11-01,Ivory Coast,1547.4
2002-12-01,Ivory Coast,1558.5
2003-01-01,Ivory Coast,1553.8
2003-02-01,Ivory Coast,1550.1
2003-03-01,Ivory Coast,1552.3
2003-04-01,Ivory Coast,1547.6
2003-05-01,Ivory Coast,1559.3
2003-06-01,Ivory Coast,1547.7
2003-07-01,Ivory Coast,1563.5
2003-08-01,Ivory Coast,1559.7
2003-09-01,Ivory Coast,1560.4
2003-10-01,Ivory Coast,1554.8
2003-11-01,Ivory Coast,1539.9
2003-12-01,Ivory Coast,1553.9
2004-01-01,Ivory Coast,1561.1
2004-02-01,Ivory Coast,1556.9
2004-03-01,Ivory Coast,1567.0
2004-04-01,Ivory Coast,1557.8
2004-05-01,Ivory Coast,1565.1
2004-06-01,Ivory Coast,1554.6
2004-07-01,Ivory Coast,1567.9
2004-08-01,Ivory Coast,1570.2
2004-09-01,Ivory Coast,1555.2
2004-10-01,Ivory Coast,1568.1
2004-11-01,Ivory Coast,1562.5
2004-12-01,Ivory Coast,1552.7
2005-01-01,Ivory Coast,1565.6
2005-02-01,Ivory Coast,1567.9
2005-03-01,Ivory Coast,1550.6
2005-04-01,Ivory Coast,1558.7
2005-05-01,Ivory Coast,1566.4
2005-06-01,Ivory Coast,1554.1
2005-07-01,Ivory Coast,1551.5
2005-08-01,Ivory Coast,1572.5
2005-09-01,Ivory Coast,1580.3
2005-10-01,Ivory Coast,1569.6
2005-11-01,Ivory Coast,1563.1
2005-12-01,Ivory Coast,1560.2
2006-01-01,Ivory Coast,1575.4
2006-02-01,Ivory Coast,1564.3
2006-03-01,Ivory Coast,1579.3
2006-04-01,Ivory Coast,1571.3
2006-05-01,Ivory Coast,1574.1
2006-06-01,Ivory Coast,1573.1
2006-07-01,Ivory Coast,1562.8
2006-08-01,Ivory Coast,1577.8
2006-09-01,Ivory Coast,1572.6
2006-10-01,Ivory Coast,1558.1
2006-11-01,Ivory Coast,1559.5
2006-12-01,Ivory Coast,1550.7
2007-01-01,Ivory Coast,1571.3
2007-02-01,Ivory Coast,1570.7
2007-03-01,Ivory Coast,1579.6
2007-04-01,Ivory Coast,1585.8
2007-05-01,Ivory Coast,1576.5
2007-06-01,Ivory Coast,1557.7
2007-07-01,Ivory Coast,1577.0
2007-08-01,Ivory Coast,1568.0
2007-09-01,Ivory Coast,1573.5
2007-10-01,Ivory Coast,1583.4
2007-11-01,Ivory Coast,1565.9
2007-12-01,Ivory Coast,1560.9
2008-01-01,Ivory Coast,1575.6
2008-02-01,Ivory Coast,1563.8
2008-03-01,Ivory Coast,1575.2
2008-04-01,Ivory Coast,1576.4
2008-05-01,Ivory Coast,1562.0
2008-06-01,Ivory Coast,1570.6
2008-07-01,Ivory Coast,1583.9
2008-08-01,Ivory Coast,1587.3
2008-09-01,Ivory Coast,1586.0
2008-10-01,Ivory Coast,1585.0
2008-11-01,Ivory Coast,1577.9
2008-12-01,Ivory Coast,1563.0
2009-01-01,Ivory Coast,1586.0
2009-02-01,Ivory Coast,1578.1
2009-03-01,Ivory Coast,1561.0
2009-04-01,Ivory Coast,1582.5
2009-05-01,Ivory Coast,1578.7
2009-06-01,Ivory Coast,1580.3
2009-07-01,Ivory Coast,1573.2
2009-08-01,Ivory Coast,1573.0
2009-09-01,Ivory Coast,1581.1
2009-10-01,Ivory Coast,1577.5
2009-11-01,Ivory Coast,1577.5
2009-12-01,Ivory Coast,1571.8
2010-01-01,Ivory Coast,1573.8
2010-02-01,Ivory Coast,1577.7
2010-03-01,Ivory Coast,1589.7
2010-04-01,Ivory Coast,1588.9
2010-05-01,Ivory Coast,1569.5
2010-06-01,Ivory Coast,1583.5
2010-07-01,Ivory Coast,1578.6
2010-08-01,Ivory Coast,1599.6
2010-09-01,Ivory Coast,1577.4
2010-10-01,Ivory Coast,1576.0
2010-11-01,Ivory Coast,1576.7
2010-12-01,Ivory Coast,1593.7
2011-01-01,Ivory Coast,1573.1
2011-02-01,Ivory Coast,1578.5
2011-03-01,Ivory Coast,1587.9
2011-04-01,Ivory Coast,1591.1
2011-05-01,Ivory Coast,1591.7
2011-06-01,Ivory Coast,1568.7
2011-07-01,Ivory Coast,1581.3
2011-08-01,Ivory Coast,1591.1
2011-09-01,Ivory Coast,1580.6
2011-10-01,Ivory Coast,1577.7
2011-11-01,Ivory Coast,1592.9
2011-12-01,Ivory Coast,1596.7
2012-01-01,Ivory Coast,1586.8
2012-02-01,Ivory Coast,1588.7
2012-03-01,Ivory Coast,1583.7
2012-04-01,Ivory Coast,1597.2
2012-05-01,Ivory Coast,1605.7
2012-06-01,Ivory Coast,1591.9
2012-07-01,Ivory Coast,1590.0
2012-08-01,Ivory Coast,1590.3
2012-09-01,Ivory Coast,1592.1
2012-10-01,Ivory Coast,1571.1
2012-11-01,Ivory Coast,1577.7
2012-12-01,Ivory Coast,1602.1
2013-01-01,Ivory Coast,1609.5
2013-02-01,Ivory Coast,1591.7
2013-03-01,Ivory Coast,1588.6
2013-04-01,Ivory Coast,1604.2
2013-05-01,Ivory Coast,1602.5
2013-06-01,Ivory Coast,1602.4
2013-07-01,Ivory Coast,1585.1
2013-08-01,Ivory Coast,1582.3
2013-09-01,Ivory Coast,1583.1
2013-10-01,Ivory Coast,1591.0
2013-11-01,Ivory Coast,1590.7
2013-12-01,Ivory Coast,1597.9
2014-01-01,Ivory Coast,1607.9
2014-02-01,Ivory Coast,1589.1
2014-03-01,Ivory Coast,1605.4
2014-04-01,Ivory Coast,1607.8
2014-05-01,Ivory Coast,1620.3
2014-06-01,Ivory Coast,1600.2
2014-07-01,Ivory Coast,1598.8
2014-08-01,Ivory Coast,1597.0
2014-09-01,Ivory Coast,1600.1
2014-10-01,Ivory Coast,1616.5
2014-11-01,Ivory Coast,1605.3
2014-12-01,Ivory Coast,1600.4
2015-01-01,Ivory Coast,1589.3
2015-02-01,Ivory Coast,1605.8
2015-03-01,Ivory Coast,1594.3
2015-04-01,Ivory Coast,1613.5
2015-05-01,Ivory Coast,1600.4
2015-06-01,Ivory Coast,1588.0
2015-07-01,Ivory Coast,1591.7
2015-08-01,Ivory Coast,1597.2
2015-09-01,Ivory Coast,1602.0
2015-10-01,Ivory Coast,1600.3
2015-11-01,Ivory Coast,1599.2
2015-12-01,Ivory Coast,1616.3
2016-01-01,Ivory Coast,1602.2
2016-02-01,Ivory Coast,1601.0
2016-03-01,Ivory Coast,1606.7
2016-04-01,Ivory Coast,1603.2
2016-05-01,Ivory Coast,1607.9
2016-06-01,Ivory Coast,1598.5
2016-07-01,Ivory Coast,1607.7
2016-08-01,Ivory Coast,1591.6
2016-09-01,Ivory Coast,1599.1
2016-10-01,Ivory Coast,1602.8
2016-11-01,Ivory Coast,1602.4
2016-12-01,Ivory Coast,1606.5
2017-01-01,Ivory Coast,1602.3
2017-02-01,Ivory Coast,1610.0
2017-03-01,Ivory Coast,1613.2
2017-04-01,Ivory Coast,1607.9
2017-05-01,Ivory Coast,1611.1
2017-06-01,Ivory Coast,1606.9
2017-07-01,Ivory Coast,1609.2
2017-08-01,Ivory Coast,1607.3
2017-09-01,Ivory Coast,1631.8
2017-10-01,Ivory Coast,1610.2
2017-11-01,Ivory Coast,1601.7
2017-12-01,Ivory Coast,1608.0
2018-01-01,Ivory Coast,1603.7
2018-02-01,Ivory Coast,1595.8
2018-03-01,Ivory Coast,1614.7
2018-04-01,Ivory Coast,1622.3
2018-05-01,Ivory Coast,1618.1
2018-06-01,Ivory Coast,1615.0
2018-07-01,Ivory Coast,1621.2
2018-08-01,Ivory Coast,1610.5
2018-09-01,Ivory Coast,1594.3
2018-10-01,Ivory Coast,1618.1
2018-11-01,Ivory Coast,1611.3
2018-12-01,Ivory Coast,1618.1
2019-01-01,Ivory Coast,1621.8
2019-02-01,Ivory Coast,1618.1
2019-03-01,Ivory Coast,1619.2
2019-04-01,Ivory Coast,1622.3
2019-05-01,Ivory Coast,1615.2
2019-06-01,Ivory Coast,1623.9
2019-07-01,Ivory Coast,1636.2
2019-08-01,Ivory Coast,1619.7
2019-09-01,Ivory Coast,1621.0
2019-10-01,Ivory Coast,1628.5
2019-11-01,Ivory Coast,1627.0
2019-12-01,Ivory Coast,1617.1
2020-01-01,Ivory Coast,1608.0
2020-02-01,Ivory Coast,1614.4
2020-03-01,Ivory Coast,1623.6
2020-04-01,Ivory Coast,1618.6
2020-05-01,Ivory Coast,1615.5
2020-06-01,Ivory Coast,1624.6
2020-07-01,Ivory Coast,1616.5
2020-08-01,Ivory Coast,1632.4
2020-09-01,Ivory Coast,1616.0
2020-10-01,Ivory Coast,1622.0
2020-11-01,Ivory Coast,1619.1
2020-12-01,Ivory Coast,1618.8
2021-01-01,Ivory Coast,1628.0
2021-02-01,Ivory Coast,1606.0
2021-03-01,Ivory Coast,1625.7
2021-04-01,Ivory Coast,1632.2
2021-05-01,Ivory Coast,1632.7
2021-06-01,Ivory Coast,1629.5
2021-07-01,Ivory Coast,1630.0
2021-08-01,Ivory Coast,1629.9
2021-09-01,Ivory Coast,1636.5
2021-10-01,Ivory Coast,1627.8
2021-11-01,Ivory Coast,1624.5
2021-12-01,Ivory Coast,1619.8
2022-01-01,Ivory Coast,1627.6
2022-02-01,Ivory Coast,1634.4
2022-03-01,Ivory Coast,1635.9
2022-04-01,Ivory Coast,1625.8
2022-05-01,Ivory Coast,1625.7
2022-06-01,Ivory Coast,1633.8
2022-07-01,Ivory Coast,1639.3
2022-08-01,Ivory Coast,1647.5
2022-09-01,Ivory Coast,1634.0
2022-10-01,Ivory Coast,1625.3
2022-11-01,Ivory Coast,1622.1
2022-12-01,Ivory Coast,1642.8
2023-01-01,Ivory Coast,1636.4
2023-02-01,Ivory Coast,1631.1
2023-03-01,Ivory Coast,1629.2
2023-04-01,Ivory Coast,1645.6
2023-05-01,Ivory Coast,1631.3
2023-06-01,Ivory Coast,1643.3
2023-07-01,Ivory Coast,1639.7
2023-08-01,Ivory Coast,1631.2
2023-09-01,Ivory Coast,1647.5
2023-10-01,Ivory Coast,1633.5
2023-11-01,Ivory Coast,1629.9
2023-12-01,Ivory Coast,1644.9
2024-01-01,Ivory Coast,1643.9
2024-02-01,Ivory Coast,1634.0
2024-03-01,Ivory Coast,1644.2
2024-04-01,Ivory Coast,1646.3
2024-05-01,Ivory Coast,1642.8
2024-06-01,Ivory Coast,1633.2
2024-07-01,Ivory Coast,1639.9
2024-08-01,Ivory Coast,1628.9
2024-09-01,Ivory Coast,1634.5
2024-10-01,Ivory Coast,1634.8
2024-11-01,Ivory Coast,1643.9
2024-12-01,Ivory Coast,1644.9
2025-01-01,Ivory Coast,1630.4
2025-02-01,Ivory Coast,1644.8
2025-03-01,Ivory Coast,1640.8
2025-04-01,Ivory Coast,1644.2
2025-05-01,Ivory Coast,1653.6
2025-06-01,Ivory Coast,1638.0
2025-07-01,Ivory Coast,1639.1
2025-08-01,Ivory Coast,1646.9
2025-09-01,Ivory Coast,1641.9
2025-10-01,Ivory Coast,1629.1
2025-11-01,Ivory Coast,1655.2
2025-12-01,Ivory Coast,1643.4
2026-01-01,Ivory Coast,1652.9
2026-02-01,Ivory Coast,1641.8
2026-03-01,Ivory Coast,1634.2
2026-04-01,Ivory Coast,1644.5
2026-05-01,Ivory Coast,1647.1
2000-01-01,Ghana,1539.7
2000-02-01,Ghana,1526.6
2000-03-01,Ghana,1538.2
2000-04-01,Ghana,1519.6
2000-05-01,Ghana,1527.4
2000-06-01,Ghana,1532.1
2000-07-01,Ghana,1521.5
2000-08-01,Ghana,1542.8
2000-09-01,Ghana,1528.4
2000-10-01,Ghana,1524.4
2000-11-01,Ghana,1522.1
2000-12-01,Ghana,1520.6
2001-01-01,Ghana,1539.9
2001-02-01,Ghana,1527.7
2001-03-01,Ghana,1536.9
2001-04-01,Ghana,1530.7
2001-05-01,Ghana,1541.5
2001-06-01,Ghana,1537.0
2001-07-01,Ghana,1539.7
2001-08-01,Ghana,1554.3
2001-09-01,Ghana,1530.6
2001-10-01,Ghana,1535.3
2001-11-01,Ghana,1535.6
2001-12-01,Ghana,1537.3
2002-01-01,Ghana,1534.6
2002-02-01,Ghana,1543.3
2002-03-01,Ghana,1555.0
2002-04-01,Ghana,1537.3
2002-05-01,Ghana,1537.9
2002-06-01,Ghana,1530.2
2002-07-01,Ghana,1525.0
2002-08-01,Ghana,1530.1
2002-09-01,Ghana,1527.5
2002-10-01,Ghana,1528.3
2002-11-01,Ghana,1532.7
2002-12-01,Ghana,1530.0
2003-01-01,Ghana,1534.7
2003-02-01,Ghana,1533.7
2003-03-01,Ghana,1533.6
2003-04-01,Ghana,1560.3
2003-05-01,Ghana,1535.0
2003-06-01,Ghana,1537.1
2003-07-01,Ghana,1544.7
2003-08-01,Ghana,1531.2
2003-09-01,Ghana,1528.5
2003-10-01,Ghana,1532.5
2003-11-01,Ghana,1540.3
2003-12-01,Ghana,1542.4
2004-01-01,Ghana,1550.5
2004-02-01,Ghana,1548.8
2004-03-01,Ghana,1558.6
2004-04-01,Ghana,1545.9
2004-05-01,Ghana,1545.7
2004-06-01,Ghana,1538.1
2004-07-01,Ghana,1545.4
2004-08-01,Ghana,1539.3
2004-09-01,Ghana,1535.7
2004-10-01,Ghana,1559.9
2004-11-01,Ghana,1535.3
2004-12-01,Ghana,1560.0
2005-01-01,Ghana,1558.6
2005-02-01,Ghana,1548.6
2005-03-01,Ghana,1538.3
2005-04-01,Ghana,1547.9
2005-05-01,Ghana,1541.3
2005-06-01,Ghana,1562.1
2005-07-01,Ghana,1554.3
2005-08-01,Ghana,1557.4
2005-09-01,Ghana,1547.0
2005-10-01,Ghana,1548.7
2005-11-01,Ghana,1554.0
2005-12-01,Ghana,1546.3
2006-01-01,Ghana,1565.2
2006-02-01,Ghana,1548.6
2006-03-01,Ghana,1564.0
2006-04-01,Ghana,1545.8
2006-05-01,Ghana,1548.7
2006-06-01,Ghana,1550.8
2006-07-01,Ghana,1549.8
2006-08-01,Ghana,1547.0
2006-09-01,Ghana,1536.5
2006-10-01,Ghana,1554.2
2006-11-01,Ghana,1547.2
2006-12-01,Ghana,1549.6
2007-01-01,Ghana,1562.0
2007-02-01,Ghana,1550.9
2007-03-01,Ghana,1556.3
2007-04-01,Ghana,1550.9
2007-05-01,Ghana,1570.2
2007-06-01,Ghana,1563.6
2007-07-01,Ghana,1556.6
2007-08-01,Ghana,1557.3
2007-09-01,Ghana,1543.2
2007-10-01,Ghana,1551.6
2007-11-01,Ghana,1569.0
2007-12-01,Ghana,1552.2
2008-01-01,Ghana,1559.5
2008-02-01,Ghana,1547.2
2008-03-01,Ghana,1564.6
2008-04-01,Ghana,1559.6
2008-05-01,Ghana,1551.9
2008-06-01,Ghana,1549.8
2008-07-01,Ghana,1577.0
2008-08-01,Ghana,1556.7
2008-09-01,Ghana,1555.1
2008-10-01,Ghana,1566.5
2008-11-01,Ghana,1544.1
2008-12-01,Ghana,1572.8
2009-01-01,Ghana,1560.5
2009-02-01,Ghana,1562.1
2009-03-01,Ghana,1557.6
2009-04-01,Ghana,1564.5
2009-05-01,Ghana,1558.6
2009-06-01,Ghana,1562.9
2009-07-01,Ghana,1555.9
2009-08-01,Ghana,1565.2
2009-09-01,Ghana,1560.8
2009-10-01,Ghana,1565.3
2009-11-01,Ghana,1561.4
2009-12-01,Ghana,1577.1
2010-01-01,Ghana,1566.6
2010-02-01,Ghana,1573.4
2010-03-01,Ghana,1567.3
2010-04-01,Ghana,1574.6
2010-05-01,Ghana,1563.3
2010-06-01,Ghana,1565.2
2010-07-01,Ghana,1568.2
2010-08-01,Ghana,1551.3
2010-09-01,Ghana,1570.8
2010-10-01,Ghana,1562.0
2010-11-01,Ghana,1565.0
2010-12-01,Ghana,1575.0
2011-01-01,Ghana,1571.9
2011-02-01,Ghana,1567.9
2011-03-01,Ghana,1573.8
2011-04-01,Ghana,1567.1
2011-05-01,Ghana,1571.8
2011-06-01,Ghana,1564.4
2011-07-01,Ghana,1579.6
2011-08-01,Ghana,1562.4
2011-09-01,Ghana,1575.5
2011-10-01,Ghana,1556.4
2011-11-01,Ghana,1571.5
2011-12-01,Ghana,1575.1
2012-01-01,Ghana,1568.1
2012-02-01,Ghana,1579.5
2012-03-01,Ghana,1575.9
2012-04-01,Ghana,1572.8
2012-05-01,Ghana,1577.1
2012-06-01,Ghana,1586.4
2012-07-01,Ghana,1578.0
2012-08-01,Ghana,1566.8
2012-09-01,Ghana,1568.6
2012-10-01,Ghana,1569.0
2012-11-01,Ghana,1572.4
2012-12-01,Ghana,1579.2
2013-01-01,Ghana,1584.9
2013-02-01,Ghana,1583.5
2013-03-01,Ghana,1554.4
2013-04-01,Ghana,1582.8
2013-05-01,Ghana,1576.7
2013-06-01,Ghana,1584.7
2013-07-01,Ghana,1588.8
2013-08-01,Ghana,1567.6
2013-09-01,Ghana,1578.3
2013-10-01,Ghana,1586.0
2013-11-01,Ghana,1582.7
2013-12-01,Ghana,1588.6
2014-01-01,Ghana,1592.9
2014-02-01,Ghana,1581.5
2014-03-01,Ghana,1577.4
2014-04-01,Ghana,1577.1
2014-05-01,Ghana,1590.9
2014-06-01,Ghana,1589.0
2014-07-01,Ghana,1586.0
2014-08-01,Ghana,1583.6
2014-09-01,Ghana,1587.7
2014-10-01,Ghana,1584.7
2014-11-01,Ghana,1580.5
2014-12-01,Ghana,1593.5
2015-01-01,Ghana,1578.2
2015-02-01,Ghana,1594.4
2015-03-01,Ghana,1578.5
2015-04-01,Ghana,1590.1
2015-05-01,Ghana,1596.7
2015-06-01,Ghana,1593.9
2015-07-01,Ghana,1588.5
2015-08-01,Ghana,1573.4
2015-09-01,Ghana,1579.3
2015-10-01,Ghana,1590.9
2015-11-01,Ghana,1585.3
2015-12-01,Ghana,1583.1
2016-01-01,Ghana,1569.5
2016-02-01,Ghana,1588.7
2016-03-01,Ghana,1591.7
2016-04-01,Ghana,1586.7
2016-05-01,Ghana,1591.3
2016-06-01,Ghana,1588.0
2016-07-01,Ghana,1596.6
2016-08-01,Ghana,1590.0
2016-09-01,Ghana,1589.3
2016-10-01,Ghana,1590.2
2016-11-01,Ghana,1586.9
2016-12-01,Ghana,1599.3
2017-01-01,Ghana,1590.0
2017-02-01,Ghana,1600.7
2017-03-01,Ghana,1588.4
2017-04-01,Ghana,1608.2
2017-05-01,Ghana,1614.4
2017-06-01,Ghana,1598.6
2017-07-01,Ghana,1599.6
2017-08-01,Ghana,1594.7
2017-09-01,Ghana,1595.9
2017-10-01,Ghana,1588.8
2017-11-01,Ghana,1587.2
2017-12-01,Ghana,1598.9
2018-01-01,Ghana,1592.2
2018-02-01,Ghana,1603.8
2018-03-01,Ghana,1605.8
2018-04-01,Ghana,1609.0
2018-05-01,Ghana,1592.1
2018-06-01,Ghana,1590.3
2018-07-01,Ghana,1604.2
2018-08-01,Ghana,1604.6
2018-09-01,Ghana,1604.2
2018-10-01,Ghana,1605.1
2018-11-01,Ghana,1591.8
2018-12-01,Ghana,1598.8
2019-01-01,Ghana,1600.9
2019-02-01,Ghana,1609.0
2019-03-01,Ghana,1607.2
2019-04-01,Ghana,1607.1
2019-05-01,Ghana,1605.0
2019-06-01,Ghana,1603.8
2019-07-01,Ghana,1600.3
2019-08-01,Ghana,1604.4
2019-09-01,Ghana,1607.3
2019-10-01,Ghana,1610.8
2019-11-01,Ghana,1612.6
2019-12-01,Ghana,1607.5
2020-01-01,Ghana,1616.7
2020-02-01,Ghana,1612.2
2020-03-01,Ghana,1594.6
2020-04-01,Ghana,1613.5
2020-05-01,Ghana,1598.7
2020-06-01,Ghana,1618.4
2020-07-01,Ghana,1590.8
2020-08-01,Ghana,1590.4
2020-09-01,Ghana,1620.5
2020-10-01,Ghana,1622.1
2020-11-01,Ghana,1616.3
2020-12-01,Ghana,1618.2
2021-01-01,Ghana,1600.6
2021-02-01,Ghana,1619.2
2021-03-01,Ghana,1603.8
2021-04-01,Ghana,1619.8
2021-05-01,Ghana,1607.3
2021-06-01,Ghana,1610.0
2021-07-01,Ghana,1618.9
2021-08-01,Ghana,1610.5
2021-09-01,Ghana,1614.8
2021-10-01,Ghana,1605.3
2021-11-01,Ghana,1605.0
2021-12-01,Ghana,1608.6
2022-01-01,Ghana,1606.0
2022-02-01,Ghana,1620.0
2022-03-01,Ghana,1617.3
2022-04-01,Ghana,1603.9
2022-05-01,Ghana,1626.3
2022-06-01,Ghana,1626.5
2022-07-01,Ghana,1614.2
2022-08-01,Ghana,1610.5
2022-09-01,Ghana,1624.7
2022-10-01,Ghana,1607.5
2022-11-01,Ghana,1627.5
2022-12-01,Ghana,1614.6
2023-01-01,Ghana,1629.2
2023-02-01,Ghana,1624.6
2023-03-01,Ghana,1640.0
2023-04-01,Ghana,1624.8
2023-05-01,Ghana,1634.1
2023-06-01,Ghana,1614.7
2023-07-01,Ghana,1610.9
2023-08-01,Ghana,1616.8
2023-09-01,Ghana,1619.5
2023-10-01,Ghana,1619.4
2023-11-01,Ghana,1618.6
2023-12-01,Ghana,1621.3
2024-01-01,Ghana,1628.8
2024-02-01,Ghana,1612.1
2024-03-01,Ghana,1621.2
2024-04-01,Ghana,1619.0
2024-05-01,Ghana,1624.2
2024-06-01,Ghana,1621.8
2024-07-01,Ghana,1633.2
2024-08-01,Ghana,1626.1
2024-09-01,Ghana,1630.9
2024-10-01,Ghana,1620.4
2024-11-01,Ghana,1629.5
2024-12-01,Ghana,1618.2
2025-01-01,Ghana,1618.5
2025-02-01,Ghana,1637.0
2025-03-01,Ghana,1625.7
2025-04-01,Ghana,1625.9
2025-05-01,Ghana,1619.9
2025-06-01,Ghana,1618.6
2025-07-01,Ghana,1639.1
2025-08-01,Ghana,1634.4
2025-09-01,Ghana,1619.2
2025-10-01,Ghana,1620.3
2025-11-01,Ghana,1627.8
2025-12-01,Ghana,1622.9
2026-01-01,Ghana,1623.8
2026-02-01,Ghana,1624.1
2026-03-01,Ghana,1628.4
2026-04-01,Ghana,1618.8
2026-05-01,Ghana,1623.6
2000-01-01,Saudi Arabia,1523.7
2000-02-01,Saudi Arabia,1506.3
2000-03-01,Saudi Arabia,1514.3
2000-04-01,Saudi Arabia,1517.2
2000-05-01,Saudi Arabia,1523.2
2000-06-01,Saudi Arabia,1504.6
2000-07-01,Saudi Arabia,1508.2
2000-08-01,Saudi Arabia,1514.5
2000-09-01,Saudi Arabia,1522.8
2000-10-01,Saudi Arabia,1520.1
2000-11-01,Saudi Arabia,1527.9
2000-12-01,Saudi Arabia,1509.9
2001-01-01,Saudi Arabia,1512.8
2001-02-01,Saudi Arabia,1513.5
2001-03-01,Saudi Arabia,1513.3
2001-04-01,Saudi Arabia,1511.6
2001-05-01,Saudi Arabia,1522.2
2001-06-01,Saudi Arabia,1505.1
2001-07-01,Saudi Arabia,1528.5
2001-08-01,Saudi Arabia,1517.6
2001-09-01,Saudi Arabia,1522.0
2001-10-01,Saudi Arabia,1507.9
2001-11-01,Saudi Arabia,1512.4
2001-12-01,Saudi Arabia,1514.0
2002-01-01,Saudi Arabia,1518.6
2002-02-01,Saudi Arabia,1518.3
2002-03-01,Saudi Arabia,1522.6
2002-04-01,Saudi Arabia,1518.1
2002-05-01,Saudi Arabia,1528.0
2002-06-01,Saudi Arabia,1529.1
2002-07-01,Saudi Arabia,1536.8
2002-08-01,Saudi Arabia,1524.5
2002-09-01,Saudi Arabia,1521.1
2002-10-01,Saudi Arabia,1523.6
2002-11-01,Saudi Arabia,1526.1
2002-12-01,Saudi Arabia,1517.0
2003-01-01,Saudi Arabia,1533.3
2003-02-01,Saudi Arabia,1532.3
2003-03-01,Saudi Arabia,1513.1
2003-04-01,Saudi Arabia,1541.7
2003-05-01,Saudi Arabia,1528.9
2003-06-01,Saudi Arabia,1519.3
2003-07-01,Saudi Arabia,1518.9
2003-08-01,Saudi Arabia,1528.4
2003-09-01,Saudi Arabia,1520.0
2003-10-01,Saudi Arabia,1519.3
2003-11-01,Saudi Arabia,1523.4
2003-12-01,Saudi Arabia,1530.6
2004-01-01,Saudi Arabia,1527.7
2004-02-01,Saudi Arabia,1523.7
2004-03-01,Saudi Arabia,1542.8
2004-04-01,Saudi Arabia,1534.4
2004-05-01,Saudi Arabia,1523.6
2004-06-01,Saudi Arabia,1532.2
2004-07-01,Saudi Arabia,1531.5
2004-08-01,Saudi Arabia,1530.4
2004-09-01,Saudi Arabia,1530.8
2004-10-01,Saudi Arabia,1529.1
2004-11-01,Saudi Arabia,1534.1
2004-12-01,Saudi Arabia,1530.2
2005-01-01,Saudi Arabia,1535.9
2005-02-01,Saudi Arabia,1537.9
2005-03-01,Saudi Arabia,1533.9
2005-04-01,Saudi Arabia,1540.2
2005-05-01,Saudi Arabia,1545.0
2005-06-01,Saudi Arabia,1532.2
2005-07-01,Saudi Arabia,1530.0
2005-08-01,Saudi Arabia,1523.5
2005-09-01,Saudi Arabia,1539.9
2005-10-01,Saudi Arabia,1533.1
2005-11-01,Saudi Arabia,1525.2
2005-12-01,Saudi Arabia,1530.1
2006-01-01,Saudi Arabia,1541.8
2006-02-01,Saudi Arabia,1544.5
2006-03-01,Saudi Arabia,1542.6
2006-04-01,Saudi Arabia,1537.8
2006-05-01,Saudi Arabia,1544.0
2006-06-01,Saudi Arabia,1539.1
2006-07-01,Saudi Arabia,1539.9
2006-08-01,Saudi Arabia,1531.9
2006-09-01,Saudi Arabia,1546.9
2006-10-01,Saudi Arabia,1543.7
2006-11-01,Saudi Arabia,1535.2
2006-12-01,Saudi Arabia,1547.1
2007-01-01,Saudi Arabia,1532.0
2007-02-01,Saudi Arabia,1535.8
2007-03-01,Saudi Arabia,1532.3
2007-04-01,Saudi Arabia,1538.8
2007-05-01,Saudi Arabia,1536.2
2007-06-01,Saudi Arabia,1549.6
2007-07-01,Saudi Arabia,1543.1
2007-08-01,Saudi Arabia,1539.9
2007-09-01,Saudi Arabia,1545.5
2007-10-01,Saudi Arabia,1548.4
2007-11-01,Saudi Arabia,1552.5
2007-12-01,Saudi Arabia,1541.4
2008-01-01,Saudi Arabia,1545.9
2008-02-01,Saudi Arabia,1537.8
2008-03-01,Saudi Arabia,1547.5
2008-04-01,Saudi Arabia,1548.0
2008-05-01,Saudi Arabia,1541.5
2008-06-01,Saudi Arabia,1546.3
2008-07-01,Saudi Arabia,1544.1
2008-08-01,Saudi Arabia,1548.8
2008-09-01,Saudi Arabia,1544.2
2008-10-01,Saudi Arabia,1547.6
2008-11-01,Saudi Arabia,1541.6
2008-12-01,Saudi Arabia,1552.1
2009-01-01,Saudi Arabia,1553.6
2009-02-01,Saudi Arabia,1558.4
2009-03-01,Saudi Arabia,1550.6
2009-04-01,Saudi Arabia,1549.2
2009-05-01,Saudi Arabia,1538.4
2009-06-01,Saudi Arabia,1556.6
2009-07-01,Saudi Arabia,1550.3
2009-08-01,Saudi Arabia,1547.8
2009-09-01,Saudi Arabia,1556.2
2009-10-01,Saudi Arabia,1555.7
2009-11-01,Saudi Arabia,1546.6
2009-12-01,Saudi Arabia,1552.3
2010-01-01,Saudi Arabia,1553.9
2010-02-01,Saudi Arabia,1562.6
2010-03-01,Saudi Arabia,1545.4
2010-04-01,Saudi Arabia,1564.1
2010-05-01,Saudi Arabia,1561.9
2010-06-01,Saudi Arabia,1550.4
2010-07-01,Saudi Arabia,1549.3
2010-08-01,Saudi Arabia,1556.7
2010-09-01,Saudi Arabia,1542.8
2010-10-01,Saudi Arabia,1555.4
2010-11-01,Saudi Arabia,1554.9
2010-12-01,Saudi Arabia,1557.6
2011-01-01,Saudi Arabia,1552.1
2011-02-01,Saudi Arabia,1576.7
2011-03-01,Saudi Arabia,1558.8
2011-04-01,Saudi Arabia,1566.8
2011-05-01,Saudi Arabia,1560.8
2011-06-01,Saudi Arabia,1564.2
2011-07-01,Saudi Arabia,1548.1
2011-08-01,Saudi Arabia,1571.5
2011-09-01,Saudi Arabia,1561.5
2011-10-01,Saudi Arabia,1561.0
2011-11-01,Saudi Arabia,1562.1
2011-12-01,Saudi Arabia,1561.1
2012-01-01,Saudi Arabia,1562.7
2012-02-01,Saudi Arabia,1559.4
2012-03-01,Saudi Arabia,1552.6
2012-04-01,Saudi Arabia,1574.8
2012-05-01,Saudi Arabia,1553.3
2012-06-01,Saudi Arabia,1569.3
2012-07-01,Saudi Arabia,1565.0
2012-08-01,Saudi Arabia,1556.0
2012-09-01,Saudi Arabia,1567.0
2012-10-01,Saudi Arabia,1558.0
2012-11-01,Saudi Arabia,1576.2
2012-12-01,Saudi Arabia,1560.8
2013-01-01,Saudi Arabia,1571.9
2013-02-01,Saudi Arabia,1561.3
2013-03-01,Saudi Arabia,1557.9
2013-04-01,Saudi Arabia,1564.7
2013-05-01,Saudi Arabia,1577.4
2013-06-01,Saudi Arabia,1552.9
2013-07-01,Saudi Arabia,1560.4
2013-08-01,Saudi Arabia,1564.7
2013-09-01,Saudi Arabia,1558.1
2013-10-01,Saudi Arabia,1556.2
2013-11-01,Saudi Arabia,1572.3
2013-12-01,Saudi Arabia,1559.8
2014-01-01,Saudi Arabia,1563.0
2014-02-01,Saudi Arabia,1564.3
2014-03-01,Saudi Arabia,1567.4
2014-04-01,Saudi Arabia,1572.6
2014-05-01,Saudi Arabia,1560.0
2014-06-01,Saudi Arabia,1567.2
2014-07-01,Saudi Arabia,1564.2
2014-08-01,Saudi Arabia,1559.1
2014-09-01,Saudi Arabia,1565.1
2014-10-01,Saudi Arabia,1575.5
2014-11-01,Saudi Arabia,1571.2
2014-12-01,Saudi Arabia,1574.2
2015-01-01,Saudi Arabia,1555.0
2015-02-01,Saudi Arabia,1567.4
2015-03-01,Saudi Arabia,1576.2
2015-04-01,Saudi Arabia,1569.7
2015-05-01,Saudi Arabia,1573.0
2015-06-01,Saudi Arabia,1573.1
2015-07-01,Saudi Arabia,1561.1
2015-08-01,Saudi Arabia,1569.3
2015-09-01,Saudi Arabia,1565.6
2015-10-01,Saudi Arabia,1574.9
2015-11-01,Saudi Arabia,1569.6
2015-12-01,Saudi Arabia,1563.2
2016-01-01,Saudi Arabia,1575.7
2016-02-01,Saudi Arabia,1587.8
2016-03-01,Saudi Arabia,1563.4
2016-04-01,Saudi Arabia,1584.2
2016-05-01,Saudi Arabia,1571.2
2016-06-01,Saudi Arabia,1576.3
2016-07-01,Saudi Arabia,1563.9
2016-08-01,Saudi Arabia,1578.4
2016-09-01,Saudi Arabia,1579.0
2016-10-01,Saudi Arabia,1590.2
2016-11-01,Saudi Arabia,1579.9
2016-12-01,Saudi Arabia,1562.2
2017-01-01,Saudi Arabia,1581.3
2017-02-01,Saudi Arabia,1582.3
2017-03-01,Saudi Arabia,1569.5
2017-04-01,Saudi Arabia,1563.5
2017-05-01,Saudi Arabia,1566.0
2017-06-01,Saudi Arabia,1582.2
2017-07-01,Saudi Arabia,1578.3
2017-08-01,Saudi Arabia,1587.8
2017-09-01,Saudi Arabia,1590.7
2017-10-01,Saudi Arabia,1586.1
2017-11-01,Saudi Arabia,1586.6
2017-12-01,Saudi Arabia,1589.4
2018-01-01,Saudi Arabia,1587.2
2018-02-01,Saudi Arabia,1587.6
2018-03-01,Saudi Arabia,1568.4
2018-04-01,Saudi Arabia,1579.5
2018-05-01,Saudi Arabia,1575.6
2018-06-01,Saudi Arabia,1593.9
2018-07-01,Saudi Arabia,1576.3
2018-08-01,Saudi Arabia,1576.1
2018-09-01,Saudi Arabia,1581.3
2018-10-01,Saudi Arabia,1595.8
2018-11-01,Saudi Arabia,1597.7
2018-12-01,Saudi Arabia,1583.0
2019-01-01,Saudi Arabia,1591.2
2019-02-01,Saudi Arabia,1587.5
2019-03-01,Saudi Arabia,1592.5
2019-04-01,Saudi Arabia,1572.5
2019-05-01,Saudi Arabia,1597.3
2019-06-01,Saudi Arabia,1587.9
2019-07-01,Saudi Arabia,1583.7
2019-08-01,Saudi Arabia,1583.3
2019-09-01,Saudi Arabia,1591.0
2019-10-01,Saudi Arabia,1599.4
2019-11-01,Saudi Arabia,1598.7
2019-12-01,Saudi Arabia,1582.4
2020-01-01,Saudi Arabia,1597.5
2020-02-01,Saudi Arabia,1585.5
2020-03-01,Saudi Arabia,1586.4
2020-04-01,Saudi Arabia,1590.9
2020-05-01,Saudi Arabia,1595.4
2020-06-01,Saudi Arabia,1595.9
2020-07-01,Saudi Arabia,1593.6
2020-08-01,Saudi Arabia,1580.4
2020-09-01,Saudi Arabia,1596.6
2020-10-01,Saudi Arabia,1608.8
2020-11-01,Saudi Arabia,1596.7
2020-12-01,Saudi Arabia,1601.3
2021-01-01,Saudi Arabia,1601.0
2021-02-01,Saudi Arabia,1602.6
2021-03-01,Saudi Arabia,1584.6
2021-04-01,Saudi Arabia,1589.3
2021-05-01,Saudi Arabia,1605.3
2021-06-01,Saudi Arabia,1602.7
2021-07-01,Saudi Arabia,1593.4
2021-08-01,Saudi Arabia,1597.4
2021-09-01,Saudi Arabia,1603.5
2021-10-01,Saudi Arabia,1598.4
2021-11-01,Saudi Arabia,1603.8
2021-12-01,Saudi Arabia,1593.2
2022-01-01,Saudi Arabia,1608.5
2022-02-01,Saudi Arabia,1602.3
2022-03-01,Saudi Arabia,1592.1
2022-04-01,Saudi Arabia,1615.3
2022-05-01,Saudi Arabia,1616.2
2022-06-01,Saudi Arabia,1595.5
2022-07-01,Saudi Arabia,1596.6
2022-08-01,Saudi Arabia,1605.4
2022-09-01,Saudi Arabia,1598.6
2022-10-01,Saudi Arabia,1599.5
2022-11-01,Saudi Arabia,1610.7
2022-12-01,Saudi Arabia,1590.0
2023-01-01,Saudi Arabia,1598.8
2023-02-01,Saudi Arabia,1603.5
2023-03-01,Saudi Arabia,1604.6
2023-04-01,Saudi Arabia,1615.0
2023-05-01,Saudi Arabia,1611.4
2023-06-01,Saudi Arabia,1598.2
2023-07-01,Saudi Arabia,1606.7
2023-08-01,Saudi Arabia,1598.7
2023-09-01,Saudi Arabia,1614.8
2023-10-01,Saudi Arabia,1600.5
2023-11-01,Saudi Arabia,1595.6
2023-12-01,Saudi Arabia,1612.3
2024-01-01,Saudi Arabia,1592.8
2024-02-01,Saudi Arabia,1603.0
2024-03-01,Saudi Arabia,1586.8
2024-04-01,Saudi Arabia,1611.6
2024-05-01,Saudi Arabia,1599.8
2024-06-01,Saudi Arabia,1617.7
2024-07-01,Saudi Arabia,1616.3
2024-08-01,Saudi Arabia,1602.9
2024-09-01,Saudi Arabia,1624.9
2024-10-01,Saudi Arabia,1600.0
2024-11-01,Saudi Arabia,1598.6
2024-12-01,Saudi Arabia,1603.1
2025-01-01,Saudi Arabia,1612.3
2025-02-01,Saudi Arabia,1616.9
2025-03-01,Saudi Arabia,1623.8
2025-04-01,Saudi Arabia,1612.3
2025-05-01,Saudi Arabia,1608.5
2025-06-01,Saudi Arabia,1610.7
2025-07-01,Saudi Arabia,1617.0
2025-08-01,Saudi Arabia,1603.4
2025-09-01,Saudi Arabia,1605.8
2025-10-01,Saudi Arabia,1626.2
2025-11-01,Saudi Arabia,1604.7
2025-12-01,Saudi Arabia,1601.4
2026-01-01,Saudi Arabia,1628.4
2026-02-01,Saudi Arabia,1618.3
2026-03-01,Saudi Arabia,1625.0
2026-04-01,Saudi Arabia,1602.6
2026-05-01,Saudi Arabia,1626.8
2000-01-01,Slovakia,1471.8
2000-02-01,Slovakia,1499.7
2000-03-01,Slovakia,1513.8
2000-04-01,Slovakia,1510.8
2000-05-01,Slovakia,1507.0
2000-06-01,Slovakia,1513.1
2000-07-01,Slovakia,1499.1
2000-08-01,Slovakia,1490.5
2000-09-01,Slovakia,1496.3
2000-10-01,Slovakia,1489.6
2000-11-01,Slovakia,1498.2
2000-12-01,Slovakia,1488.4
2001-01-01,Slovakia,1511.0
2001-02-01,Slovakia,1489.1
2001-03-01,Slovakia,1500.6
2001-04-01,Slovakia,1498.4
2001-05-01,Slovakia,1501.0
2001-06-01,Slovakia,1501.9
2001-07-01,Slovakia,1516.4
2001-08-01,Slovakia,1500.4
2001-09-01,Slovakia,1494.7
2001-10-01,Slovakia,1507.4
2001-11-01,Slovakia,1503.0
2001-12-01,Slovakia,1502.7
2002-01-01,Slovakia,1504.9
2002-02-01,Slovakia,1504.7
2002-03-01,Slovakia,1508.6
2002-04-01,Slovakia,1501.4
2002-05-01,Slovakia,1513.6
2002-06-01,Slovakia,1526.7
2002-07-01,Slovakia,1502.6
2002-08-01,Slovakia,1506.7
2002-09-01,Slovakia,1511.7
2002-10-01,Slovakia,1514.4
2002-11-01,Slovakia,1512.1
2002-12-01,Slovakia,1500.0
2003-01-01,Slovakia,1498.1
2003-02-01,Slovakia,1499.7
2003-03-01,Slovakia,1517.5
2003-04-01,Slovakia,1508.2
2003-05-01,Slovakia,1505.9
2003-06-01,Slovakia,1508.4
2003-07-01,Slovakia,1516.1
2003-08-01,Slovakia,1524.4
2003-09-01,Slovakia,1505.9
2003-10-01,Slovakia,1503.1
2003-11-01,Slovakia,1514.3
2003-12-01,Slovakia,1514.0
2004-01-01,Slovakia,1511.2
2004-02-01,Slovakia,1521.0
2004-03-01,Slovakia,1518.1
2004-04-01,Slovakia,1507.4
2004-05-01,Slovakia,1513.5
2004-06-01,Slovakia,1524.1
2004-07-01,Slovakia,1523.0
2004-08-01,Slovakia,1517.0
2004-09-01,Slovakia,1535.6
2004-10-01,Slovakia,1518.2
2004-11-01,Slovakia,1518.0
2004-12-01,Slovakia,1513.0
2005-01-01,Slovakia,1517.8
2005-02-01,Slovakia,1523.3
2005-03-01,Slovakia,1514.4
2005-04-01,Slovakia,1525.0
2005-05-01,Slovakia,1525.1
2005-06-01,Slovakia,1508.0
2005-07-01,Slovakia,1507.2
2005-08-01,Slovakia,1516.9
2005-09-01,Slovakia,1533.4
2005-10-01,Slovakia,1534.1
2005-11-01,Slovakia,1488.1
2005-12-01,Slovakia,1521.2
2006-01-01,Slovakia,1523.3
2006-02-01,Slovakia,1515.5
2006-03-01,Slovakia,1521.8
2006-04-01,Slovakia,1517.6
2006-05-01,Slovakia,1521.3
2006-06-01,Slovakia,1521.7
2006-07-01,Slovakia,1514.2
2006-08-01,Slovakia,1521.2
2006-09-01,Slovakia,1520.9
2006-10-01,Slovakia,1528.6
2006-11-01,Slovakia,1524.4
2006-12-01,Slovakia,1529.4
2007-01-01,Slovakia,1530.7
2007-02-01,Slovakia,1538.1
2007-03-01,Slovakia,1524.5
2007-04-01,Slovakia,1534.3
2007-05-01,Slovakia,1527.5
2007-06-01,Slovakia,1539.1
2007-07-01,Slovakia,1529.9
2007-08-01,Slovakia,1519.3
2007-09-01,Slovakia,1526.4
2007-10-01,Slovakia,1525.3
2007-11-01,Slovakia,1520.4
2007-12-01,Slovakia,1523.2
2008-01-01,Slovakia,1514.0
2008-02-01,Slovakia,1526.1
2008-03-01,Slovakia,1536.2
2008-04-01,Slovakia,1535.2
2008-05-01,Slovakia,1526.7
2008-06-01,Slovakia,1533.7
2008-07-01,Slovakia,1540.9
2008-08-01,Slovakia,1524.9
2008-09-01,Slovakia,1519.1
2008-10-01,Slovakia,1530.9
2008-11-01,Slovakia,1541.5
2008-12-01,Slovakia,1541.0
2009-01-01,Slovakia,1533.1
2009-02-01,Slovakia,1540.6
2009-03-01,Slovakia,1534.5
2009-04-01,Slovakia,1550.5
2009-05-01,Slovakia,1539.0
2009-06-01,Slovakia,1522.2
2009-07-01,Slovakia,1531.5
2009-08-01,Slovakia,1535.2
2009-09-01,Slovakia,1526.8
2009-10-01,Slovakia,1536.6
2009-11-01,Slovakia,1530.6
2009-12-01,Slovakia,1539.9
2010-01-01,Slovakia,1530.4
2010-02-01,Slovakia,1536.3
2010-03-01,Slovakia,1548.1
2010-04-01,Slovakia,1539.2
2010-05-01,Slovakia,1540.3
2010-06-01,Slovakia,1530.9
2010-07-01,Slovakia,1536.0
2010-08-01,Slovakia,1534.2
2010-09-01,Slovakia,1537.4
2010-10-01,Slovakia,1557.2
2010-11-01,Slovakia,1544.1
2010-12-01,Slovakia,1540.8
2011-01-01,Slovakia,1539.0
2011-02-01,Slovakia,1538.0
2011-03-01,Slovakia,1543.3
2011-04-01,Slovakia,1547.0
2011-05-01,Slovakia,1543.2
2011-06-01,Slovakia,1537.0
2011-07-01,Slovakia,1543.5
2011-08-01,Slovakia,1548.2
2011-09-01,Slovakia,1552.2
2011-10-01,Slovakia,1551.1
2011-11-01,Slovakia,1539.1
2011-12-01,Slovakia,1521.2
2012-01-01,Slovakia,1536.5
2012-02-01,Slovakia,1536.3
2012-03-01,Slovakia,1547.6
2012-04-01,Slovakia,1537.9
2012-05-01,Slovakia,1540.4
2012-06-01,Slovakia,1543.2
2012-07-01,Slovakia,1571.4
2012-08-01,Slovakia,1558.6
2012-09-01,Slovakia,1543.1
2012-10-01,Slovakia,1560.9
2012-11-01,Slovakia,1547.2
2012-12-01,Slovakia,1540.3
2013-01-01,Slovakia,1553.5
2013-02-01,Slovakia,1542.4
2013-03-01,Slovakia,1534.3
2013-04-01,Slovakia,1533.4
2013-05-01,Slovakia,1559.0
2013-06-01,Slovakia,1548.8
2013-07-01,Slovakia,1541.3
2013-08-01,Slovakia,1552.9
2013-09-01,Slovakia,1538.1
2013-10-01,Slovakia,1541.3
2013-11-01,Slovakia,1553.5
2013-12-01,Slovakia,1565.0
2014-01-01,Slovakia,1543.1
2014-02-01,Slovakia,1544.9
2014-03-01,Slovakia,1552.3
2014-04-01,Slovakia,1558.9
2014-05-01,Slovakia,1556.4
2014-06-01,Slovakia,1550.1
2014-07-01,Slovakia,1552.6
2014-08-01,Slovakia,1555.6
2014-09-01,Slovakia,1567.8
2014-10-01,Slovakia,1560.9
2014-11-01,Slovakia,1547.2
2014-12-01,Slovakia,1541.7
2015-01-01,Slovakia,1562.8
2015-02-01,Slovakia,1547.5
2015-03-01,Slovakia,1561.0
2015-04-01,Slovakia,1563.6
2015-05-01,Slovakia,1566.0
2015-06-01,Slovakia,1548.9
2015-07-01,Slovakia,1564.1
2015-08-01,Slovakia,1566.4
2015-09-01,Slovakia,1555.7
2015-10-01,Slovakia,1550.5
2015-11-01,Slovakia,1557.5
2015-12-01,Slovakia,1558.4
2016-01-01,Slovakia,1569.1
2016-02-01,Slovakia,1562.0
2016-03-01,Slovakia,1564.0
2016-04-01,Slovakia,1566.9
2016-05-01,Slovakia,1560.1
2016-06-01,Slovakia,1562.4
2016-07-01,Slovakia,1554.4
2016-08-01,Slovakia,1561.6
2016-09-01,Slovakia,1559.9
2016-10-01,Slovakia,1560.5
2016-11-01,Slovakia,1552.6
2016-12-01,Slovakia,1561.3
2017-01-01,Slovakia,1559.9
2017-02-01,Slovakia,1564.6
2017-03-01,Slovakia,1566.1
2017-04-01,Slovakia,1579.3
2017-05-01,Slovakia,1560.7
2017-06-01,Slovakia,1559.3
2017-07-01,Slovakia,1563.8
2017-08-01,Slovakia,1557.8
2017-09-01,Slovakia,1548.4
2017-10-01,Slovakia,1562.7
2017-11-01,Slovakia,1564.4
2017-12-01,Slovakia,1566.5
2018-01-01,Slovakia,1567.1
2018-02-01,Slovakia,1563.2
2018-03-01,Slovakia,1571.7
2018-04-01,Slovakia,1565.6
2018-05-01,Slovakia,1564.8
2018-06-01,Slovakia,1574.0
2018-07-01,Slovakia,1568.2
2018-08-01,Slovakia,1579.7
2018-09-01,Slovakia,1560.8
2018-10-01,Slovakia,1583.3
2018-11-01,Slovakia,1573.0
2018-12-01,Slovakia,1560.8
2019-01-01,Slovakia,1571.2
2019-02-01,Slovakia,1568.3
2019-03-01,Slovakia,1577.5
2019-04-01,Slovakia,1568.3
2019-05-01,Slovakia,1566.2
2019-06-01,Slovakia,1576.9
2019-07-01,Slovakia,1571.5
2019-08-01,Slovakia,1555.5
2019-09-01,Slovakia,1582.2
2019-10-01,Slovakia,1571.7
2019-11-01,Slovakia,1571.8
2019-12-01,Slovakia,1580.9
2020-01-01,Slovakia,1581.3
2020-02-01,Slovakia,1594.6
2020-03-01,Slovakia,1571.6
2020-04-01,Slovakia,1583.2
2020-05-01,Slovakia,1571.7
2020-06-01,Slovakia,1580.1
2020-07-01,Slovakia,1585.6
2020-08-01,Slovakia,1572.9
2020-09-01,Slovakia,1596.4
2020-10-01,Slovakia,1581.8
2020-11-01,Slovakia,1574.2
2020-12-01,Slovakia,1554.5
2021-01-01,Slovakia,1581.3
2021-02-01,Slovakia,1592.8
2021-03-01,Slovakia,1583.8
2021-04-01,Slovakia,1586.2
2021-05-01,Slovakia,1579.7
2021-06-01,Slovakia,1580.2
2021-07-01,Slovakia,1580.5
2021-08-01,Slovakia,1577.5
2021-09-01,Slovakia,1580.2
2021-10-01,Slovakia,1580.1
2021-11-01,Slovakia,1585.0
2021-12-01,Slovakia,1580.1
2022-01-01,Slovakia,1592.8
2022-02-01,Slovakia,1601.8
2022-03-01,Slovakia,1581.4
2022-04-01,Slovakia,1598.4
2022-05-01,Slovakia,1589.9
2022-06-01,Slovakia,1580.4
2022-07-01,Slovakia,1596.1
2022-08-01,Slovakia,1589.8
2022-09-01,Slovakia,1590.7
2022-10-01,Slovakia,1566.2
2022-11-01,Slovakia,1589.9
2022-12-01,Slovakia,1584.2
2023-01-01,Slovakia,1591.8
2023-02-01,Slovakia,1593.5
2023-03-01,Slovakia,1591.9
2023-04-01,Slovakia,1592.4
2023-05-01,Slovakia,1594.9
2023-06-01,Slovakia,1586.4
2023-07-01,Slovakia,1602.5
2023-08-01,Slovakia,1593.5
2023-09-01,Slovakia,1582.6
2023-10-01,Slovakia,1591.3
2023-11-01,Slovakia,1580.2
2023-12-01,Slovakia,1594.9
2024-01-01,Slovakia,1584.2
2024-02-01,Slovakia,1591.0
2024-03-01,Slovakia,1590.0
2024-04-01,Slovakia,1598.9
2024-05-01,Slovakia,1586.2
2024-06-01,Slovakia,1595.8
2024-07-01,Slovakia,1581.6
2024-08-01,Slovakia,1600.8
2024-09-01,Slovakia,1592.1
2024-10-01,Slovakia,1589.2
2024-11-01,Slovakia,1594.0
2024-12-01,Slovakia,1594.6
2025-01-01,Slovakia,1592.3
2025-02-01,Slovakia,1609.0
2025-03-01,Slovakia,1604.7
2025-04-01,Slovakia,1583.2
2025-05-01,Slovakia,1596.8
2025-06-01,Slovakia,1594.2
2025-07-01,Slovakia,1574.4
2025-08-01,Slovakia,1597.4
2025-09-01,Slovakia,1590.0
2025-10-01,Slovakia,1595.1
2025-11-01,Slovakia,1599.2
2025-12-01,Slovakia,1602.1
2026-01-01,Slovakia,1602.6
2026-02-01,Slovakia,1582.3
2026-03-01,Slovakia,1599.9
2026-04-01,Slovakia,1585.9
2026-05-01,Slovakia,1591.5
2000-01-01,Scotland,1505.3
2000-02-01,Scotland,1491.1
2000-03-01,Scotland,1475.9
2000-04-01,Scotland,1488.6
2000-05-01,Scotland,1507.5
2000-06-01,Scotland,1485.8
2000-07-01,Scotland,1473.9
2000-08-01,Scotland,1489.3
2000-09-01,Scotland,1507.7
2000-10-01,Scotland,1486.3
2000-11-01,Scotland,1502.5
2000-12-01,Scotland,1489.8
2001-01-01,Scotland,1513.2
2001-02-01,Scotland,1492.5
2001-03-01,Scotland,1492.1
2001-04-01,Scotland,1498.8
2001-05-01,Scotland,1488.8
2001-06-01,Scotland,1490.7
2001-07-01,Scotland,1492.8
2001-08-01,Scotland,1507.5
2001-09-01,Scotland,1478.9
2001-10-01,Scotland,1484.4
2001-11-01,Scotland,1506.7
2001-12-01,Scotland,1494.4
2002-01-01,Scotland,1489.1
2002-02-01,Scotland,1501.9
2002-03-01,Scotland,1497.0
2002-04-01,Scotland,1493.0
2002-05-01,Scotland,1490.2
2002-06-01,Scotland,1494.7
2002-07-01,Scotland,1479.8
2002-08-01,Scotland,1493.2
2002-09-01,Scotland,1505.8
2002-10-01,Scotland,1502.9
2002-11-01,Scotland,1494.2
2002-12-01,Scotland,1486.6
2003-01-01,Scotland,1497.1
2003-02-01,Scotland,1482.7
2003-03-01,Scotland,1504.7
2003-04-01,Scotland,1505.6
2003-05-01,Scotland,1507.5
2003-06-01,Scotland,1509.6
2003-07-01,Scotland,1507.8
2003-08-01,Scotland,1501.9
2003-09-01,Scotland,1497.3
2003-10-01,Scotland,1496.9
2003-11-01,Scotland,1500.7
2003-12-01,Scotland,1507.3
2004-01-01,Scotland,1497.5
2004-02-01,Scotland,1507.2
2004-03-01,Scotland,1497.0
2004-04-01,Scotland,1508.8
2004-05-01,Scotland,1499.5
2004-06-01,Scotland,1520.3
2004-07-01,Scotland,1502.6
2004-08-01,Scotland,1506.9
2004-09-01,Scotland,1494.9
2004-10-01,Scotland,1509.2
2004-11-01,Scotland,1513.4
2004-12-01,Scotland,1498.4
2005-01-01,Scotland,1508.3
2005-02-01,Scotland,1501.4
2005-03-01,Scotland,1507.5
2005-04-01,Scotland,1516.4
2005-05-01,Scotland,1525.3
2005-06-01,Scotland,1515.1
2005-07-01,Scotland,1499.2
2005-08-01,Scotland,1508.3
2005-09-01,Scotland,1515.1
2005-10-01,Scotland,1484.5
2005-11-01,Scotland,1511.7
2005-12-01,Scotland,1510.6
2006-01-01,Scotland,1530.1
2006-02-01,Scotland,1513.1
2006-03-01,Scotland,1524.9
2006-04-01,Scotland,1511.0
2006-05-01,Scotland,1518.4
2006-06-01,Scotland,1515.8
2006-07-01,Scotland,1526.7
2006-08-01,Scotland,1524.3
2006-09-01,Scotland,1509.5
2006-10-01,Scotland,1500.8
2006-11-01,Scotland,1520.1
2006-12-01,Scotland,1526.8
2007-01-01,Scotland,1504.7
2007-02-01,Scotland,1531.0
2007-03-01,Scotland,1510.3
2007-04-01,Scotland,1527.9
2007-05-01,Scotland,1516.6
2007-06-01,Scotland,1527.1
2007-07-01,Scotland,1520.3
2007-08-01,Scotland,1525.6
2007-09-01,Scotland,1514.3
2007-10-01,Scotland,1506.1
2007-11-01,Scotland,1525.7
2007-12-01,Scotland,1525.9
2008-01-01,Scotland,1517.7
2008-02-01,Scotland,1524.3
2008-03-01,Scotland,1516.3
2008-04-01,Scotland,1509.5
2008-05-01,Scotland,1523.8
2008-06-01,Scotland,1526.0
2008-07-01,Scotland,1517.8
2008-08-01,Scotland,1531.2
2008-09-01,Scotland,1514.4
2008-10-01,Scotland,1530.6
2008-11-01,Scotland,1511.9
2008-12-01,Scotland,1524.6
2009-01-01,Scotland,1525.5
2009-02-01,Scotland,1532.6
2009-03-01,Scotland,1528.0
2009-04-01,Scotland,1528.1
2009-05-01,Scotland,1524.5
2009-06-01,Scotland,1529.1
2009-07-01,Scotland,1514.7
2009-08-01,Scotland,1505.8
2009-09-01,Scotland,1540.5
2009-10-01,Scotland,1511.3
2009-11-01,Scotland,1539.0
2009-12-01,Scotland,1518.9
2010-01-01,Scotland,1540.5
2010-02-01,Scotland,1539.8
2010-03-01,Scotland,1527.6
2010-04-01,Scotland,1527.6
2010-05-01,Scotland,1523.1
2010-06-01,Scotland,1528.8
2010-07-01,Scotland,1531.2
2010-08-01,Scotland,1545.7
2010-09-01,Scotland,1514.0
2010-10-01,Scotland,1527.3
2010-11-01,Scotland,1534.5
2010-12-01,Scotland,1518.1
2011-01-01,Scotland,1541.7
2011-02-01,Scotland,1542.6
2011-03-01,Scotland,1539.2
2011-04-01,Scotland,1529.1
2011-05-01,Scotland,1539.4
2011-06-01,Scotland,1531.2
2011-07-01,Scotland,1529.3
2011-08-01,Scotland,1538.8
2011-09-01,Scotland,1528.5
2011-10-01,Scotland,1539.9
2011-11-01,Scotland,1539.8
2011-12-01,Scotland,1541.3
2012-01-01,Scotland,1530.3
2012-02-01,Scotland,1541.0
2012-03-01,Scotland,1534.0
2012-04-01,Scotland,1553.2
2012-05-01,Scotland,1525.8
2012-06-01,Scotland,1537.4
2012-07-01,Scotland,1535.6
2012-08-01,Scotland,1536.5
2012-09-01,Scotland,1526.0
2012-10-01,Scotland,1530.2
2012-11-01,Scotland,1525.2
2012-12-01,Scotland,1524.9
2013-01-01,Scotland,1537.4
2013-02-01,Scotland,1558.7
2013-03-01,Scotland,1547.1
2013-04-01,Scotland,1534.9
2013-05-01,Scotland,1538.9
2013-06-01,Scotland,1530.8
2013-07-01,Scotland,1518.9
2013-08-01,Scotland,1540.4
2013-09-01,Scotland,1538.3
2013-10-01,Scotland,1538.6
2013-11-01,Scotland,1536.6
2013-12-01,Scotland,1536.1
2014-01-01,Scotland,1547.9
2014-02-01,Scotland,1535.1
2014-03-01,Scotland,1544.6
2014-04-01,Scotland,1530.0
2014-05-01,Scotland,1559.2
2014-06-01,Scotland,1550.0
2014-07-01,Scotland,1538.7
2014-08-01,Scotland,1541.1
2014-09-01,Scotland,1550.2
2014-10-01,Scotland,1551.3
2014-11-01,Scotland,1539.5
2014-12-01,Scotland,1539.5
2015-01-01,Scotland,1542.9
2015-02-01,Scotland,1553.6
2015-03-01,Scotland,1545.5
2015-04-01,Scotland,1552.0
2015-05-01,Scotland,1550.9
2015-06-01,Scotland,1544.4
2015-07-01,Scotland,1537.2
2015-08-01,Scotland,1556.1
2015-09-01,Scotland,1548.8
2015-10-01,Scotland,1549.3
2015-11-01,Scotland,1547.6
2015-12-01,Scotland,1537.8
2016-01-01,Scotland,1548.3
2016-02-01,Scotland,1553.7
2016-03-01,Scotland,1547.3
2016-04-01,Scotland,1554.5
2016-05-01,Scotland,1550.5
2016-06-01,Scotland,1540.5
2016-07-01,Scotland,1536.8
2016-08-01,Scotland,1554.8
2016-09-01,Scotland,1545.2
2016-10-01,Scotland,1549.2
2016-11-01,Scotland,1544.9
2016-12-01,Scotland,1559.8
2017-01-01,Scotland,1544.5
2017-02-01,Scotland,1562.7
2017-03-01,Scotland,1544.1
2017-04-01,Scotland,1559.9
2017-05-01,Scotland,1554.1
2017-06-01,Scotland,1556.1
2017-07-01,Scotland,1557.7
2017-08-01,Scotland,1554.0
2017-09-01,Scotland,1560.8
2017-10-01,Scotland,1552.0
2017-11-01,Scotland,1545.7
2017-12-01,Scotland,1551.6
2018-01-01,Scotland,1555.8
2018-02-01,Scotland,1561.1
2018-03-01,Scotland,1550.1
2018-04-01,Scotland,1566.6
2018-05-01,Scotland,1569.8
2018-06-01,Scotland,1556.9
2018-07-01,Scotland,1563.7
2018-08-01,Scotland,1576.0
2018-09-01,Scotland,1560.5
2018-10-01,Scotland,1549.2
2018-11-01,Scotland,1556.6
2018-12-01,Scotland,1554.0
2019-01-01,Scotland,1564.9
2019-02-01,Scotland,1572.6
2019-03-01,Scotland,1548.9
2019-04-01,Scotland,1573.8
2019-05-01,Scotland,1565.1
2019-06-01,Scotland,1568.7
2019-07-01,Scotland,1566.5
2019-08-01,Scotland,1558.0
2019-09-01,Scotland,1566.9
2019-10-01,Scotland,1571.3
2019-11-01,Scotland,1572.9
2019-12-01,Scotland,1572.0
2020-01-01,Scotland,1563.0
2020-02-01,Scotland,1577.5
2020-03-01,Scotland,1575.4
2020-04-01,Scotland,1574.3
2020-05-01,Scotland,1557.5
2020-06-01,Scotland,1562.7
2020-07-01,Scotland,1568.1
2020-08-01,Scotland,1573.8
2020-09-01,Scotland,1555.4
2020-10-01,Scotland,1557.9
2020-11-01,Scotland,1567.8
2020-12-01,Scotland,1558.4
2021-01-01,Scotland,1567.8
2021-02-01,Scotland,1569.9
2021-03-01,Scotland,1554.6
2021-04-01,Scotland,1572.6
2021-05-01,Scotland,1569.3
2021-06-01,Scotland,1558.4
2021-07-01,Scotland,1566.0
2021-08-01,Scotland,1576.8
2021-09-01,Scotland,1567.8
2021-10-01,Scotland,1570.6
2021-11-01,Scotland,1572.7
2021-12-01,Scotland,1555.5
2022-01-01,Scotland,1585.8
2022-02-01,Scotland,1578.1
2022-03-01,Scotland,1577.7
2022-04-01,Scotland,1579.6
2022-05-01,Scotland,1573.8
2022-06-01,Scotland,1574.3
2022-07-01,Scotland,1592.7
2022-08-01,Scotland,1562.9
2022-09-01,Scotland,1579.4
2022-10-01,Scotland,1566.1
2022-11-01,Scotland,1585.7
2022-12-01,Scotland,1575.2
2023-01-01,Scotland,1567.1
2023-02-01,Scotland,1582.6
2023-03-01,Scotland,1586.9
2023-04-01,Scotland,1581.1
2023-05-01,Scotland,1585.5
2023-06-01,Scotland,1589.8
2023-07-01,Scotland,1584.7
2023-08-01,Scotland,1575.0
2023-09-01,Scotland,1589.3
2023-10-01,Scotland,1582.2
2023-11-01,Scotland,1574.5
2023-12-01,Scotland,1582.0
2024-01-01,Scotland,1585.5
2024-02-01,Scotland,1583.4
2024-03-01,Scotland,1571.6
2024-04-01,Scotland,1591.8
2024-05-01,Scotland,1588.3
2024-06-01,Scotland,1577.6
2024-07-01,Scotland,1586.4
2024-08-01,Scotland,1585.0
2024-09-01,Scotland,1569.9
2024-10-01,Scotland,1581.7
2024-11-01,Scotland,1584.9
2024-12-01,Scotland,1595.5
2025-01-01,Scotland,1586.9
2025-02-01,Scotland,1599.8
2025-03-01,Scotland,1584.0
2025-04-01,Scotland,1584.5
2025-05-01,Scotland,1573.1
2025-06-01,Scotland,1585.8
2025-07-01,Scotland,1583.1
2025-08-01,Scotland,1581.8
2025-09-01,Scotland,1582.1
2025-10-01,Scotland,1578.6
2025-11-01,Scotland,1579.0
2025-12-01,Scotland,1586.3
2026-01-01,Scotland,1595.1
2026-02-01,Scotland,1601.1
2026-03-01,Scotland,1593.1
2026-04-01,Scotland,1577.4
2026-05-01,Scotland,1592.5
2000-01-01,Jordan,1480.7
2000-02-01,Jordan,1472.3
2000-03-01,Jordan,1479.8
2000-04-01,Jordan,1467.4
2000-05-01,Jordan,1465.5
2000-06-01,Jordan,1465.8
2000-07-01,Jordan,1474.2
2000-08-01,Jordan,1462.8
2000-09-01,Jordan,1467.7
2000-10-01,Jordan,1473.2
2000-11-01,Jordan,1480.8
2000-12-01,Jordan,1463.3
2001-01-01,Jordan,1485.3
2001-02-01,Jordan,1485.8
2001-03-01,Jordan,1465.4
2001-04-01,Jordan,1470.1
2001-05-01,Jordan,1469.4
2001-06-01,Jordan,1465.9
2001-07-01,Jordan,1475.9
2001-08-01,Jordan,1480.8
2001-09-01,Jordan,1474.4
2001-10-01,Jordan,1473.5
2001-11-01,Jordan,1486.7
2001-12-01,Jordan,1469.8
2002-01-01,Jordan,1478.8
2002-02-01,Jordan,1476.9
2002-03-01,Jordan,1472.1
2002-04-01,Jordan,1471.4
2002-05-01,Jordan,1480.3
2002-06-01,Jordan,1490.6
2002-07-01,Jordan,1481.3
2002-08-01,Jordan,1469.6
2002-09-01,Jordan,1472.2
2002-10-01,Jordan,1479.3
2002-11-01,Jordan,1472.5
2002-12-01,Jordan,1480.4
2003-01-01,Jordan,1486.0
2003-02-01,Jordan,1478.7
2003-03-01,Jordan,1463.9
2003-04-01,Jordan,1481.3
2003-05-01,Jordan,1489.5
2003-06-01,Jordan,1484.8
2003-07-01,Jordan,1494.1
2003-08-01,Jordan,1487.8
2003-09-01,Jordan,1477.6
2003-10-01,Jordan,1477.1
2003-11-01,Jordan,1479.4
2003-12-01,Jordan,1478.4
2004-01-01,Jordan,1487.0
2004-02-01,Jordan,1476.2
2004-03-01,Jordan,1479.6
2004-04-01,Jordan,1482.9
2004-05-01,Jordan,1485.5
2004-06-01,Jordan,1491.7
2004-07-01,Jordan,1481.8
2004-08-01,Jordan,1468.3
2004-09-01,Jordan,1493.3
2004-10-01,Jordan,1483.3
2004-11-01,Jordan,1483.6
2004-12-01,Jordan,1491.6
2005-01-01,Jordan,1498.0
2005-02-01,Jordan,1492.6
2005-03-01,Jordan,1489.4
2005-04-01,Jordan,1487.3
2005-05-01,Jordan,1481.0
2005-06-01,Jordan,1491.3
2005-07-01,Jordan,1479.8
2005-08-01,Jordan,1488.9
2005-09-01,Jordan,1504.4
2005-10-01,Jordan,1477.9
2005-11-01,Jordan,1492.6
2005-12-01,Jordan,1486.1
2006-01-01,Jordan,1487.0
2006-02-01,Jordan,1489.2
2006-03-01,Jordan,1494.0
2006-04-01,Jordan,1511.6
2006-05-01,Jordan,1499.7
2006-06-01,Jordan,1498.1
2006-07-01,Jordan,1488.9
2006-08-01,Jordan,1484.6
2006-09-01,Jordan,1487.2
2006-10-01,Jordan,1503.0
2006-11-01,Jordan,1489.0
2006-12-01,Jordan,1495.1
2007-01-01,Jordan,1497.3
2007-02-01,Jordan,1498.1
2007-03-01,Jordan,1496.1
2007-04-01,Jordan,1501.0
2007-05-01,Jordan,1491.1
2007-06-01,Jordan,1502.0
2007-07-01,Jordan,1513.1
2007-08-01,Jordan,1497.3
2007-09-01,Jordan,1494.4
2007-10-01,Jordan,1495.8
2007-11-01,Jordan,1503.1
2007-12-01,Jordan,1487.4
2008-01-01,Jordan,1510.6
2008-02-01,Jordan,1501.7
2008-03-01,Jordan,1503.8
2008-04-01,Jordan,1500.1
2008-05-01,Jordan,1500.9
2008-06-01,Jordan,1493.6
2008-07-01,Jordan,1493.6
2008-08-01,Jordan,1490.9
2008-09-01,Jordan,1489.5
2008-10-01,Jordan,1510.7
2008-11-01,Jordan,1499.6
2008-12-01,Jordan,1503.9
2009-01-01,Jordan,1507.9
2009-02-01,Jordan,1505.7
2009-03-01,Jordan,1510.5
2009-04-01,Jordan,1515.4
2009-05-01,Jordan,1505.7
2009-06-01,Jordan,1499.3
2009-07-01,Jordan,1514.3
2009-08-01,Jordan,1493.1
2009-09-01,Jordan,1509.9
2009-10-01,Jordan,1505.8
2009-11-01,Jordan,1509.8
2009-12-01,Jordan,1496.0
2010-01-01,Jordan,1514.0
2010-02-01,Jordan,1506.1
2010-03-01,Jordan,1504.1
2010-04-01,Jordan,1520.9
2010-05-01,Jordan,1516.7
2010-06-01,Jordan,1512.2
2010-07-01,Jordan,1510.8
2010-08-01,Jordan,1502.0
2010-09-01,Jordan,1502.5
2010-10-01,Jordan,1512.8
2010-11-01,Jordan,1499.2
2010-12-01,Jordan,1517.3
2011-01-01,Jordan,1522.3
2011-02-01,Jordan,1520.8
2011-03-01,Jordan,1517.3
2011-04-01,Jordan,1505.3
2011-05-01,Jordan,1505.0
2011-06-01,Jordan,1522.8
2011-07-01,Jordan,1515.4
2011-08-01,Jordan,1518.3
2011-09-01,Jordan,1522.5
2011-10-01,Jordan,1528.8
2011-11-01,Jordan,1505.9
2011-12-01,Jordan,1522.5
2012-01-01,Jordan,1503.1
2012-02-01,Jordan,1513.7
2012-03-01,Jordan,1506.7
2012-04-01,Jordan,1520.4
2012-05-01,Jordan,1530.5
2012-06-01,Jordan,1510.5
2012-07-01,Jordan,1502.5
2012-08-01,Jordan,1508.4
2012-09-01,Jordan,1506.5
2012-10-01,Jordan,1496.1
2012-11-01,Jordan,1520.3
2012-12-01,Jordan,1519.0
2013-01-01,Jordan,1515.3
2013-02-01,Jordan,1523.8
2013-03-01,Jordan,1525.3
2013-04-01,Jordan,1532.6
2013-05-01,Jordan,1522.4
2013-06-01,Jordan,1511.7
2013-07-01,Jordan,1526.0
2013-08-01,Jordan,1512.0
2013-09-01,Jordan,1522.8
2013-10-01,Jordan,1533.2
2013-11-01,Jordan,1522.0
2013-12-01,Jordan,1525.8
2014-01-01,Jordan,1511.9
2014-02-01,Jordan,1534.7
2014-03-01,Jordan,1502.4
2014-04-01,Jordan,1537.8
2014-05-01,Jordan,1540.6
2014-06-01,Jordan,1521.6
2014-07-01,Jordan,1520.2
2014-08-01,Jordan,1522.8
2014-09-01,Jordan,1533.3
2014-10-01,Jordan,1511.3
2014-11-01,Jordan,1522.2
2014-12-01,Jordan,1526.6
2015-01-01,Jordan,1540.5
2015-02-01,Jordan,1519.8
2015-03-01,Jordan,1532.5
2015-04-01,Jordan,1529.9
2015-05-01,Jordan,1535.8
2015-06-01,Jordan,1535.3
2015-07-01,Jordan,1522.6
2015-08-01,Jordan,1552.3
2015-09-01,Jordan,1539.9
2015-10-01,Jordan,1519.0
2015-11-01,Jordan,1522.0
2015-12-01,Jordan,1533.7
2016-01-01,Jordan,1527.7
2016-02-01,Jordan,1530.5
2016-03-01,Jordan,1545.4
2016-04-01,Jordan,1540.7
2016-05-01,Jordan,1528.8
2016-06-01,Jordan,1529.8
2016-07-01,Jordan,1515.2
2016-08-01,Jordan,1535.2
2016-09-01,Jordan,1514.5
2016-10-01,Jordan,1523.3
2016-11-01,Jordan,1521.9
2016-12-01,Jordan,1539.8
2017-01-01,Jordan,1538.1
2017-02-01,Jordan,1540.3
2017-03-01,Jordan,1524.3
2017-04-01,Jordan,1545.8
2017-05-01,Jordan,1535.7
2017-06-01,Jordan,1525.3
2017-07-01,Jordan,1532.1
2017-08-01,Jordan,1549.5
2017-09-01,Jordan,1529.5
2017-10-01,Jordan,1538.2
2017-11-01,Jordan,1535.9
2017-12-01,Jordan,1530.0
2018-01-01,Jordan,1543.8
2018-02-01,Jordan,1543.1
2018-03-01,Jordan,1538.2
2018-04-01,Jordan,1537.9
2018-05-01,Jordan,1531.4
2018-06-01,Jordan,1526.4
2018-07-01,Jordan,1546.1
2018-08-01,Jordan,1533.9
2018-09-01,Jordan,1543.0
2018-10-01,Jordan,1541.9
2018-11-01,Jordan,1540.1
2018-12-01,Jordan,1555.3
2019-01-01,Jordan,1532.5
2019-02-01,Jordan,1541.0
2019-03-01,Jordan,1542.8
2019-04-01,Jordan,1547.4
2019-05-01,Jordan,1542.1
2019-06-01,Jordan,1537.0
2019-07-01,Jordan,1531.7
2019-08-01,Jordan,1540.5
2019-09-01,Jordan,1533.4
2019-10-01,Jordan,1549.3
2019-11-01,Jordan,1531.9
2019-12-01,Jordan,1544.8
2020-01-01,Jordan,1559.2
2020-02-01,Jordan,1556.7
2020-03-01,Jordan,1549.2
2020-04-01,Jordan,1545.7
2020-05-01,Jordan,1553.8
2020-06-01,Jordan,1560.5
2020-07-01,Jordan,1539.1
2020-08-01,Jordan,1535.7
2020-09-01,Jordan,1538.5
2020-10-01,Jordan,1542.9
2020-11-01,Jordan,1545.0
2020-12-01,Jordan,1560.9
2021-01-01,Jordan,1552.3
2021-02-01,Jordan,1547.2
2021-03-01,Jordan,1564.2
2021-04-01,Jordan,1549.6
2021-05-01,Jordan,1557.9
2021-06-01,Jordan,1543.4
2021-07-01,Jordan,1560.8
2021-08-01,Jordan,1549.1
2021-09-01,Jordan,1548.5
2021-10-01,Jordan,1536.2
2021-11-01,Jordan,1546.0
2021-12-01,Jordan,1540.1
2022-01-01,Jordan,1556.1
2022-02-01,Jordan,1546.6
2022-03-01,Jordan,1541.2
2022-04-01,Jordan,1559.3
2022-05-01,Jordan,1548.6
2022-06-01,Jordan,1548.2
2022-07-01,Jordan,1575.0
2022-08-01,Jordan,1549.4
2022-09-01,Jordan,1562.5
2022-10-01,Jordan,1545.0
2022-11-01,Jordan,1557.0
2022-12-01,Jordan,1559.4
2023-01-01,Jordan,1544.0
2023-02-01,Jordan,1547.8
2023-03-01,Jordan,1568.0
2023-04-01,Jordan,1555.0
2023-05-01,Jordan,1559.0
2023-06-01,Jordan,1567.0
2023-07-01,Jordan,1568.9
2023-08-01,Jordan,1553.4
2023-09-01,Jordan,1558.2
2023-10-01,Jordan,1554.2
2023-11-01,Jordan,1556.8
2023-12-01,Jordan,1553.4
2024-01-01,Jordan,1558.9
2024-02-01,Jordan,1578.1
2024-03-01,Jordan,1558.1
2024-04-01,Jordan,1540.7
2024-05-01,Jordan,1560.2
2024-06-01,Jordan,1548.0
2024-07-01,Jordan,1564.9
2024-08-01,Jordan,1560.7
2024-09-01,Jordan,1579.2
2024-10-01,Jordan,1570.3
2024-11-01,Jordan,1545.0
2024-12-01,Jordan,1551.7
2025-01-01,Jordan,1563.6
2025-02-01,Jordan,1568.1
2025-03-01,Jordan,1573.5
2025-04-01,Jordan,1570.6
2025-05-01,Jordan,1570.2
2025-06-01,Jordan,1562.0
2025-07-01,Jordan,1563.2
2025-08-01,Jordan,1568.7
2025-09-01,Jordan,1568.7
2025-10-01,Jordan,1569.8
2025-11-01,Jordan,1559.0
2025-12-01,Jordan,1565.6
2026-01-01,Jordan,1577.7
2026-02-01,Jordan,1565.1
2026-03-01,Jordan,1573.9
2026-04-01,Jordan,1562.8
2026-05-01,Jordan,1569.4
2000-01-01,Czechia,1464.9
2000-02-01,Czechia,1466.5
2000-03-01,Czechia,1453.0
2000-04-01,Czechia,1435.0
2000-05-01,Czechia,1470.8
2000-06-01,Czechia,1470.1
2000-07-01,Czechia,1444.3
2000-08-01,Czechia,1463.9
2000-09-01,Czechia,1460.8
2000-10-01,Czechia,1471.0
2000-11-01,Czechia,1470.2
2000-12-01,Czechia,1467.5
2001-01-01,Czechia,1461.3
2001-02-01,Czechia,1444.6
2001-03-01,Czechia,1467.3
2001-04-01,Czechia,1454.8
2001-05-01,Czechia,1449.4
2001-06-01,Czechia,1487.0
2001-07-01,Czechia,1458.1
2001-08-01,Czechia,1468.1
2001-09-01,Czechia,1470.8
2001-10-01,Czechia,1467.4
2001-11-01,Czechia,1441.0
2001-12-01,Czechia,1475.8
2002-01-01,Czechia,1467.3
2002-02-01,Czechia,1471.3
2002-03-01,Czechia,1461.8
2002-04-01,Czechia,1460.4
2002-05-01,Czechia,1460.9
2002-06-01,Czechia,1461.3
2002-07-01,Czechia,1462.8
2002-08-01,Czechia,1477.5
2002-09-01,Czechia,1464.2
2002-10-01,Czechia,1472.0
2002-11-01,Czechia,1463.0
2002-12-01,Czechia,1470.9
2003-01-01,Czechia,1471.2
2003-02-01,Czechia,1466.6
2003-03-01,Czechia,1460.3
2003-04-01,Czechia,1474.6
2003-05-01,Czechia,1463.6
2003-06-01,Czechia,1475.5
2003-07-01,Czechia,1458.9
2003-08-01,Czechia,1465.8
2003-09-01,Czechia,1454.0
2003-10-01,Czechia,1463.3
2003-11-01,Czechia,1467.7
2003-12-01,Czechia,1482.1
2004-01-01,Czechia,1486.8
2004-02-01,Czechia,1483.4
2004-03-01,Czechia,1479.9
2004-04-01,Czechia,1476.8
2004-05-01,Czechia,1470.3
2004-06-01,Czechia,1473.4
2004-07-01,Czechia,1469.8
2004-08-01,Czechia,1483.8
2004-09-01,Czechia,1471.9
2004-10-01,Czechia,1484.2
2004-11-01,Czechia,1464.1
2004-12-01,Czechia,1487.5
2005-01-01,Czechia,1473.2
2005-02-01,Czechia,1475.6
2005-03-01,Czechia,1481.2
2005-04-01,Czechia,1468.0
2005-05-01,Czechia,1479.0
2005-06-01,Czechia,1475.5
2005-07-01,Czechia,1488.7
2005-08-01,Czechia,1474.0
2005-09-01,Czechia,1490.4
2005-10-01,Czechia,1480.1
2005-11-01,Czechia,1472.8
2005-12-01,Czechia,1481.4
2006-01-01,Czechia,1484.2
2006-02-01,Czechia,1474.5
2006-03-01,Czechia,1479.4
2006-04-01,Czechia,1483.7
2006-05-01,Czechia,1492.9
2006-06-01,Czechia,1493.8
2006-07-01,Czechia,1480.4
2006-08-01,Czechia,1490.1
2006-09-01,Czechia,1496.5
2006-10-01,Czechia,1479.4
2006-11-01,Czechia,1478.3
2006-12-01,Czechia,1481.7
2007-01-01,Czechia,1494.4
2007-02-01,Czechia,1492.1
2007-03-01,Czechia,1486.0
2007-04-01,Czechia,1491.4
2007-05-01,Czechia,1475.4
2007-06-01,Czechia,1477.8
2007-07-01,Czechia,1492.7
2007-08-01,Czechia,1470.9
2007-09-01,Czechia,1481.0
2007-10-01,Czechia,1496.3
2007-11-01,Czechia,1489.3
2007-12-01,Czechia,1494.1
2008-01-01,Czechia,1490.1
2008-02-01,Czechia,1510.7
2008-03-01,Czechia,1505.3
2008-04-01,Czechia,1486.3
2008-05-01,Czechia,1470.6
2008-06-01,Czechia,1486.6
2008-07-01,Czechia,1512.4
2008-08-01,Czechia,1491.2
2008-09-01,Czechia,1479.9
2008-10-01,Czechia,1493.1
2008-11-01,Czechia,1487.5
2008-12-01,Czechia,1482.0
2009-01-01,Czechia,1480.2
2009-02-01,Czechia,1490.0
2009-03-01,Czechia,1493.4
2009-04-01,Czechia,1502.9
2009-05-01,Czechia,1494.4
2009-06-01,Czechia,1496.0
2009-07-01,Czechia,1485.3
2009-08-01,Czechia,1490.6
2009-09-01,Czechia,1495.0
2009-10-01,Czechia,1492.8
2009-11-01,Czechia,1497.4
2009-12-01,Czechia,1488.1
2010-01-01,Czechia,1504.1
2010-02-01,Czechia,1509.6
2010-03-01,Czechia,1483.3
2010-04-01,Czechia,1497.1
2010-05-01,Czechia,1512.7
2010-06-01,Czechia,1484.0
2010-07-01,Czechia,1492.0
2010-08-01,Czechia,1507.0
2010-09-01,Czechia,1499.9
2010-10-01,Czechia,1498.1
2010-11-01,Czechia,1487.6
2010-12-01,Czechia,1502.6
2011-01-01,Czechia,1511.8
2011-02-01,Czechia,1505.2
2011-03-01,Czechia,1497.7
2011-04-01,Czechia,1500.9
2011-05-01,Czechia,1495.1
2011-06-01,Czechia,1499.3
2011-07-01,Czechia,1489.8
2011-08-01,Czechia,1498.5
2011-09-01,Czechia,1508.4
2011-10-01,Czechia,1502.6
2011-11-01,Czechia,1500.8
2011-12-01,Czechia,1495.2
2012-01-01,Czechia,1507.1
2012-02-01,Czechia,1508.7
2012-03-01,Czechia,1500.0
2012-04-01,Czechia,1501.9
2012-05-01,Czechia,1493.7
2012-06-01,Czechia,1512.6
2012-07-01,Czechia,1519.4
2012-08-01,Czechia,1501.9
2012-09-01,Czechia,1511.1
2012-10-01,Czechia,1514.2
2012-11-01,Czechia,1505.3
2012-12-01,Czechia,1510.0
2013-01-01,Czechia,1503.4
2013-02-01,Czechia,1516.5
2013-03-01,Czechia,1505.2
2013-04-01,Czechia,1512.2
2013-05-01,Czechia,1514.6
2013-06-01,Czechia,1512.0
2013-07-01,Czechia,1516.7
2013-08-01,Czechia,1500.2
2013-09-01,Czechia,1514.2
2013-10-01,Czechia,1508.5
2013-11-01,Czechia,1510.0
2013-12-01,Czechia,1509.3
2014-01-01,Czechia,1512.4
2014-02-01,Czechia,1525.2
2014-03-01,Czechia,1518.7
2014-04-01,Czechia,1493.3
2014-05-01,Czechia,1519.8
2014-06-01,Czechia,1518.1
2014-07-01,Czechia,1508.0
2014-08-01,Czechia,1516.6
2014-09-01,Czechia,1513.7
2014-10-01,Czechia,1515.5
2014-11-01,Czechia,1507.6
2014-12-01,Czechia,1502.5
2015-01-01,Czechia,1528.2
2015-02-01,Czechia,1513.8
2015-03-01,Czechia,1512.4
2015-04-01,Czechia,1521.7
2015-05-01,Czechia,1514.1
2015-06-01,Czechia,1519.6
2015-07-01,Czechia,1511.5
2015-08-01,Czechia,1521.6
2015-09-01,Czechia,1525.5
2015-10-01,Czechia,1519.2
2015-11-01,Czechia,1509.4
2015-12-01,Czechia,1520.8
2016-01-01,Czechia,1515.6
2016-02-01,Czechia,1523.3
2016-03-01,Czechia,1506.2
2016-04-01,Czechia,1529.0
2016-05-01,Czechia,1523.8
2016-06-01,Czechia,1523.1
2016-07-01,Czechia,1529.6
2016-08-01,Czechia,1508.0
2016-09-01,Czechia,1515.1
2016-10-01,Czechia,1518.5
2016-11-01,Czechia,1503.3
2016-12-01,Czechia,1523.5
2017-01-01,Czechia,1516.8
2017-02-01,Czechia,1535.3
2017-03-01,Czechia,1518.3
2017-04-01,Czechia,1534.3
2017-05-01,Czechia,1517.5
2017-06-01,Czechia,1534.8
2017-07-01,Czechia,1523.4
2017-08-01,Czechia,1519.8
2017-09-01,Czechia,1539.7
2017-10-01,Czechia,1533.0
2017-11-01,Czechia,1524.1
2017-12-01,Czechia,1511.9
2018-01-01,Czechia,1521.5
2018-02-01,Czechia,1530.2
2018-03-01,Czechia,1524.6
2018-04-01,Czechia,1521.5
2018-05-01,Czechia,1528.0
2018-06-01,Czechia,1536.3
2018-07-01,Czechia,1543.7
2018-08-01,Czechia,1522.0
2018-09-01,Czechia,1524.1
2018-10-01,Czechia,1537.7
2018-11-01,Czechia,1520.9
2018-12-01,Czechia,1525.0
2019-01-01,Czechia,1534.2
2019-02-01,Czechia,1542.1
2019-03-01,Czechia,1520.6
2019-04-01,Czechia,1531.6
2019-05-01,Czechia,1524.7
2019-06-01,Czechia,1542.5
2019-07-01,Czechia,1536.2
2019-08-01,Czechia,1531.4
2019-09-01,Czechia,1531.2
2019-10-01,Czechia,1537.0
2019-11-01,Czechia,1527.4
2019-12-01,Czechia,1530.9
2020-01-01,Czechia,1533.3
2020-02-01,Czechia,1536.5
2020-03-01,Czechia,1545.2
2020-04-01,Czechia,1530.5
2020-05-01,Czechia,1542.2
2020-06-01,Czechia,1538.6
2020-07-01,Czechia,1535.2
2020-08-01,Czechia,1542.5
2020-09-01,Czechia,1537.0
2020-10-01,Czechia,1540.0
2020-11-01,Czechia,1546.0
2020-12-01,Czechia,1533.5
2021-01-01,Czechia,1537.0
2021-02-01,Czechia,1544.8
2021-03-01,Czechia,1540.1
2021-04-01,Czechia,1548.6
2021-05-01,Czechia,1557.0
2021-06-01,Czechia,1552.8
2021-07-01,Czechia,1533.2
2021-08-01,Czechia,1546.1
2021-09-01,Czechia,1526.3
2021-10-01,Czechia,1543.3
2021-11-01,Czechia,1538.8
2021-12-01,Czechia,1544.4
2022-01-01,Czechia,1544.3
2022-02-01,Czechia,1540.9
2022-03-01,Czechia,1545.9
2022-04-01,Czechia,1553.6
2022-05-01,Czechia,1562.4
2022-06-01,Czechia,1554.8
2022-07-01,Czechia,1550.9
2022-08-01,Czechia,1551.7
2022-09-01,Czechia,1543.3
2022-10-01,Czechia,1544.0
2022-11-01,Czechia,1550.3
2022-12-01,Czechia,1531.3
2023-01-01,Czechia,1551.7
2023-02-01,Czechia,1547.3
2023-03-01,Czechia,1546.6
2023-04-01,Czechia,1539.8
2023-05-01,Czechia,1550.0
2023-06-01,Czechia,1542.8
2023-07-01,Czechia,1550.1
2023-08-01,Czechia,1549.0
2023-09-01,Czechia,1543.3
2023-10-01,Czechia,1557.1
2023-11-01,Czechia,1546.6
2023-12-01,Czechia,1552.6
2024-01-01,Czechia,1544.0
2024-02-01,Czechia,1550.2
2024-03-01,Czechia,1544.6
2024-04-01,Czechia,1552.5
2024-05-01,Czechia,1554.9
2024-06-01,Czechia,1554.8
2024-07-01,Czechia,1565.6
2024-08-01,Czechia,1559.5
2024-09-01,Czechia,1540.6
2024-10-01,Czechia,1558.8
2024-11-01,Czechia,1546.6
2024-12-01,Czechia,1558.5
2025-01-01,Czechia,1542.7
2025-02-01,Czechia,1554.7
2025-03-01,Czechia,1558.9
2025-04-01,Czechia,1548.6
2025-05-01,Czechia,1566.7
2025-06-01,Czechia,1572.1
2025-07-01,Czechia,1555.5
2025-08-01,Czechia,1562.4
2025-09-01,Czechia,1563.3
2025-10-01,Czechia,1551.2
2025-11-01,Czechia,1551.0
2025-12-01,Czechia,1559.0
2026-01-01,Czechia,1571.8
2026-02-01,Czechia,1568.1
2026-03-01,Czechia,1548.0
2026-04-01,Czechia,1569.6
2026-05-01,Czechia,1569.3
2000-01-01,South Africa,1417.2
2000-02-01,South Africa,1446.0
2000-03-01,South Africa,1440.4
2000-04-01,South Africa,1450.5
2000-05-01,South Africa,1448.0
2000-06-01,South Africa,1444.6
2000-07-01,South Africa,1441.5
2000-08-01,South Africa,1443.0
2000-09-01,South Africa,1427.8
2000-10-01,South Africa,1427.1
2000-11-01,South Africa,1444.9
2000-12-01,South Africa,1441.0
2001-01-01,South Africa,1449.1
2001-02-01,South Africa,1440.3
2001-03-01,South Africa,1438.1
2001-04-01,South Africa,1440.0
2001-05-01,South Africa,1437.5
2001-06-01,South Africa,1452.3
2001-07-01,South Africa,1449.5
2001-08-01,South Africa,1448.3
2001-09-01,South Africa,1455.2
2001-10-01,South Africa,1437.7
2001-11-01,South Africa,1433.5
2001-12-01,South Africa,1442.0
2002-01-01,South Africa,1451.0
2002-02-01,South Africa,1442.1
2002-03-01,South Africa,1439.0
2002-04-01,South Africa,1441.1
2002-05-01,South Africa,1454.3
2002-06-01,South Africa,1452.4
2002-07-01,South Africa,1458.9
2002-08-01,South Africa,1459.2
2002-09-01,South Africa,1450.1
2002-10-01,South Africa,1432.6
2002-11-01,South Africa,1449.8
2002-12-01,South Africa,1448.3
2003-01-01,South Africa,1453.8
2003-02-01,South Africa,1446.4
2003-03-01,South Africa,1442.1
2003-04-01,South Africa,1453.6
2003-05-01,South Africa,1439.4
2003-06-01,South Africa,1459.4
2003-07-01,South Africa,1440.2
2003-08-01,South Africa,1435.7
2003-09-01,South Africa,1454.9
2003-10-01,South Africa,1448.7
2003-11-01,South Africa,1436.2
2003-12-01,South Africa,1445.8
2004-01-01,South Africa,1460.8
2004-02-01,South Africa,1457.3
2004-03-01,South Africa,1452.2
2004-04-01,South Africa,1455.2
2004-05-01,South Africa,1453.7
2004-06-01,South Africa,1446.2
2004-07-01,South Africa,1442.8
2004-08-01,South Africa,1453.9
2004-09-01,South Africa,1460.5
2004-10-01,South Africa,1452.7
2004-11-01,South Africa,1457.9
2004-12-01,South Africa,1464.1
2005-01-01,South Africa,1448.5
2005-02-01,South Africa,1465.0
2005-03-01,South Africa,1446.6
2005-04-01,South Africa,1476.6
2005-05-01,South Africa,1455.0
2005-06-01,South Africa,1468.0
2005-07-01,South Africa,1460.0
2005-08-01,South Africa,1451.4
2005-09-01,South Africa,1442.7
2005-10-01,South Africa,1461.4
2005-11-01,South Africa,1459.9
2005-12-01,South Africa,1461.3
2006-01-01,South Africa,1458.0
2006-02-01,South Africa,1463.3
2006-03-01,South Africa,1467.0
2006-04-01,South Africa,1470.4
2006-05-01,South Africa,1463.0
2006-06-01,South Africa,1448.1
2006-07-01,South Africa,1461.9
2006-08-01,South Africa,1458.0
2006-09-01,South Africa,1464.9
2006-10-01,South Africa,1464.3
2006-11-01,South Africa,1468.2
2006-12-01,South Africa,1457.4
2007-01-01,South Africa,1461.2
2007-02-01,South Africa,1474.9
2007-03-01,South Africa,1458.3
2007-04-01,South Africa,1465.8
2007-05-01,South Africa,1466.9
2007-06-01,South Africa,1450.2
2007-07-01,South Africa,1467.2
2007-08-01,South Africa,1466.9
2007-09-01,South Africa,1467.5
2007-10-01,South Africa,1459.4
2007-11-01,South Africa,1457.4
2007-12-01,South Africa,1456.2
2008-01-01,South Africa,1479.8
2008-02-01,South Africa,1472.3
2008-03-01,South Africa,1465.1
2008-04-01,South Africa,1461.2
2008-05-01,South Africa,1460.2
2008-06-01,South Africa,1470.8
2008-07-01,South Africa,1469.9
2008-08-01,South Africa,1457.5
2008-09-01,South Africa,1461.3
2008-10-01,South Africa,1464.1
2008-11-01,South Africa,1477.3
2008-12-01,South Africa,1463.5
2009-01-01,South Africa,1473.6
2009-02-01,South Africa,1482.1
2009-03-01,South Africa,1481.8
2009-04-01,South Africa,1479.3
2009-05-01,South Africa,1485.9
2009-06-01,South Africa,1476.1
2009-07-01,South Africa,1468.1
2009-08-01,South Africa,1487.4
2009-09-01,South Africa,1478.3
2009-10-01,South Africa,1468.2
2009-11-01,South Africa,1478.6
2009-12-01,South Africa,1459.1
2010-01-01,South Africa,1479.4
2010-02-01,South Africa,1460.8
2010-03-01,South Africa,1471.8
2010-04-01,South Africa,1473.4
2010-05-01,South Africa,1469.0
2010-06-01,South Africa,1478.1
2010-07-01,South Africa,1471.8
2010-08-01,South Africa,1478.3
2010-09-01,South Africa,1487.5
2010-10-01,South Africa,1470.3
2010-11-01,South Africa,1483.7
2010-12-01,South Africa,1495.9
2011-01-01,South Africa,1482.5
2011-02-01,South Africa,1469.2
2011-03-01,South Africa,1485.0
2011-04-01,South Africa,1480.1
2011-05-01,South Africa,1493.1
2011-06-01,South Africa,1472.7
2011-07-01,South Africa,1480.4
2011-08-01,South Africa,1479.8
2011-09-01,South Africa,1480.7
2011-10-01,South Africa,1477.0
2011-11-01,South Africa,1482.0
2011-12-01,South Africa,1488.2
2012-01-01,South Africa,1485.7
2012-02-01,South Africa,1491.0
2012-03-01,South Africa,1494.2
2012-04-01,South Africa,1483.0
2012-05-01,South Africa,1472.0
2012-06-01,South Africa,1482.6
2012-07-01,South Africa,1476.1
2012-08-01,South Africa,1494.3
2012-09-01,South Africa,1485.9
2012-10-01,South Africa,1490.7
2012-11-01,South Africa,1490.6
2012-12-01,South Africa,1494.9
2013-01-01,South Africa,1497.3
2013-02-01,South Africa,1481.0
2013-03-01,South Africa,1483.0
2013-04-01,South Africa,1489.4
2013-05-01,South Africa,1502.1
2013-06-01,South Africa,1478.4
2013-07-01,South Africa,1489.7
2013-08-01,South Africa,1495.2
2013-09-01,South Africa,1487.0
2013-10-01,South Africa,1503.5
2013-11-01,South Africa,1484.0
2013-12-01,South Africa,1486.8
2014-01-01,South Africa,1498.6
2014-02-01,South Africa,1490.9
2014-03-01,South Africa,1497.8
2014-04-01,South Africa,1504.5
2014-05-01,South Africa,1490.6
2014-06-01,South Africa,1473.8
2014-07-01,South Africa,1504.5
2014-08-01,South Africa,1504.3
2014-09-01,South Africa,1478.9
2014-10-01,South Africa,1493.0
2014-11-01,South Africa,1494.0
2014-12-01,South Africa,1490.3
2015-01-01,South Africa,1500.4
2015-02-01,South Africa,1497.9
2015-03-01,South Africa,1496.7
2015-04-01,South Africa,1499.7
2015-05-01,South Africa,1512.4
2015-06-01,South Africa,1490.7
2015-07-01,South Africa,1491.3
2015-08-01,South Africa,1504.3
2015-09-01,South Africa,1503.7
2015-10-01,South Africa,1488.5
2015-11-01,South Africa,1491.7
2015-12-01,South Africa,1493.8
2016-01-01,South Africa,1496.6
2016-02-01,South Africa,1492.6
2016-03-01,South Africa,1512.7
2016-04-01,South Africa,1495.6
2016-05-01,South Africa,1503.8
2016-06-01,South Africa,1501.3
2016-07-01,South Africa,1502.0
2016-08-01,South Africa,1504.2
2016-09-01,South Africa,1496.4
2016-10-01,South Africa,1502.0
2016-11-01,South Africa,1483.5
2016-12-01,South Africa,1491.1
2017-01-01,South Africa,1506.7
2017-02-01,South Africa,1502.9
2017-03-01,South Africa,1495.3
2017-04-01,South Africa,1502.0
2017-05-01,South Africa,1512.2
2017-06-01,South Africa,1521.8
2017-07-01,South Africa,1493.3
2017-08-01,South Africa,1495.8
2017-09-01,South Africa,1520.6
2017-10-01,South Africa,1503.9
2017-11-01,South Africa,1510.2
2017-12-01,South Africa,1507.0
2018-01-01,South Africa,1512.2
2018-02-01,South Africa,1501.3
2018-03-01,South Africa,1509.5
2018-04-01,South Africa,1507.0
2018-05-01,South Africa,1515.6
2018-06-01,South Africa,1521.7
2018-07-01,South Africa,1504.3
2018-08-01,South Africa,1512.0
2018-09-01,South Africa,1510.1
2018-10-01,South Africa,1512.5
2018-11-01,South Africa,1512.2
2018-12-01,South Africa,1516.6
2019-01-01,South Africa,1508.5
2019-02-01,South Africa,1499.4
2019-03-01,South Africa,1507.4
2019-04-01,South Africa,1509.1
2019-05-01,South Africa,1522.5
2019-06-01,South Africa,1519.3
2019-07-01,South Africa,1526.6
2019-08-01,South Africa,1512.9
2019-09-01,South Africa,1520.3
2019-10-01,South Africa,1513.3
2019-11-01,South Africa,1505.8
2019-12-01,South Africa,1505.3
2020-01-01,South Africa,1492.2
2020-02-01,South Africa,1520.8
2020-03-01,South Africa,1529.2
2020-04-01,South Africa,1522.4
2020-05-01,South Africa,1519.7
2020-06-01,South Africa,1525.6
2020-07-01,South Africa,1509.3
2020-08-01,South Africa,1517.9
2020-09-01,South Africa,1514.8
2020-10-01,South Africa,1521.3
2020-11-01,South Africa,1513.3
2020-12-01,South Africa,1531.3
2021-01-01,South Africa,1532.4
2021-02-01,South Africa,1508.5
2021-03-01,South Africa,1537.7
2021-04-01,South Africa,1522.6
2021-05-01,South Africa,1521.8
2021-06-01,South Africa,1525.7
2021-07-01,South Africa,1527.8
2021-08-01,South Africa,1510.1
2021-09-01,South Africa,1528.1
2021-10-01,South Africa,1517.9
2021-11-01,South Africa,1538.3
2021-12-01,South Africa,1503.3
2022-01-01,South Africa,1522.7
2022-02-01,South Africa,1519.0
2022-03-01,South Africa,1526.2
2022-04-01,South Africa,1522.7
2022-05-01,South Africa,1520.8
2022-06-01,South Africa,1511.1
2022-07-01,South Africa,1521.1
2022-08-01,South Africa,1530.8
2022-09-01,South Africa,1527.8
2022-10-01,South Africa,1523.4
2022-11-01,South Africa,1519.1
2022-12-01,South Africa,1518.9
2023-01-01,South Africa,1520.8
2023-02-01,South Africa,1524.7
2023-03-01,South Africa,1531.1
2023-04-01,South Africa,1530.4
2023-05-01,South Africa,1523.0
2023-06-01,South Africa,1517.8
2023-07-01,South Africa,1540.5
2023-08-01,South Africa,1524.8
2023-09-01,South Africa,1521.0
2023-10-01,South Africa,1529.7
2023-11-01,South Africa,1525.3
2023-12-01,South Africa,1538.1
2024-01-01,South Africa,1526.4
2024-02-01,South Africa,1523.3
2024-03-01,South Africa,1531.9
2024-04-01,South Africa,1531.1
2024-05-01,South Africa,1527.3
2024-06-01,South Africa,1528.7
2024-07-01,South Africa,1536.5
2024-08-01,South Africa,1541.7
2024-09-01,South Africa,1522.3
2024-10-01,South Africa,1530.2
2024-11-01,South Africa,1537.4
2024-12-01,South Africa,1540.0
2025-01-01,South Africa,1546.0
2025-02-01,South Africa,1525.3
2025-03-01,South Africa,1534.2
2025-04-01,South Africa,1539.1
2025-05-01,South Africa,1527.4
2025-06-01,South Africa,1536.3
2025-07-01,South Africa,1522.6
2025-08-01,South Africa,1528.0
2025-09-01,South Africa,1522.4
2025-10-01,South Africa,1530.2
2025-11-01,South Africa,1514.1
2025-12-01,South Africa,1542.3
2026-01-01,South Africa,1541.7
2026-02-01,South Africa,1538.7
2026-03-01,South Africa,1531.4
2026-04-01,South Africa,1522.8
2026-05-01,South Africa,1542.7
2000-01-01,Venezuela,1406.7
2000-02-01,Venezuela,1413.1
2000-03-01,Venezuela,1420.7
2000-04-01,Venezuela,1400.5
2000-05-01,Venezuela,1415.6
2000-06-01,Venezuela,1414.7
2000-07-01,Venezuela,1443.1
2000-08-01,Venezuela,1410.5
2000-09-01,Venezuela,1397.9
2000-10-01,Venezuela,1409.6
2000-11-01,Venezuela,1401.1
2000-12-01,Venezuela,1425.9
2001-01-01,Venezuela,1431.4
2001-02-01,Venezuela,1416.7
2001-03-01,Venezuela,1422.9
2001-04-01,Venezuela,1420.3
2001-05-01,Venezuela,1417.3
2001-06-01,Venezuela,1408.4
2001-07-01,Venezuela,1423.9
2001-08-01,Venezuela,1420.1
2001-09-01,Venezuela,1438.4
2001-10-01,Venezuela,1418.2
2001-11-01,Venezuela,1422.4
2001-12-01,Venezuela,1420.3
2002-01-01,Venezuela,1418.6
2002-02-01,Venezuela,1424.0
2002-03-01,Venezuela,1421.1
2002-04-01,Venezuela,1412.7
2002-05-01,Venezuela,1431.1
2002-06-01,Venezuela,1418.1
2002-07-01,Venezuela,1429.2
2002-08-01,Venezuela,1422.7
2002-09-01,Venezuela,1425.6
2002-10-01,Venezuela,1423.9
2002-11-01,Venezuela,1434.0
2002-12-01,Venezuela,1433.0
2003-01-01,Venezuela,1427.0
2003-02-01,Venezuela,1433.9
2003-03-01,Venezuela,1427.3
2003-04-01,Venezuela,1429.2
2003-05-01,Venezuela,1442.3
2003-06-01,Venezuela,1424.9
2003-07-01,Venezuela,1434.7
2003-08-01,Venezuela,1430.6
2003-09-01,Venezuela,1426.0
2003-10-01,Venezuela,1428.5
2003-11-01,Venezuela,1428.5
2003-12-01,Venezuela,1428.6
2004-01-01,Venezuela,1433.4
2004-02-01,Venezuela,1431.7
2004-03-01,Venezuela,1433.2
2004-04-01,Venezuela,1438.4
2004-05-01,Venezuela,1438.7
2004-06-01,Venezuela,1435.5
2004-07-01,Venezuela,1444.3
2004-08-01,Venezuela,1427.9
2004-09-01,Venezuela,1421.7
2004-10-01,Venezuela,1431.2
2004-11-01,Venezuela,1425.1
2004-12-01,Venezuela,1440.8
2005-01-01,Venezuela,1412.8
2005-02-01,Venezuela,1430.1
2005-03-01,Venezuela,1419.6
2005-04-01,Venezuela,1435.8
2005-05-01,Venezuela,1425.1
2005-06-01,Venezuela,1434.6
2005-07-01,Venezuela,1446.6
2005-08-01,Venezuela,1433.4
2005-09-01,Venezuela,1442.7
2005-10-01,Venezuela,1442.9
2005-11-01,Venezuela,1441.4
2005-12-01,Venezuela,1420.5
2006-01-01,Venezuela,1449.6
2006-02-01,Venezuela,1435.8
2006-03-01,Venezuela,1442.9
2006-04-01,Venezuela,1439.5
2006-05-01,Venezuela,1431.8
2006-06-01,Venezuela,1430.6
2006-07-01,Venezuela,1456.5
2006-08-01,Venezuela,1429.7
2006-09-01,Venezuela,1438.3
2006-10-01,Venezuela,1453.1
2006-11-01,Venezuela,1433.9
2006-12-01,Venezuela,1450.0
2007-01-01,Venezuela,1446.7
2007-02-01,Venezuela,1453.5
2007-03-01,Venezuela,1456.3
2007-04-01,Venezuela,1442.1
2007-05-01,Venezuela,1424.1
2007-06-01,Venezuela,1425.8
2007-07-01,Venezuela,1443.2
2007-08-01,Venezuela,1436.5
2007-09-01,Venezuela,1439.4
2007-10-01,Venezuela,1449.0
2007-11-01,Venezuela,1428.7
2007-12-01,Venezuela,1439.0
2008-01-01,Venezuela,1431.2
2008-02-01,Venezuela,1431.2
2008-03-01,Venezuela,1452.9
2008-04-01,Venezuela,1448.6
2008-05-01,Venezuela,1431.9
2008-06-01,Venezuela,1450.3
2008-07-01,Venezuela,1423.5
2008-08-01,Venezuela,1439.8
2008-09-01,Venezuela,1455.9
2008-10-01,Venezuela,1435.4
2008-11-01,Venezuela,1448.3
2008-12-01,Venezuela,1450.1
2009-01-01,Venezuela,1444.7
2009-02-01,Venezuela,1445.7
2009-03-01,Venezuela,1441.5
2009-04-01,Venezuela,1456.7
2009-05-01,Venezuela,1443.6
2009-06-01,Venezuela,1444.1
2009-07-01,Venezuela,1441.6
2009-08-01,Venezuela,1470.6
2009-09-01,Venezuela,1462.7
2009-10-01,Venezuela,1453.0
2009-11-01,Venezuela,1451.5
2009-12-01,Venezuela,1461.1
2010-01-01,Venezuela,1447.6
2010-02-01,Venezuela,1445.3
2010-03-01,Venezuela,1462.8
2010-04-01,Venezuela,1468.9
2010-05-01,Venezuela,1448.4
2010-06-01,Venezuela,1456.3
2010-07-01,Venezuela,1458.4
2010-08-01,Venezuela,1455.0
2010-09-01,Venezuela,1457.2
2010-10-01,Venezuela,1452.5
2010-11-01,Venezuela,1432.8
2010-12-01,Venezuela,1452.8
2011-01-01,Venezuela,1463.6
2011-02-01,Venezuela,1461.5
2011-03-01,Venezuela,1453.8
2011-04-01,Venezuela,1465.5
2011-05-01,Venezuela,1457.5
2011-06-01,Venezuela,1460.6
2011-07-01,Venezuela,1452.5
2011-08-01,Venezuela,1454.2
2011-09-01,Venezuela,1459.5
2011-10-01,Venezuela,1457.8
2011-11-01,Venezuela,1454.8
2011-12-01,Venezuela,1453.4
2012-01-01,Venezuela,1442.7
2012-02-01,Venezuela,1451.3
2012-03-01,Venezuela,1460.1
2012-04-01,Venezuela,1460.1
2012-05-01,Venezuela,1464.1
2012-06-01,Venezuela,1471.3
2012-07-01,Venezuela,1457.2
2012-08-01,Venezuela,1451.2
2012-09-01,Venezuela,1473.0
2012-10-01,Venezuela,1464.7
2012-11-01,Venezuela,1456.6
2012-12-01,Venezuela,1447.0
2013-01-01,Venezuela,1484.0
2013-02-01,Venezuela,1463.1
2013-03-01,Venezuela,1468.1
2013-04-01,Venezuela,1457.5
2013-05-01,Venezuela,1456.3
2013-06-01,Venezuela,1475.0
2013-07-01,Venezuela,1461.3
2013-08-01,Venezuela,1460.4
2013-09-01,Venezuela,1465.3
2013-10-01,Venezuela,1465.3
2013-11-01,Venezuela,1473.5
2013-12-01,Venezuela,1464.0
2014-01-01,Venezuela,1473.7
2014-02-01,Venezuela,1463.4
2014-03-01,Venezuela,1461.3
2014-04-01,Venezuela,1461.4
2014-05-01,Venezuela,1462.8
2014-06-01,Venezuela,1482.1
2014-07-01,Venezuela,1464.4
2014-08-01,Venezuela,1464.4
2014-09-01,Venezuela,1474.8
2014-10-01,Venezuela,1474.5
2014-11-01,Venezuela,1460.1
2014-12-01,Venezuela,1467.1
2015-01-01,Venezuela,1452.7
2015-02-01,Venezuela,1476.8
2015-03-01,Venezuela,1478.1
2015-04-01,Venezuela,1477.8
2015-05-01,Venezuela,1488.8
2015-06-01,Venezuela,1476.4
2015-07-01,Venezuela,1473.4
2015-08-01,Venezuela,1474.1
2015-09-01,Venezuela,1467.9
2015-10-01,Venezuela,1489.4
2015-11-01,Venezuela,1487.0
2015-12-01,Venezuela,1468.3
2016-01-01,Venezuela,1467.3
2016-02-01,Venezuela,1477.1
2016-03-01,Venezuela,1476.2
2016-04-01,Venezuela,1477.1
2016-05-01,Venezuela,1478.2
2016-06-01,Venezuela,1462.7
2016-07-01,Venezuela,1474.7
2016-08-01,Venezuela,1477.7
2016-09-01,Venezuela,1468.4
2016-10-01,Venezuela,1486.4
2016-11-01,Venezuela,1471.9
2016-12-01,Venezuela,1474.5
2017-01-01,Venezuela,1494.1
2017-02-01,Venezuela,1467.2
2017-03-01,Venezuela,1479.6
2017-04-01,Venezuela,1472.3
2017-05-01,Venezuela,1483.4
2017-06-01,Venezuela,1484.1
2017-07-01,Venezuela,1480.7
2017-08-01,Venezuela,1473.0
2017-09-01,Venezuela,1473.1
2017-10-01,Venezuela,1475.8
2017-11-01,Venezuela,1472.4
2017-12-01,Venezuela,1484.1
2018-01-01,Venezuela,1479.7
2018-02-01,Venezuela,1485.4
2018-03-01,Venezuela,1479.8
2018-04-01,Venezuela,1494.1
2018-05-01,Venezuela,1492.0
2018-06-01,Venezuela,1483.6
2018-07-01,Venezuela,1488.0
2018-08-01,Venezuela,1492.0
2018-09-01,Venezuela,1484.2
2018-10-01,Venezuela,1478.4
2018-11-01,Venezuela,1489.5
2018-12-01,Venezuela,1483.2
2019-01-01,Venezuela,1475.0
2019-02-01,Venezuela,1484.6
2019-03-01,Venezuela,1497.5
2019-04-01,Venezuela,1489.2
2019-05-01,Venezuela,1474.1
2019-06-01,Venezuela,1482.7
2019-07-01,Venezuela,1484.6
2019-08-01,Venezuela,1479.6
2019-09-01,Venezuela,1476.9
2019-10-01,Venezuela,1471.9
2019-11-01,Venezuela,1486.9
2019-12-01,Venezuela,1490.9
2020-01-01,Venezuela,1473.9
2020-02-01,Venezuela,1507.6
2020-03-01,Venezuela,1483.3
2020-04-01,Venezuela,1494.7
2020-05-01,Venezuela,1495.8
2020-06-01,Venezuela,1480.5
2020-07-01,Venezuela,1489.8
2020-08-01,Venezuela,1499.6
2020-09-01,Venezuela,1482.8
2020-10-01,Venezuela,1502.4
2020-11-01,Venezuela,1470.5
2020-12-01,Venezuela,1491.7
2021-01-01,Venezuela,1500.1
2021-02-01,Venezuela,1491.7
2021-03-01,Venezuela,1502.2
2021-04-01,Venezuela,1490.8
2021-05-01,Venezuela,1496.3
2021-06-01,Venezuela,1502.6
2021-07-01,Venezuela,1485.4
2021-08-01,Venezuela,1499.5
2021-09-01,Venezuela,1491.3
2021-10-01,Venezuela,1500.9
2021-11-01,Venezuela,1488.6
2021-12-01,Venezuela,1503.5
2022-01-01,Venezuela,1472.3
2022-02-01,Venezuela,1491.2
2022-03-01,Venezuela,1515.6
2022-04-01,Venezuela,1504.0
2022-05-01,Venezuela,1491.5
2022-06-01,Venezuela,1490.8
2022-07-01,Venezuela,1495.4
2022-08-01,Venezuela,1498.3
2022-09-01,Venezuela,1497.6
2022-10-01,Venezuela,1509.1
2022-11-01,Venezuela,1516.3
2022-12-01,Venezuela,1498.4
2023-01-01,Venezuela,1505.8
2023-02-01,Venezuela,1500.7
2023-03-01,Venezuela,1495.5
2023-04-01,Venezuela,1509.0
2023-05-01,Venezuela,1504.0
2023-06-01,Venezuela,1513.3
2023-07-01,Venezuela,1497.7
2023-08-01,Venezuela,1503.2
2023-09-01,Venezuela,1491.7
2023-10-01,Venezuela,1503.4
2023-11-01,Venezuela,1505.9
2023-12-01,Venezuela,1498.3
2024-01-01,Venezuela,1508.0
2024-02-01,Venezuela,1509.7
2024-03-01,Venezuela,1492.8
2024-04-01,Venezuela,1496.9
2024-05-01,Venezuela,1506.3
2024-06-01,Venezuela,1502.9
2024-07-01,Venezuela,1515.6
2024-08-01,Venezuela,1510.6
2024-09-01,Venezuela,1508.6
2024-10-01,Venezuela,1512.4
2024-11-01,Venezuela,1512.8
2024-12-01,Venezuela,1501.9
2025-01-01,Venezuela,1515.7
2025-02-01,Venezuela,1525.0
2025-03-01,Venezuela,1517.3
2025-04-01,Venezuela,1508.5
2025-05-01,Venezuela,1495.6
2025-06-01,Venezuela,1500.0
2025-07-01,Venezuela,1512.4
2025-08-01,Venezuela,1504.0
2025-09-01,Venezuela,1501.2
2025-10-01,Venezuela,1517.5
2025-11-01,Venezuela,1520.4
2025-12-01,Venezuela,1502.6
2026-01-01,Venezuela,1527.2
2026-02-01,Venezuela,1510.3
2026-03-01,Venezuela,1516.5
2026-04-01,Venezuela,1501.1
2026-05-01,Venezuela,1521.8
2000-01-01,Chile,1397.2
2000-02-01,Chile,1397.7
2000-03-01,Chile,1411.4
2000-04-01,Chile,1397.2
2000-05-01,Chile,1408.7
2000-06-01,Chile,1398.9
2000-07-01,Chile,1417.6
2000-08-01,Chile,1416.4
2000-09-01,Chile,1403.2
2000-10-01,Chile,1415.3
2000-11-01,Chile,1403.8
2000-12-01,Chile,1416.4
2001-01-01,Chile,1414.8
2001-02-01,Chile,1423.8
2001-03-01,Chile,1408.6
2001-04-01,Chile,1413.0
2001-05-01,Chile,1417.1
2001-06-01,Chile,1426.2
2001-07-01,Chile,1414.4
2001-08-01,Chile,1405.9
2001-09-01,Chile,1399.8
2001-10-01,Chile,1411.4
2001-11-01,Chile,1413.6
2001-12-01,Chile,1396.8
2002-01-01,Chile,1417.8
2002-02-01,Chile,1423.9
2002-03-01,Chile,1406.5
2002-04-01,Chile,1412.2
2002-05-01,Chile,1399.3
2002-06-01,Chile,1413.4
2002-07-01,Chile,1412.2
2002-08-01,Chile,1424.4
2002-09-01,Chile,1416.4
2002-10-01,Chile,1421.4
2002-11-01,Chile,1424.1
2002-12-01,Chile,1435.4
2003-01-01,Chile,1422.5
2003-02-01,Chile,1413.7
2003-03-01,Chile,1414.0
2003-04-01,Chile,1424.5
2003-05-01,Chile,1425.8
2003-06-01,Chile,1423.7
2003-07-01,Chile,1415.9
2003-08-01,Chile,1432.9
2003-09-01,Chile,1420.8
2003-10-01,Chile,1414.3
2003-11-01,Chile,1432.1
2003-12-01,Chile,1436.3
2004-01-01,Chile,1438.3
2004-02-01,Chile,1415.1
2004-03-01,Chile,1439.9
2004-04-01,Chile,1421.3
2004-05-01,Chile,1419.8
2004-06-01,Chile,1428.0
2004-07-01,Chile,1422.9
2004-08-01,Chile,1420.5
2004-09-01,Chile,1421.7
2004-10-01,Chile,1426.4
2004-11-01,Chile,1422.0
2004-12-01,Chile,1431.3
2005-01-01,Chile,1427.8
2005-02-01,Chile,1422.3
2005-03-01,Chile,1419.5
2005-04-01,Chile,1432.6
2005-05-01,Chile,1430.1
2005-06-01,Chile,1432.5
2005-07-01,Chile,1429.8
2005-08-01,Chile,1432.7
2005-09-01,Chile,1423.6
2005-10-01,Chile,1427.7
2005-11-01,Chile,1442.2
2005-12-01,Chile,1431.4
2006-01-01,Chile,1441.8
2006-02-01,Chile,1422.5
2006-03-01,Chile,1429.0
2006-04-01,Chile,1426.7
2006-05-01,Chile,1423.4
2006-06-01,Chile,1432.6
2006-07-01,Chile,1429.3
2006-08-01,Chile,1431.5
2006-09-01,Chile,1433.7
2006-10-01,Chile,1429.8
2006-11-01,Chile,1436.7
2006-12-01,Chile,1440.4
2007-01-01,Chile,1422.2
2007-02-01,Chile,1433.2
2007-03-01,Chile,1443.4
2007-04-01,Chile,1431.3
2007-05-01,Chile,1449.4
2007-06-01,Chile,1449.8
2007-07-01,Chile,1428.8
2007-08-01,Chile,1433.6
2007-09-01,Chile,1439.8
2007-10-01,Chile,1449.6
2007-11-01,Chile,1440.7
2007-12-01,Chile,1439.3
2008-01-01,Chile,1442.7
2008-02-01,Chile,1444.5
2008-03-01,Chile,1441.0
2008-04-01,Chile,1441.0
2008-05-01,Chile,1439.4
2008-06-01,Chile,1440.4
2008-07-01,Chile,1439.1
2008-08-01,Chile,1452.0
2008-09-01,Chile,1446.4
2008-10-01,Chile,1440.9
2008-11-01,Chile,1456.3
2008-12-01,Chile,1426.1
2009-01-01,Chile,1441.7
2009-02-01,Chile,1445.0
2009-03-01,Chile,1444.0
2009-04-01,Chile,1449.2
2009-05-01,Chile,1449.7
2009-06-01,Chile,1447.5
2009-07-01,Chile,1435.7
2009-08-01,Chile,1452.3
2009-09-01,Chile,1440.2
2009-10-01,Chile,1444.6
2009-11-01,Chile,1448.2
2009-12-01,Chile,1426.1
2010-01-01,Chile,1446.3
2010-02-01,Chile,1432.1
2010-03-01,Chile,1447.1
2010-04-01,Chile,1432.3
2010-05-01,Chile,1457.6
2010-06-01,Chile,1444.0
2010-07-01,Chile,1442.8
2010-08-01,Chile,1465.6
2010-09-01,Chile,1446.7
2010-10-01,Chile,1454.9
2010-11-01,Chile,1439.1
2010-12-01,Chile,1440.0
2011-01-01,Chile,1450.9
2011-02-01,Chile,1446.9
2011-03-01,Chile,1447.2
2011-04-01,Chile,1450.7
2011-05-01,Chile,1445.9
2011-06-01,Chile,1439.1
2011-07-01,Chile,1455.1
2011-08-01,Chile,1451.2
2011-09-01,Chile,1447.4
2011-10-01,Chile,1465.5
2011-11-01,Chile,1457.6
2011-12-01,Chile,1448.3
2012-01-01,Chile,1453.6
2012-02-01,Chile,1437.4
2012-03-01,Chile,1448.1
2012-04-01,Chile,1458.1
2012-05-01,Chile,1467.9
2012-06-01,Chile,1450.0
2012-07-01,Chile,1452.9
2012-08-01,Chile,1455.9
2012-09-01,Chile,1457.6
2012-10-01,Chile,1446.8
2012-11-01,Chile,1445.9
2012-12-01,Chile,1476.2
2013-01-01,Chile,1447.0
2013-02-01,Chile,1470.2
2013-03-01,Chile,1462.9
2013-04-01,Chile,1459.1
2013-05-01,Chile,1461.9
2013-06-01,Chile,1473.5
2013-07-01,Chile,1460.5
2013-08-01,Chile,1463.9
2013-09-01,Chile,1473.3
2013-10-01,Chile,1467.7
2013-11-01,Chile,1446.3
2013-12-01,Chile,1446.4
2014-01-01,Chile,1465.6
2014-02-01,Chile,1457.3
2014-03-01,Chile,1465.2
2014-04-01,Chile,1466.5
2014-05-01,Chile,1477.7
2014-06-01,Chile,1460.9
2014-07-01,Chile,1462.2
2014-08-01,Chile,1454.6
2014-09-01,Chile,1462.9
2014-10-01,Chile,1454.7
2014-11-01,Chile,1467.8
2014-12-01,Chile,1460.4
2015-01-01,Chile,1465.0
2015-02-01,Chile,1473.8
2015-03-01,Chile,1467.4
2015-04-01,Chile,1474.0
2015-05-01,Chile,1462.1
2015-06-01,Chile,1473.7
2015-07-01,Chile,1458.8
2015-08-01,Chile,1474.5
2015-09-01,Chile,1462.1
2015-10-01,Chile,1458.5
2015-11-01,Chile,1468.8
2015-12-01,Chile,1480.5
2016-01-01,Chile,1471.5
2016-02-01,Chile,1471.7
2016-03-01,Chile,1460.6
2016-04-01,Chile,1492.2
2016-05-01,Chile,1461.6
2016-06-01,Chile,1473.6
2016-07-01,Chile,1473.9
2016-08-01,Chile,1470.3
2016-09-01,Chile,1475.8
2016-10-01,Chile,1477.9
2016-11-01,Chile,1456.4
2016-12-01,Chile,1484.8
2017-01-01,Chile,1469.0
2017-02-01,Chile,1471.8
2017-03-01,Chile,1469.0
2017-04-01,Chile,1466.2
2017-05-01,Chile,1485.5
2017-06-01,Chile,1472.9
2017-07-01,Chile,1482.1
2017-08-01,Chile,1482.5
2017-09-01,Chile,1487.3
2017-10-01,Chile,1465.0
2017-11-01,Chile,1470.6
2017-12-01,Chile,1479.0
2018-01-01,Chile,1487.3
2018-02-01,Chile,1471.6
2018-03-01,Chile,1470.4
2018-04-01,Chile,1484.4
2018-05-01,Chile,1479.6
2018-06-01,Chile,1473.6
2018-07-01,Chile,1467.5
2018-08-01,Chile,1470.9
2018-09-01,Chile,1483.9
2018-10-01,Chile,1488.0
2018-11-01,Chile,1487.5
2018-12-01,Chile,1471.4
2019-01-01,Chile,1491.8
2019-02-01,Chile,1493.3
2019-03-01,Chile,1486.1
2019-04-01,Chile,1484.1
2019-05-01,Chile,1487.9
2019-06-01,Chile,1470.6
2019-07-01,Chile,1468.8
2019-08-01,Chile,1482.4
2019-09-01,Chile,1481.9
2019-10-01,Chile,1459.4
2019-11-01,Chile,1484.7
2019-12-01,Chile,1490.8
2020-01-01,Chile,1497.7
2020-02-01,Chile,1489.5
2020-03-01,Chile,1482.7
2020-04-01,Chile,1496.6
2020-05-01,Chile,1496.4
2020-06-01,Chile,1488.4
2020-07-01,Chile,1492.5
2020-08-01,Chile,1492.7
2020-09-01,Chile,1503.8
2020-10-01,Chile,1460.4
2020-11-01,Chile,1493.7
2020-12-01,Chile,1485.4
2021-01-01,Chile,1491.3
2021-02-01,Chile,1497.1
2021-03-01,Chile,1490.9
2021-04-01,Chile,1492.9
2021-05-01,Chile,1489.2
2021-06-01,Chile,1495.0
2021-07-01,Chile,1494.1
2021-08-01,Chile,1483.2
2021-09-01,Chile,1494.6
2021-10-01,Chile,1496.8
2021-11-01,Chile,1492.9
2021-12-01,Chile,1500.4
2022-01-01,Chile,1493.7
2022-02-01,Chile,1486.8
2022-03-01,Chile,1495.7
2022-04-01,Chile,1494.3
2022-05-01,Chile,1483.2
2022-06-01,Chile,1500.2
2022-07-01,Chile,1510.6
2022-08-01,Chile,1494.2
2022-09-01,Chile,1489.7
2022-10-01,Chile,1477.8
2022-11-01,Chile,1497.7
2022-12-01,Chile,1502.2
2023-01-01,Chile,1495.8
2023-02-01,Chile,1497.3
2023-03-01,Chile,1484.6
2023-04-01,Chile,1500.6
2023-05-01,Chile,1489.3
2023-06-01,Chile,1503.0
2023-07-01,Chile,1499.5
2023-08-01,Chile,1496.8
2023-09-01,Chile,1507.8
2023-10-01,Chile,1489.4
2023-11-01,Chile,1512.9
2023-12-01,Chile,1502.2
2024-01-01,Chile,1502.2
2024-02-01,Chile,1497.9
2024-03-01,Chile,1509.8
2024-04-01,Chile,1498.6
2024-05-01,Chile,1512.0
2024-06-01,Chile,1513.3
2024-07-01,Chile,1495.6
2024-08-01,Chile,1506.3
2024-09-01,Chile,1490.5
2024-10-01,Chile,1511.0
2024-11-01,Chile,1505.5
2024-12-01,Chile,1501.0
2025-01-01,Chile,1490.8
2025-02-01,Chile,1511.0
2025-03-01,Chile,1506.1
2025-04-01,Chile,1497.4
2025-05-01,Chile,1508.4
2025-06-01,Chile,1517.6
2025-07-01,Chile,1518.5
2025-08-01,Chile,1504.2
2025-09-01,Chile,1496.7
2025-10-01,Chile,1514.3
2025-11-01,Chile,1495.1
2025-12-01,Chile,1498.5
2026-01-01,Chile,1515.9
2026-02-01,Chile,1519.8
2026-03-01,Chile,1515.4
2026-04-01,Chile,1508.3
2026-05-01,Chile,1515.4
2000-01-01,Bolivia,1399.3
2000-02-01,Bolivia,1394.2
2000-03-01,Bolivia,1373.3
2000-04-01,Bolivia,1385.3
2000-05-01,Bolivia,1397.7
2000-06-01,Bolivia,1384.8
2000-07-01,Bolivia,1397.6
2000-08-01,Bolivia,1393.5
2000-09-01,Bolivia,1392.9
2000-10-01,Bolivia,1399.9
2000-11-01,Bolivia,1388.2
2000-12-01,Bolivia,1396.1
2001-01-01,Bolivia,1392.7
2001-02-01,Bolivia,1397.1
2001-03-01,Bolivia,1401.5
2001-04-01,Bolivia,1387.2
2001-05-01,Bolivia,1395.8
2001-06-01,Bolivia,1385.5
2001-07-01,Bolivia,1390.9
2001-08-01,Bolivia,1390.3
2001-09-01,Bolivia,1388.5
2001-10-01,Bolivia,1401.3
2001-11-01,Bolivia,1394.0
2001-12-01,Bolivia,1414.6
2002-01-01,Bolivia,1398.3
2002-02-01,Bolivia,1393.3
2002-03-01,Bolivia,1404.3
2002-04-01,Bolivia,1401.8
2002-05-01,Bolivia,1405.8
2002-06-01,Bolivia,1394.3
2002-07-01,Bolivia,1395.0
2002-08-01,Bolivia,1399.9
2002-09-01,Bolivia,1396.7
2002-10-01,Bolivia,1407.1
2002-11-01,Bolivia,1388.7
2002-12-01,Bolivia,1405.0
2003-01-01,Bolivia,1417.8
2003-02-01,Bolivia,1408.8
2003-03-01,Bolivia,1409.3
2003-04-01,Bolivia,1402.2
2003-05-01,Bolivia,1392.7
2003-06-01,Bolivia,1384.7
2003-07-01,Bolivia,1405.5
2003-08-01,Bolivia,1400.8
2003-09-01,Bolivia,1391.7
2003-10-01,Bolivia,1415.3
2003-11-01,Bolivia,1398.0
2003-12-01,Bolivia,1402.6
2004-01-01,Bolivia,1406.9
2004-02-01,Bolivia,1411.5
2004-03-01,Bolivia,1409.5
2004-04-01,Bolivia,1397.8
2004-05-01,Bolivia,1393.7
2004-06-01,Bolivia,1404.8
2004-07-01,Bolivia,1402.6
2004-08-01,Bolivia,1411.5
2004-09-01,Bolivia,1399.7
2004-10-01,Bolivia,1407.6
2004-11-01,Bolivia,1413.1
2004-12-01,Bolivia,1394.2
2005-01-01,Bolivia,1412.5
2005-02-01,Bolivia,1410.5
2005-03-01,Bolivia,1405.0
2005-04-01,Bolivia,1396.3
2005-05-01,Bolivia,1390.7
2005-06-01,Bolivia,1406.5
2005-07-01,Bolivia,1410.9
2005-08-01,Bolivia,1412.6
2005-09-01,Bolivia,1404.8
2005-10-01,Bolivia,1418.8
2005-11-01,Bolivia,1417.8
2005-12-01,Bolivia,1405.8
2006-01-01,Bolivia,1411.4
2006-02-01,Bolivia,1411.9
2006-03-01,Bolivia,1414.1
2006-04-01,Bolivia,1416.7
2006-05-01,Bolivia,1426.2
2006-06-01,Bolivia,1404.8
2006-07-01,Bolivia,1410.0
2006-08-01,Bolivia,1414.8
2006-09-01,Bolivia,1406.1
2006-10-01,Bolivia,1409.1
2006-11-01,Bolivia,1428.2
2006-12-01,Bolivia,1422.0
2007-01-01,Bolivia,1420.4
2007-02-01,Bolivia,1415.9
2007-03-01,Bolivia,1409.9
2007-04-01,Bolivia,1423.3
2007-05-01,Bolivia,1424.0
2007-06-01,Bolivia,1411.1
2007-07-01,Bolivia,1421.5
2007-08-01,Bolivia,1404.8
2007-09-01,Bolivia,1424.2
2007-10-01,Bolivia,1408.2
2007-11-01,Bolivia,1424.5
2007-12-01,Bolivia,1424.1
2008-01-01,Bolivia,1435.1
2008-02-01,Bolivia,1427.3
2008-03-01,Bolivia,1436.0
2008-04-01,Bolivia,1414.0
2008-05-01,Bolivia,1411.7
2008-06-01,Bolivia,1422.2
2008-07-01,Bolivia,1409.3
2008-08-01,Bolivia,1441.6
2008-09-01,Bolivia,1431.6
2008-10-01,Bolivia,1414.9
2008-11-01,Bolivia,1412.4
2008-12-01,Bolivia,1420.7
2009-01-01,Bolivia,1424.4
2009-02-01,Bolivia,1412.1
2009-03-01,Bolivia,1425.6
2009-04-01,Bolivia,1426.5
2009-05-01,Bolivia,1440.7
2009-06-01,Bolivia,1427.8
2009-07-01,Bolivia,1433.2
2009-08-01,Bolivia,1429.6
2009-09-01,Bolivia,1428.9
2009-10-01,Bolivia,1419.3
2009-11-01,Bolivia,1416.3
2009-12-01,Bolivia,1427.4
2010-01-01,Bolivia,1425.3
2010-02-01,Bolivia,1420.9
2010-03-01,Bolivia,1430.1
2010-04-01,Bolivia,1420.0
2010-05-01,Bolivia,1440.5
2010-06-01,Bolivia,1424.2
2010-07-01,Bolivia,1407.1
2010-08-01,Bolivia,1436.7
2010-09-01,Bolivia,1441.7
2010-10-01,Bolivia,1427.1
2010-11-01,Bolivia,1428.2
2010-12-01,Bolivia,1425.1
2011-01-01,Bolivia,1447.5
2011-02-01,Bolivia,1431.2
2011-03-01,Bolivia,1422.8
2011-04-01,Bolivia,1427.1
2011-05-01,Bolivia,1439.1
2011-06-01,Bolivia,1441.5
2011-07-01,Bolivia,1439.1
2011-08-01,Bolivia,1429.3
2011-09-01,Bolivia,1435.1
2011-10-01,Bolivia,1421.8
2011-11-01,Bolivia,1429.9
2011-12-01,Bolivia,1425.7
2012-01-01,Bolivia,1455.2
2012-02-01,Bolivia,1431.7
2012-03-01,Bolivia,1442.2
2012-04-01,Bolivia,1446.8
2012-05-01,Bolivia,1443.6
2012-06-01,Bolivia,1431.3
2012-07-01,Bolivia,1453.5
2012-08-01,Bolivia,1432.0
2012-09-01,Bolivia,1434.2
2012-10-01,Bolivia,1450.7
2012-11-01,Bolivia,1440.6
2012-12-01,Bolivia,1436.9
2013-01-01,Bolivia,1440.8
2013-02-01,Bolivia,1425.6
2013-03-01,Bolivia,1425.2
2013-04-01,Bolivia,1444.5
2013-05-01,Bolivia,1437.8
2013-06-01,Bolivia,1433.3
2013-07-01,Bolivia,1443.9
2013-08-01,Bolivia,1430.5
2013-09-01,Bolivia,1440.2
2013-10-01,Bolivia,1434.7
2013-11-01,Bolivia,1446.6
2013-12-01,Bolivia,1437.6
2014-01-01,Bolivia,1451.9
2014-02-01,Bolivia,1440.5
2014-03-01,Bolivia,1436.1
2014-04-01,Bolivia,1444.1
2014-05-01,Bolivia,1452.1
2014-06-01,Bolivia,1435.5
2014-07-01,Bolivia,1435.3
2014-08-01,Bolivia,1437.0
2014-09-01,Bolivia,1457.2
2014-10-01,Bolivia,1438.2
2014-11-01,Bolivia,1453.4
2014-12-01,Bolivia,1442.2
2015-01-01,Bolivia,1443.3
2015-02-01,Bolivia,1453.4
2015-03-01,Bolivia,1447.2
2015-04-01,Bolivia,1456.5
2015-05-01,Bolivia,1441.9
2015-06-01,Bolivia,1449.6
2015-07-01,Bolivia,1438.7
2015-08-01,Bolivia,1435.3
2015-09-01,Bolivia,1443.2
2015-10-01,Bolivia,1445.8
2015-11-01,Bolivia,1444.5
2015-12-01,Bolivia,1437.1
2016-01-01,Bolivia,1449.0
2016-02-01,Bolivia,1448.9
2016-03-01,Bolivia,1463.7
2016-04-01,Bolivia,1455.5
2016-05-01,Bolivia,1437.0
2016-06-01,Bolivia,1446.2
2016-07-01,Bolivia,1456.1
2016-08-01,Bolivia,1447.5
2016-09-01,Bolivia,1445.2
2016-10-01,Bolivia,1442.3
2016-11-01,Bolivia,1451.9
2016-12-01,Bolivia,1465.9
2017-01-01,Bolivia,1448.0
2017-02-01,Bolivia,1464.7
2017-03-01,Bolivia,1458.8
2017-04-01,Bolivia,1450.8
2017-05-01,Bolivia,1459.3
2017-06-01,Bolivia,1443.1
2017-07-01,Bolivia,1460.7
2017-08-01,Bolivia,1453.9
2017-09-01,Bolivia,1454.8
2017-10-01,Bolivia,1455.7
2017-11-01,Bolivia,1462.8
2017-12-01,Bolivia,1448.7
2018-01-01,Bolivia,1441.2
2018-02-01,Bolivia,1439.9
2018-03-01,Bolivia,1456.2
2018-04-01,Bolivia,1477.2
2018-05-01,Bolivia,1456.1
2018-06-01,Bolivia,1470.8
2018-07-01,Bolivia,1453.5
2018-08-01,Bolivia,1465.3
2018-09-01,Bolivia,1454.3
2018-10-01,Bolivia,1448.2
2018-11-01,Bolivia,1459.4
2018-12-01,Bolivia,1461.0
2019-01-01,Bolivia,1464.9
2019-02-01,Bolivia,1471.8
2019-03-01,Bolivia,1467.4
2019-04-01,Bolivia,1473.5
2019-05-01,Bolivia,1473.4
2019-06-01,Bolivia,1462.8
2019-07-01,Bolivia,1448.6
2019-08-01,Bolivia,1459.5
2019-09-01,Bolivia,1467.0
2019-10-01,Bolivia,1464.1
2019-11-01,Bolivia,1476.9
2019-12-01,Bolivia,1473.7
2020-01-01,Bolivia,1472.0
2020-02-01,Bolivia,1469.1
2020-03-01,Bolivia,1464.5
2020-04-01,Bolivia,1472.9
2020-05-01,Bolivia,1466.6
2020-06-01,Bolivia,1458.0
2020-07-01,Bolivia,1476.2
2020-08-01,Bolivia,1451.4
2020-09-01,Bolivia,1461.3
2020-10-01,Bolivia,1463.7
2020-11-01,Bolivia,1459.4
2020-12-01,Bolivia,1459.5
2021-01-01,Bolivia,1472.1
2021-02-01,Bolivia,1466.9
2021-03-01,Bolivia,1474.7
2021-04-01,Bolivia,1471.5
2021-05-01,Bolivia,1471.3
2021-06-01,Bolivia,1475.6
2021-07-01,Bolivia,1463.0
2021-08-01,Bolivia,1454.7
2021-09-01,Bolivia,1476.6
2021-10-01,Bolivia,1469.2
2021-11-01,Bolivia,1474.6
2021-12-01,Bolivia,1449.3
2022-01-01,Bolivia,1469.9
2022-02-01,Bolivia,1473.1
2022-03-01,Bolivia,1475.7
2022-04-01,Bolivia,1482.8
2022-05-01,Bolivia,1469.5
2022-06-01,Bolivia,1457.8
2022-07-01,Bolivia,1467.1
2022-08-01,Bolivia,1471.8
2022-09-01,Bolivia,1477.8
2022-10-01,Bolivia,1477.4
2022-11-01,Bolivia,1465.2
2022-12-01,Bolivia,1482.6
2023-01-01,Bolivia,1466.1
2023-02-01,Bolivia,1498.4
2023-03-01,Bolivia,1476.7
2023-04-01,Bolivia,1469.0
2023-05-01,Bolivia,1474.8
2023-06-01,Bolivia,1470.5
2023-07-01,Bolivia,1471.0
2023-08-01,Bolivia,1484.3
2023-09-01,Bolivia,1486.8
2023-10-01,Bolivia,1475.5
2023-11-01,Bolivia,1476.8
2023-12-01,Bolivia,1468.5
2024-01-01,Bolivia,1490.7
2024-02-01,Bolivia,1478.0
2024-03-01,Bolivia,1490.0
2024-04-01,Bolivia,1483.8
2024-05-01,Bolivia,1478.1
2024-06-01,Bolivia,1473.4
2024-07-01,Bolivia,1496.0
2024-08-01,Bolivia,1486.3
2024-09-01,Bolivia,1481.9
2024-10-01,Bolivia,1490.7
2024-11-01,Bolivia,1483.8
2024-12-01,Bolivia,1479.1
2025-01-01,Bolivia,1474.2
2025-02-01,Bolivia,1475.6
2025-03-01,Bolivia,1492.7
2025-04-01,Bolivia,1481.4
2025-05-01,Bolivia,1478.4
2025-06-01,Bolivia,1491.7
2025-07-01,Bolivia,1483.2
2025-08-01,Bolivia,1482.3
2025-09-01,Bolivia,1474.8
2025-10-01,Bolivia,1476.5
2025-11-01,Bolivia,1486.0
2025-12-01,Bolivia,1485.2
2026-01-01,Bolivia,1486.8
2026-02-01,Bolivia,1502.3
2026-03-01,Bolivia,1489.6
2026-04-01,Bolivia,1492.6
2026-05-01,Bolivia,1479.6
2000-01-01,Indonesia,1368.4
2000-02-01,Indonesia,1367.9
2000-03-01,Indonesia,1365.3
2000-04-01,Indonesia,1386.6
2000-05-01,Indonesia,1368.1
2000-06-01,Indonesia,1371.9
2000-07-01,Indonesia,1374.3
2000-08-01,Indonesia,1368.5
2000-09-01,Indonesia,1369.6
2000-10-01,Indonesia,1376.2
2000-11-01,Indonesia,1358.9
2000-12-01,Indonesia,1382.3
2001-01-01,Indonesia,1376.6
2001-02-01,Indonesia,1385.7
2001-03-01,Indonesia,1378.9
2001-04-01,Indonesia,1359.5
2001-05-01,Indonesia,1366.7
2001-06-01,Indonesia,1370.4
2001-07-01,Indonesia,1361.8
2001-08-01,Indonesia,1372.2
2001-09-01,Indonesia,1364.1
2001-10-01,Indonesia,1371.1
2001-11-01,Indonesia,1366.6
2001-12-01,Indonesia,1372.0
2002-01-01,Indonesia,1386.9
2002-02-01,Indonesia,1371.4
2002-03-01,Indonesia,1379.1
2002-04-01,Indonesia,1370.2
2002-05-01,Indonesia,1381.7
2002-06-01,Indonesia,1372.2
2002-07-01,Indonesia,1380.7
2002-08-01,Indonesia,1362.1
2002-09-01,Indonesia,1366.7
2002-10-01,Indonesia,1381.5
2002-11-01,Indonesia,1387.5
2002-12-01,Indonesia,1385.2
2003-01-01,Indonesia,1383.2
2003-02-01,Indonesia,1376.1
2003-03-01,Indonesia,1371.3
2003-04-01,Indonesia,1380.0
2003-05-01,Indonesia,1372.6
2003-06-01,Indonesia,1377.5
2003-07-01,Indonesia,1384.8
2003-08-01,Indonesia,1376.5
2003-09-01,Indonesia,1377.7
2003-10-01,Indonesia,1379.5
2003-11-01,Indonesia,1384.7
2003-12-01,Indonesia,1378.6
2004-01-01,Indonesia,1394.7
2004-02-01,Indonesia,1391.3
2004-03-01,Indonesia,1394.9
2004-04-01,Indonesia,1388.1
2004-05-01,Indonesia,1397.6
2004-06-01,Indonesia,1386.6
2004-07-01,Indonesia,1389.2
2004-08-01,Indonesia,1372.2
2004-09-01,Indonesia,1388.2
2004-10-01,Indonesia,1390.0
2004-11-01,Indonesia,1388.4
2004-12-01,Indonesia,1392.0
2005-01-01,Indonesia,1391.6
2005-02-01,Indonesia,1388.2
2005-03-01,Indonesia,1399.5
2005-04-01,Indonesia,1380.3
2005-05-01,Indonesia,1395.2
2005-06-01,Indonesia,1388.8
2005-07-01,Indonesia,1392.4
2005-08-01,Indonesia,1384.8
2005-09-01,Indonesia,1393.8
2005-10-01,Indonesia,1381.2
2005-11-01,Indonesia,1385.9
2005-12-01,Indonesia,1391.1
2006-01-01,Indonesia,1386.4
2006-02-01,Indonesia,1401.4
2006-03-01,Indonesia,1401.1
2006-04-01,Indonesia,1388.2
2006-05-01,Indonesia,1398.5
2006-06-01,Indonesia,1388.6
2006-07-01,Indonesia,1405.1
2006-08-01,Indonesia,1375.1
2006-09-01,Indonesia,1399.3
2006-10-01,Indonesia,1399.8
2006-11-01,Indonesia,1387.7
2006-12-01,Indonesia,1396.3
2007-01-01,Indonesia,1391.9
2007-02-01,Indonesia,1391.6
2007-03-01,Indonesia,1404.8
2007-04-01,Indonesia,1408.8
2007-05-01,Indonesia,1389.8
2007-06-01,Indonesia,1405.1
2007-07-01,Indonesia,1404.3
2007-08-01,Indonesia,1384.6
2007-09-01,Indonesia,1391.7
2007-10-01,Indonesia,1389.2
2007-11-01,Indonesia,1397.6
2007-12-01,Indonesia,1391.0
2008-01-01,Indonesia,1400.8
2008-02-01,Indonesia,1408.0
2008-03-01,Indonesia,1404.6
2008-04-01,Indonesia,1395.5
2008-05-01,Indonesia,1408.1
2008-06-01,Indonesia,1408.1
2008-07-01,Indonesia,1408.5
2008-08-01,Indonesia,1407.7
2008-09-01,Indonesia,1391.3
2008-10-01,Indonesia,1407.3
2008-11-01,Indonesia,1398.1
2008-12-01,Indonesia,1397.9
2009-01-01,Indonesia,1404.5
2009-02-01,Indonesia,1405.0
2009-03-01,Indonesia,1390.0
2009-04-01,Indonesia,1408.5
2009-05-01,Indonesia,1405.5
2009-06-01,Indonesia,1406.2
2009-07-01,Indonesia,1393.0
2009-08-01,Indonesia,1397.9
2009-09-01,Indonesia,1401.4
2009-10-01,Indonesia,1407.5
2009-11-01,Indonesia,1411.2
2009-12-01,Indonesia,1399.1
2010-01-01,Indonesia,1414.8
2010-02-01,Indonesia,1403.3
2010-03-01,Indonesia,1404.6
2010-04-01,Indonesia,1407.2
2010-05-01,Indonesia,1404.3
2010-06-01,Indonesia,1411.0
2010-07-01,Indonesia,1402.8
2010-08-01,Indonesia,1412.3
2010-09-01,Indonesia,1409.0
2010-10-01,Indonesia,1398.2
2010-11-01,Indonesia,1415.5
2010-12-01,Indonesia,1411.5
2011-01-01,Indonesia,1414.1
2011-02-01,Indonesia,1407.8
2011-03-01,Indonesia,1400.2
2011-04-01,Indonesia,1415.1
2011-05-01,Indonesia,1433.6
2011-06-01,Indonesia,1391.6
2011-07-01,Indonesia,1419.7
2011-08-01,Indonesia,1403.5
2011-09-01,Indonesia,1417.1
2011-10-01,Indonesia,1404.0
2011-11-01,Indonesia,1417.3
2011-12-01,Indonesia,1421.8
2012-01-01,Indonesia,1416.6
2012-02-01,Indonesia,1420.0
2012-03-01,Indonesia,1418.1
2012-04-01,Indonesia,1410.1
2012-05-01,Indonesia,1415.1
2012-06-01,Indonesia,1420.3
2012-07-01,Indonesia,1426.5
2012-08-01,Indonesia,1411.5
2012-09-01,Indonesia,1419.9
2012-10-01,Indonesia,1413.4
2012-11-01,Indonesia,1421.1
2012-12-01,Indonesia,1421.9
2013-01-01,Indonesia,1419.0
2013-02-01,Indonesia,1423.4
2013-03-01,Indonesia,1408.1
2013-04-01,Indonesia,1424.5
2013-05-01,Indonesia,1423.0
2013-06-01,Indonesia,1428.3
2013-07-01,Indonesia,1405.3
2013-08-01,Indonesia,1419.2
2013-09-01,Indonesia,1410.3
2013-10-01,Indonesia,1410.7
2013-11-01,Indonesia,1404.0
2013-12-01,Indonesia,1422.0
2014-01-01,Indonesia,1419.1
2014-02-01,Indonesia,1424.7
2014-03-01,Indonesia,1424.9
2014-04-01,Indonesia,1427.2
2014-05-01,Indonesia,1428.8
2014-06-01,Indonesia,1434.3
2014-07-01,Indonesia,1423.4
2014-08-01,Indonesia,1421.0
2014-09-01,Indonesia,1414.6
2014-10-01,Indonesia,1427.8
2014-11-01,Indonesia,1417.4
2014-12-01,Indonesia,1425.3
2015-01-01,Indonesia,1443.6
2015-02-01,Indonesia,1415.4
2015-03-01,Indonesia,1418.6
2015-04-01,Indonesia,1428.5
2015-05-01,Indonesia,1418.7
2015-06-01,Indonesia,1437.3
2015-07-01,Indonesia,1419.7
2015-08-01,Indonesia,1427.1
2015-09-01,Indonesia,1431.1
2015-10-01,Indonesia,1416.9
2015-11-01,Indonesia,1428.0
2015-12-01,Indonesia,1438.5
2016-01-01,Indonesia,1435.5
2016-02-01,Indonesia,1428.4
2016-03-01,Indonesia,1437.0
2016-04-01,Indonesia,1413.0
2016-05-01,Indonesia,1426.9
2016-06-01,Indonesia,1419.4
2016-07-01,Indonesia,1433.3
2016-08-01,Indonesia,1432.1
2016-09-01,Indonesia,1424.2
2016-10-01,Indonesia,1439.7
2016-11-01,Indonesia,1415.5
2016-12-01,Indonesia,1444.5
2017-01-01,Indonesia,1443.3
2017-02-01,Indonesia,1436.1
2017-03-01,Indonesia,1431.0
2017-04-01,Indonesia,1433.1
2017-05-01,Indonesia,1437.7
2017-06-01,Indonesia,1430.0
2017-07-01,Indonesia,1434.1
2017-08-01,Indonesia,1437.8
2017-09-01,Indonesia,1439.9
2017-10-01,Indonesia,1446.0
2017-11-01,Indonesia,1447.0
2017-12-01,Indonesia,1434.6
2018-01-01,Indonesia,1426.5
2018-02-01,Indonesia,1438.9
2018-03-01,Indonesia,1449.6
2018-04-01,Indonesia,1438.2
2018-05-01,Indonesia,1451.9
2018-06-01,Indonesia,1429.3
2018-07-01,Indonesia,1442.5
2018-08-01,Indonesia,1442.5
2018-09-01,Indonesia,1452.9
2018-10-01,Indonesia,1439.6
2018-11-01,Indonesia,1442.6
2018-12-01,Indonesia,1444.6
2019-01-01,Indonesia,1434.4
2019-02-01,Indonesia,1438.3
2019-03-01,Indonesia,1445.7
2019-04-01,Indonesia,1444.4
2019-05-01,Indonesia,1440.7
2019-06-01,Indonesia,1446.2
2019-07-01,Indonesia,1444.3
2019-08-01,Indonesia,1450.7
2019-09-01,Indonesia,1438.7
2019-10-01,Indonesia,1445.5
2019-11-01,Indonesia,1440.0
2019-12-01,Indonesia,1438.9
2020-01-01,Indonesia,1457.1
2020-02-01,Indonesia,1454.5
2020-03-01,Indonesia,1447.7
2020-04-01,Indonesia,1442.5
2020-05-01,Indonesia,1457.4
2020-06-01,Indonesia,1461.4
2020-07-01,Indonesia,1435.4
2020-08-01,Indonesia,1442.0
2020-09-01,Indonesia,1442.5
2020-10-01,Indonesia,1445.1
2020-11-01,Indonesia,1443.7
2020-12-01,Indonesia,1445.7
2021-01-01,Indonesia,1456.0
2021-02-01,Indonesia,1448.3
2021-03-01,Indonesia,1447.3
2021-04-01,Indonesia,1449.8
2021-05-01,Indonesia,1452.6
2021-06-01,Indonesia,1451.5
2021-07-01,Indonesia,1453.2
2021-08-01,Indonesia,1450.4
2021-09-01,Indonesia,1446.1
2021-10-01,Indonesia,1453.2
2021-11-01,Indonesia,1438.3
2021-12-01,Indonesia,1455.2
2022-01-01,Indonesia,1461.7
2022-02-01,Indonesia,1445.9
2022-03-01,Indonesia,1462.0
2022-04-01,Indonesia,1466.3
2022-05-01,Indonesia,1447.6
2022-06-01,Indonesia,1456.7
2022-07-01,Indonesia,1451.5
2022-08-01,Indonesia,1453.2
2022-09-01,Indonesia,1450.4
2022-10-01,Indonesia,1444.7
2022-11-01,Indonesia,1466.0
2022-12-01,Indonesia,1454.1
2023-01-01,Indonesia,1459.3
2023-02-01,Indonesia,1464.1
2023-03-01,Indonesia,1462.6
2023-04-01,Indonesia,1454.5
2023-05-01,Indonesia,1454.7
2023-06-01,Indonesia,1456.4
2023-07-01,Indonesia,1467.0
2023-08-01,Indonesia,1455.2
2023-09-01,Indonesia,1453.9
2023-10-01,Indonesia,1453.9
2023-11-01,Indonesia,1458.8
2023-12-01,Indonesia,1461.1
2024-01-01,Indonesia,1483.8
2024-02-01,Indonesia,1453.1
2024-03-01,Indonesia,1453.4
2024-04-01,Indonesia,1474.8
2024-05-01,Indonesia,1444.7
2024-06-01,Indonesia,1470.1
2024-07-01,Indonesia,1456.5
2024-08-01,Indonesia,1461.2
2024-09-01,Indonesia,1461.1
2024-10-01,Indonesia,1474.1
2024-11-01,Indonesia,1459.5
2024-12-01,Indonesia,1468.8
2025-01-01,Indonesia,1462.5
2025-02-01,Indonesia,1459.9
2025-03-01,Indonesia,1461.1
2025-04-01,Indonesia,1462.5
2025-05-01,Indonesia,1455.6
2025-06-01,Indonesia,1463.8
2025-07-01,Indonesia,1476.8
2025-08-01,Indonesia,1472.1
2025-09-01,Indonesia,1465.8
2025-10-01,Indonesia,1469.3
2025-11-01,Indonesia,1463.3
2025-12-01,Indonesia,1466.8
2026-01-01,Indonesia,1473.0
2026-02-01,Indonesia,1459.2
2026-03-01,Indonesia,1473.8
2026-04-01,Indonesia,1473.7
2026-05-01,Indonesia,1464.7
2000-01-01,New Zealand,1345.9
2000-02-01,New Zealand,1357.8
2000-03-01,New Zealand,1359.1
2000-04-01,New Zealand,1346.9
2000-05-01,New Zealand,1355.0
2000-06-01,New Zealand,1362.0
2000-07-01,New Zealand,1351.6
2000-08-01,New Zealand,1339.9
2000-09-01,New Zealand,1346.3
2000-10-01,New Zealand,1338.3
2000-11-01,New Zealand,1360.0
2000-12-01,New Zealand,1366.4
2001-01-01,New Zealand,1357.0
2001-02-01,New Zealand,1346.8
2001-03-01,New Zealand,1361.0
2001-04-01,New Zealand,1346.8
2001-05-01,New Zealand,1369.1
2001-06-01,New Zealand,1347.4
2001-07-01,New Zealand,1355.2
2001-08-01,New Zealand,1361.1
2001-09-01,New Zealand,1355.2
2001-10-01,New Zealand,1339.6
2001-11-01,New Zealand,1357.6
2001-12-01,New Zealand,1347.4
2002-01-01,New Zealand,1359.6
2002-02-01,New Zealand,1347.8
2002-03-01,New Zealand,1359.5
2002-04-01,New Zealand,1362.8
2002-05-01,New Zealand,1366.1
2002-06-01,New Zealand,1364.5
2002-07-01,New Zealand,1369.8
2002-08-01,New Zealand,1362.8
2002-09-01,New Zealand,1355.5
2002-10-01,New Zealand,1358.8
2002-11-01,New Zealand,1363.7
2002-12-01,New Zealand,1345.0
2003-01-01,New Zealand,1345.7
2003-02-01,New Zealand,1364.0
2003-03-01,New Zealand,1378.7
2003-04-01,New Zealand,1370.5
2003-05-01,New Zealand,1359.2
2003-06-01,New Zealand,1369.6
2003-07-01,New Zealand,1359.3
2003-08-01,New Zealand,1355.2
2003-09-01,New Zealand,1351.3
2003-10-01,New Zealand,1360.6
2003-11-01,New Zealand,1355.3
2003-12-01,New Zealand,1368.5
2004-01-01,New Zealand,1353.1
2004-02-01,New Zealand,1370.8
2004-03-01,New Zealand,1358.7
2004-04-01,New Zealand,1366.9
2004-05-01,New Zealand,1360.2
2004-06-01,New Zealand,1373.2
2004-07-01,New Zealand,1363.4
2004-08-01,New Zealand,1371.5
2004-09-01,New Zealand,1367.5
2004-10-01,New Zealand,1373.0
2004-11-01,New Zealand,1361.4
2004-12-01,New Zealand,1376.9
2005-01-01,New Zealand,1365.1
2005-02-01,New Zealand,1370.1
2005-03-01,New Zealand,1368.6
2005-04-01,New Zealand,1375.3
2005-05-01,New Zealand,1381.0
2005-06-01,New Zealand,1368.8
2005-07-01,New Zealand,1377.0
2005-08-01,New Zealand,1360.6
2005-09-01,New Zealand,1371.5
2005-10-01,New Zealand,1382.3
2005-11-01,New Zealand,1369.9
2005-12-01,New Zealand,1372.3
2006-01-01,New Zealand,1382.0
2006-02-01,New Zealand,1368.9
2006-03-01,New Zealand,1389.9
2006-04-01,New Zealand,1371.2
2006-05-01,New Zealand,1376.1
2006-06-01,New Zealand,1360.2
2006-07-01,New Zealand,1382.0
2006-08-01,New Zealand,1375.5
2006-09-01,New Zealand,1372.1
2006-10-01,New Zealand,1365.3
2006-11-01,New Zealand,1388.9
2006-12-01,New Zealand,1377.4
2007-01-01,New Zealand,1390.7
2007-02-01,New Zealand,1379.3
2007-03-01,New Zealand,1379.5
2007-04-01,New Zealand,1379.3
2007-05-01,New Zealand,1372.2
2007-06-01,New Zealand,1373.3
2007-07-01,New Zealand,1377.7
2007-08-01,New Zealand,1391.4
2007-09-01,New Zealand,1359.2
2007-10-01,New Zealand,1387.0
2007-11-01,New Zealand,1369.4
2007-12-01,New Zealand,1376.2
2008-01-01,New Zealand,1376.7
2008-02-01,New Zealand,1386.2
2008-03-01,New Zealand,1392.5
2008-04-01,New Zealand,1386.6
2008-05-01,New Zealand,1374.3
2008-06-01,New Zealand,1382.7
2008-07-01,New Zealand,1387.7
2008-08-01,New Zealand,1383.7
2008-09-01,New Zealand,1386.9
2008-10-01,New Zealand,1389.6
2008-11-01,New Zealand,1376.8
2008-12-01,New Zealand,1381.0
2009-01-01,New Zealand,1387.9
2009-02-01,New Zealand,1391.1
2009-03-01,New Zealand,1385.9
2009-04-01,New Zealand,1372.5
2009-05-01,New Zealand,1385.1
2009-06-01,New Zealand,1383.2
2009-07-01,New Zealand,1379.9
2009-08-01,New Zealand,1377.0
2009-09-01,New Zealand,1376.0
2009-10-01,New Zealand,1381.1
2009-11-01,New Zealand,1379.6
2009-12-01,New Zealand,1382.4
2010-01-01,New Zealand,1386.1
2010-02-01,New Zealand,1379.2
2010-03-01,New Zealand,1370.6
2010-04-01,New Zealand,1398.9
2010-05-01,New Zealand,1390.9
2010-06-01,New Zealand,1382.9
2010-07-01,New Zealand,1388.5
2010-08-01,New Zealand,1401.1
2010-09-01,New Zealand,1399.7
2010-10-01,New Zealand,1375.6
2010-11-01,New Zealand,1387.1
2010-12-01,New Zealand,1390.8
2011-01-01,New Zealand,1403.5
2011-02-01,New Zealand,1384.0
2011-03-01,New Zealand,1392.0
2011-04-01,New Zealand,1385.2
2011-05-01,New Zealand,1389.4
2011-06-01,New Zealand,1392.8
2011-07-01,New Zealand,1385.5
2011-08-01,New Zealand,1389.2
2011-09-01,New Zealand,1393.0
2011-10-01,New Zealand,1399.4
2011-11-01,New Zealand,1385.9
2011-12-01,New Zealand,1395.3
2012-01-01,New Zealand,1395.3
2012-02-01,New Zealand,1402.3
2012-03-01,New Zealand,1383.4
2012-04-01,New Zealand,1388.4
2012-05-01,New Zealand,1390.4
2012-06-01,New Zealand,1385.6
2012-07-01,New Zealand,1397.1
2012-08-01,New Zealand,1395.8
2012-09-01,New Zealand,1398.8
2012-10-01,New Zealand,1397.2
2012-11-01,New Zealand,1411.7
2012-12-01,New Zealand,1401.9
2013-01-01,New Zealand,1404.5
2013-02-01,New Zealand,1398.6
2013-03-01,New Zealand,1413.2
2013-04-01,New Zealand,1397.7
2013-05-01,New Zealand,1404.7
2013-06-01,New Zealand,1397.5
2013-07-01,New Zealand,1401.9
2013-08-01,New Zealand,1404.1
2013-09-01,New Zealand,1407.3
2013-10-01,New Zealand,1391.6
2013-11-01,New Zealand,1401.2
2013-12-01,New Zealand,1392.3
2014-01-01,New Zealand,1401.1
2014-02-01,New Zealand,1404.6
2014-03-01,New Zealand,1406.1
2014-04-01,New Zealand,1403.5
2014-05-01,New Zealand,1396.2
2014-06-01,New Zealand,1410.1
2014-07-01,New Zealand,1390.7
2014-08-01,New Zealand,1406.3
2014-09-01,New Zealand,1404.8
2014-10-01,New Zealand,1404.3
2014-11-01,New Zealand,1414.6
2014-12-01,New Zealand,1405.5
2015-01-01,New Zealand,1421.9
2015-02-01,New Zealand,1419.4
2015-03-01,New Zealand,1403.0
2015-04-01,New Zealand,1407.9
2015-05-01,New Zealand,1404.2
2015-06-01,New Zealand,1418.1
2015-07-01,New Zealand,1412.1
2015-08-01,New Zealand,1399.1
2015-09-01,New Zealand,1414.7
2015-10-01,New Zealand,1408.6
2015-11-01,New Zealand,1414.9
2015-12-01,New Zealand,1397.5
2016-01-01,New Zealand,1410.9
2016-02-01,New Zealand,1414.9
2016-03-01,New Zealand,1407.1
2016-04-01,New Zealand,1415.4
2016-05-01,New Zealand,1407.5
2016-06-01,New Zealand,1413.1
2016-07-01,New Zealand,1418.1
2016-08-01,New Zealand,1414.4
2016-09-01,New Zealand,1400.3
2016-10-01,New Zealand,1423.1
2016-11-01,New Zealand,1418.4
2016-12-01,New Zealand,1414.2
2017-01-01,New Zealand,1430.4
2017-02-01,New Zealand,1415.0
2017-03-01,New Zealand,1421.7
2017-04-01,New Zealand,1400.5
2017-05-01,New Zealand,1427.6
2017-06-01,New Zealand,1421.4
2017-07-01,New Zealand,1427.9
2017-08-01,New Zealand,1410.7
2017-09-01,New Zealand,1432.6
2017-10-01,New Zealand,1421.8
2017-11-01,New Zealand,1422.3
2017-12-01,New Zealand,1408.6
2018-01-01,New Zealand,1423.6
2018-02-01,New Zealand,1422.0
2018-03-01,New Zealand,1420.5
2018-04-01,New Zealand,1423.0
2018-05-01,New Zealand,1406.8
2018-06-01,New Zealand,1427.2
2018-07-01,New Zealand,1412.7
2018-08-01,New Zealand,1419.2
2018-09-01,New Zealand,1417.5
2018-10-01,New Zealand,1419.4
2018-11-01,New Zealand,1408.4
2018-12-01,New Zealand,1407.4
2019-01-01,New Zealand,1420.3
2019-02-01,New Zealand,1409.9
2019-03-01,New Zealand,1415.1
2019-04-01,New Zealand,1427.5
2019-05-01,New Zealand,1420.3
2019-06-01,New Zealand,1421.0
2019-07-01,New Zealand,1434.8
2019-08-01,New Zealand,1403.1
2019-09-01,New Zealand,1419.2
2019-10-01,New Zealand,1424.3
2019-11-01,New Zealand,1426.4
2019-12-01,New Zealand,1412.2
2020-01-01,New Zealand,1429.7
2020-02-01,New Zealand,1423.6
2020-03-01,New Zealand,1438.0
2020-04-01,New Zealand,1433.8
2020-05-01,New Zealand,1424.8
2020-06-01,New Zealand,1426.7
2020-07-01,New Zealand,1429.2
2020-08-01,New Zealand,1428.4
2020-09-01,New Zealand,1426.5
2020-10-01,New Zealand,1425.1
2020-11-01,New Zealand,1442.6
2020-12-01,New Zealand,1433.8
2021-01-01,New Zealand,1433.2
2021-02-01,New Zealand,1435.6
2021-03-01,New Zealand,1425.0
2021-04-01,New Zealand,1429.0
2021-05-01,New Zealand,1421.8
2021-06-01,New Zealand,1430.5
2021-07-01,New Zealand,1422.7
2021-08-01,New Zealand,1428.2
2021-09-01,New Zealand,1428.9
2021-10-01,New Zealand,1425.9
2021-11-01,New Zealand,1437.5
2021-12-01,New Zealand,1449.4
2022-01-01,New Zealand,1422.5
2022-02-01,New Zealand,1440.9
2022-03-01,New Zealand,1433.9
2022-04-01,New Zealand,1425.4
2022-05-01,New Zealand,1428.5
2022-06-01,New Zealand,1435.7
2022-07-01,New Zealand,1435.1
2022-08-01,New Zealand,1437.4
2022-09-01,New Zealand,1428.0
2022-10-01,New Zealand,1420.1
2022-11-01,New Zealand,1435.4
2022-12-01,New Zealand,1443.0
2023-01-01,New Zealand,1429.0
2023-02-01,New Zealand,1444.1
2023-03-01,New Zealand,1439.9
2023-04-01,New Zealand,1449.4
2023-05-01,New Zealand,1442.3
2023-06-01,New Zealand,1453.1
2023-07-01,New Zealand,1447.9
2023-08-01,New Zealand,1423.8
2023-09-01,New Zealand,1433.9
2023-10-01,New Zealand,1424.6
2023-11-01,New Zealand,1448.8
2023-12-01,New Zealand,1436.6
2024-01-01,New Zealand,1445.2
2024-02-01,New Zealand,1428.3
2024-03-01,New Zealand,1428.9
2024-04-01,New Zealand,1438.6
2024-05-01,New Zealand,1441.3
2024-06-01,New Zealand,1435.5
2024-07-01,New Zealand,1440.8
2024-08-01,New Zealand,1443.4
2024-09-01,New Zealand,1445.5
2024-10-01,New Zealand,1439.8
2024-11-01,New Zealand,1449.0
2024-12-01,New Zealand,1448.3
2025-01-01,New Zealand,1458.5
2025-02-01,New Zealand,1458.9
2025-03-01,New Zealand,1443.1
2025-04-01,New Zealand,1436.5
2025-05-01,New Zealand,1443.7
2025-06-01,New Zealand,1449.7
2025-07-01,New Zealand,1444.1
2025-08-01,New Zealand,1444.4
2025-09-01,New Zealand,1447.0
2025-10-01,New Zealand,1442.8
2025-11-01,New Zealand,1440.6
2025-12-01,New Zealand,1438.2
2026-01-01,New Zealand,1457.5
2026-02-01,New Zealand,1448.8
2026-03-01,New Zealand,1454.3
2026-04-01,New Zealand,1449.9
2026-05-01,New Zealand,1444.4
2000-01-01,Costa Rica,1331.7
2000-02-01,Costa Rica,1322.6
2000-03-01,Costa Rica,1337.1
2000-04-01,Costa Rica,1349.0
2000-05-01,Costa Rica,1336.9
2000-06-01,Costa Rica,1341.8
2000-07-01,Costa Rica,1325.3
2000-08-01,Costa Rica,1319.4
2000-09-01,Costa Rica,1331.9
2000-10-01,Costa Rica,1355.3
2000-11-01,Costa Rica,1321.0
2000-12-01,Costa Rica,1343.9
2001-01-01,Costa Rica,1341.2
2001-02-01,Costa Rica,1343.3
2001-03-01,Costa Rica,1340.5
2001-04-01,Costa Rica,1334.2
2001-05-01,Costa Rica,1335.8
2001-06-01,Costa Rica,1344.9
2001-07-01,Costa Rica,1345.9
2001-08-01,Costa Rica,1326.6
2001-09-01,Costa Rica,1339.4
2001-10-01,Costa Rica,1336.3
2001-11-01,Costa Rica,1328.7
2001-12-01,Costa Rica,1348.8
2002-01-01,Costa Rica,1339.8
2002-02-01,Costa Rica,1343.7
2002-03-01,Costa Rica,1352.3
2002-04-01,Costa Rica,1349.6
2002-05-01,Costa Rica,1353.2
2002-06-01,Costa Rica,1334.0
2002-07-01,Costa Rica,1355.2
2002-08-01,Costa Rica,1338.1
2002-09-01,Costa Rica,1335.5
2002-10-01,Costa Rica,1347.0
2002-11-01,Costa Rica,1339.3
2002-12-01,Costa Rica,1348.7
2003-01-01,Costa Rica,1340.4
2003-02-01,Costa Rica,1347.5
2003-03-01,Costa Rica,1359.8
2003-04-01,Costa Rica,1350.5
2003-05-01,Costa Rica,1345.8
2003-06-01,Costa Rica,1349.1
2003-07-01,Costa Rica,1328.0
2003-08-01,Costa Rica,1344.8
2003-09-01,Costa Rica,1336.6
2003-10-01,Costa Rica,1344.2
2003-11-01,Costa Rica,1337.3
2003-12-01,Costa Rica,1348.6
2004-01-01,Costa Rica,1334.4
2004-02-01,Costa Rica,1349.7
2004-03-01,Costa Rica,1360.8
2004-04-01,Costa Rica,1358.0
2004-05-01,Costa Rica,1349.7
2004-06-01,Costa Rica,1358.3
2004-07-01,Costa Rica,1349.6
2004-08-01,Costa Rica,1350.6
2004-09-01,Costa Rica,1343.0
2004-10-01,Costa Rica,1348.7
2004-11-01,Costa Rica,1358.6
2004-12-01,Costa Rica,1355.6
2005-01-01,Costa Rica,1368.3
2005-02-01,Costa Rica,1361.2
2005-03-01,Costa Rica,1346.2
2005-04-01,Costa Rica,1338.0
2005-05-01,Costa Rica,1358.5
2005-06-01,Costa Rica,1359.4
2005-07-01,Costa Rica,1354.5
2005-08-01,Costa Rica,1366.9
2005-09-01,Costa Rica,1355.9
2005-10-01,Costa Rica,1362.0
2005-11-01,Costa Rica,1356.6
2005-12-01,Costa Rica,1355.9
2006-01-01,Costa Rica,1367.6
2006-02-01,Costa Rica,1375.2
2006-03-01,Costa Rica,1357.6
2006-04-01,Costa Rica,1363.2
2006-05-01,Costa Rica,1361.9
2006-06-01,Costa Rica,1356.3
2006-07-01,Costa Rica,1351.9
2006-08-01,Costa Rica,1366.9
2006-09-01,Costa Rica,1370.2
2006-10-01,Costa Rica,1358.6
2006-11-01,Costa Rica,1354.9
2006-12-01,Costa Rica,1366.8
2007-01-01,Costa Rica,1354.9
2007-02-01,Costa Rica,1365.4
2007-03-01,Costa Rica,1365.3
2007-04-01,Costa Rica,1362.9
2007-05-01,Costa Rica,1370.8
2007-06-01,Costa Rica,1365.0
2007-07-01,Costa Rica,1362.2
2007-08-01,Costa Rica,1357.9
2007-09-01,Costa Rica,1360.9
2007-10-01,Costa Rica,1359.0
2007-11-01,Costa Rica,1360.2
2007-12-01,Costa Rica,1367.9
2008-01-01,Costa Rica,1360.8
2008-02-01,Costa Rica,1372.3
2008-03-01,Costa Rica,1373.5
2008-04-01,Costa Rica,1378.3
2008-05-01,Costa Rica,1370.9
2008-06-01,Costa Rica,1368.8
2008-07-01,Costa Rica,1372.5
2008-08-01,Costa Rica,1371.0
2008-09-01,Costa Rica,1372.7
2008-10-01,Costa Rica,1355.9
2008-11-01,Costa Rica,1358.4
2008-12-01,Costa Rica,1359.9
2009-01-01,Costa Rica,1381.8
2009-02-01,Costa Rica,1352.0
2009-03-01,Costa Rica,1378.9
2009-04-01,Costa Rica,1369.0
2009-05-01,Costa Rica,1370.4
2009-06-01,Costa Rica,1371.8
2009-07-01,Costa Rica,1353.5
2009-08-01,Costa Rica,1365.0
2009-09-01,Costa Rica,1373.5
2009-10-01,Costa Rica,1376.4
2009-11-01,Costa Rica,1376.5
2009-12-01,Costa Rica,1370.4
2010-01-01,Costa Rica,1384.4
2010-02-01,Costa Rica,1373.0
2010-03-01,Costa Rica,1376.3
2010-04-01,Costa Rica,1378.4
2010-05-01,Costa Rica,1369.3
2010-06-01,Costa Rica,1377.2
2010-07-01,Costa Rica,1371.8
2010-08-01,Costa Rica,1372.0
2010-09-01,Costa Rica,1377.1
2010-10-01,Costa Rica,1378.5
2010-11-01,Costa Rica,1374.4
2010-12-01,Costa Rica,1373.3
2011-01-01,Costa Rica,1381.2
2011-02-01,Costa Rica,1379.0
2011-03-01,Costa Rica,1371.1
2011-04-01,Costa Rica,1385.3
2011-05-01,Costa Rica,1371.9
2011-06-01,Costa Rica,1386.0
2011-07-01,Costa Rica,1382.2
2011-08-01,Costa Rica,1381.8
2011-09-01,Costa Rica,1386.9
2011-10-01,Costa Rica,1380.5
2011-11-01,Costa Rica,1396.1
2011-12-01,Costa Rica,1377.4
2012-01-01,Costa Rica,1365.7
2012-02-01,Costa Rica,1378.7
2012-03-01,Costa Rica,1393.2
2012-04-01,Costa Rica,1399.1
2012-05-01,Costa Rica,1398.7
2012-06-01,Costa Rica,1393.6
2012-07-01,Costa Rica,1382.2
2012-08-01,Costa Rica,1380.2
2012-09-01,Costa Rica,1397.5
2012-10-01,Costa Rica,1386.4
2012-11-01,Costa Rica,1379.3
2012-12-01,Costa Rica,1389.3
2013-01-01,Costa Rica,1375.8
2013-02-01,Costa Rica,1378.7
2013-03-01,Costa Rica,1374.6
2013-04-01,Costa Rica,1386.8
2013-05-01,Costa Rica,1392.7
2013-06-01,Costa Rica,1388.6
2013-07-01,Costa Rica,1374.8
2013-08-01,Costa Rica,1387.7
2013-09-01,Costa Rica,1380.7
2013-10-01,Costa Rica,1376.4
2013-11-01,Costa Rica,1376.3
2013-12-01,Costa Rica,1393.9
2014-01-01,Costa Rica,1391.8
2014-02-01,Costa Rica,1397.1
2014-03-01,Costa Rica,1406.3
2014-04-01,Costa Rica,1390.5
2014-05-01,Costa Rica,1399.2
2014-06-01,Costa Rica,1386.5
2014-07-01,Costa Rica,1388.2
2014-08-01,Costa Rica,1391.9
2014-09-01,Costa Rica,1390.1
2014-10-01,Costa Rica,1392.5
2014-11-01,Costa Rica,1378.8
2014-12-01,Costa Rica,1397.8
2015-01-01,Costa Rica,1388.4
2015-02-01,Costa Rica,1393.4
2015-03-01,Costa Rica,1395.1
2015-04-01,Costa Rica,1403.9
2015-05-01,Costa Rica,1399.5
2015-06-01,Costa Rica,1390.1
2015-07-01,Costa Rica,1377.1
2015-08-01,Costa Rica,1398.5
2015-09-01,Costa Rica,1403.8
2015-10-01,Costa Rica,1386.2
2015-11-01,Costa Rica,1396.8
2015-12-01,Costa Rica,1396.9
2016-01-01,Costa Rica,1406.3
2016-02-01,Costa Rica,1392.8
2016-03-01,Costa Rica,1403.8
2016-04-01,Costa Rica,1394.6
2016-05-01,Costa Rica,1389.3
2016-06-01,Costa Rica,1391.3
2016-07-01,Costa Rica,1396.9
2016-08-01,Costa Rica,1401.4
2016-09-01,Costa Rica,1398.7
2016-10-01,Costa Rica,1394.2
2016-11-01,Costa Rica,1394.5
2016-12-01,Costa Rica,1386.8
2017-01-01,Costa Rica,1386.0
2017-02-01,Costa Rica,1391.4
2017-03-01,Costa Rica,1389.5
2017-04-01,Costa Rica,1413.4
2017-05-01,Costa Rica,1404.0
2017-06-01,Costa Rica,1407.0
2017-07-01,Costa Rica,1403.1
2017-08-01,Costa Rica,1396.1
2017-09-01,Costa Rica,1397.8
2017-10-01,Costa Rica,1385.6
2017-11-01,Costa Rica,1395.5
2017-12-01,Costa Rica,1394.4
2018-01-01,Costa Rica,1389.7
2018-02-01,Costa Rica,1409.1
2018-03-01,Costa Rica,1402.3
2018-04-01,Costa Rica,1413.7
2018-05-01,Costa Rica,1413.3
2018-06-01,Costa Rica,1419.3
2018-07-01,Costa Rica,1413.5
2018-08-01,Costa Rica,1406.8
2018-09-01,Costa Rica,1403.4
2018-10-01,Costa Rica,1400.0
2018-11-01,Costa Rica,1414.1
2018-12-01,Costa Rica,1396.4
2019-01-01,Costa Rica,1407.8
2019-02-01,Costa Rica,1408.8
2019-03-01,Costa Rica,1408.3
2019-04-01,Costa Rica,1394.8
2019-05-01,Costa Rica,1407.9
2019-06-01,Costa Rica,1406.2
2019-07-01,Costa Rica,1417.3
2019-08-01,Costa Rica,1417.0
2019-09-01,Costa Rica,1401.5
2019-10-01,Costa Rica,1416.6
2019-11-01,Costa Rica,1402.5
2019-12-01,Costa Rica,1404.1
2020-01-01,Costa Rica,1412.5
2020-02-01,Costa Rica,1416.7
2020-03-01,Costa Rica,1402.7
2020-04-01,Costa Rica,1416.0
2020-05-01,Costa Rica,1409.8
2020-06-01,Costa Rica,1407.0
2020-07-01,Costa Rica,1403.1
2020-08-01,Costa Rica,1414.7
2020-09-01,Costa Rica,1418.8
2020-10-01,Costa Rica,1400.3
2020-11-01,Costa Rica,1403.1
2020-12-01,Costa Rica,1404.2
2021-01-01,Costa Rica,1419.3
2021-02-01,Costa Rica,1419.6
2021-03-01,Costa Rica,1416.9
2021-04-01,Costa Rica,1404.1
2021-05-01,Costa Rica,1414.8
2021-06-01,Costa Rica,1401.6
2021-07-01,Costa Rica,1417.4
2021-08-01,Costa Rica,1422.2
2021-09-01,Costa Rica,1398.2
2021-10-01,Costa Rica,1402.7
2021-11-01,Costa Rica,1409.7
2021-12-01,Costa Rica,1410.7
2022-01-01,Costa Rica,1419.5
2022-02-01,Costa Rica,1432.4
2022-03-01,Costa Rica,1420.4
2022-04-01,Costa Rica,1411.1
2022-05-01,Costa Rica,1394.6
2022-06-01,Costa Rica,1428.8
2022-07-01,Costa Rica,1416.6
2022-08-01,Costa Rica,1427.0
2022-09-01,Costa Rica,1420.6
2022-10-01,Costa Rica,1417.5
2022-11-01,Costa Rica,1414.7
2022-12-01,Costa Rica,1423.1
2023-01-01,Costa Rica,1430.7
2023-02-01,Costa Rica,1431.2
2023-03-01,Costa Rica,1427.0
2023-04-01,Costa Rica,1423.0
2023-05-01,Costa Rica,1429.7
2023-06-01,Costa Rica,1417.4
2023-07-01,Costa Rica,1430.9
2023-08-01,Costa Rica,1414.9
2023-09-01,Costa Rica,1429.4
2023-10-01,Costa Rica,1430.7
2023-11-01,Costa Rica,1424.9
2023-12-01,Costa Rica,1425.4
2024-01-01,Costa Rica,1429.1
2024-02-01,Costa Rica,1424.7
2024-03-01,Costa Rica,1422.1
2024-04-01,Costa Rica,1430.2
2024-05-01,Costa Rica,1427.2
2024-06-01,Costa Rica,1429.2
2024-07-01,Costa Rica,1432.0
2024-08-01,Costa Rica,1434.9
2024-09-01,Costa Rica,1424.7
2024-10-01,Costa Rica,1421.5
2024-11-01,Costa Rica,1426.9
2024-12-01,Costa Rica,1425.8
2025-01-01,Costa Rica,1419.0
2025-02-01,Costa Rica,1428.4
2025-03-01,Costa Rica,1425.3
2025-04-01,Costa Rica,1428.5
2025-05-01,Costa Rica,1433.4
2025-06-01,Costa Rica,1413.6
2025-07-01,Costa Rica,1432.6
2025-08-01,Costa Rica,1437.4
2025-09-01,Costa Rica,1434.5
2025-10-01,Costa Rica,1424.9
2025-11-01,Costa Rica,1445.8
2025-12-01,Costa Rica,1422.6
2026-01-01,Costa Rica,1436.5
2026-02-01,Costa Rica,1449.2
2026-03-01,Costa Rica,1431.2
2026-04-01,Costa Rica,1433.2
2026-05-01,Costa Rica,1436.0
2000-01-01,Honduras,1324.6
2000-02-01,Honduras,1340.5
2000-03-01,Honduras,1322.4
2000-04-01,Honduras,1320.1
2000-05-01,Honduras,1323.5
2000-06-01,Honduras,1305.3
2000-07-01,Honduras,1329.5
2000-08-01,Honduras,1338.0
2000-09-01,Honduras,1338.7
2000-10-01,Honduras,1323.0
2000-11-01,Honduras,1312.9
2000-12-01,Honduras,1315.7
2001-01-01,Honduras,1323.4
2001-02-01,Honduras,1321.4
2001-03-01,Honduras,1319.5
2001-04-01,Honduras,1318.5
2001-05-01,Honduras,1317.6
2001-06-01,Honduras,1313.1
2001-07-01,Honduras,1326.9
2001-08-01,Honduras,1333.7
2001-09-01,Honduras,1327.6
2001-10-01,Honduras,1337.0
2001-11-01,Honduras,1332.1
2001-12-01,Honduras,1331.1
2002-01-01,Honduras,1318.0
2002-02-01,Honduras,1320.5
2002-03-01,Honduras,1324.1
2002-04-01,Honduras,1325.5
2002-05-01,Honduras,1318.7
2002-06-01,Honduras,1339.1
2002-07-01,Honduras,1339.4
2002-08-01,Honduras,1320.9
2002-09-01,Honduras,1325.5
2002-10-01,Honduras,1320.4
2002-11-01,Honduras,1321.2
2002-12-01,Honduras,1336.7
2003-01-01,Honduras,1324.2
2003-02-01,Honduras,1333.3
2003-03-01,Honduras,1308.6
2003-04-01,Honduras,1345.4
2003-05-01,Honduras,1332.2
2003-06-01,Honduras,1338.5
2003-07-01,Honduras,1333.9
2003-08-01,Honduras,1334.1
2003-09-01,Honduras,1325.2
2003-10-01,Honduras,1322.9
2003-11-01,Honduras,1315.5
2003-12-01,Honduras,1346.2
2004-01-01,Honduras,1346.1
2004-02-01,Honduras,1345.6
2004-03-01,Honduras,1332.7
2004-04-01,Honduras,1341.2
2004-05-01,Honduras,1330.0
2004-06-01,Honduras,1345.0
2004-07-01,Honduras,1334.5
2004-08-01,Honduras,1332.0
2004-09-01,Honduras,1328.2
2004-10-01,Honduras,1334.0
2004-11-01,Honduras,1326.9
2004-12-01,Honduras,1323.0
2005-01-01,Honduras,1335.6
2005-02-01,Honduras,1342.0
2005-03-01,Honduras,1336.5
2005-04-01,Honduras,1332.1
2005-05-01,Honduras,1364.1
2005-06-01,Honduras,1335.8
2005-07-01,Honduras,1349.5
2005-08-01,Honduras,1323.2
2005-09-01,Honduras,1316.9
2005-10-01,Honduras,1351.0
2005-11-01,Honduras,1341.4
2005-12-01,Honduras,1346.5
2006-01-01,Honduras,1347.8
2006-02-01,Honduras,1330.5
2006-03-01,Honduras,1345.2
2006-04-01,Honduras,1351.8
2006-05-01,Honduras,1329.1
2006-06-01,Honduras,1339.7
2006-07-01,Honduras,1347.9
2006-08-01,Honduras,1334.5
2006-09-01,Honduras,1351.2
2006-10-01,Honduras,1336.3
2006-11-01,Honduras,1325.9
2006-12-01,Honduras,1346.1
2007-01-01,Honduras,1355.4
2007-02-01,Honduras,1358.2
2007-03-01,Honduras,1361.1
2007-04-01,Honduras,1334.4
2007-05-01,Honduras,1346.8
2007-06-01,Honduras,1356.3
2007-07-01,Honduras,1352.3
2007-08-01,Honduras,1344.3
2007-09-01,Honduras,1360.0
2007-10-01,Honduras,1352.3
2007-11-01,Honduras,1356.8
2007-12-01,Honduras,1336.6
2008-01-01,Honduras,1347.7
2008-02-01,Honduras,1345.1
2008-03-01,Honduras,1350.3
2008-04-01,Honduras,1348.0
2008-05-01,Honduras,1361.3
2008-06-01,Honduras,1345.2
2008-07-01,Honduras,1348.9
2008-08-01,Honduras,1357.1
2008-09-01,Honduras,1340.6
2008-10-01,Honduras,1349.6
2008-11-01,Honduras,1352.3
2008-12-01,Honduras,1347.3
2009-01-01,Honduras,1350.7
2009-02-01,Honduras,1357.0
2009-03-01,Honduras,1347.6
2009-04-01,Honduras,1356.6
2009-05-01,Honduras,1350.8
2009-06-01,Honduras,1356.6
2009-07-01,Honduras,1360.2
2009-08-01,Honduras,1358.2
2009-09-01,Honduras,1352.4
2009-10-01,Honduras,1373.7
2009-11-01,Honduras,1359.1
2009-12-01,Honduras,1347.1
2010-01-01,Honduras,1364.5
2010-02-01,Honduras,1355.6
2010-03-01,Honduras,1363.2
2010-04-01,Honduras,1361.3
2010-05-01,Honduras,1360.1
2010-06-01,Honduras,1362.2
2010-07-01,Honduras,1348.6
2010-08-01,Honduras,1352.7
2010-09-01,Honduras,1353.5
2010-10-01,Honduras,1354.7
2010-11-01,Honduras,1370.4
2010-12-01,Honduras,1362.5
2011-01-01,Honduras,1364.9
2011-02-01,Honduras,1361.9
2011-03-01,Honduras,1380.8
2011-04-01,Honduras,1357.2
2011-05-01,Honduras,1369.2
2011-06-01,Honduras,1369.4
2011-07-01,Honduras,1368.8
2011-08-01,Honduras,1359.4
2011-09-01,Honduras,1354.1
2011-10-01,Honduras,1365.8
2011-11-01,Honduras,1363.1
2011-12-01,Honduras,1360.5
2012-01-01,Honduras,1362.9
2012-02-01,Honduras,1372.9
2012-03-01,Honduras,1364.8
2012-04-01,Honduras,1358.9
2012-05-01,Honduras,1386.6
2012-06-01,Honduras,1377.7
2012-07-01,Honduras,1362.9
2012-08-01,Honduras,1380.6
2012-09-01,Honduras,1355.1
2012-10-01,Honduras,1356.6
2012-11-01,Honduras,1362.3
2012-12-01,Honduras,1377.1
2013-01-01,Honduras,1364.8
2013-02-01,Honduras,1377.0
2013-03-01,Honduras,1362.6
2013-04-01,Honduras,1371.6
2013-05-01,Honduras,1371.7
2013-06-01,Honduras,1364.9
2013-07-01,Honduras,1374.1
2013-08-01,Honduras,1362.9
2013-09-01,Honduras,1360.5
2013-10-01,Honduras,1365.7
2013-11-01,Honduras,1360.8
2013-12-01,Honduras,1360.0
2014-01-01,Honduras,1387.5
2014-02-01,Honduras,1372.2
2014-03-01,Honduras,1372.6
2014-04-01,Honduras,1371.7
2014-05-01,Honduras,1369.9
2014-06-01,Honduras,1353.7
2014-07-01,Honduras,1381.6
2014-08-01,Honduras,1390.5
2014-09-01,Honduras,1369.9
2014-10-01,Honduras,1374.9
2014-11-01,Honduras,1376.2
2014-12-01,Honduras,1370.3
2015-01-01,Honduras,1373.1
2015-02-01,Honduras,1380.7
2015-03-01,Honduras,1367.0
2015-04-01,Honduras,1384.7
2015-05-01,Honduras,1373.9
2015-06-01,Honduras,1360.0
2015-07-01,Honduras,1369.0
2015-08-01,Honduras,1375.0
2015-09-01,Honduras,1384.7
2015-10-01,Honduras,1388.6
2015-11-01,Honduras,1384.2
2015-12-01,Honduras,1381.1
2016-01-01,Honduras,1388.0
2016-02-01,Honduras,1376.5
2016-03-01,Honduras,1386.2
2016-04-01,Honduras,1390.7
2016-05-01,Honduras,1374.8
2016-06-01,Honduras,1375.4
2016-07-01,Honduras,1377.7
2016-08-01,Honduras,1369.7
2016-09-01,Honduras,1391.6
2016-10-01,Honduras,1377.4
2016-11-01,Honduras,1368.5
2016-12-01,Honduras,1362.8
2017-01-01,Honduras,1397.7
2017-02-01,Honduras,1393.7
2017-03-01,Honduras,1378.9
2017-04-01,Honduras,1390.9
2017-05-01,Honduras,1376.1
2017-06-01,Honduras,1384.8
2017-07-01,Honduras,1379.3
2017-08-01,Honduras,1376.1
2017-09-01,Honduras,1392.6
2017-10-01,Honduras,1388.4
2017-11-01,Honduras,1382.6
2017-12-01,Honduras,1391.1
2018-01-01,Honduras,1390.3
2018-02-01,Honduras,1383.1
2018-03-01,Honduras,1381.7
2018-04-01,Honduras,1395.7
2018-05-01,Honduras,1390.2
2018-06-01,Honduras,1387.1
2018-07-01,Honduras,1387.4
2018-08-01,Honduras,1398.2
2018-09-01,Honduras,1394.9
2018-10-01,Honduras,1388.7
2018-11-01,Honduras,1407.6
2018-12-01,Honduras,1389.1
2019-01-01,Honduras,1397.3
2019-02-01,Honduras,1399.1
2019-03-01,Honduras,1379.4
2019-04-01,Honduras,1391.1
2019-05-01,Honduras,1392.2
2019-06-01,Honduras,1373.6
2019-07-01,Honduras,1395.6
2019-08-01,Honduras,1378.6
2019-09-01,Honduras,1415.1
2019-10-01,Honduras,1399.5
2019-11-01,Honduras,1386.0
2019-12-01,Honduras,1411.5
2020-01-01,Honduras,1406.2
2020-02-01,Honduras,1402.1
2020-03-01,Honduras,1400.4
2020-04-01,Honduras,1394.6
2020-05-01,Honduras,1395.2
2020-06-01,Honduras,1401.8
2020-07-01,Honduras,1413.9
2020-08-01,Honduras,1403.5
2020-09-01,Honduras,1410.9
2020-10-01,Honduras,1398.6
2020-11-01,Honduras,1392.9
2020-12-01,Honduras,1411.4
2021-01-01,Honduras,1416.9
2021-02-01,Honduras,1392.3
2021-03-01,Honduras,1400.5
2021-04-01,Honduras,1410.3
2021-05-01,Honduras,1396.6
2021-06-01,Honduras,1399.7
2021-07-01,Honduras,1411.8
2021-08-01,Honduras,1402.1
2021-09-01,Honduras,1399.2
2021-10-01,Honduras,1404.7
2021-11-01,Honduras,1407.1
2021-12-01,Honduras,1379.2
2022-01-01,Honduras,1422.3
2022-02-01,Honduras,1406.9
2022-03-01,Honduras,1412.9
2022-04-01,Honduras,1414.1
2022-05-01,Honduras,1396.6
2022-06-01,Honduras,1389.6
2022-07-01,Honduras,1413.1
2022-08-01,Honduras,1413.3
2022-09-01,Honduras,1398.6
2022-10-01,Honduras,1416.7
2022-11-01,Honduras,1398.0
2022-12-01,Honduras,1401.1
2023-01-01,Honduras,1408.1
2023-02-01,Honduras,1399.4
2023-03-01,Honduras,1405.1
2023-04-01,Honduras,1412.1
2023-05-01,Honduras,1417.9
2023-06-01,Honduras,1409.9
2023-07-01,Honduras,1406.3
2023-08-01,Honduras,1400.4
2023-09-01,Honduras,1408.1
2023-10-01,Honduras,1401.9
2023-11-01,Honduras,1401.1
2023-12-01,Honduras,1401.7
2024-01-01,Honduras,1414.7
2024-02-01,Honduras,1415.7
2024-03-01,Honduras,1411.1
2024-04-01,Honduras,1421.7
2024-05-01,Honduras,1420.5
2024-06-01,Honduras,1405.5
2024-07-01,Honduras,1424.8
2024-08-01,Honduras,1395.0
2024-09-01,Honduras,1419.8
2024-10-01,Honduras,1414.3
2024-11-01,Honduras,1409.4
2024-12-01,Honduras,1409.6
2025-01-01,Honduras,1418.9
2025-02-01,Honduras,1412.8
2025-03-01,Honduras,1421.7
2025-04-01,Honduras,1399.2
2025-05-01,Honduras,1413.0
2025-06-01,Honduras,1419.4
2025-07-01,Honduras,1415.9
2025-08-01,Honduras,1407.7
2025-09-01,Honduras,1415.9
2025-10-01,Honduras,1420.1
2025-11-01,Honduras,1419.3
2025-12-01,Honduras,1413.9
2026-01-01,Honduras,1425.0
2026-02-01,Honduras,1416.7
2026-03-01,Honduras,1417.3
2026-04-01,Honduras,1427.1
2026-05-01,Honduras,1412.0
2000-01-01,Kenya,1300.8
2000-02-01,Kenya,1290.1
2000-03-01,Kenya,1307.4
2000-04-01,Kenya,1302.4
2000-05-01,Kenya,1310.6
2000-06-01,Kenya,1311.5
2000-07-01,Kenya,1300.8
2000-08-01,Kenya,1289.7
2000-09-01,Kenya,1296.4
2000-10-01,Kenya,1295.4
2000-11-01,Kenya,1315.7
2000-12-01,Kenya,1303.6
2001-01-01,Kenya,1309.9
2001-02-01,Kenya,1316.6
2001-03-01,Kenya,1309.0
2001-04-01,Kenya,1306.4
2001-05-01,Kenya,1312.0
2001-06-01,Kenya,1288.8
2001-07-01,Kenya,1294.7
2001-08-01,Kenya,1305.6
2001-09-01,Kenya,1312.0
2001-10-01,Kenya,1304.5
2001-11-01,Kenya,1305.2
2001-12-01,Kenya,1289.4
2002-01-01,Kenya,1317.3
2002-02-01,Kenya,1321.6
2002-03-01,Kenya,1297.0
2002-04-01,Kenya,1292.7
2002-05-01,Kenya,1314.3
2002-06-01,Kenya,1315.6
2002-07-01,Kenya,1280.8
2002-08-01,Kenya,1311.9
2002-09-01,Kenya,1305.5
2002-10-01,Kenya,1303.1
2002-11-01,Kenya,1295.8
2002-12-01,Kenya,1310.0
2003-01-01,Kenya,1306.6
2003-02-01,Kenya,1309.2
2003-03-01,Kenya,1327.9
2003-04-01,Kenya,1326.2
2003-05-01,Kenya,1320.1
2003-06-01,Kenya,1305.0
2003-07-01,Kenya,1307.0
2003-08-01,Kenya,1310.7
2003-09-01,Kenya,1320.3
2003-10-01,Kenya,1301.4
2003-11-01,Kenya,1305.9
2003-12-01,Kenya,1313.0
2004-01-01,Kenya,1313.0
2004-02-01,Kenya,1308.6
2004-03-01,Kenya,1317.1
2004-04-01,Kenya,1305.4
2004-05-01,Kenya,1313.9
2004-06-01,Kenya,1303.3
2004-07-01,Kenya,1321.3
2004-08-01,Kenya,1301.2
2004-09-01,Kenya,1301.7
2004-10-01,Kenya,1309.0
2004-11-01,Kenya,1302.8
2004-12-01,Kenya,1312.9
2005-01-01,Kenya,1315.0
2005-02-01,Kenya,1322.3
2005-03-01,Kenya,1315.9
2005-04-01,Kenya,1322.2
2005-05-01,Kenya,1317.4
2005-06-01,Kenya,1338.3
2005-07-01,Kenya,1308.7
2005-08-01,Kenya,1306.4
2005-09-01,Kenya,1319.1
2005-10-01,Kenya,1309.7
2005-11-01,Kenya,1317.4
2005-12-01,Kenya,1328.6
2006-01-01,Kenya,1325.7
2006-02-01,Kenya,1328.9
2006-03-01,Kenya,1318.0
2006-04-01,Kenya,1317.4
2006-05-01,Kenya,1329.8
2006-06-01,Kenya,1310.3
2006-07-01,Kenya,1324.8
2006-08-01,Kenya,1320.0
2006-09-01,Kenya,1317.0
2006-10-01,Kenya,1321.0
2006-11-01,Kenya,1320.1
2006-12-01,Kenya,1326.7
2007-01-01,Kenya,1328.2
2007-02-01,Kenya,1319.1
2007-03-01,Kenya,1336.6
2007-04-01,Kenya,1338.4
2007-05-01,Kenya,1329.0
2007-06-01,Kenya,1334.7
2007-07-01,Kenya,1326.6
2007-08-01,Kenya,1319.2
2007-09-01,Kenya,1332.1
2007-10-01,Kenya,1326.5
2007-11-01,Kenya,1328.0
2007-12-01,Kenya,1326.1
2008-01-01,Kenya,1338.1
2008-02-01,Kenya,1329.7
2008-03-01,Kenya,1331.0
2008-04-01,Kenya,1337.3
2008-05-01,Kenya,1345.9
2008-06-01,Kenya,1328.7
2008-07-01,Kenya,1347.5
2008-08-01,Kenya,1339.7
2008-09-01,Kenya,1334.4
2008-10-01,Kenya,1337.1
2008-11-01,Kenya,1344.7
2008-12-01,Kenya,1329.3
2009-01-01,Kenya,1319.1
2009-02-01,Kenya,1322.8
2009-03-01,Kenya,1327.3
2009-04-01,Kenya,1339.7
2009-05-01,Kenya,1334.0
2009-06-01,Kenya,1348.9
2009-07-01,Kenya,1341.9
2009-08-01,Kenya,1335.2
2009-09-01,Kenya,1334.5
2009-10-01,Kenya,1331.9
2009-11-01,Kenya,1332.1
2009-12-01,Kenya,1335.3
2010-01-01,Kenya,1327.4
2010-02-01,Kenya,1326.2
2010-03-01,Kenya,1337.2
2010-04-01,Kenya,1339.9
2010-05-01,Kenya,1336.9
2010-06-01,Kenya,1333.6
2010-07-01,Kenya,1349.2
2010-08-01,Kenya,1344.0
2010-09-01,Kenya,1337.4
2010-10-01,Kenya,1333.1
2010-11-01,Kenya,1331.4
2010-12-01,Kenya,1344.6
2011-01-01,Kenya,1335.1
2011-02-01,Kenya,1353.3
2011-03-01,Kenya,1347.3
2011-04-01,Kenya,1340.8
2011-05-01,Kenya,1336.4
2011-06-01,Kenya,1345.6
2011-07-01,Kenya,1340.2
2011-08-01,Kenya,1338.7
2011-09-01,Kenya,1337.6
2011-10-01,Kenya,1344.3
2011-11-01,Kenya,1336.7
2011-12-01,Kenya,1343.0
2012-01-01,Kenya,1354.8
2012-02-01,Kenya,1341.2
2012-03-01,Kenya,1338.1
2012-04-01,Kenya,1361.4
2012-05-01,Kenya,1344.4
2012-06-01,Kenya,1352.2
2012-07-01,Kenya,1345.0
2012-08-01,Kenya,1343.4
2012-09-01,Kenya,1353.1
2012-10-01,Kenya,1355.9
2012-11-01,Kenya,1337.0
2012-12-01,Kenya,1328.7
2013-01-01,Kenya,1355.0
2013-02-01,Kenya,1360.5
2013-03-01,Kenya,1350.1
2013-04-01,Kenya,1347.4
2013-05-01,Kenya,1350.3
2013-06-01,Kenya,1357.0
2013-07-01,Kenya,1354.5
2013-08-01,Kenya,1342.4
2013-09-01,Kenya,1339.6
2013-10-01,Kenya,1337.0
2013-11-01,Kenya,1350.8
2013-12-01,Kenya,1362.3
2014-01-01,Kenya,1334.9
2014-02-01,Kenya,1346.1
2014-03-01,Kenya,1361.5
2014-04-01,Kenya,1347.2
2014-05-01,Kenya,1358.8
2014-06-01,Kenya,1348.0
2014-07-01,Kenya,1345.1
2014-08-01,Kenya,1358.0
2014-09-01,Kenya,1343.7
2014-10-01,Kenya,1352.6
2014-11-01,Kenya,1352.5
2014-12-01,Kenya,1368.3
2015-01-01,Kenya,1352.4
2015-02-01,Kenya,1352.8
2015-03-01,Kenya,1362.8
2015-04-01,Kenya,1360.3
2015-05-01,Kenya,1351.6
2015-06-01,Kenya,1352.3
2015-07-01,Kenya,1350.4
2015-08-01,Kenya,1355.3
2015-09-01,Kenya,1361.0
2015-10-01,Kenya,1351.0
2015-11-01,Kenya,1352.4
2015-12-01,Kenya,1369.3
2016-01-01,Kenya,1360.0
2016-02-01,Kenya,1367.5
2016-03-01,Kenya,1363.3
2016-04-01,Kenya,1360.9
2016-05-01,Kenya,1369.0
2016-06-01,Kenya,1358.9
2016-07-01,Kenya,1362.7
2016-08-01,Kenya,1351.2
2016-09-01,Kenya,1351.7
2016-10-01,Kenya,1352.4
2016-11-01,Kenya,1351.1
2016-12-01,Kenya,1371.9
2017-01-01,Kenya,1358.9
2017-02-01,Kenya,1363.4
2017-03-01,Kenya,1371.9
2017-04-01,Kenya,1377.1
2017-05-01,Kenya,1363.8
2017-06-01,Kenya,1363.9
2017-07-01,Kenya,1355.0
2017-08-01,Kenya,1350.6
2017-09-01,Kenya,1373.3
2017-10-01,Kenya,1364.6
2017-11-01,Kenya,1369.8
2017-12-01,Kenya,1368.4
2018-01-01,Kenya,1361.4
2018-02-01,Kenya,1362.1
2018-03-01,Kenya,1373.1
2018-04-01,Kenya,1371.9
2018-05-01,Kenya,1377.5
2018-06-01,Kenya,1362.9
2018-07-01,Kenya,1361.7
2018-08-01,Kenya,1370.3
2018-09-01,Kenya,1379.9
2018-10-01,Kenya,1380.9
2018-11-01,Kenya,1360.8
2018-12-01,Kenya,1369.6
2019-01-01,Kenya,1383.3
2019-02-01,Kenya,1378.5
2019-03-01,Kenya,1360.7
2019-04-01,Kenya,1380.2
2019-05-01,Kenya,1366.9
2019-06-01,Kenya,1375.7
2019-07-01,Kenya,1376.6
2019-08-01,Kenya,1379.1
2019-09-01,Kenya,1372.5
2019-10-01,Kenya,1375.6
2019-11-01,Kenya,1373.0
2019-12-01,Kenya,1374.2
2020-01-01,Kenya,1388.0
2020-02-01,Kenya,1379.7
2020-03-01,Kenya,1369.5
2020-04-01,Kenya,1378.9
2020-05-01,Kenya,1374.0
2020-06-01,Kenya,1383.9
2020-07-01,Kenya,1382.5
2020-08-01,Kenya,1380.9
2020-09-01,Kenya,1366.6
2020-10-01,Kenya,1378.7
2020-11-01,Kenya,1367.9
2020-12-01,Kenya,1368.3
2021-01-01,Kenya,1379.2
2021-02-01,Kenya,1385.1
2021-03-01,Kenya,1382.8
2021-04-01,Kenya,1376.6
2021-05-01,Kenya,1381.1
2021-06-01,Kenya,1393.1
2021-07-01,Kenya,1375.6
2021-08-01,Kenya,1365.8
2021-09-01,Kenya,1380.3
2021-10-01,Kenya,1372.5
2021-11-01,Kenya,1382.9
2021-12-01,Kenya,1368.1
2022-01-01,Kenya,1368.3
2022-02-01,Kenya,1378.7
2022-03-01,Kenya,1392.9
2022-04-01,Kenya,1380.2
2022-05-01,Kenya,1390.8
2022-06-01,Kenya,1384.4
2022-07-01,Kenya,1370.8
2022-08-01,Kenya,1384.4
2022-09-01,Kenya,1394.4
2022-10-01,Kenya,1387.0
2022-11-01,Kenya,1393.9
2022-12-01,Kenya,1385.8
2023-01-01,Kenya,1398.4
2023-02-01,Kenya,1390.7
2023-03-01,Kenya,1375.5
2023-04-01,Kenya,1380.8
2023-05-01,Kenya,1397.2
2023-06-01,Kenya,1382.8
2023-07-01,Kenya,1388.5
2023-08-01,Kenya,1391.1
2023-09-01,Kenya,1387.2
2023-10-01,Kenya,1384.9
2023-11-01,Kenya,1392.1
2023-12-01,Kenya,1387.8
2024-01-01,Kenya,1399.1
2024-02-01,Kenya,1383.5
2024-03-01,Kenya,1388.1
2024-04-01,Kenya,1406.0
2024-05-01,Kenya,1405.6
2024-06-01,Kenya,1391.5
2024-07-01,Kenya,1383.6
2024-08-01,Kenya,1401.1
2024-09-01,Kenya,1410.9
2024-10-01,Kenya,1380.9
2024-11-01,Kenya,1399.7
2024-12-01,Kenya,1396.7
2025-01-01,Kenya,1388.9
2025-02-01,Kenya,1404.0
2025-03-01,Kenya,1388.0
2025-04-01,Kenya,1393.0
2025-05-01,Kenya,1394.3
2025-06-01,Kenya,1386.9
2025-07-01,Kenya,1395.7
2025-08-01,Kenya,1386.7
2025-09-01,Kenya,1392.4
2025-10-01,Kenya,1406.8
2025-11-01,Kenya,1402.6
2025-12-01,Kenya,1401.4
2026-01-01,Kenya,1408.1
2026-02-01,Kenya,1411.9
2026-03-01,Kenya,1386.5
2026-04-01,Kenya,1402.4
2026-05-01,Kenya,1392.1
2000-01-01,Panama,1284.4
2000-02-01,Panama,1280.1
2000-03-01,Panama,1307.1
2000-04-01,Panama,1274.9
2000-05-01,Panama,1291.4
2000-06-01,Panama,1303.7
2000-07-01,Panama,1289.4
2000-08-01,Panama,1268.6
2000-09-01,Panama,1307.8
2000-10-01,Panama,1306.0
2000-11-01,Panama,1281.6
2000-12-01,Panama,1298.8
2001-01-01,Panama,1296.6
2001-02-01,Panama,1282.8
2001-03-01,Panama,1302.3
2001-04-01,Panama,1289.7
2001-05-01,Panama,1294.5
2001-06-01,Panama,1299.6
2001-07-01,Panama,1298.1
2001-08-01,Panama,1298.5
2001-09-01,Panama,1284.6
2001-10-01,Panama,1272.0
2001-11-01,Panama,1287.9
2001-12-01,Panama,1300.9
2002-01-01,Panama,1287.9
2002-02-01,Panama,1296.8
2002-03-01,Panama,1299.9
2002-04-01,Panama,1296.9
2002-05-01,Panama,1308.4
2002-06-01,Panama,1293.3
2002-07-01,Panama,1296.6
2002-08-01,Panama,1299.7
2002-09-01,Panama,1299.0
2002-10-01,Panama,1285.5
2002-11-01,Panama,1309.4
2002-12-01,Panama,1305.9
2003-01-01,Panama,1294.4
2003-02-01,Panama,1306.0
2003-03-01,Panama,1298.5
2003-04-01,Panama,1308.5
2003-05-01,Panama,1313.5
2003-06-01,Panama,1288.5
2003-07-01,Panama,1315.9
2003-08-01,Panama,1314.8
2003-09-01,Panama,1293.8
2003-10-01,Panama,1282.3
2003-11-01,Panama,1301.9
2003-12-01,Panama,1304.3
2004-01-01,Panama,1297.3
2004-02-01,Panama,1298.3
2004-03-01,Panama,1310.7
2004-04-01,Panama,1305.3
2004-05-01,Panama,1299.5
2004-06-01,Panama,1311.4
2004-07-01,Panama,1306.0
2004-08-01,Panama,1321.3
2004-09-01,Panama,1323.5
2004-10-01,Panama,1307.5
2004-11-01,Panama,1304.4
2004-12-01,Panama,1305.9
2005-01-01,Panama,1303.8
2005-02-01,Panama,1312.7
2005-03-01,Panama,1302.1
2005-04-01,Panama,1311.1
2005-05-01,Panama,1303.6
2005-06-01,Panama,1302.9
2005-07-01,Panama,1305.3
2005-08-01,Panama,1305.5
2005-09-01,Panama,1312.1
2005-10-01,Panama,1312.5
2005-11-01,Panama,1309.5
2005-12-01,Panama,1311.2
2006-01-01,Panama,1317.1
2006-02-01,Panama,1306.3
2006-03-01,Panama,1313.9
2006-04-01,Panama,1311.1
2006-05-01,Panama,1307.3
2006-06-01,Panama,1320.4
2006-07-01,Panama,1328.2
2006-08-01,Panama,1322.5
2006-09-01,Panama,1319.9
2006-10-01,Panama,1315.8
2006-11-01,Panama,1315.0
2006-12-01,Panama,1316.0
2007-01-01,Panama,1320.7
2007-02-01,Panama,1326.2
2007-03-01,Panama,1314.9
2007-04-01,Panama,1318.0
2007-05-01,Panama,1325.9
2007-06-01,Panama,1312.0
2007-07-01,Panama,1312.9
2007-08-01,Panama,1312.6
2007-09-01,Panama,1314.1
2007-10-01,Panama,1324.8
2007-11-01,Panama,1332.4
2007-12-01,Panama,1311.0
2008-01-01,Panama,1309.3
2008-02-01,Panama,1316.4
2008-03-01,Panama,1321.5
2008-04-01,Panama,1317.7
2008-05-01,Panama,1324.1
2008-06-01,Panama,1319.9
2008-07-01,Panama,1328.5
2008-08-01,Panama,1324.0
2008-09-01,Panama,1300.8
2008-10-01,Panama,1311.9
2008-11-01,Panama,1318.4
2008-12-01,Panama,1308.6
2009-01-01,Panama,1328.3
2009-02-01,Panama,1331.7
2009-03-01,Panama,1326.6
2009-04-01,Panama,1322.7
2009-05-01,Panama,1323.1
2009-06-01,Panama,1318.7
2009-07-01,Panama,1323.9
2009-08-01,Panama,1315.8
2009-09-01,Panama,1320.9
2009-10-01,Panama,1318.7
2009-11-01,Panama,1318.8
2009-12-01,Panama,1342.0
2010-01-01,Panama,1326.2
2010-02-01,Panama,1331.7
2010-03-01,Panama,1327.6
2010-04-01,Panama,1319.7
2010-05-01,Panama,1330.5
2010-06-01,Panama,1317.5
2010-07-01,Panama,1330.2
2010-08-01,Panama,1330.7
2010-09-01,Panama,1326.9
2010-10-01,Panama,1319.8
2010-11-01,Panama,1333.7
2010-12-01,Panama,1340.1
2011-01-01,Panama,1315.1
2011-02-01,Panama,1326.0
2011-03-01,Panama,1323.8
2011-04-01,Panama,1327.0
2011-05-01,Panama,1329.0
2011-06-01,Panama,1330.6
2011-07-01,Panama,1346.9
2011-08-01,Panama,1329.4
2011-09-01,Panama,1336.1
2011-10-01,Panama,1334.2
2011-11-01,Panama,1332.6
2011-12-01,Panama,1339.2
2012-01-01,Panama,1333.8
2012-02-01,Panama,1343.3
2012-03-01,Panama,1350.0
2012-04-01,Panama,1328.6
2012-05-01,Panama,1343.7
2012-06-01,Panama,1338.5
2012-07-01,Panama,1338.8
2012-08-01,Panama,1334.6
2012-09-01,Panama,1343.1
2012-10-01,Panama,1323.9
2012-11-01,Panama,1335.0
2012-12-01,Panama,1326.2
2013-01-01,Panama,1324.8
2013-02-01,Panama,1348.4
2013-03-01,Panama,1328.7
2013-04-01,Panama,1352.4
2013-05-01,Panama,1343.7
2013-06-01,Panama,1341.1
2013-07-01,Panama,1333.6
2013-08-01,Panama,1347.0
2013-09-01,Panama,1348.5
2013-10-01,Panama,1340.4
2013-11-01,Panama,1352.5
2013-12-01,Panama,1339.3
2014-01-01,Panama,1341.1
2014-02-01,Panama,1345.5
2014-03-01,Panama,1357.2
2014-04-01,Panama,1337.4
2014-05-01,Panama,1352.4
2014-06-01,Panama,1348.3
2014-07-01,Panama,1348.9
2014-08-01,Panama,1342.1
2014-09-01,Panama,1339.0
2014-10-01,Panama,1346.6
2014-11-01,Panama,1338.8
2014-12-01,Panama,1345.3
2015-01-01,Panama,1346.0
2015-02-01,Panama,1352.3
2015-03-01,Panama,1353.5
2015-04-01,Panama,1355.0
2015-05-01,Panama,1346.7
2015-06-01,Panama,1355.0
2015-07-01,Panama,1357.5
2015-08-01,Panama,1337.6
2015-09-01,Panama,1350.4
2015-10-01,Panama,1335.5
2015-11-01,Panama,1356.7
2015-12-01,Panama,1366.2
2016-01-01,Panama,1353.4
2016-02-01,Panama,1348.7
2016-03-01,Panama,1352.0
2016-04-01,Panama,1347.5
2016-05-01,Panama,1341.9
2016-06-01,Panama,1333.8
2016-07-01,Panama,1344.9
2016-08-01,Panama,1348.7
2016-09-01,Panama,1347.0
2016-10-01,Panama,1351.2
2016-11-01,Panama,1351.8
2016-12-01,Panama,1345.0
2017-01-01,Panama,1354.8
2017-02-01,Panama,1355.5
2017-03-01,Panama,1353.0
2017-04-01,Panama,1360.9
2017-05-01,Panama,1376.1
2017-06-01,Panama,1361.9
2017-07-01,Panama,1353.8
2017-08-01,Panama,1347.9
2017-09-01,Panama,1375.7
2017-10-01,Panama,1360.3
2017-11-01,Panama,1355.0
2017-12-01,Panama,1361.5
2018-01-01,Panama,1361.6
2018-02-01,Panama,1365.4
2018-03-01,Panama,1360.4
2018-04-01,Panama,1351.9
2018-05-01,Panama,1357.3
2018-06-01,Panama,1348.7
2018-07-01,Panama,1364.1
2018-08-01,Panama,1363.7
2018-09-01,Panama,1365.7
2018-10-01,Panama,1367.5
2018-11-01,Panama,1338.8
2018-12-01,Panama,1356.9
2019-01-01,Panama,1361.1
2019-02-01,Panama,1358.8
2019-03-01,Panama,1363.2
2019-04-01,Panama,1354.1
2019-05-01,Panama,1372.7
2019-06-01,Panama,1348.4
2019-07-01,Panama,1351.7
2019-08-01,Panama,1353.7
2019-09-01,Panama,1367.5
2019-10-01,Panama,1357.0
2019-11-01,Panama,1371.7
2019-12-01,Panama,1353.1
2020-01-01,Panama,1366.0
2020-02-01,Panama,1369.2
2020-03-01,Panama,1369.8
2020-04-01,Panama,1357.9
2020-05-01,Panama,1367.3
2020-06-01,Panama,1349.9
2020-07-01,Panama,1387.6
2020-08-01,Panama,1375.1
2020-09-01,Panama,1374.2
2020-10-01,Panama,1364.6
2020-11-01,Panama,1365.8
2020-12-01,Panama,1371.9
2021-01-01,Panama,1368.7
2021-02-01,Panama,1375.2
2021-03-01,Panama,1382.4
2021-04-01,Panama,1362.1
2021-05-01,Panama,1378.6
2021-06-01,Panama,1363.4
2021-07-01,Panama,1363.2
2021-08-01,Panama,1370.4
2021-09-01,Panama,1374.3
2021-10-01,Panama,1357.3
2021-11-01,Panama,1380.6
2021-12-01,Panama,1362.1
2022-01-01,Panama,1354.3
2022-02-01,Panama,1369.9
2022-03-01,Panama,1365.1
2022-04-01,Panama,1374.7
2022-05-01,Panama,1376.2
2022-06-01,Panama,1363.7
2022-07-01,Panama,1372.8
2022-08-01,Panama,1382.8
2022-09-01,Panama,1391.3
2022-10-01,Panama,1372.1
2022-11-01,Panama,1376.9
2022-12-01,Panama,1367.5
2023-01-01,Panama,1376.5
2023-02-01,Panama,1387.7
2023-03-01,Panama,1374.9
2023-04-01,Panama,1372.0
2023-05-01,Panama,1377.2
2023-06-01,Panama,1371.8
2023-07-01,Panama,1372.5
2023-08-01,Panama,1379.9
2023-09-01,Panama,1371.2
2023-10-01,Panama,1358.2
2023-11-01,Panama,1373.6
2023-12-01,Panama,1373.2
2024-01-01,Panama,1382.4
2024-02-01,Panama,1386.3
2024-03-01,Panama,1382.6
2024-04-01,Panama,1376.1
2024-05-01,Panama,1384.0
2024-06-01,Panama,1387.6
2024-07-01,Panama,1376.5
2024-08-01,Panama,1380.2
2024-09-01,Panama,1396.8
2024-10-01,Panama,1387.6
2024-11-01,Panama,1393.2
2024-12-01,Panama,1383.9
2025-01-01,Panama,1380.9
2025-02-01,Panama,1391.7
2025-03-01,Panama,1382.7
2025-04-01,Panama,1375.7
2025-05-01,Panama,1379.3
2025-06-01,Panama,1389.1
2025-07-01,Panama,1385.3
2025-08-01,Panama,1383.3
2025-09-01,Panama,1382.9
2025-10-01,Panama,1385.5
2025-11-01,Panama,1396.0
2025-12-01,Panama,1371.4
2026-01-01,Panama,1392.0
2026-02-01,Panama,1398.9
2026-03-01,Panama,1391.7
2026-04-01,Panama,1393.7
2026-05-01,Panama,1398.6
2000-01-01,Curaçao,1228.1
2000-02-01,Curaçao,1236.1
2000-03-01,Curaçao,1225.4
2000-04-01,Curaçao,1241.1
2000-05-01,Curaçao,1247.8
2000-06-01,Curaçao,1240.1
2000-07-01,Curaçao,1227.1
2000-08-01,Curaçao,1255.3
2000-09-01,Curaçao,1243.5
2000-10-01,Curaçao,1228.7
2000-11-01,Curaçao,1236.4
2000-12-01,Curaçao,1231.3
2001-01-01,Curaçao,1239.1
2001-02-01,Curaçao,1245.7
2001-03-01,Curaçao,1235.7
2001-04-01,Curaçao,1229.7
2001-05-01,Curaçao,1228.2
2001-06-01,Curaçao,1238.7
2001-07-01,Curaçao,1245.4
2001-08-01,Curaçao,1225.5
2001-09-01,Curaçao,1238.2
2001-10-01,Curaçao,1238.9
2001-11-01,Curaçao,1233.3
2001-12-01,Curaçao,1228.5
2002-01-01,Curaçao,1244.2
2002-02-01,Curaçao,1245.3
2002-03-01,Curaçao,1242.2
2002-04-01,Curaçao,1242.6
2002-05-01,Curaçao,1239.9
2002-06-01,Curaçao,1241.2
2002-07-01,Curaçao,1257.4
2002-08-01,Curaçao,1244.5
2002-09-01,Curaçao,1249.0
2002-10-01,Curaçao,1235.7
2002-11-01,Curaçao,1235.7
2002-12-01,Curaçao,1243.7
2003-01-01,Curaçao,1240.9
2003-02-01,Curaçao,1238.7
2003-03-01,Curaçao,1240.0
2003-04-01,Curaçao,1242.3
2003-05-01,Curaçao,1264.2
2003-06-01,Curaçao,1262.0
2003-07-01,Curaçao,1256.2
2003-08-01,Curaçao,1255.9
2003-09-01,Curaçao,1253.1
2003-10-01,Curaçao,1235.1
2003-11-01,Curaçao,1253.0
2003-12-01,Curaçao,1233.3
2004-01-01,Curaçao,1262.8
2004-02-01,Curaçao,1254.5
2004-03-01,Curaçao,1244.0
2004-04-01,Curaçao,1253.7
2004-05-01,Curaçao,1242.3
2004-06-01,Curaçao,1249.0
2004-07-01,Curaçao,1249.8
2004-08-01,Curaçao,1247.7
2004-09-01,Curaçao,1264.7
2004-10-01,Curaçao,1255.4
2004-11-01,Curaçao,1255.0
2004-12-01,Curaçao,1246.5
2005-01-01,Curaçao,1252.2
2005-02-01,Curaçao,1262.3
2005-03-01,Curaçao,1250.1
2005-04-01,Curaçao,1250.1
2005-05-01,Curaçao,1255.3
2005-06-01,Curaçao,1256.4
2005-07-01,Curaçao,1251.8
2005-08-01,Curaçao,1251.2
2005-09-01,Curaçao,1243.6
2005-10-01,Curaçao,1260.2
2005-11-01,Curaçao,1248.8
2005-12-01,Curaçao,1253.9
2006-01-01,Curaçao,1238.1
2006-02-01,Curaçao,1263.7
2006-03-01,Curaçao,1266.7
2006-04-01,Curaçao,1263.9
2006-05-01,Curaçao,1264.2
2006-06-01,Curaçao,1256.0
2006-07-01,Curaçao,1272.9
2006-08-01,Curaçao,1256.2
2006-09-01,Curaçao,1269.9
2006-10-01,Curaçao,1254.2
2006-11-01,Curaçao,1272.8
2006-12-01,Curaçao,1258.6
2007-01-01,Curaçao,1254.7
2007-02-01,Curaçao,1244.9
2007-03-01,Curaçao,1258.0
2007-04-01,Curaçao,1269.6
2007-05-01,Curaçao,1255.6
2007-06-01,Curaçao,1249.5
2007-07-01,Curaçao,1260.4
2007-08-01,Curaçao,1275.3
2007-09-01,Curaçao,1275.2
2007-10-01,Curaçao,1235.7
2007-11-01,Curaçao,1266.6
2007-12-01,Curaçao,1265.7
2008-01-01,Curaçao,1254.2
2008-02-01,Curaçao,1265.5
2008-03-01,Curaçao,1280.3
2008-04-01,Curaçao,1268.7
2008-05-01,Curaçao,1276.0
2008-06-01,Curaçao,1255.3
2008-07-01,Curaçao,1272.9
2008-08-01,Curaçao,1265.1
2008-09-01,Curaçao,1263.0
2008-10-01,Curaçao,1259.2
2008-11-01,Curaçao,1261.0
2008-12-01,Curaçao,1266.0
2009-01-01,Curaçao,1265.2
2009-02-01,Curaçao,1276.7
2009-03-01,Curaçao,1252.8
2009-04-01,Curaçao,1277.2
2009-05-01,Curaçao,1255.8
2009-06-01,Curaçao,1262.6
2009-07-01,Curaçao,1276.8
2009-08-01,Curaçao,1277.1
2009-09-01,Curaçao,1272.9
2009-10-01,Curaçao,1277.3
2009-11-01,Curaçao,1271.9
2009-12-01,Curaçao,1268.1
2010-01-01,Curaçao,1270.5
2010-02-01,Curaçao,1272.6
2010-03-01,Curaçao,1274.0
2010-04-01,Curaçao,1271.3
2010-05-01,Curaçao,1266.8
2010-06-01,Curaçao,1261.1
2010-07-01,Curaçao,1266.0
2010-08-01,Curaçao,1281.6
2010-09-01,Curaçao,1271.6
2010-10-01,Curaçao,1269.2
2010-11-01,Curaçao,1281.0
2010-12-01,Curaçao,1272.7
2011-01-01,Curaçao,1280.7
2011-02-01,Curaçao,1274.3
2011-03-01,Curaçao,1274.8
2011-04-01,Curaçao,1268.3
2011-05-01,Curaçao,1277.1
2011-06-01,Curaçao,1271.2
2011-07-01,Curaçao,1270.0
2011-08-01,Curaçao,1278.4
2011-09-01,Curaçao,1278.0
2011-10-01,Curaçao,1271.1
2011-11-01,Curaçao,1274.9
2011-12-01,Curaçao,1276.3
2012-01-01,Curaçao,1290.4
2012-02-01,Curaçao,1268.6
2012-03-01,Curaçao,1291.0
2012-04-01,Curaçao,1289.1
2012-05-01,Curaçao,1281.3
2012-06-01,Curaçao,1284.7
2012-07-01,Curaçao,1285.3
2012-08-01,Curaçao,1270.0
2012-09-01,Curaçao,1283.2
2012-10-01,Curaçao,1277.9
2012-11-01,Curaçao,1266.2
2012-12-01,Curaçao,1274.8
2013-01-01,Curaçao,1293.7
2013-02-01,Curaçao,1283.4
2013-03-01,Curaçao,1292.3
2013-04-01,Curaçao,1287.1
2013-05-01,Curaçao,1274.2
2013-06-01,Curaçao,1291.2
2013-07-01,Curaçao,1291.7
2013-08-01,Curaçao,1281.0
2013-09-01,Curaçao,1273.1
2013-10-01,Curaçao,1283.6
2013-11-01,Curaçao,1280.1
2013-12-01,Curaçao,1284.1
2014-01-01,Curaçao,1298.8
2014-02-01,Curaçao,1297.4
2014-03-01,Curaçao,1295.4
2014-04-01,Curaçao,1293.2
2014-05-01,Curaçao,1287.6
2014-06-01,Curaçao,1298.6
2014-07-01,Curaçao,1281.7
2014-08-01,Curaçao,1283.5
2014-09-01,Curaçao,1292.8
2014-10-01,Curaçao,1306.2
2014-11-01,Curaçao,1287.6
2014-12-01,Curaçao,1297.8
2015-01-01,Curaçao,1284.0
2015-02-01,Curaçao,1294.8
2015-03-01,Curaçao,1297.9
2015-04-01,Curaçao,1299.4
2015-05-01,Curaçao,1290.7
2015-06-01,Curaçao,1287.8
2015-07-01,Curaçao,1283.8
2015-08-01,Curaçao,1291.5
2015-09-01,Curaçao,1306.2
2015-10-01,Curaçao,1290.4
2015-11-01,Curaçao,1312.7
2015-12-01,Curaçao,1292.9
2016-01-01,Curaçao,1303.4
2016-02-01,Curaçao,1314.1
2016-03-01,Curaçao,1297.8
2016-04-01,Curaçao,1311.8
2016-05-01,Curaçao,1297.2
2016-06-01,Curaçao,1295.1
2016-07-01,Curaçao,1297.7
2016-08-01,Curaçao,1284.6
2016-09-01,Curaçao,1289.7
2016-10-01,Curaçao,1288.2
2016-11-01,Curaçao,1296.7
2016-12-01,Curaçao,1301.4
2017-01-01,Curaçao,1296.0
2017-02-01,Curaçao,1320.4
2017-03-01,Curaçao,1287.9
2017-04-01,Curaçao,1290.8
2017-05-01,Curaçao,1306.3
2017-06-01,Curaçao,1297.5
2017-07-01,Curaçao,1284.3
2017-08-01,Curaçao,1304.1
2017-09-01,Curaçao,1303.2
2017-10-01,Curaçao,1302.2
2017-11-01,Curaçao,1300.1
2017-12-01,Curaçao,1300.3
2018-01-01,Curaçao,1317.6
2018-02-01,Curaçao,1312.6
2018-03-01,Curaçao,1310.2
2018-04-01,Curaçao,1313.0
2018-05-01,Curaçao,1303.7
2018-06-01,Curaçao,1306.9
2018-07-01,Curaçao,1278.9
2018-08-01,Curaçao,1324.6
2018-09-01,Curaçao,1304.6
2018-10-01,Curaçao,1313.7
2018-11-01,Curaçao,1311.6
2018-12-01,Curaçao,1310.7
2019-01-01,Curaçao,1305.6
2019-02-01,Curaçao,1318.7
2019-03-01,Curaçao,1314.8
2019-04-01,Curaçao,1299.0
2019-05-01,Curaçao,1309.6
2019-06-01,Curaçao,1309.1
2019-07-01,Curaçao,1304.7
2019-08-01,Curaçao,1299.2
2019-09-01,Curaçao,1300.5
2019-10-01,Curaçao,1313.3
2019-11-01,Curaçao,1305.0
2019-12-01,Curaçao,1312.2
2020-01-01,Curaçao,1310.9
2020-02-01,Curaçao,1311.1
2020-03-01,Curaçao,1304.6
2020-04-01,Curaçao,1307.2
2020-05-01,Curaçao,1311.3
2020-06-01,Curaçao,1298.8
2020-07-01,Curaçao,1313.8
2020-08-01,Curaçao,1311.3
2020-09-01,Curaçao,1299.7
2020-10-01,Curaçao,1311.1
2020-11-01,Curaçao,1290.0
2020-12-01,Curaçao,1308.2
2021-01-01,Curaçao,1316.5
2021-02-01,Curaçao,1323.1
2021-03-01,Curaçao,1336.9
2021-04-01,Curaçao,1317.3
2021-05-01,Curaçao,1318.2
2021-06-01,Curaçao,1303.0
2021-07-01,Curaçao,1314.3
2021-08-01,Curaçao,1312.1
2021-09-01,Curaçao,1302.2
2021-10-01,Curaçao,1329.7
2021-11-01,Curaçao,1319.3
2021-12-01,Curaçao,1320.1
2022-01-01,Curaçao,1333.0
2022-02-01,Curaçao,1308.4
2022-03-01,Curaçao,1309.4
2022-04-01,Curaçao,1330.9
2022-05-01,Curaçao,1311.8
2022-06-01,Curaçao,1325.1
2022-07-01,Curaçao,1322.0
2022-08-01,Curaçao,1335.7
2022-09-01,Curaçao,1331.6
2022-10-01,Curaçao,1332.0
2022-11-01,Curaçao,1306.3
2022-12-01,Curaçao,1325.1
2023-01-01,Curaçao,1331.9
2023-02-01,Curaçao,1323.4
2023-03-01,Curaçao,1318.6
2023-04-01,Curaçao,1322.5
2023-05-01,Curaçao,1330.5
2023-06-01,Curaçao,1313.4
2023-07-01,Curaçao,1337.7
2023-08-01,Curaçao,1308.6
2023-09-01,Curaçao,1318.1
2023-10-01,Curaçao,1313.8
2023-11-01,Curaçao,1323.7
2023-12-01,Curaçao,1319.5
2024-01-01,Curaçao,1337.8
2024-02-01,Curaçao,1325.6
2024-03-01,Curaçao,1329.8
2024-04-01,Curaçao,1326.3
2024-05-01,Curaçao,1324.8
2024-06-01,Curaçao,1328.9
2024-07-01,Curaçao,1316.8
2024-08-01,Curaçao,1319.7
2024-09-01,Curaçao,1318.5
2024-10-01,Curaçao,1329.8
2024-11-01,Curaçao,1328.5
2024-12-01,Curaçao,1329.1
2025-01-01,Curaçao,1331.5
2025-02-01,Curaçao,1334.5
2025-03-01,Curaçao,1327.8
2025-04-01,Curaçao,1330.1
2025-05-01,Curaçao,1334.3
2025-06-01,Curaçao,1325.2
2025-07-01,Curaçao,1335.1
2025-08-01,Curaçao,1340.4
2025-09-01,Curaçao,1332.8
2025-10-01,Curaçao,1342.8
2025-11-01,Curaçao,1330.3
2025-12-01,Curaçao,1340.0
2026-01-01,Curaçao,1328.6
2026-02-01,Curaçao,1337.6
2026-03-01,Curaçao,1339.6
2026-04-01,Curaçao,1343.0
2026-05-01,Curaçao,1339.2
2000-01-01,Tunisia,1557.6
2000-02-01,Tunisia,1551.1
2000-03-01,Tunisia,1545.8
2000-04-01,Tunisia,1546.0
2000-05-01,Tunisia,1540.1
2000-06-01,Tunisia,1543.1
2000-07-01,Tunisia,1543.9
2000-08-01,Tunisia,1547.0
2000-09-01,Tunisia,1543.9
2000-10-01,Tunisia,1534.1
2000-11-01,Tunisia,1554.9
2000-12-01,Tunisia,1527.9
2001-01-01,Tunisia,1542.0
2001-02-01,Tunisia,1559.1
2001-03-01,Tunisia,1542.5
2001-04-01,Tunisia,1556.9
2001-05-01,Tunisia,1550.9
2001-06-01,Tunisia,1553.2
2001-07-01,Tunisia,1545.7
2001-08-01,Tunisia,1546.8
2001-09-01,Tunisia,1554.2
2001-10-01,Tunisia,1549.5
2001-11-01,Tunisia,1545.2
2001-12-01,Tunisia,1548.7
2002-01-01,Tunisia,1550.4
2002-02-01,Tunisia,1542.6
2002-03-01,Tunisia,1553.5
2002-04-01,Tunisia,1558.3
2002-05-01,Tunisia,1552.6
2002-06-01,Tunisia,1551.6
2002-07-01,Tunisia,1555.3
2002-08-01,Tunisia,1544.6
2002-09-01,Tunisia,1537.0
2002-10-01,Tunisia,1560.3
2002-11-01,Tunisia,1557.6
2002-12-01,Tunisia,1536.7
2003-01-01,Tunisia,1555.2
2003-02-01,Tunisia,1556.5
2003-03-01,Tunisia,1553.0
2003-04-01,Tunisia,1549.5
2003-05-01,Tunisia,1556.1
2003-06-01,Tunisia,1550.4
2003-07-01,Tunisia,1556.1
2003-08-01,Tunisia,1545.6
2003-09-01,Tunisia,1560.7
2003-10-01,Tunisia,1569.4
2003-11-01,Tunisia,1556.9
2003-12-01,Tunisia,1562.3
2004-01-01,Tunisia,1558.5
2004-02-01,Tunisia,1572.8
2004-03-01,Tunisia,1555.0
2004-04-01,Tunisia,1547.7
2004-05-01,Tunisia,1548.9
2004-06-01,Tunisia,1553.3
2004-07-01,Tunisia,1561.7
2004-08-01,Tunisia,1557.9
2004-09-01,Tunisia,1576.4
2004-10-01,Tunisia,1562.4
2004-11-01,Tunisia,1561.2
2004-12-01,Tunisia,1561.5
2005-01-01,Tunisia,1574.7
2005-02-01,Tunisia,1550.7
2005-03-01,Tunisia,1569.3
2005-04-01,Tunisia,1556.8
2005-05-01,Tunisia,1566.8
2005-06-01,Tunisia,1561.5
2005-07-01,Tunisia,1565.0
2005-08-01,Tunisia,1568.2
2005-09-01,Tunisia,1571.4
2005-10-01,Tunisia,1568.2
2005-11-01,Tunisia,1565.4
2005-12-01,Tunisia,1568.2
2006-01-01,Tunisia,1567.7
2006-02-01,Tunisia,1572.5
2006-03-01,Tunisia,1577.5
2006-04-01,Tunisia,1582.6
2006-05-01,Tunisia,1577.5
2006-06-01,Tunisia,1579.6
2006-07-01,Tunisia,1561.2
2006-08-01,Tunisia,1575.5
2006-09-01,Tunisia,1570.0
2006-10-01,Tunisia,1561.6
2006-11-01,Tunisia,1563.0
2006-12-01,Tunisia,1576.9
2007-01-01,Tunisia,1579.8
2007-02-01,Tunisia,1563.0
2007-03-01,Tunisia,1570.9
2007-04-01,Tunisia,1561.5
2007-05-01,Tunisia,1568.9
2007-06-01,Tunisia,1566.4
2007-07-01,Tunisia,1571.7
2007-08-01,Tunisia,1578.2
2007-09-01,Tunisia,1565.6
2007-10-01,Tunisia,1563.8
2007-11-01,Tunisia,1572.0
2007-12-01,Tunisia,1571.9
2008-01-01,Tunisia,1565.9
2008-02-01,Tunisia,1580.2
2008-03-01,Tunisia,1568.6
2008-04-01,Tunisia,1586.7
2008-05-01,Tunisia,1581.8
2008-06-01,Tunisia,1585.8
2008-07-01,Tunisia,1574.0
2008-08-01,Tunisia,1588.1
2008-09-01,Tunisia,1579.9
2008-10-01,Tunisia,1583.3
2008-11-01,Tunisia,1584.3
2008-12-01,Tunisia,1582.2
2009-01-01,Tunisia,1570.4
2009-02-01,Tunisia,1577.1
2009-03-01,Tunisia,1581.4
2009-04-01,Tunisia,1573.5
2009-05-01,Tunisia,1583.3
2009-06-01,Tunisia,1573.3
2009-07-01,Tunisia,1584.7
2009-08-01,Tunisia,1588.8
2009-09-01,Tunisia,1596.5
2009-10-01,Tunisia,1578.3
2009-11-01,Tunisia,1581.9
2009-12-01,Tunisia,1577.6
2010-01-01,Tunisia,1589.9
2010-02-01,Tunisia,1583.4
2010-03-01,Tunisia,1580.8
2010-04-01,Tunisia,1599.7
2010-05-01,Tunisia,1590.6
2010-06-01,Tunisia,1573.0
2010-07-01,Tunisia,1580.0
2010-08-01,Tunisia,1585.6
2010-09-01,Tunisia,1586.3
2010-10-01,Tunisia,1570.0
2010-11-01,Tunisia,1581.9
2010-12-01,Tunisia,1596.2
2011-01-01,Tunisia,1594.6
2011-02-01,Tunisia,1593.8
2011-03-01,Tunisia,1570.6
2011-04-01,Tunisia,1572.2
2011-05-01,Tunisia,1586.2
2011-06-01,Tunisia,1580.3
2011-07-01,Tunisia,1583.5
2011-08-01,Tunisia,1582.7
2011-09-01,Tunisia,1588.3
2011-10-01,Tunisia,1583.5
2011-11-01,Tunisia,1599.5
2011-12-01,Tunisia,1567.6
2012-01-01,Tunisia,1594.9
2012-02-01,Tunisia,1589.4
2012-03-01,Tunisia,1593.9
2012-04-01,Tunisia,1594.2
2012-05-01,Tunisia,1584.8
2012-06-01,Tunisia,1590.2
2012-07-01,Tunisia,1595.6
2012-08-01,Tunisia,1585.9
2012-09-01,Tunisia,1596.1
2012-10-01,Tunisia,1598.6
2012-11-01,Tunisia,1579.7
2012-12-01,Tunisia,1583.6
2013-01-01,Tunisia,1575.9
2013-02-01,Tunisia,1605.6
2013-03-01,Tunisia,1589.1
2013-04-01,Tunisia,1609.9
2013-05-01,Tunisia,1592.4
2013-06-01,Tunisia,1611.4
2013-07-01,Tunisia,1593.7
2013-08-01,Tunisia,1585.3
2013-09-01,Tunisia,1595.3
2013-10-01,Tunisia,1591.1
2013-11-01,Tunisia,1592.6
2013-12-01,Tunisia,1603.4
2014-01-01,Tunisia,1604.8
2014-02-01,Tunisia,1600.9
2014-03-01,Tunisia,1596.2
2014-04-01,Tunisia,1596.2
2014-05-01,Tunisia,1603.7
2014-06-01,Tunisia,1612.6
2014-07-01,Tunisia,1607.6
2014-08-01,Tunisia,1587.6
2014-09-01,Tunisia,1606.4
2014-10-01,Tunisia,1594.7
2014-11-01,Tunisia,1597.8
2014-12-01,Tunisia,1606.7
2015-01-01,Tunisia,1603.5
2015-02-01,Tunisia,1610.0
2015-03-01,Tunisia,1600.8
2015-04-01,Tunisia,1589.5
2015-05-01,Tunisia,1597.9
2015-06-01,Tunisia,1588.3
2015-07-01,Tunisia,1606.0
2015-08-01,Tunisia,1599.1
2015-09-01,Tunisia,1600.1
2015-10-01,Tunisia,1600.5
2015-11-01,Tunisia,1609.8
2015-12-01,Tunisia,1606.5
2016-01-01,Tunisia,1581.2
2016-02-01,Tunisia,1587.7
2016-03-01,Tunisia,1614.8
2016-04-01,Tunisia,1608.8
2016-05-01,Tunisia,1604.9
2016-06-01,Tunisia,1606.8
2016-07-01,Tunisia,1607.6
2016-08-01,Tunisia,1606.9
2016-09-01,Tunisia,1612.3
2016-10-01,Tunisia,1598.0
2016-11-01,Tunisia,1603.9
2016-12-01,Tunisia,1606.0
2017-01-01,Tunisia,1611.7
2017-02-01,Tunisia,1608.9
2017-03-01,Tunisia,1609.0
2017-04-01,Tunisia,1614.5
2017-05-01,Tunisia,1618.6
2017-06-01,Tunisia,1612.3
2017-07-01,Tunisia,1600.3
2017-08-01,Tunisia,1606.8
2017-09-01,Tunisia,1597.2
2017-10-01,Tunisia,1615.1
2017-11-01,Tunisia,1608.4
2017-12-01,Tunisia,1618.4
2018-01-01,Tunisia,1616.8
2018-02-01,Tunisia,1617.9
2018-03-01,Tunisia,1603.9
2018-04-01,Tunisia,1606.6
2018-05-01,Tunisia,1612.1
2018-06-01,Tunisia,1610.3
2018-07-01,Tunisia,1611.8
2018-08-01,Tunisia,1606.1
2018-09-01,Tunisia,1618.6
2018-10-01,Tunisia,1612.7
2018-11-01,Tunisia,1622.2
2018-12-01,Tunisia,1602.7
2019-01-01,Tunisia,1629.7
2019-02-01,Tunisia,1617.0
2019-03-01,Tunisia,1611.3
2019-04-01,Tunisia,1616.0
2019-05-01,Tunisia,1611.3
2019-06-01,Tunisia,1615.9
2019-07-01,Tunisia,1626.4
2019-08-01,Tunisia,1615.5
2019-09-01,Tunisia,1619.0
2019-10-01,Tunisia,1614.9
2019-11-01,Tunisia,1616.2
2019-12-01,Tunisia,1614.8
2020-01-01,Tunisia,1611.8
2020-02-01,Tunisia,1636.3
2020-03-01,Tunisia,1624.6
2020-04-01,Tunisia,1636.2
2020-05-01,Tunisia,1627.0
2020-06-01,Tunisia,1607.7
2020-07-01,Tunisia,1624.9
2020-08-01,Tunisia,1621.7
2020-09-01,Tunisia,1619.9
2020-10-01,Tunisia,1619.3
2020-11-01,Tunisia,1632.4
2020-12-01,Tunisia,1612.9
2021-01-01,Tunisia,1623.6
2021-02-01,Tunisia,1629.6
2021-03-01,Tunisia,1620.6
2021-04-01,Tunisia,1627.2
2021-05-01,Tunisia,1634.5
2021-06-01,Tunisia,1630.7
2021-07-01,Tunisia,1610.3
2021-08-01,Tunisia,1619.6
2021-09-01,Tunisia,1618.7
2021-10-01,Tunisia,1630.9
2021-11-01,Tunisia,1621.7
2021-12-01,Tunisia,1626.1
2022-01-01,Tunisia,1625.1
2022-02-01,Tunisia,1628.4
2022-03-01,Tunisia,1643.9
2022-04-01,Tunisia,1648.2
2022-05-01,Tunisia,1631.7
2022-06-01,Tunisia,1621.5
2022-07-01,Tunisia,1631.4
2022-08-01,Tunisia,1641.8
2022-09-01,Tunisia,1631.7
2022-10-01,Tunisia,1616.3
2022-11-01,Tunisia,1628.3
2022-12-01,Tunisia,1619.1
2023-01-01,Tunisia,1625.8
2023-02-01,Tunisia,1632.5
2023-03-01,Tunisia,1626.7
2023-04-01,Tunisia,1637.3
2023-05-01,Tunisia,1641.1
2023-06-01,Tunisia,1623.3
2023-07-01,Tunisia,1641.2
2023-08-01,Tunisia,1640.2
2023-09-01,Tunisia,1634.1
2023-10-01,Tunisia,1636.1
2023-11-01,Tunisia,1638.3
2023-12-01,Tunisia,1641.8
2024-01-01,Tunisia,1623.9
2024-02-01,Tunisia,1644.6
2024-03-01,Tunisia,1646.3
2024-04-01,Tunisia,1639.1
2024-05-01,Tunisia,1644.1
2024-06-01,Tunisia,1621.5
2024-07-01,Tunisia,1644.2
2024-08-01,Tunisia,1627.7
2024-09-01,Tunisia,1645.2
2024-10-01,Tunisia,1653.1
2024-11-01,Tunisia,1650.7
2024-12-01,Tunisia,1649.9
2025-01-01,Tunisia,1639.4
2025-02-01,Tunisia,1650.2
2025-03-01,Tunisia,1639.4
2025-04-01,Tunisia,1652.8
2025-05-01,Tunisia,1645.1
2025-06-01,Tunisia,1622.0
2025-07-01,Tunisia,1647.9
2025-08-01,Tunisia,1628.9
2025-09-01,Tunisia,1656.3
2025-10-01,Tunisia,1647.8
2025-11-01,Tunisia,1640.1
2025-12-01,Tunisia,1655.4
2026-01-01,Tunisia,1646.9
2026-02-01,Tunisia,1637.9
2026-03-01,Tunisia,1647.2
2026-04-01,Tunisia,1658.9
2026-05-01,Tunisia,1648.8
2000-01-01,Cabo Verde,1404.8
2000-02-01,Cabo Verde,1422.5
2000-03-01,Cabo Verde,1423.8
2000-04-01,Cabo Verde,1421.2
2000-05-01,Cabo Verde,1399.3
2000-06-01,Cabo Verde,1413.8
2000-07-01,Cabo Verde,1424.1
2000-08-01,Cabo Verde,1432.6
2000-09-01,Cabo Verde,1412.7
2000-10-01,Cabo Verde,1413.5
2000-11-01,Cabo Verde,1413.0
2000-12-01,Cabo Verde,1424.7
2001-01-01,Cabo Verde,1428.6
2001-02-01,Cabo Verde,1428.6
2001-03-01,Cabo Verde,1420.4
2001-04-01,Cabo Verde,1418.9
2001-05-01,Cabo Verde,1428.5
2001-06-01,Cabo Verde,1435.2
2001-07-01,Cabo Verde,1425.9
2001-08-01,Cabo Verde,1427.3
2001-09-01,Cabo Verde,1417.2
2001-10-01,Cabo Verde,1415.0
2001-11-01,Cabo Verde,1428.6
2001-12-01,Cabo Verde,1420.7
2002-01-01,Cabo Verde,1427.8
2002-02-01,Cabo Verde,1434.4
2002-03-01,Cabo Verde,1431.7
2002-04-01,Cabo Verde,1423.2
2002-05-01,Cabo Verde,1433.6
2002-06-01,Cabo Verde,1435.6
2002-07-01,Cabo Verde,1439.2
2002-08-01,Cabo Verde,1425.6
2002-09-01,Cabo Verde,1426.5
2002-10-01,Cabo Verde,1420.3
2002-11-01,Cabo Verde,1434.2
2002-12-01,Cabo Verde,1435.0
2003-01-01,Cabo Verde,1432.6
2003-02-01,Cabo Verde,1444.4
2003-03-01,Cabo Verde,1434.7
2003-04-01,Cabo Verde,1425.6
2003-05-01,Cabo Verde,1432.9
2003-06-01,Cabo Verde,1430.2
2003-07-01,Cabo Verde,1435.9
2003-08-01,Cabo Verde,1452.3
2003-09-01,Cabo Verde,1443.8
2003-10-01,Cabo Verde,1440.9
2003-11-01,Cabo Verde,1420.9
2003-12-01,Cabo Verde,1442.9
2004-01-01,Cabo Verde,1441.6
2004-02-01,Cabo Verde,1446.9
2004-03-01,Cabo Verde,1422.0
2004-04-01,Cabo Verde,1429.8
2004-05-01,Cabo Verde,1441.0
2004-06-01,Cabo Verde,1422.8
2004-07-01,Cabo Verde,1447.8
2004-08-01,Cabo Verde,1440.5
2004-09-01,Cabo Verde,1436.8
2004-10-01,Cabo Verde,1428.6
2004-11-01,Cabo Verde,1430.2
2004-12-01,Cabo Verde,1426.6
2005-01-01,Cabo Verde,1437.5
2005-02-01,Cabo Verde,1446.5
2005-03-01,Cabo Verde,1436.5
2005-04-01,Cabo Verde,1446.6
2005-05-01,Cabo Verde,1428.5
2005-06-01,Cabo Verde,1424.8
2005-07-01,Cabo Verde,1448.7
2005-08-01,Cabo Verde,1434.0
2005-09-01,Cabo Verde,1438.0
2005-10-01,Cabo Verde,1432.4
2005-11-01,Cabo Verde,1441.4
2005-12-01,Cabo Verde,1452.9
2006-01-01,Cabo Verde,1436.9
2006-02-01,Cabo Verde,1430.5
2006-03-01,Cabo Verde,1433.7
2006-04-01,Cabo Verde,1443.5
2006-05-01,Cabo Verde,1433.6
2006-06-01,Cabo Verde,1436.1
2006-07-01,Cabo Verde,1426.3
2006-08-01,Cabo Verde,1445.4
2006-09-01,Cabo Verde,1449.1
2006-10-01,Cabo Verde,1436.0
2006-11-01,Cabo Verde,1437.5
2006-12-01,Cabo Verde,1444.6
2007-01-01,Cabo Verde,1451.2
2007-02-01,Cabo Verde,1447.5
2007-03-01,Cabo Verde,1447.7
2007-04-01,Cabo Verde,1444.0
2007-05-01,Cabo Verde,1452.1
2007-06-01,Cabo Verde,1450.6
2007-07-01,Cabo Verde,1440.0
2007-08-01,Cabo Verde,1443.9
2007-09-01,Cabo Verde,1451.5
2007-10-01,Cabo Verde,1451.4
2007-11-01,Cabo Verde,1438.8
2007-12-01,Cabo Verde,1446.5
2008-01-01,Cabo Verde,1447.5
2008-02-01,Cabo Verde,1435.7
2008-03-01,Cabo Verde,1463.2
2008-04-01,Cabo Verde,1447.8
2008-05-01,Cabo Verde,1444.3
2008-06-01,Cabo Verde,1450.4
2008-07-01,Cabo Verde,1447.1
2008-08-01,Cabo Verde,1461.5
2008-09-01,Cabo Verde,1459.9
2008-10-01,Cabo Verde,1450.5
2008-11-01,Cabo Verde,1458.0
2008-12-01,Cabo Verde,1450.9
2009-01-01,Cabo Verde,1441.2
2009-02-01,Cabo Verde,1454.7
2009-03-01,Cabo Verde,1450.1
2009-04-01,Cabo Verde,1448.8
2009-05-01,Cabo Verde,1459.2
2009-06-01,Cabo Verde,1471.2
2009-07-01,Cabo Verde,1448.4
2009-08-01,Cabo Verde,1456.5
2009-09-01,Cabo Verde,1455.3
2009-10-01,Cabo Verde,1470.2
2009-11-01,Cabo Verde,1451.1
2009-12-01,Cabo Verde,1468.3
2010-01-01,Cabo Verde,1443.8
2010-02-01,Cabo Verde,1453.4
2010-03-01,Cabo Verde,1465.3
2010-04-01,Cabo Verde,1441.4
2010-05-01,Cabo Verde,1456.2
2010-06-01,Cabo Verde,1447.3
2010-07-01,Cabo Verde,1447.4
2010-08-01,Cabo Verde,1472.2
2010-09-01,Cabo Verde,1466.5
2010-10-01,Cabo Verde,1459.8
2010-11-01,Cabo Verde,1468.6
2010-12-01,Cabo Verde,1462.3
2011-01-01,Cabo Verde,1470.0
2011-02-01,Cabo Verde,1464.6
2011-03-01,Cabo Verde,1459.1
2011-04-01,Cabo Verde,1456.6
2011-05-01,Cabo Verde,1460.4
2011-06-01,Cabo Verde,1449.2
2011-07-01,Cabo Verde,1463.2
2011-08-01,Cabo Verde,1474.4
2011-09-01,Cabo Verde,1455.5
2011-10-01,Cabo Verde,1461.3
2011-11-01,Cabo Verde,1445.2
2011-12-01,Cabo Verde,1463.0
2012-01-01,Cabo Verde,1489.7
2012-02-01,Cabo Verde,1467.5
2012-03-01,Cabo Verde,1474.0
2012-04-01,Cabo Verde,1462.2
2012-05-01,Cabo Verde,1470.9
2012-06-01,Cabo Verde,1461.2
2012-07-01,Cabo Verde,1467.8
2012-08-01,Cabo Verde,1452.6
2012-09-01,Cabo Verde,1475.1
2012-10-01,Cabo Verde,1470.1
2012-11-01,Cabo Verde,1471.9
2012-12-01,Cabo Verde,1462.7
2013-01-01,Cabo Verde,1473.8
2013-02-01,Cabo Verde,1481.7
2013-03-01,Cabo Verde,1464.0
2013-04-01,Cabo Verde,1476.1
2013-05-01,Cabo Verde,1469.9
2013-06-01,Cabo Verde,1482.5
2013-07-01,Cabo Verde,1464.2
2013-08-01,Cabo Verde,1465.8
2013-09-01,Cabo Verde,1477.8
2013-10-01,Cabo Verde,1468.7
2013-11-01,Cabo Verde,1474.0
2013-12-01,Cabo Verde,1476.1
2014-01-01,Cabo Verde,1475.5
2014-02-01,Cabo Verde,1460.1
2014-03-01,Cabo Verde,1479.2
2014-04-01,Cabo Verde,1468.6
2014-05-01,Cabo Verde,1461.9
2014-06-01,Cabo Verde,1487.7
2014-07-01,Cabo Verde,1483.1
2014-08-01,Cabo Verde,1464.2
2014-09-01,Cabo Verde,1455.1
2014-10-01,Cabo Verde,1472.0
2014-11-01,Cabo Verde,1487.2
2014-12-01,Cabo Verde,1466.0
2015-01-01,Cabo Verde,1474.1
2015-02-01,Cabo Verde,1469.0
2015-03-01,Cabo Verde,1480.3
2015-04-01,Cabo Verde,1476.9
2015-05-01,Cabo Verde,1471.4
2015-06-01,Cabo Verde,1465.7
2015-07-01,Cabo Verde,1479.6
2015-08-01,Cabo Verde,1484.6
2015-09-01,Cabo Verde,1473.1
2015-10-01,Cabo Verde,1482.8
2015-11-01,Cabo Verde,1477.2
2015-12-01,Cabo Verde,1493.7
2016-01-01,Cabo Verde,1492.5
2016-02-01,Cabo Verde,1485.0
2016-03-01,Cabo Verde,1482.2
2016-04-01,Cabo Verde,1482.4
2016-05-01,Cabo Verde,1481.6
2016-06-01,Cabo Verde,1480.7
2016-07-01,Cabo Verde,1467.3
2016-08-01,Cabo Verde,1495.5
2016-09-01,Cabo Verde,1472.1
2016-10-01,Cabo Verde,1492.2
2016-11-01,Cabo Verde,1472.6
2016-12-01,Cabo Verde,1478.1
2017-01-01,Cabo Verde,1486.1
2017-02-01,Cabo Verde,1486.2
2017-03-01,Cabo Verde,1473.2
2017-04-01,Cabo Verde,1492.2
2017-05-01,Cabo Verde,1480.8
2017-06-01,Cabo Verde,1489.9
2017-07-01,Cabo Verde,1500.8
2017-08-01,Cabo Verde,1485.1
2017-09-01,Cabo Verde,1487.1
2017-10-01,Cabo Verde,1476.3
2017-11-01,Cabo Verde,1485.7
2017-12-01,Cabo Verde,1475.8
2018-01-01,Cabo Verde,1487.8
2018-02-01,Cabo Verde,1491.9
2018-03-01,Cabo Verde,1479.2
2018-04-01,Cabo Verde,1481.9
2018-05-01,Cabo Verde,1494.3
2018-06-01,Cabo Verde,1487.2
2018-07-01,Cabo Verde,1487.2
2018-08-01,Cabo Verde,1500.0
2018-09-01,Cabo Verde,1479.9
2018-10-01,Cabo Verde,1478.4
2018-11-01,Cabo Verde,1491.5
2018-12-01,Cabo Verde,1506.3
2019-01-01,Cabo Verde,1497.5
2019-02-01,Cabo Verde,1492.4
2019-03-01,Cabo Verde,1495.3
2019-04-01,Cabo Verde,1489.7
2019-05-01,Cabo Verde,1502.7
2019-06-01,Cabo Verde,1486.3
2019-07-01,Cabo Verde,1490.4
2019-08-01,Cabo Verde,1505.5
2019-09-01,Cabo Verde,1494.0
2019-10-01,Cabo Verde,1499.0
2019-11-01,Cabo Verde,1485.5
2019-12-01,Cabo Verde,1487.7
2020-01-01,Cabo Verde,1497.1
2020-02-01,Cabo Verde,1498.3
2020-03-01,Cabo Verde,1494.3
2020-04-01,Cabo Verde,1485.4
2020-05-01,Cabo Verde,1499.6
2020-06-01,Cabo Verde,1497.8
2020-07-01,Cabo Verde,1505.2
2020-08-01,Cabo Verde,1483.3
2020-09-01,Cabo Verde,1488.0
2020-10-01,Cabo Verde,1491.2
2020-11-01,Cabo Verde,1479.2
2020-12-01,Cabo Verde,1500.9
2021-01-01,Cabo Verde,1495.8
2021-02-01,Cabo Verde,1496.1
2021-03-01,Cabo Verde,1500.6
2021-04-01,Cabo Verde,1491.1
2021-05-01,Cabo Verde,1497.4
2021-06-01,Cabo Verde,1507.5
2021-07-01,Cabo Verde,1487.0
2021-08-01,Cabo Verde,1493.7
2021-09-01,Cabo Verde,1503.6
2021-10-01,Cabo Verde,1514.9
2021-11-01,Cabo Verde,1507.4
2021-12-01,Cabo Verde,1501.4
2022-01-01,Cabo Verde,1517.9
2022-02-01,Cabo Verde,1497.4
2022-03-01,Cabo Verde,1512.8
2022-04-01,Cabo Verde,1508.7
2022-05-01,Cabo Verde,1512.0
2022-06-01,Cabo Verde,1521.0
2022-07-01,Cabo Verde,1499.2
2022-08-01,Cabo Verde,1501.9
2022-09-01,Cabo Verde,1503.7
2022-10-01,Cabo Verde,1513.8
2022-11-01,Cabo Verde,1493.1
2022-12-01,Cabo Verde,1513.5
2023-01-01,Cabo Verde,1490.4
2023-02-01,Cabo Verde,1511.7
2023-03-01,Cabo Verde,1500.0
2023-04-01,Cabo Verde,1506.0
2023-05-01,Cabo Verde,1504.8
2023-06-01,Cabo Verde,1510.2
2023-07-01,Cabo Verde,1509.7
2023-08-01,Cabo Verde,1519.2
2023-09-01,Cabo Verde,1498.4
2023-10-01,Cabo Verde,1508.9
2023-11-01,Cabo Verde,1510.2
2023-12-01,Cabo Verde,1505.4
2024-01-01,Cabo Verde,1512.7
2024-02-01,Cabo Verde,1510.2
2024-03-01,Cabo Verde,1524.6
2024-04-01,Cabo Verde,1518.4
2024-05-01,Cabo Verde,1516.6
2024-06-01,Cabo Verde,1530.2
2024-07-01,Cabo Verde,1510.8
2024-08-01,Cabo Verde,1518.4
2024-09-01,Cabo Verde,1506.8
2024-10-01,Cabo Verde,1511.9
2024-11-01,Cabo Verde,1509.6
2024-12-01,Cabo Verde,1512.8
2025-01-01,Cabo Verde,1522.1
2025-02-01,Cabo Verde,1515.8
2025-03-01,Cabo Verde,1518.8
2025-04-01,Cabo Verde,1511.0
2025-05-01,Cabo Verde,1506.9
2025-06-01,Cabo Verde,1514.6
2025-07-01,Cabo Verde,1510.0
2025-08-01,Cabo Verde,1524.2
2025-09-01,Cabo Verde,1518.4
2025-10-01,Cabo Verde,1513.6
2025-11-01,Cabo Verde,1517.4
2025-12-01,Cabo Verde,1515.9
2026-01-01,Cabo Verde,1510.4
2026-02-01,Cabo Verde,1518.0
2026-03-01,Cabo Verde,1518.7
2026-04-01,Cabo Verde,1526.2
2026-05-01,Cabo Verde,1507.3
2000-01-01,Sweden,1721.5
2000-02-01,Sweden,1733.7
2000-03-01,Sweden,1722.2
2000-04-01,Sweden,1731.9
2000-05-01,Sweden,1728.5
2000-06-01,Sweden,1731.4
2000-07-01,Sweden,1722.9
2000-08-01,Sweden,1713.4
2000-09-01,Sweden,1723.7
2000-10-01,Sweden,1729.1
2000-11-01,Sweden,1734.0
2000-12-01,Sweden,1718.0
2001-01-01,Sweden,1726.2
2001-02-01,Sweden,1725.8
2001-03-01,Sweden,1742.1
2001-04-01,Sweden,1727.8
2001-05-01,Sweden,1731.2
2001-06-01,Sweden,1730.4
2001-07-01,Sweden,1711.1
2001-08-01,Sweden,1731.1
2001-09-01,Sweden,1727.7
2001-10-01,Sweden,1720.4
2001-11-01,Sweden,1746.0
2001-12-01,Sweden,1740.7
2002-01-01,Sweden,1735.2
2002-02-01,Sweden,1733.9
2002-03-01,Sweden,1744.9
2002-04-01,Sweden,1741.7
2002-05-01,Sweden,1730.3
2002-06-01,Sweden,1733.8
2002-07-01,Sweden,1737.9
2002-08-01,Sweden,1727.3
2002-09-01,Sweden,1753.1
2002-10-01,Sweden,1739.4
2002-11-01,Sweden,1729.1
2002-12-01,Sweden,1769.4
2003-01-01,Sweden,1732.7
2003-02-01,Sweden,1745.0
2003-03-01,Sweden,1732.7
2003-04-01,Sweden,1732.9
2003-05-01,Sweden,1740.1
2003-06-01,Sweden,1737.7
2003-07-01,Sweden,1737.0
2003-08-01,Sweden,1738.5
2003-09-01,Sweden,1744.1
2003-10-01,Sweden,1746.7
2003-11-01,Sweden,1763.1
2003-12-01,Sweden,1746.0
2004-01-01,Sweden,1738.5
2004-02-01,Sweden,1735.3
2004-03-01,Sweden,1747.7
2004-04-01,Sweden,1738.6
2004-05-01,Sweden,1734.3
2004-06-01,Sweden,1730.3
2004-07-01,Sweden,1738.8
2004-08-01,Sweden,1728.4
2004-09-01,Sweden,1745.6
2004-10-01,Sweden,1730.8
2004-11-01,Sweden,1747.4
2004-12-01,Sweden,1751.3
2005-01-01,Sweden,1742.9
2005-02-01,Sweden,1728.4
2005-03-01,Sweden,1758.9
2005-04-01,Sweden,1744.6
2005-05-01,Sweden,1751.0
2005-06-01,Sweden,1734.1
2005-07-01,Sweden,1756.8
2005-08-01,Sweden,1726.8
2005-09-01,Sweden,1732.2
2005-10-01,Sweden,1755.3
2005-11-01,Sweden,1735.3
2005-12-01,Sweden,1751.5
2006-01-01,Sweden,1753.1
2006-02-01,Sweden,1754.3
2006-03-01,Sweden,1758.2
2006-04-01,Sweden,1739.6
2006-05-01,Sweden,1762.4
2006-06-01,Sweden,1747.2
2006-07-01,Sweden,1754.3
2006-08-01,Sweden,1762.9
2006-09-01,Sweden,1749.2
2006-10-01,Sweden,1768.7
2006-11-01,Sweden,1732.1
2006-12-01,Sweden,1763.0
2007-01-01,Sweden,1748.4
2007-02-01,Sweden,1742.4
2007-03-01,Sweden,1774.8
2007-04-01,Sweden,1741.8
2007-05-01,Sweden,1744.2
2007-06-01,Sweden,1760.2
2007-07-01,Sweden,1759.5
2007-08-01,Sweden,1750.2
2007-09-01,Sweden,1742.1
2007-10-01,Sweden,1749.8
2007-11-01,Sweden,1749.5
2007-12-01,Sweden,1742.8
2008-01-01,Sweden,1751.5
2008-02-01,Sweden,1766.1
2008-03-01,Sweden,1761.2
2008-04-01,Sweden,1762.2
2008-05-01,Sweden,1752.1
2008-06-01,Sweden,1748.1
2008-07-01,Sweden,1769.3
2008-08-01,Sweden,1750.4
2008-09-01,Sweden,1746.0
2008-10-01,Sweden,1758.5
2008-11-01,Sweden,1755.6
2008-12-01,Sweden,1750.4
2009-01-01,Sweden,1750.9
2009-02-01,Sweden,1750.5
2009-03-01,Sweden,1762.6
2009-04-01,Sweden,1752.6
2009-05-01,Sweden,1770.8
2009-06-01,Sweden,1767.2
2009-07-01,Sweden,1761.3
2009-08-01,Sweden,1760.4
2009-09-01,Sweden,1771.8
2009-10-01,Sweden,1771.1
2009-11-01,Sweden,1771.0
2009-12-01,Sweden,1768.5
2010-01-01,Sweden,1761.3
2010-02-01,Sweden,1779.7
2010-03-01,Sweden,1764.5
2010-04-01,Sweden,1764.0
2010-05-01,Sweden,1760.5
2010-06-01,Sweden,1758.1
2010-07-01,Sweden,1764.7
2010-08-01,Sweden,1757.7
2010-09-01,Sweden,1759.5
2010-10-01,Sweden,1774.4
2010-11-01,Sweden,1768.5
2010-12-01,Sweden,1768.1
2011-01-01,Sweden,1755.8
2011-02-01,Sweden,1786.7
2011-03-01,Sweden,1761.7
2011-04-01,Sweden,1766.4
2011-05-01,Sweden,1768.1
2011-06-01,Sweden,1770.2
2011-07-01,Sweden,1768.3
2011-08-01,Sweden,1763.8
2011-09-01,Sweden,1761.0
2011-10-01,Sweden,1763.4
2011-11-01,Sweden,1746.4
2011-12-01,Sweden,1780.1
2012-01-01,Sweden,1791.3
2012-02-01,Sweden,1786.0
2012-03-01,Sweden,1778.0
2012-04-01,Sweden,1777.3
2012-05-01,Sweden,1773.9
2012-06-01,Sweden,1773.6
2012-07-01,Sweden,1769.0
2012-08-01,Sweden,1766.7
2012-09-01,Sweden,1754.0
2012-10-01,Sweden,1771.5
2012-11-01,Sweden,1770.1
2012-12-01,Sweden,1772.4
2013-01-01,Sweden,1779.5
2013-02-01,Sweden,1777.1
2013-03-01,Sweden,1776.8
2013-04-01,Sweden,1770.3
2013-05-01,Sweden,1775.7
2013-06-01,Sweden,1777.7
2013-07-01,Sweden,1770.3
2013-08-01,Sweden,1772.7
2013-09-01,Sweden,1760.3
2013-10-01,Sweden,1791.5
2013-11-01,Sweden,1765.0
2013-12-01,Sweden,1781.2
2014-01-01,Sweden,1784.2
2014-02-01,Sweden,1772.5
2014-03-01,Sweden,1786.6
2014-04-01,Sweden,1783.0
2014-05-01,Sweden,1769.5
2014-06-01,Sweden,1775.8
2014-07-01,Sweden,1775.4
2014-08-01,Sweden,1783.3
2014-09-01,Sweden,1784.1
2014-10-01,Sweden,1774.4
2014-11-01,Sweden,1783.2
2014-12-01,Sweden,1777.0
2015-01-01,Sweden,1784.9
2015-02-01,Sweden,1787.2
2015-03-01,Sweden,1788.7
2015-04-01,Sweden,1779.0
2015-05-01,Sweden,1770.9
2015-06-01,Sweden,1781.5
2015-07-01,Sweden,1783.5
2015-08-01,Sweden,1766.7
2015-09-01,Sweden,1780.2
2015-10-01,Sweden,1777.3
2015-11-01,Sweden,1777.2
2015-12-01,Sweden,1775.4
2016-01-01,Sweden,1791.0
2016-02-01,Sweden,1776.3
2016-03-01,Sweden,1791.0
2016-04-01,Sweden,1794.5
2016-05-01,Sweden,1797.1
2016-06-01,Sweden,1788.3
2016-07-01,Sweden,1796.7
2016-08-01,Sweden,1783.9
2016-09-01,Sweden,1786.2
2016-10-01,Sweden,1793.4
2016-11-01,Sweden,1787.3
2016-12-01,Sweden,1780.9
2017-01-01,Sweden,1781.5
2017-02-01,Sweden,1796.5
2017-03-01,Sweden,1791.5
2017-04-01,Sweden,1790.5
2017-05-01,Sweden,1794.7
2017-06-01,Sweden,1782.2
2017-07-01,Sweden,1793.6
2017-08-01,Sweden,1789.8
2017-09-01,Sweden,1781.8
2017-10-01,Sweden,1786.5
2017-11-01,Sweden,1800.9
2017-12-01,Sweden,1785.7
2018-01-01,Sweden,1796.2
2018-02-01,Sweden,1800.8
2018-03-01,Sweden,1790.2
2018-04-01,Sweden,1811.1
2018-05-01,Sweden,1801.5
2018-06-01,Sweden,1790.5
2018-07-01,Sweden,1795.1
2018-08-01,Sweden,1755.7
2018-09-01,Sweden,1797.3
2018-10-01,Sweden,1814.3
2018-11-01,Sweden,1795.3
2018-12-01,Sweden,1790.2
2019-01-01,Sweden,1801.4
2019-02-01,Sweden,1784.2
2019-03-01,Sweden,1808.2
2019-04-01,Sweden,1796.6
2019-05-01,Sweden,1791.7
2019-06-01,Sweden,1792.8
2019-07-01,Sweden,1801.2
2019-08-01,Sweden,1805.0
2019-09-01,Sweden,1797.7
2019-10-01,Sweden,1803.6
2019-11-01,Sweden,1801.8
2019-12-01,Sweden,1788.2
2020-01-01,Sweden,1808.1
2020-02-01,Sweden,1805.1
2020-03-01,Sweden,1800.5
2020-04-01,Sweden,1811.2
2020-05-01,Sweden,1801.5
2020-06-01,Sweden,1807.1
2020-07-01,Sweden,1791.2
2020-08-01,Sweden,1812.6
2020-09-01,Sweden,1814.1
2020-10-01,Sweden,1792.1
2020-11-01,Sweden,1792.7
2020-12-01,Sweden,1803.4
2021-01-01,Sweden,1819.1
2021-02-01,Sweden,1814.5
2021-03-01,Sweden,1806.0
2021-04-01,Sweden,1806.4
2021-05-01,Sweden,1799.1
2021-06-01,Sweden,1811.1
2021-07-01,Sweden,1797.9
2021-08-01,Sweden,1817.1
2021-09-01,Sweden,1809.1
2021-10-01,Sweden,1794.4
2021-11-01,Sweden,1808.5
2021-12-01,Sweden,1805.7
2022-01-01,Sweden,1798.6
2022-02-01,Sweden,1806.1
2022-03-01,Sweden,1816.2
2022-04-01,Sweden,1813.2
2022-05-01,Sweden,1810.0
2022-06-01,Sweden,1808.4
2022-07-01,Sweden,1800.8
2022-08-01,Sweden,1807.8
2022-09-01,Sweden,1813.0
2022-10-01,Sweden,1806.7
2022-11-01,Sweden,1816.5
2022-12-01,Sweden,1801.4
2023-01-01,Sweden,1814.3
2023-02-01,Sweden,1815.3
2023-03-01,Sweden,1821.2
2023-04-01,Sweden,1818.3
2023-05-01,Sweden,1807.1
2023-06-01,Sweden,1821.2
2023-07-01,Sweden,1810.0
2023-08-01,Sweden,1808.4
2023-09-01,Sweden,1811.1
2023-10-01,Sweden,1813.9
2023-11-01,Sweden,1823.4
2023-12-01,Sweden,1817.3
2024-01-01,Sweden,1826.5
2024-02-01,Sweden,1823.5
2024-03-01,Sweden,1826.5
2024-04-01,Sweden,1815.9
2024-05-01,Sweden,1796.2
2024-06-01,Sweden,1830.4
2024-07-01,Sweden,1820.6
2024-08-01,Sweden,1826.5
2024-09-01,Sweden,1797.7
2024-10-01,Sweden,1828.8
2024-11-01,Sweden,1832.1
2024-12-01,Sweden,1833.3
2025-01-01,Sweden,1811.8
2025-02-01,Sweden,1805.0
2025-03-01,Sweden,1813.4
2025-04-01,Sweden,1821.9
2025-05-01,Sweden,1826.5
2025-06-01,Sweden,1816.9
2025-07-01,Sweden,1827.3
2025-08-01,Sweden,1818.3
2025-09-01,Sweden,1820.0
2025-10-01,Sweden,1820.6
2025-11-01,Sweden,1810.4
2025-12-01,Sweden,1818.2
2026-01-01,Sweden,1824.3
2026-02-01,Sweden,1820.5
2026-03-01,Sweden,1820.1
2026-04-01,Sweden,1826.7
2026-05-01,Sweden,1811.6
2000-01-01,Iraq,1473.6
2000-02-01,Iraq,1476.4
2000-03-01,Iraq,1462.7
2000-04-01,Iraq,1468.7
2000-05-01,Iraq,1470.7
2000-06-01,Iraq,1473.8
2000-07-01,Iraq,1464.9
2000-08-01,Iraq,1472.7
2000-09-01,Iraq,1470.4
2000-10-01,Iraq,1460.3
2000-11-01,Iraq,1457.7
2000-12-01,Iraq,1456.5
2001-01-01,Iraq,1457.0
2001-02-01,Iraq,1466.2
2001-03-01,Iraq,1470.2
2001-04-01,Iraq,1462.8
2001-05-01,Iraq,1463.9
2001-06-01,Iraq,1460.1
2001-07-01,Iraq,1475.7
2001-08-01,Iraq,1470.6
2001-09-01,Iraq,1472.8
2001-10-01,Iraq,1466.1
2001-11-01,Iraq,1466.2
2001-12-01,Iraq,1469.0
2002-01-01,Iraq,1461.6
2002-02-01,Iraq,1472.8
2002-03-01,Iraq,1470.3
2002-04-01,Iraq,1461.6
2002-05-01,Iraq,1468.4
2002-06-01,Iraq,1469.3
2002-07-01,Iraq,1466.4
2002-08-01,Iraq,1483.5
2002-09-01,Iraq,1481.1
2002-10-01,Iraq,1471.1
2002-11-01,Iraq,1475.6
2002-12-01,Iraq,1470.1
2003-01-01,Iraq,1476.1
2003-02-01,Iraq,1482.4
2003-03-01,Iraq,1468.5
2003-04-01,Iraq,1472.8
2003-05-01,Iraq,1477.0
2003-06-01,Iraq,1468.2
2003-07-01,Iraq,1479.1
2003-08-01,Iraq,1485.8
2003-09-01,Iraq,1482.4
2003-10-01,Iraq,1482.6
2003-11-01,Iraq,1470.3
2003-12-01,Iraq,1476.3
2004-01-01,Iraq,1488.6
2004-02-01,Iraq,1471.8
2004-03-01,Iraq,1470.1
2004-04-01,Iraq,1480.5
2004-05-01,Iraq,1479.0
2004-06-01,Iraq,1490.0
2004-07-01,Iraq,1489.0
2004-08-01,Iraq,1480.8
2004-09-01,Iraq,1478.6
2004-10-01,Iraq,1477.9
2004-11-01,Iraq,1472.1
2004-12-01,Iraq,1475.8
2005-01-01,Iraq,1474.1
2005-02-01,Iraq,1482.5
2005-03-01,Iraq,1479.8
2005-04-01,Iraq,1488.1
2005-05-01,Iraq,1492.0
2005-06-01,Iraq,1487.9
2005-07-01,Iraq,1487.7
2005-08-01,Iraq,1491.0
2005-09-01,Iraq,1484.5
2005-10-01,Iraq,1501.8
2005-11-01,Iraq,1489.6
2005-12-01,Iraq,1480.2
2006-01-01,Iraq,1484.0
2006-02-01,Iraq,1481.7
2006-03-01,Iraq,1488.3
2006-04-01,Iraq,1477.1
2006-05-01,Iraq,1486.4
2006-06-01,Iraq,1467.1
2006-07-01,Iraq,1498.2
2006-08-01,Iraq,1487.3
2006-09-01,Iraq,1508.0
2006-10-01,Iraq,1487.9
2006-11-01,Iraq,1487.0
2006-12-01,Iraq,1479.5
2007-01-01,Iraq,1490.4
2007-02-01,Iraq,1507.2
2007-03-01,Iraq,1493.8
2007-04-01,Iraq,1500.8
2007-05-01,Iraq,1492.2
2007-06-01,Iraq,1504.1
2007-07-01,Iraq,1498.5
2007-08-01,Iraq,1485.9
2007-09-01,Iraq,1496.7
2007-10-01,Iraq,1500.7
2007-11-01,Iraq,1475.2
2007-12-01,Iraq,1486.5
2008-01-01,Iraq,1482.5
2008-02-01,Iraq,1503.1
2008-03-01,Iraq,1500.8
2008-04-01,Iraq,1494.6
2008-05-01,Iraq,1495.0
2008-06-01,Iraq,1497.7
2008-07-01,Iraq,1498.4
2008-08-01,Iraq,1515.0
2008-09-01,Iraq,1494.0
2008-10-01,Iraq,1496.8
2008-11-01,Iraq,1500.7
2008-12-01,Iraq,1503.4
2009-01-01,Iraq,1500.7
2009-02-01,Iraq,1502.3
2009-03-01,Iraq,1499.4
2009-04-01,Iraq,1497.5
2009-05-01,Iraq,1522.9
2009-06-01,Iraq,1500.7
2009-07-01,Iraq,1512.4
2009-08-01,Iraq,1497.5
2009-09-01,Iraq,1491.5
2009-10-01,Iraq,1488.6
2009-11-01,Iraq,1497.1
2009-12-01,Iraq,1483.6
2010-01-01,Iraq,1514.2
2010-02-01,Iraq,1502.1
2010-03-01,Iraq,1504.9
2010-04-01,Iraq,1495.9
2010-05-01,Iraq,1492.2
2010-06-01,Iraq,1495.0
2010-07-01,Iraq,1512.9
2010-08-01,Iraq,1511.0
2010-09-01,Iraq,1502.7
2010-10-01,Iraq,1493.7
2010-11-01,Iraq,1504.2
2010-12-01,Iraq,1513.1
2011-01-01,Iraq,1522.6
2011-02-01,Iraq,1525.7
2011-03-01,Iraq,1510.2
2011-04-01,Iraq,1501.2
2011-05-01,Iraq,1509.5
2011-06-01,Iraq,1501.6
2011-07-01,Iraq,1517.2
2011-08-01,Iraq,1518.7
2011-09-01,Iraq,1505.9
2011-10-01,Iraq,1513.3
2011-11-01,Iraq,1516.9
2011-12-01,Iraq,1497.9
2012-01-01,Iraq,1520.0
2012-02-01,Iraq,1512.8
2012-03-01,Iraq,1507.3
2012-04-01,Iraq,1500.5
2012-05-01,Iraq,1514.2
2012-06-01,Iraq,1516.7
2012-07-01,Iraq,1528.8
2012-08-01,Iraq,1504.5
2012-09-01,Iraq,1520.7
2012-10-01,Iraq,1522.1
2012-11-01,Iraq,1508.2
2012-12-01,Iraq,1519.3
2013-01-01,Iraq,1504.1
2013-02-01,Iraq,1531.1
2013-03-01,Iraq,1513.7
2013-04-01,Iraq,1508.9
2013-05-01,Iraq,1514.5
2013-06-01,Iraq,1516.0
2013-07-01,Iraq,1508.2
2013-08-01,Iraq,1525.4
2013-09-01,Iraq,1518.0
2013-10-01,Iraq,1516.1
2013-11-01,Iraq,1506.5
2013-12-01,Iraq,1521.3
2014-01-01,Iraq,1526.6
2014-02-01,Iraq,1523.1
2014-03-01,Iraq,1518.4
2014-04-01,Iraq,1515.7
2014-05-01,Iraq,1521.0
2014-06-01,Iraq,1520.5
2014-07-01,Iraq,1526.1
2014-08-01,Iraq,1522.5
2014-09-01,Iraq,1505.0
2014-10-01,Iraq,1522.5
2014-11-01,Iraq,1515.4
2014-12-01,Iraq,1510.1
2015-01-01,Iraq,1511.8
2015-02-01,Iraq,1516.9
2015-03-01,Iraq,1508.4
2015-04-01,Iraq,1520.4
2015-05-01,Iraq,1532.2
2015-06-01,Iraq,1522.7
2015-07-01,Iraq,1512.0
2015-08-01,Iraq,1514.4
2015-09-01,Iraq,1541.4
2015-10-01,Iraq,1524.4
2015-11-01,Iraq,1524.7
2015-12-01,Iraq,1523.2
2016-01-01,Iraq,1512.1
2016-02-01,Iraq,1512.8
2016-03-01,Iraq,1517.7
2016-04-01,Iraq,1521.0
2016-05-01,Iraq,1518.8
2016-06-01,Iraq,1525.5
2016-07-01,Iraq,1534.6
2016-08-01,Iraq,1537.0
2016-09-01,Iraq,1522.4
2016-10-01,Iraq,1524.8
2016-11-01,Iraq,1529.5
2016-12-01,Iraq,1528.3
2017-01-01,Iraq,1531.0
2017-02-01,Iraq,1535.6
2017-03-01,Iraq,1536.7
2017-04-01,Iraq,1537.7
2017-05-01,Iraq,1530.8
2017-06-01,Iraq,1537.2
2017-07-01,Iraq,1507.8
2017-08-01,Iraq,1531.5
2017-09-01,Iraq,1535.7
2017-10-01,Iraq,1521.8
2017-11-01,Iraq,1539.6
2017-12-01,Iraq,1513.2
2018-01-01,Iraq,1519.6
2018-02-01,Iraq,1534.7
2018-03-01,Iraq,1513.8
2018-04-01,Iraq,1534.5
2018-05-01,Iraq,1544.7
2018-06-01,Iraq,1534.1
2018-07-01,Iraq,1528.4
2018-08-01,Iraq,1542.2
2018-09-01,Iraq,1516.5
2018-10-01,Iraq,1537.7
2018-11-01,Iraq,1534.0
2018-12-01,Iraq,1521.9
2019-01-01,Iraq,1534.7
2019-02-01,Iraq,1538.3
2019-03-01,Iraq,1540.2
2019-04-01,Iraq,1552.5
2019-05-01,Iraq,1536.1
2019-06-01,Iraq,1535.5
2019-07-01,Iraq,1533.2
2019-08-01,Iraq,1532.5
2019-09-01,Iraq,1552.9
2019-10-01,Iraq,1546.5
2019-11-01,Iraq,1526.3
2019-12-01,Iraq,1539.9
2020-01-01,Iraq,1538.1
2020-02-01,Iraq,1543.3
2020-03-01,Iraq,1521.7
2020-04-01,Iraq,1528.6
2020-05-01,Iraq,1540.5
2020-06-01,Iraq,1547.6
2020-07-01,Iraq,1540.9
2020-08-01,Iraq,1532.1
2020-09-01,Iraq,1545.7
2020-10-01,Iraq,1539.7
2020-11-01,Iraq,1539.6
2020-12-01,Iraq,1534.9
2021-01-01,Iraq,1557.7
2021-02-01,Iraq,1543.6
2021-03-01,Iraq,1554.4
2021-04-01,Iraq,1543.5
2021-05-01,Iraq,1531.8
2021-06-01,Iraq,1548.7
2021-07-01,Iraq,1550.2
2021-08-01,Iraq,1534.0
2021-09-01,Iraq,1554.1
2021-10-01,Iraq,1542.3
2021-11-01,Iraq,1555.7
2021-12-01,Iraq,1547.7
2022-01-01,Iraq,1544.0
2022-02-01,Iraq,1545.6
2022-03-01,Iraq,1563.2
2022-04-01,Iraq,1555.9
2022-05-01,Iraq,1551.9
2022-06-01,Iraq,1556.8
2022-07-01,Iraq,1557.1
2022-08-01,Iraq,1558.8
2022-09-01,Iraq,1562.7
2022-10-01,Iraq,1560.7
2022-11-01,Iraq,1566.1
2022-12-01,Iraq,1546.3
2023-01-01,Iraq,1548.9
2023-02-01,Iraq,1569.8
2023-03-01,Iraq,1556.4
2023-04-01,Iraq,1551.1
2023-05-01,Iraq,1549.4
2023-06-01,Iraq,1557.3
2023-07-01,Iraq,1548.1
2023-08-01,Iraq,1546.5
2023-09-01,Iraq,1554.9
2023-10-01,Iraq,1555.5
2023-11-01,Iraq,1556.3
2023-12-01,Iraq,1546.4
2024-01-01,Iraq,1551.7
2024-02-01,Iraq,1564.7
2024-03-01,Iraq,1557.7
2024-04-01,Iraq,1571.7
2024-05-01,Iraq,1558.6
2024-06-01,Iraq,1555.6
2024-07-01,Iraq,1544.5
2024-08-01,Iraq,1550.0
2024-09-01,Iraq,1550.0
2024-10-01,Iraq,1559.3
2024-11-01,Iraq,1545.1
2024-12-01,Iraq,1558.0
2025-01-01,Iraq,1562.6
2025-02-01,Iraq,1550.3
2025-03-01,Iraq,1559.3
2025-04-01,Iraq,1554.3
2025-05-01,Iraq,1562.6
2025-06-01,Iraq,1558.1
2025-07-01,Iraq,1570.8
2025-08-01,Iraq,1544.6
2025-09-01,Iraq,1571.2
2025-10-01,Iraq,1549.0
2025-11-01,Iraq,1567.6
2025-12-01,Iraq,1550.2
2026-01-01,Iraq,1568.4
2026-02-01,Iraq,1572.5
2026-03-01,Iraq,1561.5
2026-04-01,Iraq,1569.0
2026-05-01,Iraq,1559.0
2000-01-01,Austria,1768.9
2000-02-01,Austria,1752.7
2000-03-01,Austria,1753.3
2000-04-01,Austria,1760.4
2000-05-01,Austria,1766.3
2000-06-01,Austria,1754.1
2000-07-01,Austria,1758.4
2000-08-01,Austria,1757.2
2000-09-01,Austria,1768.7
2000-10-01,Austria,1767.2
2000-11-01,Austria,1752.4
2000-12-01,Austria,1736.7
2001-01-01,Austria,1750.2
2001-02-01,Austria,1774.9
2001-03-01,Austria,1776.9
2001-04-01,Austria,1760.6
2001-05-01,Austria,1761.7
2001-06-01,Austria,1764.2
2001-07-01,Austria,1763.8
2001-08-01,Austria,1773.7
2001-09-01,Austria,1773.4
2001-10-01,Austria,1754.0
2001-11-01,Austria,1757.1
2001-12-01,Austria,1764.9
2002-01-01,Austria,1783.4
2002-02-01,Austria,1771.2
2002-03-01,Austria,1769.5
2002-04-01,Austria,1764.6
2002-05-01,Austria,1759.5
2002-06-01,Austria,1760.8
2002-07-01,Austria,1761.3
2002-08-01,Austria,1776.7
2002-09-01,Austria,1777.5
2002-10-01,Austria,1775.5
2002-11-01,Austria,1763.2
2002-12-01,Austria,1767.2
2003-01-01,Austria,1794.9
2003-02-01,Austria,1777.2
2003-03-01,Austria,1768.8
2003-04-01,Austria,1763.2
2003-05-01,Austria,1777.5
2003-06-01,Austria,1774.1
2003-07-01,Austria,1765.3
2003-08-01,Austria,1776.4
2003-09-01,Austria,1763.3
2003-10-01,Austria,1785.4
2003-11-01,Austria,1768.9
2003-12-01,Austria,1778.0
2004-01-01,Austria,1786.2
2004-02-01,Austria,1770.0
2004-03-01,Austria,1779.1
2004-04-01,Austria,1792.7
2004-05-01,Austria,1788.0
2004-06-01,Austria,1758.8
2004-07-01,Austria,1779.4
2004-08-01,Austria,1787.1
2004-09-01,Austria,1784.0
2004-10-01,Austria,1779.9
2004-11-01,Austria,1787.6
2004-12-01,Austria,1776.5
2005-01-01,Austria,1802.4
2005-02-01,Austria,1772.6
2005-03-01,Austria,1782.2
2005-04-01,Austria,1775.1
2005-05-01,Austria,1790.1
2005-06-01,Austria,1780.3
2005-07-01,Austria,1765.2
2005-08-01,Austria,1764.9
2005-09-01,Austria,1766.1
2005-10-01,Austria,1764.5
2005-11-01,Austria,1785.6
2005-12-01,Austria,1775.3
2006-01-01,Austria,1784.6
2006-02-01,Austria,1788.2
2006-03-01,Austria,1770.7
2006-04-01,Austria,1779.4
2006-05-01,Austria,1801.2
2006-06-01,Austria,1793.2
2006-07-01,Austria,1788.0
2006-08-01,Austria,1787.0
2006-09-01,Austria,1782.9
2006-10-01,Austria,1775.1
2006-11-01,Austria,1797.2
2006-12-01,Austria,1769.0
2007-01-01,Austria,1774.9
2007-02-01,Austria,1787.9
2007-03-01,Austria,1787.8
2007-04-01,Austria,1799.6
2007-05-01,Austria,1770.5
2007-06-01,Austria,1790.6
2007-07-01,Austria,1788.7
2007-08-01,Austria,1786.5
2007-09-01,Austria,1775.7
2007-10-01,Austria,1783.4
2007-11-01,Austria,1784.8
2007-12-01,Austria,1806.3
2008-01-01,Austria,1795.8
2008-02-01,Austria,1781.3
2008-03-01,Austria,1803.9
2008-04-01,Austria,1796.8
2008-05-01,Austria,1789.9
2008-06-01,Austria,1790.2
2008-07-01,Austria,1786.6
2008-08-01,Austria,1792.1
2008-09-01,Austria,1795.0
2008-10-01,Austria,1791.5
2008-11-01,Austria,1789.2
2008-12-01,Austria,1792.9
2009-01-01,Austria,1800.0
2009-02-01,Austria,1797.7
2009-03-01,Austria,1800.2
2009-04-01,Austria,1787.7
2009-05-01,Austria,1799.8
2009-06-01,Austria,1785.0
2009-07-01,Austria,1801.7
2009-08-01,Austria,1781.9
2009-09-01,Austria,1803.8
2009-10-01,Austria,1803.5
2009-11-01,Austria,1797.5
2009-12-01,Austria,1789.2
2010-01-01,Austria,1797.8
2010-02-01,Austria,1806.0
2010-03-01,Austria,1803.9
2010-04-01,Austria,1793.5
2010-05-01,Austria,1795.2
2010-06-01,Austria,1818.7
2010-07-01,Austria,1788.2
2010-08-01,Austria,1780.5
2010-09-01,Austria,1782.0
2010-10-01,Austria,1798.3
2010-11-01,Austria,1792.7
2010-12-01,Austria,1797.1
2011-01-01,Austria,1809.7
2011-02-01,Austria,1817.5
2011-03-01,Austria,1803.7
2011-04-01,Austria,1803.5
2011-05-01,Austria,1816.6
2011-06-01,Austria,1807.2
2011-07-01,Austria,1806.5
2011-08-01,Austria,1813.3
2011-09-01,Austria,1800.9
2011-10-01,Austria,1790.6
2011-11-01,Austria,1802.5
2011-12-01,Austria,1795.4
2012-01-01,Austria,1803.0
2012-02-01,Austria,1800.8
2012-03-01,Austria,1806.2
2012-04-01,Austria,1807.8
2012-05-01,Austria,1794.8
2012-06-01,Austria,1817.4
2012-07-01,Austria,1813.1
2012-08-01,Austria,1797.5
2012-09-01,Austria,1808.5
2012-10-01,Austria,1825.4
2012-11-01,Austria,1807.5
2012-12-01,Austria,1806.4
2013-01-01,Austria,1798.7
2013-02-01,Austria,1803.8
2013-03-01,Austria,1811.1
2013-04-01,Austria,1814.9
2013-05-01,Austria,1805.6
2013-06-01,Austria,1810.9
2013-07-01,Austria,1822.7
2013-08-01,Austria,1811.2
2013-09-01,Austria,1819.1
2013-10-01,Austria,1809.0
2013-11-01,Austria,1818.7
2013-12-01,Austria,1814.2
2014-01-01,Austria,1807.4
2014-02-01,Austria,1805.6
2014-03-01,Austria,1824.4
2014-04-01,Austria,1818.8
2014-05-01,Austria,1806.0
2014-06-01,Austria,1813.6
2014-07-01,Austria,1818.7
2014-08-01,Austria,1798.0
2014-09-01,Austria,1815.7
2014-10-01,Austria,1819.4
2014-11-01,Austria,1814.3
2014-12-01,Austria,1819.9
2015-01-01,Austria,1809.6
2015-02-01,Austria,1832.8
2015-03-01,Austria,1794.0
2015-04-01,Austria,1805.2
2015-05-01,Austria,1824.1
2015-06-01,Austria,1819.1
2015-07-01,Austria,1803.8
2015-08-01,Austria,1827.1
2015-09-01,Austria,1808.6
2015-10-01,Austria,1822.7
2015-11-01,Austria,1796.2
2015-12-01,Austria,1805.2
2016-01-01,Austria,1829.0
2016-02-01,Austria,1837.1
2016-03-01,Austria,1823.0
2016-04-01,Austria,1822.5
2016-05-01,Austria,1809.6
2016-06-01,Austria,1815.9
2016-07-01,Austria,1813.7
2016-08-01,Austria,1815.5
2016-09-01,Austria,1809.3
2016-10-01,Austria,1827.6
2016-11-01,Austria,1817.7
2016-12-01,Austria,1833.0
2017-01-01,Austria,1817.9
2017-02-01,Austria,1823.6
2017-03-01,Austria,1826.3
2017-04-01,Austria,1821.4
2017-05-01,Austria,1813.2
2017-06-01,Austria,1827.5
2017-07-01,Austria,1831.8
2017-08-01,Austria,1827.9
2017-09-01,Austria,1834.0
2017-10-01,Austria,1819.3
2017-11-01,Austria,1843.2
2017-12-01,Austria,1823.9
2018-01-01,Austria,1827.9
2018-02-01,Austria,1833.8
2018-03-01,Austria,1844.8
2018-04-01,Austria,1826.8
2018-05-01,Austria,1839.7
2018-06-01,Austria,1830.6
2018-07-01,Austria,1815.4
2018-08-01,Austria,1831.3
2018-09-01,Austria,1828.0
2018-10-01,Austria,1841.8
2018-11-01,Austria,1821.2
2018-12-01,Austria,1824.6
2019-01-01,Austria,1823.8
2019-02-01,Austria,1839.8
2019-03-01,Austria,1832.9
2019-04-01,Austria,1836.3
2019-05-01,Austria,1837.3
2019-06-01,Austria,1815.3
2019-07-01,Austria,1814.0
2019-08-01,Austria,1842.3
2019-09-01,Austria,1827.5
2019-10-01,Austria,1838.1
2019-11-01,Austria,1833.4
2019-12-01,Austria,1847.6
2020-01-01,Austria,1836.0
2020-02-01,Austria,1843.7
2020-03-01,Austria,1837.3
2020-04-01,Austria,1838.7
2020-05-01,Austria,1833.9
2020-06-01,Austria,1837.9
2020-07-01,Austria,1833.4
2020-08-01,Austria,1828.4
2020-09-01,Austria,1833.2
2020-10-01,Austria,1834.4
2020-11-01,Austria,1841.1
2020-12-01,Austria,1826.8
2021-01-01,Austria,1829.2
2021-02-01,Austria,1845.2
2021-03-01,Austria,1840.0
2021-04-01,Austria,1853.5
2021-05-01,Austria,1829.4
2021-06-01,Austria,1836.9
2021-07-01,Austria,1852.8
2021-08-01,Austria,1827.0
2021-09-01,Austria,1844.9
2021-10-01,Austria,1841.2
2021-11-01,Austria,1847.1
2021-12-01,Austria,1847.4
2022-01-01,Austria,1836.5
2022-02-01,Austria,1856.5
2022-03-01,Austria,1845.7
2022-04-01,Austria,1846.7
2022-05-01,Austria,1848.3
2022-06-01,Austria,1850.1
2022-07-01,Austria,1834.9
2022-08-01,Austria,1847.0
2022-09-01,Austria,1847.3
2022-10-01,Austria,1839.2
2022-11-01,Austria,1848.1
2022-12-01,Austria,1845.8
2023-01-01,Austria,1837.8
2023-02-01,Austria,1852.1
2023-03-01,Austria,1843.6
2023-04-01,Austria,1860.0
2023-05-01,Austria,1849.1
2023-06-01,Austria,1840.0
2023-07-01,Austria,1855.1
2023-08-01,Austria,1839.6
2023-09-01,Austria,1852.7
2023-10-01,Austria,1842.5
2023-11-01,Austria,1851.2
2023-12-01,Austria,1833.7
2024-01-01,Austria,1838.5
2024-02-01,Austria,1861.7
2024-03-01,Austria,1860.0
2024-04-01,Austria,1857.3
2024-05-01,Austria,1860.9
2024-06-01,Austria,1848.5
2024-07-01,Austria,1846.0
2024-08-01,Austria,1846.5
2024-09-01,Austria,1848.7
2024-10-01,Austria,1861.8
2024-11-01,Austria,1849.5
2024-12-01,Austria,1845.4
2025-01-01,Austria,1860.2
2025-02-01,Austria,1851.4
2025-03-01,Austria,1856.7
2025-04-01,Austria,1863.9
2025-05-01,Austria,1855.4
2025-06-01,Austria,1858.1
2025-07-01,Austria,1862.5
2025-08-01,Austria,1862.1
2025-09-01,Austria,1850.5
2025-10-01,Austria,1850.0
2025-11-01,Austria,1848.6
2025-12-01,Austria,1857.8
2026-01-01,Austria,1858.5
2026-02-01,Austria,1863.8
2026-03-01,Austria,1849.4
2026-04-01,Austria,1854.2
2026-05-01,Austria,1867.5
2000-01-01,DR Congo,1393.0
2000-02-01,DR Congo,1393.5
2000-03-01,DR Congo,1384.6
2000-04-01,DR Congo,1401.9
2000-05-01,DR Congo,1401.7
2000-06-01,DR Congo,1397.5
2000-07-01,DR Congo,1385.7
2000-08-01,DR Congo,1402.0
2000-09-01,DR Congo,1379.6
2000-10-01,DR Congo,1394.6
2000-11-01,DR Congo,1392.7
2000-12-01,DR Congo,1406.0
2001-01-01,DR Congo,1407.0
2001-02-01,DR Congo,1416.6
2001-03-01,DR Congo,1389.3
2001-04-01,DR Congo,1405.7
2001-05-01,DR Congo,1401.8
2001-06-01,DR Congo,1394.7
2001-07-01,DR Congo,1395.8
2001-08-01,DR Congo,1410.8
2001-09-01,DR Congo,1398.2
2001-10-01,DR Congo,1390.7
2001-11-01,DR Congo,1408.1
2001-12-01,DR Congo,1405.4
2002-01-01,DR Congo,1404.7
2002-02-01,DR Congo,1393.4
2002-03-01,DR Congo,1385.7
2002-04-01,DR Congo,1421.0
2002-05-01,DR Congo,1400.3
2002-06-01,DR Congo,1419.2
2002-07-01,DR Congo,1406.1
2002-08-01,DR Congo,1408.4
2002-09-01,DR Congo,1392.3
2002-10-01,DR Congo,1418.6
2002-11-01,DR Congo,1402.4
2002-12-01,DR Congo,1403.3
2003-01-01,DR Congo,1413.2
2003-02-01,DR Congo,1397.8
2003-03-01,DR Congo,1419.5
2003-04-01,DR Congo,1397.5
2003-05-01,DR Congo,1408.8
2003-06-01,DR Congo,1407.8
2003-07-01,DR Congo,1418.2
2003-08-01,DR Congo,1394.0
2003-09-01,DR Congo,1398.1
2003-10-01,DR Congo,1409.0
2003-11-01,DR Congo,1390.4
2003-12-01,DR Congo,1390.6
2004-01-01,DR Congo,1402.9
2004-02-01,DR Congo,1409.7
2004-03-01,DR Congo,1398.0
2004-04-01,DR Congo,1413.5
2004-05-01,DR Congo,1416.6
2004-06-01,DR Congo,1397.5
2004-07-01,DR Congo,1416.9
2004-08-01,DR Congo,1415.4
2004-09-01,DR Congo,1412.2
2004-10-01,DR Congo,1422.1
2004-11-01,DR Congo,1417.0
2004-12-01,DR Congo,1411.8
2005-01-01,DR Congo,1414.3
2005-02-01,DR Congo,1419.4
2005-03-01,DR Congo,1413.9
2005-04-01,DR Congo,1421.0
2005-05-01,DR Congo,1423.3
2005-06-01,DR Congo,1416.9
2005-07-01,DR Congo,1411.8
2005-08-01,DR Congo,1407.1
2005-09-01,DR Congo,1417.5
2005-10-01,DR Congo,1425.8
2005-11-01,DR Congo,1420.4
2005-12-01,DR Congo,1398.9
2006-01-01,DR Congo,1426.8
2006-02-01,DR Congo,1413.9
2006-03-01,DR Congo,1421.0
2006-04-01,DR Congo,1411.2
2006-05-01,DR Congo,1416.3
2006-06-01,DR Congo,1399.9
2006-07-01,DR Congo,1415.3
2006-08-01,DR Congo,1409.7
2006-09-01,DR Congo,1404.1
2006-10-01,DR Congo,1432.3
2006-11-01,DR Congo,1415.5
2006-12-01,DR Congo,1432.6
2007-01-01,DR Congo,1420.3
2007-02-01,DR Congo,1425.0
2007-03-01,DR Congo,1424.5
2007-04-01,DR Congo,1416.7
2007-05-01,DR Congo,1426.0
2007-06-01,DR Congo,1437.3
2007-07-01,DR Congo,1425.4
2007-08-01,DR Congo,1419.3
2007-09-01,DR Congo,1424.1
2007-10-01,DR Congo,1427.7
2007-11-01,DR Congo,1419.3
2007-12-01,DR Congo,1419.4
2008-01-01,DR Congo,1423.0
2008-02-01,DR Congo,1428.6
2008-03-01,DR Congo,1435.7
2008-04-01,DR Congo,1426.7
2008-05-01,DR Congo,1430.4
2008-06-01,DR Congo,1429.0
2008-07-01,DR Congo,1408.0
2008-08-01,DR Congo,1423.6
2008-09-01,DR Congo,1408.8
2008-10-01,DR Congo,1417.6
2008-11-01,DR Congo,1411.7
2008-12-01,DR Congo,1424.5
2009-01-01,DR Congo,1423.9
2009-02-01,DR Congo,1430.9
2009-03-01,DR Congo,1434.6
2009-04-01,DR Congo,1426.0
2009-05-01,DR Congo,1424.2
2009-06-01,DR Congo,1429.5
2009-07-01,DR Congo,1433.1
2009-08-01,DR Congo,1421.7
2009-09-01,DR Congo,1422.3
2009-10-01,DR Congo,1437.0
2009-11-01,DR Congo,1435.7
2009-12-01,DR Congo,1437.8
2010-01-01,DR Congo,1438.1
2010-02-01,DR Congo,1430.2
2010-03-01,DR Congo,1417.9
2010-04-01,DR Congo,1433.8
2010-05-01,DR Congo,1446.8
2010-06-01,DR Congo,1435.4
2010-07-01,DR Congo,1429.3
2010-08-01,DR Congo,1419.4
2010-09-01,DR Congo,1420.3
2010-10-01,DR Congo,1430.8
2010-11-01,DR Congo,1432.2
2010-12-01,DR Congo,1428.0
2011-01-01,DR Congo,1442.8
2011-02-01,DR Congo,1432.7
2011-03-01,DR Congo,1428.1
2011-04-01,DR Congo,1445.4
2011-05-01,DR Congo,1438.2
2011-06-01,DR Congo,1435.8
2011-07-01,DR Congo,1430.4
2011-08-01,DR Congo,1428.0
2011-09-01,DR Congo,1426.8
2011-10-01,DR Congo,1437.9
2011-11-01,DR Congo,1439.8
2011-12-01,DR Congo,1429.5
2012-01-01,DR Congo,1436.3
2012-02-01,DR Congo,1437.8
2012-03-01,DR Congo,1436.2
2012-04-01,DR Congo,1434.3
2012-05-01,DR Congo,1443.9
2012-06-01,DR Congo,1436.1
2012-07-01,DR Congo,1442.5
2012-08-01,DR Congo,1439.1
2012-09-01,DR Congo,1439.6
2012-10-01,DR Congo,1435.9
2012-11-01,DR Congo,1427.4
2012-12-01,DR Congo,1436.3
2013-01-01,DR Congo,1442.7
2013-02-01,DR Congo,1442.8
2013-03-01,DR Congo,1436.9
2013-04-01,DR Congo,1437.8
2013-05-01,DR Congo,1450.6
2013-06-01,DR Congo,1433.6
2013-07-01,DR Congo,1451.6
2013-08-01,DR Congo,1435.6
2013-09-01,DR Congo,1448.6
2013-10-01,DR Congo,1445.6
2013-11-01,DR Congo,1422.1
2013-12-01,DR Congo,1460.9
2014-01-01,DR Congo,1461.7
2014-02-01,DR Congo,1436.3
2014-03-01,DR Congo,1453.9
2014-04-01,DR Congo,1443.7
2014-05-01,DR Congo,1437.1
2014-06-01,DR Congo,1439.8
2014-07-01,DR Congo,1448.8
2014-08-01,DR Congo,1447.3
2014-09-01,DR Congo,1453.4
2014-10-01,DR Congo,1452.4
2014-11-01,DR Congo,1452.6
2014-12-01,DR Congo,1458.2
2015-01-01,DR Congo,1453.5
2015-02-01,DR Congo,1449.5
2015-03-01,DR Congo,1453.6
2015-04-01,DR Congo,1467.6
2015-05-01,DR Congo,1453.2
2015-06-01,DR Congo,1444.3
2015-07-01,DR Congo,1449.3
2015-08-01,DR Congo,1448.2
2015-09-01,DR Congo,1459.5
2015-10-01,DR Congo,1445.8
2015-11-01,DR Congo,1453.6
2015-12-01,DR Congo,1457.0
2016-01-01,DR Congo,1466.8
2016-02-01,DR Congo,1454.0
2016-03-01,DR Congo,1463.2
2016-04-01,DR Congo,1462.5
2016-05-01,DR Congo,1446.4
2016-06-01,DR Congo,1456.2
2016-07-01,DR Congo,1456.6
2016-08-01,DR Congo,1477.5
2016-09-01,DR Congo,1463.8
2016-10-01,DR Congo,1461.8
2016-11-01,DR Congo,1444.8
2016-12-01,DR Congo,1453.2
2017-01-01,DR Congo,1444.2
2017-02-01,DR Congo,1444.6
2017-03-01,DR Congo,1459.8
2017-04-01,DR Congo,1452.8
2017-05-01,DR Congo,1458.1
2017-06-01,DR Congo,1465.7
2017-07-01,DR Congo,1451.5
2017-08-01,DR Congo,1462.9
2017-09-01,DR Congo,1464.1
2017-10-01,DR Congo,1463.9
2017-11-01,DR Congo,1465.9
2017-12-01,DR Congo,1464.0
2018-01-01,DR Congo,1465.3
2018-02-01,DR Congo,1458.0
2018-03-01,DR Congo,1458.5
2018-04-01,DR Congo,1443.6
2018-05-01,DR Congo,1476.3
2018-06-01,DR Congo,1483.1
2018-07-01,DR Congo,1461.0
2018-08-01,DR Congo,1464.3
2018-09-01,DR Congo,1471.1
2018-10-01,DR Congo,1466.2
2018-11-01,DR Congo,1463.3
2018-12-01,DR Congo,1467.1
2019-01-01,DR Congo,1483.4
2019-02-01,DR Congo,1467.6
2019-03-01,DR Congo,1471.1
2019-04-01,DR Congo,1464.4
2019-05-01,DR Congo,1468.2
2019-06-01,DR Congo,1475.5
2019-07-01,DR Congo,1467.7
2019-08-01,DR Congo,1461.1
2019-09-01,DR Congo,1454.8
2019-10-01,DR Congo,1460.8
2019-11-01,DR Congo,1479.9
2019-12-01,DR Congo,1466.6
2020-01-01,DR Congo,1457.8
2020-02-01,DR Congo,1457.3
2020-03-01,DR Congo,1475.5
2020-04-01,DR Congo,1457.8
2020-05-01,DR Congo,1460.7
2020-06-01,DR Congo,1474.8
2020-07-01,DR Congo,1483.0
2020-08-01,DR Congo,1477.9
2020-09-01,DR Congo,1460.7
2020-10-01,DR Congo,1477.1
2020-11-01,DR Congo,1481.9
2020-12-01,DR Congo,1464.0
2021-01-01,DR Congo,1478.9
2021-02-01,DR Congo,1484.9
2021-03-01,DR Congo,1482.0
2021-04-01,DR Congo,1460.8
2021-05-01,DR Congo,1469.7
2021-06-01,DR Congo,1473.3
2021-07-01,DR Congo,1474.3
2021-08-01,DR Congo,1473.5
2021-09-01,DR Congo,1464.8
2021-10-01,DR Congo,1469.8
2021-11-01,DR Congo,1470.0
2021-12-01,DR Congo,1477.1
2022-01-01,DR Congo,1475.5
2022-02-01,DR Congo,1478.0
2022-03-01,DR Congo,1463.3
2022-04-01,DR Congo,1485.1
2022-05-01,DR Congo,1479.6
2022-06-01,DR Congo,1483.4
2022-07-01,DR Congo,1473.3
2022-08-01,DR Congo,1479.0
2022-09-01,DR Congo,1480.5
2022-10-01,DR Congo,1476.8
2022-11-01,DR Congo,1479.3
2022-12-01,DR Congo,1486.1
2023-01-01,DR Congo,1482.9
2023-02-01,DR Congo,1489.9
2023-03-01,DR Congo,1488.8
2023-04-01,DR Congo,1470.6
2023-05-01,DR Congo,1491.9
2023-06-01,DR Congo,1481.6
2023-07-01,DR Congo,1489.0
2023-08-01,DR Congo,1484.8
2023-09-01,DR Congo,1476.8
2023-10-01,DR Congo,1458.4
2023-11-01,DR Congo,1504.1
2023-12-01,DR Congo,1477.0
2024-01-01,DR Congo,1484.2
2024-02-01,DR Congo,1476.6
2024-03-01,DR Congo,1478.6
2024-04-01,DR Congo,1485.4
2024-05-01,DR Congo,1479.7
2024-06-01,DR Congo,1482.3
2024-07-01,DR Congo,1485.3
2024-08-01,DR Congo,1493.9
2024-09-01,DR Congo,1489.6
2024-10-01,DR Congo,1476.1
2024-11-01,DR Congo,1496.2
2024-12-01,DR Congo,1481.0
2025-01-01,DR Congo,1477.3
2025-02-01,DR Congo,1492.1
2025-03-01,DR Congo,1486.4
2025-04-01,DR Congo,1469.8
2025-05-01,DR Congo,1487.2
2025-06-01,DR Congo,1498.8
2025-07-01,DR Congo,1491.4
2025-08-01,DR Congo,1480.1
2025-09-01,DR Congo,1494.8
2025-10-01,DR Congo,1495.5
2025-11-01,DR Congo,1492.2
2025-12-01,DR Congo,1504.1
2026-01-01,DR Congo,1505.3
2026-02-01,DR Congo,1500.6
2026-03-01,DR Congo,1485.6
2026-04-01,DR Congo,1498.1
2026-05-01,DR Congo,1494.8
2000-01-01,Uzbekistan,1576.6
2000-02-01,Uzbekistan,1577.6
2000-03-01,Uzbekistan,1558.0
2000-04-01,Uzbekistan,1581.3
2000-05-01,Uzbekistan,1578.2
2000-06-01,Uzbekistan,1565.9
2000-07-01,Uzbekistan,1572.9
2000-08-01,Uzbekistan,1560.4
2000-09-01,Uzbekistan,1588.8
2000-10-01,Uzbekistan,1596.5
2000-11-01,Uzbekistan,1580.6
2000-12-01,Uzbekistan,1580.2
2001-01-01,Uzbekistan,1573.0
2001-02-01,Uzbekistan,1590.2
2001-03-01,Uzbekistan,1574.8
2001-04-01,Uzbekistan,1577.6
2001-05-01,Uzbekistan,1567.0
2001-06-01,Uzbekistan,1583.9
2001-07-01,Uzbekistan,1575.8
2001-08-01,Uzbekistan,1566.4
2001-09-01,Uzbekistan,1572.4
2001-10-01,Uzbekistan,1598.0
2001-11-01,Uzbekistan,1590.6
2001-12-01,Uzbekistan,1590.2
2002-01-01,Uzbekistan,1570.7
2002-02-01,Uzbekistan,1589.2
2002-03-01,Uzbekistan,1592.0
2002-04-01,Uzbekistan,1594.4
2002-05-01,Uzbekistan,1586.4
2002-06-01,Uzbekistan,1588.3
2002-07-01,Uzbekistan,1589.5
2002-08-01,Uzbekistan,1596.3
2002-09-01,Uzbekistan,1582.7
2002-10-01,Uzbekistan,1588.9
2002-11-01,Uzbekistan,1603.6
2002-12-01,Uzbekistan,1589.0
2003-01-01,Uzbekistan,1590.9
2003-02-01,Uzbekistan,1606.5
2003-03-01,Uzbekistan,1591.5
2003-04-01,Uzbekistan,1600.4
2003-05-01,Uzbekistan,1602.8
2003-06-01,Uzbekistan,1588.0
2003-07-01,Uzbekistan,1594.7
2003-08-01,Uzbekistan,1590.8
2003-09-01,Uzbekistan,1582.4
2003-10-01,Uzbekistan,1582.8
2003-11-01,Uzbekistan,1596.7
2003-12-01,Uzbekistan,1596.5
2004-01-01,Uzbekistan,1599.7
2004-02-01,Uzbekistan,1594.3
2004-03-01,Uzbekistan,1587.0
2004-04-01,Uzbekistan,1611.7
2004-05-01,Uzbekistan,1588.6
2004-06-01,Uzbekistan,1598.5
2004-07-01,Uzbekistan,1589.4
2004-08-01,Uzbekistan,1591.3
2004-09-01,Uzbekistan,1590.9
2004-10-01,Uzbekistan,1595.3
2004-11-01,Uzbekistan,1599.0
2004-12-01,Uzbekistan,1601.3
2005-01-01,Uzbekistan,1587.0
2005-02-01,Uzbekistan,1587.2
2005-03-01,Uzbekistan,1595.1
2005-04-01,Uzbekistan,1598.3
2005-05-01,Uzbekistan,1592.5
2005-06-01,Uzbekistan,1601.3
2005-07-01,Uzbekistan,1597.8
2005-08-01,Uzbekistan,1592.2
2005-09-01,Uzbekistan,1605.8
2005-10-01,Uzbekistan,1602.5
2005-11-01,Uzbekistan,1601.3
2005-12-01,Uzbekistan,1596.1
2006-01-01,Uzbekistan,1597.1
2006-02-01,Uzbekistan,1611.7
2006-03-01,Uzbekistan,1603.2
2006-04-01,Uzbekistan,1592.9
2006-05-01,Uzbekistan,1608.9
2006-06-01,Uzbekistan,1619.5
2006-07-01,Uzbekistan,1596.6
2006-08-01,Uzbekistan,1603.2
2006-09-01,Uzbekistan,1601.9
2006-10-01,Uzbekistan,1608.4
2006-11-01,Uzbekistan,1602.6
2006-12-01,Uzbekistan,1598.4
2007-01-01,Uzbekistan,1612.2
2007-02-01,Uzbekistan,1610.1
2007-03-01,Uzbekistan,1617.5
2007-04-01,Uzbekistan,1617.4
2007-05-01,Uzbekistan,1605.2
2007-06-01,Uzbekistan,1613.7
2007-07-01,Uzbekistan,1613.4
2007-08-01,Uzbekistan,1616.1
2007-09-01,Uzbekistan,1607.9
2007-10-01,Uzbekistan,1594.3
2007-11-01,Uzbekistan,1598.0
2007-12-01,Uzbekistan,1602.6
2008-01-01,Uzbekistan,1605.9
2008-02-01,Uzbekistan,1616.4
2008-03-01,Uzbekistan,1613.8
2008-04-01,Uzbekistan,1612.7
2008-05-01,Uzbekistan,1612.1
2008-06-01,Uzbekistan,1605.8
2008-07-01,Uzbekistan,1625.0
2008-08-01,Uzbekistan,1612.7
2008-09-01,Uzbekistan,1611.8
2008-10-01,Uzbekistan,1610.2
2008-11-01,Uzbekistan,1600.1
2008-12-01,Uzbekistan,1620.3
2009-01-01,Uzbekistan,1619.9
2009-02-01,Uzbekistan,1631.3
2009-03-01,Uzbekistan,1620.5
2009-04-01,Uzbekistan,1620.6
2009-05-01,Uzbekistan,1610.4
2009-06-01,Uzbekistan,1617.2
2009-07-01,Uzbekistan,1619.4
2009-08-01,Uzbekistan,1599.1
2009-09-01,Uzbekistan,1629.2
2009-10-01,Uzbekistan,1618.6
2009-11-01,Uzbekistan,1624.3
2009-12-01,Uzbekistan,1623.6
2010-01-01,Uzbekistan,1610.7
2010-02-01,Uzbekistan,1612.5
2010-03-01,Uzbekistan,1617.3
2010-04-01,Uzbekistan,1616.0
2010-05-01,Uzbekistan,1621.0
2010-06-01,Uzbekistan,1626.4
2010-07-01,Uzbekistan,1605.0
2010-08-01,Uzbekistan,1616.1
2010-09-01,Uzbekistan,1626.0
2010-10-01,Uzbekistan,1605.6
2010-11-01,Uzbekistan,1623.3
2010-12-01,Uzbekistan,1627.2
2011-01-01,Uzbekistan,1614.5
2011-02-01,Uzbekistan,1624.7
2011-03-01,Uzbekistan,1627.9
2011-04-01,Uzbekistan,1626.2
2011-05-01,Uzbekistan,1628.3
2011-06-01,Uzbekistan,1625.4
2011-07-01,Uzbekistan,1624.7
2011-08-01,Uzbekistan,1624.5
2011-09-01,Uzbekistan,1630.5
2011-10-01,Uzbekistan,1617.8
2011-11-01,Uzbekistan,1628.4
2011-12-01,Uzbekistan,1612.1
2012-01-01,Uzbekistan,1615.2
2012-02-01,Uzbekistan,1605.7
2012-03-01,Uzbekistan,1621.7
2012-04-01,Uzbekistan,1618.8
2012-05-01,Uzbekistan,1624.6
2012-06-01,Uzbekistan,1627.2
2012-07-01,Uzbekistan,1620.2
2012-08-01,Uzbekistan,1632.5
2012-09-01,Uzbekistan,1630.2
2012-10-01,Uzbekistan,1616.8
2012-11-01,Uzbekistan,1609.7
2012-12-01,Uzbekistan,1625.6
2013-01-01,Uzbekistan,1621.9
2013-02-01,Uzbekistan,1638.2
2013-03-01,Uzbekistan,1634.5
2013-04-01,Uzbekistan,1625.6
2013-05-01,Uzbekistan,1633.0
2013-06-01,Uzbekistan,1631.3
2013-07-01,Uzbekistan,1638.2
2013-08-01,Uzbekistan,1624.1
2013-09-01,Uzbekistan,1651.3
2013-10-01,Uzbekistan,1634.5
2013-11-01,Uzbekistan,1631.4
2013-12-01,Uzbekistan,1634.3
2014-01-01,Uzbekistan,1630.4
2014-02-01,Uzbekistan,1632.7
2014-03-01,Uzbekistan,1626.2
2014-04-01,Uzbekistan,1641.8
2014-05-01,Uzbekistan,1632.3
2014-06-01,Uzbekistan,1633.3
2014-07-01,Uzbekistan,1631.7
2014-08-01,Uzbekistan,1631.9
2014-09-01,Uzbekistan,1628.0
2014-10-01,Uzbekistan,1632.3
2014-11-01,Uzbekistan,1613.1
2014-12-01,Uzbekistan,1643.6
2015-01-01,Uzbekistan,1635.5
2015-02-01,Uzbekistan,1633.0
2015-03-01,Uzbekistan,1646.0
2015-04-01,Uzbekistan,1652.1
2015-05-01,Uzbekistan,1627.0
2015-06-01,Uzbekistan,1648.0
2015-07-01,Uzbekistan,1627.7
2015-08-01,Uzbekistan,1638.7
2015-09-01,Uzbekistan,1649.4
2015-10-01,Uzbekistan,1629.8
2015-11-01,Uzbekistan,1630.8
2015-12-01,Uzbekistan,1648.0
2016-01-01,Uzbekistan,1620.1
2016-02-01,Uzbekistan,1653.0
2016-03-01,Uzbekistan,1630.9
2016-04-01,Uzbekistan,1644.2
2016-05-01,Uzbekistan,1630.7
2016-06-01,Uzbekistan,1640.8
2016-07-01,Uzbekistan,1636.4
2016-08-01,Uzbekistan,1637.7
2016-09-01,Uzbekistan,1634.4
2016-10-01,Uzbekistan,1643.8
2016-11-01,Uzbekistan,1637.7
2016-12-01,Uzbekistan,1646.3
2017-01-01,Uzbekistan,1647.4
2017-02-01,Uzbekistan,1644.9
2017-03-01,Uzbekistan,1649.2
2017-04-01,Uzbekistan,1646.0
2017-05-01,Uzbekistan,1629.6
2017-06-01,Uzbekistan,1648.3
2017-07-01,Uzbekistan,1641.2
2017-08-01,Uzbekistan,1637.4
2017-09-01,Uzbekistan,1635.6
2017-10-01,Uzbekistan,1638.5
2017-11-01,Uzbekistan,1650.0
2017-12-01,Uzbekistan,1629.3
2018-01-01,Uzbekistan,1653.8
2018-02-01,Uzbekistan,1638.2
2018-03-01,Uzbekistan,1649.0
2018-04-01,Uzbekistan,1663.9
2018-05-01,Uzbekistan,1652.0
2018-06-01,Uzbekistan,1644.9
2018-07-01,Uzbekistan,1635.5
2018-08-01,Uzbekistan,1651.3
2018-09-01,Uzbekistan,1642.7
2018-10-01,Uzbekistan,1643.3
2018-11-01,Uzbekistan,1666.4
2018-12-01,Uzbekistan,1648.4
2019-01-01,Uzbekistan,1645.3
2019-02-01,Uzbekistan,1650.7
2019-03-01,Uzbekistan,1645.7
2019-04-01,Uzbekistan,1650.6
2019-05-01,Uzbekistan,1648.5
2019-06-01,Uzbekistan,1654.9
2019-07-01,Uzbekistan,1649.7
2019-08-01,Uzbekistan,1664.6
2019-09-01,Uzbekistan,1661.6
2019-10-01,Uzbekistan,1646.2
2019-11-01,Uzbekistan,1648.5
2019-12-01,Uzbekistan,1645.8
2020-01-01,Uzbekistan,1657.7
2020-02-01,Uzbekistan,1663.2
2020-03-01,Uzbekistan,1655.1
2020-04-01,Uzbekistan,1667.7
2020-05-01,Uzbekistan,1662.5
2020-06-01,Uzbekistan,1662.4
2020-07-01,Uzbekistan,1668.0
2020-08-01,Uzbekistan,1658.7
2020-09-01,Uzbekistan,1660.5
2020-10-01,Uzbekistan,1659.8
2020-11-01,Uzbekistan,1656.2
2020-12-01,Uzbekistan,1651.4
2021-01-01,Uzbekistan,1668.6
2021-02-01,Uzbekistan,1656.0
2021-03-01,Uzbekistan,1659.7
2021-04-01,Uzbekistan,1669.9
2021-05-01,Uzbekistan,1675.9
2021-06-01,Uzbekistan,1675.2
2021-07-01,Uzbekistan,1666.2
2021-08-01,Uzbekistan,1662.8
2021-09-01,Uzbekistan,1668.6
2021-10-01,Uzbekistan,1655.9
2021-11-01,Uzbekistan,1661.0
2021-12-01,Uzbekistan,1674.8
2022-01-01,Uzbekistan,1665.9
2022-02-01,Uzbekistan,1665.2
2022-03-01,Uzbekistan,1664.3
2022-04-01,Uzbekistan,1676.6
2022-05-01,Uzbekistan,1666.9
2022-06-01,Uzbekistan,1658.2
2022-07-01,Uzbekistan,1661.4
2022-08-01,Uzbekistan,1666.0
2022-09-01,Uzbekistan,1655.5
2022-10-01,Uzbekistan,1664.0
2022-11-01,Uzbekistan,1660.2
2022-12-01,Uzbekistan,1653.7
2023-01-01,Uzbekistan,1670.8
2023-02-01,Uzbekistan,1674.5
2023-03-01,Uzbekistan,1677.5
2023-04-01,Uzbekistan,1668.4
2023-05-01,Uzbekistan,1665.2
2023-06-01,Uzbekistan,1666.8
2023-07-01,Uzbekistan,1682.0
2023-08-01,Uzbekistan,1661.2
2023-09-01,Uzbekistan,1667.9
2023-10-01,Uzbekistan,1662.7
2023-11-01,Uzbekistan,1676.1
2023-12-01,Uzbekistan,1664.2
2024-01-01,Uzbekistan,1659.3
2024-02-01,Uzbekistan,1668.6
2024-03-01,Uzbekistan,1673.8
2024-04-01,Uzbekistan,1679.3
2024-05-01,Uzbekistan,1680.9
2024-06-01,Uzbekistan,1665.2
2024-07-01,Uzbekistan,1668.8
2024-08-01,Uzbekistan,1671.5
2024-09-01,Uzbekistan,1671.4
2024-10-01,Uzbekistan,1659.4
2024-11-01,Uzbekistan,1671.2
2024-12-01,Uzbekistan,1666.1
2025-01-01,Uzbekistan,1681.4
2025-02-01,Uzbekistan,1689.3
2025-03-01,Uzbekistan,1680.7
2025-04-01,Uzbekistan,1672.8
2025-05-01,Uzbekistan,1675.1
2025-06-01,Uzbekistan,1689.0
2025-07-01,Uzbekistan,1662.8
2025-08-01,Uzbekistan,1677.8
2025-09-01,Uzbekistan,1682.0
2025-10-01,Uzbekistan,1686.0
2025-11-01,Uzbekistan,1660.7
2025-12-01,Uzbekistan,1669.3
2026-01-01,Uzbekistan,1676.4
2026-02-01,Uzbekistan,1678.0
2026-03-01,Uzbekistan,1675.5
2026-04-01,Uzbekistan,1677.4
2026-05-01,Uzbekistan,1678.4
2000-01-01,Norway,1774.1
2000-02-01,Norway,1773.3
2000-03-01,Norway,1779.1
2000-04-01,Norway,1784.3
2000-05-01,Norway,1788.1
2000-06-01,Norway,1773.6
2000-07-01,Norway,1784.3
2000-08-01,Norway,1776.6
2000-09-01,Norway,1766.1
2000-10-01,Norway,1768.6
2000-11-01,Norway,1782.8
2000-12-01,Norway,1781.5
2001-01-01,Norway,1788.6
2001-02-01,Norway,1780.8
2001-03-01,Norway,1769.1
2001-04-01,Norway,1793.4
2001-05-01,Norway,1779.3
2001-06-01,Norway,1775.4
2001-07-01,Norway,1769.5
2001-08-01,Norway,1772.4
2001-09-01,Norway,1783.9
2001-10-01,Norway,1778.0
2001-11-01,Norway,1763.7
2001-12-01,Norway,1773.5
2002-01-01,Norway,1775.5
2002-02-01,Norway,1777.1
2002-03-01,Norway,1783.8
2002-04-01,Norway,1768.9
2002-05-01,Norway,1783.2
2002-06-01,Norway,1801.8
2002-07-01,Norway,1776.7
2002-08-01,Norway,1793.0
2002-09-01,Norway,1778.3
2002-10-01,Norway,1772.2
2002-11-01,Norway,1763.3
2002-12-01,Norway,1791.2
2003-01-01,Norway,1788.9
2003-02-01,Norway,1765.4
2003-03-01,Norway,1786.7
2003-04-01,Norway,1774.0
2003-05-01,Norway,1804.2
2003-06-01,Norway,1786.3
2003-07-01,Norway,1783.3
2003-08-01,Norway,1783.2
2003-09-01,Norway,1789.3
2003-10-01,Norway,1783.3
2003-11-01,Norway,1777.5
2003-12-01,Norway,1790.6
2004-01-01,Norway,1782.9
2004-02-01,Norway,1797.6
2004-03-01,Norway,1800.5
2004-04-01,Norway,1787.4
2004-05-01,Norway,1776.7
2004-06-01,Norway,1787.9
2004-07-01,Norway,1790.0
2004-08-01,Norway,1778.9
2004-09-01,Norway,1773.8
2004-10-01,Norway,1774.1
2004-11-01,Norway,1799.6
2004-12-01,Norway,1796.8
2005-01-01,Norway,1783.4
2005-02-01,Norway,1802.6
2005-03-01,Norway,1795.7
2005-04-01,Norway,1797.1
2005-05-01,Norway,1763.6
2005-06-01,Norway,1788.1
2005-07-01,Norway,1802.8
2005-08-01,Norway,1776.0
2005-09-01,Norway,1807.3
2005-10-01,Norway,1799.6
2005-11-01,Norway,1792.1
2005-12-01,Norway,1785.9
2006-01-01,Norway,1804.2
2006-02-01,Norway,1800.3
2006-03-01,Norway,1795.2
2006-04-01,Norway,1802.3
2006-05-01,Norway,1789.0
2006-06-01,Norway,1793.0
2006-07-01,Norway,1795.0
2006-08-01,Norway,1793.0
2006-09-01,Norway,1798.5
2006-10-01,Norway,1796.5
2006-11-01,Norway,1802.7
2006-12-01,Norway,1800.8
2007-01-01,Norway,1810.4
2007-02-01,Norway,1788.7
2007-03-01,Norway,1810.4
2007-04-01,Norway,1797.4
2007-05-01,Norway,1795.5
2007-06-01,Norway,1795.3
2007-07-01,Norway,1794.3
2007-08-01,Norway,1796.3
2007-09-01,Norway,1804.3
2007-10-01,Norway,1813.4
2007-11-01,Norway,1804.7
2007-12-01,Norway,1795.0
2008-01-01,Norway,1794.6
2008-02-01,Norway,1802.2
2008-03-01,Norway,1804.3
2008-04-01,Norway,1799.3
2008-05-01,Norway,1803.9
2008-06-01,Norway,1803.2
2008-07-01,Norway,1816.8
2008-08-01,Norway,1792.7
2008-09-01,Norway,1806.0
2008-10-01,Norway,1804.0
2008-11-01,Norway,1808.9
2008-12-01,Norway,1809.1
2009-01-01,Norway,1819.9
2009-02-01,Norway,1808.9
2009-03-01,Norway,1806.0
2009-04-01,Norway,1812.3
2009-05-01,Norway,1793.6
2009-06-01,Norway,1809.6
2009-07-01,Norway,1811.8
2009-08-01,Norway,1810.1
2009-09-01,Norway,1805.7
2009-10-01,Norway,1811.8
2009-11-01,Norway,1811.1
2009-12-01,Norway,1814.2
2010-01-01,Norway,1817.2
2010-02-01,Norway,1815.2
2010-03-01,Norway,1814.1
2010-04-01,Norway,1809.9
2010-05-01,Norway,1817.3
2010-06-01,Norway,1828.9
2010-07-01,Norway,1821.3
2010-08-01,Norway,1809.9
2010-09-01,Norway,1805.0
2010-10-01,Norway,1816.1
2010-11-01,Norway,1820.8
2010-12-01,Norway,1811.1
2011-01-01,Norway,1815.8
2011-02-01,Norway,1814.0
2011-03-01,Norway,1834.2
2011-04-01,Norway,1818.6
2011-05-01,Norway,1823.3
2011-06-01,Norway,1808.9
2011-07-01,Norway,1814.9
2011-08-01,Norway,1834.3
2011-09-01,Norway,1816.8
2011-10-01,Norway,1823.0
2011-11-01,Norway,1807.6
2011-12-01,Norway,1817.4
2012-01-01,Norway,1805.1
2012-02-01,Norway,1817.0
2012-03-01,Norway,1820.9
2012-04-01,Norway,1829.2
2012-05-01,Norway,1819.8
2012-06-01,Norway,1820.5
2012-07-01,Norway,1813.6
2012-08-01,Norway,1819.9
2012-09-01,Norway,1827.1
2012-10-01,Norway,1800.2
2012-11-01,Norway,1828.0
2012-12-01,Norway,1818.2
2013-01-01,Norway,1823.5
2013-02-01,Norway,1821.5
2013-03-01,Norway,1819.9
2013-04-01,Norway,1815.2
2013-05-01,Norway,1817.7
2013-06-01,Norway,1816.0
2013-07-01,Norway,1829.8
2013-08-01,Norway,1836.7
2013-09-01,Norway,1821.7
2013-10-01,Norway,1820.4
2013-11-01,Norway,1823.8
2013-12-01,Norway,1815.8
2014-01-01,Norway,1831.7
2014-02-01,Norway,1827.7
2014-03-01,Norway,1811.5
2014-04-01,Norway,1833.3
2014-05-01,Norway,1818.1
2014-06-01,Norway,1826.9
2014-07-01,Norway,1825.6
2014-08-01,Norway,1834.3
2014-09-01,Norway,1824.7
2014-10-01,Norway,1839.8
2014-11-01,Norway,1837.6
2014-12-01,Norway,1828.2
2015-01-01,Norway,1849.0
2015-02-01,Norway,1829.3
2015-03-01,Norway,1826.4
2015-04-01,Norway,1847.1
2015-05-01,Norway,1839.1
2015-06-01,Norway,1839.8
2015-07-01,Norway,1838.7
2015-08-01,Norway,1839.0
2015-09-01,Norway,1834.6
2015-10-01,Norway,1826.3
2015-11-01,Norway,1820.7
2015-12-01,Norway,1828.9
2016-01-01,Norway,1838.5
2016-02-01,Norway,1845.4
2016-03-01,Norway,1833.0
2016-04-01,Norway,1822.5
2016-05-01,Norway,1847.7
2016-06-01,Norway,1846.4
2016-07-01,Norway,1833.5
2016-08-01,Norway,1839.2
2016-09-01,Norway,1833.2
2016-10-01,Norway,1827.4
2016-11-01,Norway,1835.4
2016-12-01,Norway,1823.8
2017-01-01,Norway,1841.9
2017-02-01,Norway,1843.2
2017-03-01,Norway,1833.6
2017-04-01,Norway,1847.4
2017-05-01,Norway,1828.9
2017-06-01,Norway,1831.2
2017-07-01,Norway,1846.4
2017-08-01,Norway,1843.6
2017-09-01,Norway,1836.0
2017-10-01,Norway,1841.2
2017-11-01,Norway,1836.1
2017-12-01,Norway,1835.8
2018-01-01,Norway,1846.3
2018-02-01,Norway,1842.3
2018-03-01,Norway,1840.7
2018-04-01,Norway,1841.1
2018-05-01,Norway,1863.4
2018-06-01,Norway,1849.7
2018-07-01,Norway,1839.9
2018-08-01,Norway,1836.1
2018-09-01,Norway,1843.4
2018-10-01,Norway,1830.4
2018-11-01,Norway,1854.7
2018-12-01,Norway,1838.8
2019-01-01,Norway,1847.2
2019-02-01,Norway,1855.6
2019-03-01,Norway,1860.4
2019-04-01,Norway,1842.9
2019-05-01,Norway,1853.4
2019-06-01,Norway,1864.1
2019-07-01,Norway,1835.4
2019-08-01,Norway,1842.0
2019-09-01,Norway,1850.5
2019-10-01,Norway,1841.1
2019-11-01,Norway,1843.7
2019-12-01,Norway,1852.7
2020-01-01,Norway,1863.0
2020-02-01,Norway,1862.0
2020-03-01,Norway,1845.6
2020-04-01,Norway,1850.5
2020-05-01,Norway,1843.2
2020-06-01,Norway,1865.0
2020-07-01,Norway,1855.3
2020-08-01,Norway,1851.0
2020-09-01,Norway,1851.9
2020-10-01,Norway,1850.6
2020-11-01,Norway,1847.7
2020-12-01,Norway,1849.7
2021-01-01,Norway,1851.3
2021-02-01,Norway,1859.8
2021-03-01,Norway,1846.4
2021-04-01,Norway,1858.0
2021-05-01,Norway,1841.6
2021-06-01,Norway,1861.0
2021-07-01,Norway,1847.3
2021-08-01,Norway,1851.2
2021-09-01,Norway,1853.4
2021-10-01,Norway,1852.3
2021-11-01,Norway,1875.9
2021-12-01,Norway,1849.1
2022-01-01,Norway,1858.2
2022-02-01,Norway,1849.6
2022-03-01,Norway,1874.4
2022-04-01,Norway,1858.2
2022-05-01,Norway,1849.5
2022-06-01,Norway,1871.8
2022-07-01,Norway,1864.7
2022-08-01,Norway,1859.4
2022-09-01,Norway,1859.5
2022-10-01,Norway,1860.0
2022-11-01,Norway,1868.3
2022-12-01,Norway,1869.7
2023-01-01,Norway,1843.2
2023-02-01,Norway,1858.5
2023-03-01,Norway,1863.8
2023-04-01,Norway,1857.3
2023-05-01,Norway,1856.5
2023-06-01,Norway,1867.5
2023-07-01,Norway,1875.8
2023-08-01,Norway,1863.5
2023-09-01,Norway,1860.7
2023-10-01,Norway,1853.5
2023-11-01,Norway,1875.4
2023-12-01,Norway,1866.5
2024-01-01,Norway,1869.3
2024-02-01,Norway,1869.2
2024-03-01,Norway,1875.3
2024-04-01,Norway,1864.5
2024-05-01,Norway,1872.5
2024-06-01,Norway,1864.8
2024-07-01,Norway,1861.9
2024-08-01,Norway,1860.2
2024-09-01,Norway,1859.1
2024-10-01,Norway,1853.9
2024-11-01,Norway,1880.2
2024-12-01,Norway,1876.1
2025-01-01,Norway,1868.7
2025-02-01,Norway,1871.0
2025-03-01,Norway,1871.9
2025-04-01,Norway,1876.1
2025-05-01,Norway,1879.1
2025-06-01,Norway,1876.0
2025-07-01,Norway,1862.6
2025-08-01,Norway,1868.4
2025-09-01,Norway,1867.7
2025-10-01,Norway,1843.2
2025-11-01,Norway,1872.2
2025-12-01,Norway,1850.8
2026-01-01,Norway,1887.4
2026-02-01,Norway,1863.2
2026-03-01,Norway,1874.3
2026-04-01,Norway,1885.3
2026-05-01,Norway,1867.3
2000-01-01,Bosnia and Herzegovina,1282.1
2000-02-01,Bosnia and Herzegovina,1271.6
2000-03-01,Bosnia and Herzegovina,1278.0
2000-04-01,Bosnia and Herzegovina,1274.2
2000-05-01,Bosnia and Herzegovina,1284.8
2000-06-01,Bosnia and Herzegovina,1282.3
2000-07-01,Bosnia and Herzegovina,1283.7
2000-08-01,Bosnia and Herzegovina,1280.4
2000-09-01,Bosnia and Herzegovina,1274.5
2000-10-01,Bosnia and Herzegovina,1284.4
2000-11-01,Bosnia and Herzegovina,1282.3
2000-12-01,Bosnia and Herzegovina,1269.9
2001-01-01,Bosnia and Herzegovina,1290.4
2001-02-01,Bosnia and Herzegovina,1289.5
2001-03-01,Bosnia and Herzegovina,1291.5
2001-04-01,Bosnia and Herzegovina,1287.3
2001-05-01,Bosnia and Herzegovina,1276.5
2001-06-01,Bosnia and Herzegovina,1284.0
2001-07-01,Bosnia and Herzegovina,1273.0
2001-08-01,Bosnia and Herzegovina,1288.9
2001-09-01,Bosnia and Herzegovina,1293.9
2001-10-01,Bosnia and Herzegovina,1300.3
2001-11-01,Bosnia and Herzegovina,1280.6
2001-12-01,Bosnia and Herzegovina,1269.4
2002-01-01,Bosnia and Herzegovina,1281.3
2002-02-01,Bosnia and Herzegovina,1281.4
2002-03-01,Bosnia and Herzegovina,1282.7
2002-04-01,Bosnia and Herzegovina,1301.6
2002-05-01,Bosnia and Herzegovina,1289.4
2002-06-01,Bosnia and Herzegovina,1299.0
2002-07-01,Bosnia and Herzegovina,1295.1
2002-08-01,Bosnia and Herzegovina,1294.3
2002-09-01,Bosnia and Herzegovina,1292.0
2002-10-01,Bosnia and Herzegovina,1283.9
2002-11-01,Bosnia and Herzegovina,1292.1
2002-12-01,Bosnia and Herzegovina,1304.7
2003-01-01,Bosnia and Herzegovina,1292.4
2003-02-01,Bosnia and Herzegovina,1294.5
2003-03-01,Bosnia and Herzegovina,1284.4
2003-04-01,Bosnia and Herzegovina,1289.2
2003-05-01,Bosnia and Herzegovina,1288.1
2003-06-01,Bosnia and Herzegovina,1305.3
2003-07-01,Bosnia and Herzegovina,1290.3
2003-08-01,Bosnia and Herzegovina,1293.5
2003-09-01,Bosnia and Herzegovina,1304.6
2003-10-01,Bosnia and Herzegovina,1297.4
2003-11-01,Bosnia and Herzegovina,1292.9
2003-12-01,Bosnia and Herzegovina,1293.9
2004-01-01,Bosnia and Herzegovina,1296.6
2004-02-01,Bosnia and Herzegovina,1304.3
2004-03-01,Bosnia and Herzegovina,1292.1
2004-04-01,Bosnia and Herzegovina,1293.7
2004-05-01,Bosnia and Herzegovina,1291.6
2004-06-01,Bosnia and Herzegovina,1304.4
2004-07-01,Bosnia and Herzegovina,1305.3
2004-08-01,Bosnia and Herzegovina,1296.1
2004-09-01,Bosnia and Herzegovina,1297.6
2004-10-01,Bosnia and Herzegovina,1308.5
2004-11-01,Bosnia and Herzegovina,1300.6
2004-12-01,Bosnia and Herzegovina,1289.4
2005-01-01,Bosnia and Herzegovina,1294.0
2005-02-01,Bosnia and Herzegovina,1301.7
2005-03-01,Bosnia and Herzegovina,1310.8
2005-04-01,Bosnia and Herzegovina,1303.8
2005-05-01,Bosnia and Herzegovina,1295.1
2005-06-01,Bosnia and Herzegovina,1309.1
2005-07-01,Bosnia and Herzegovina,1295.5
2005-08-01,Bosnia and Herzegovina,1299.3
2005-09-01,Bosnia and Herzegovina,1319.0
2005-10-01,Bosnia and Herzegovina,1295.6
2005-11-01,Bosnia and Herzegovina,1300.5
2005-12-01,Bosnia and Herzegovina,1302.2
2006-01-01,Bosnia and Herzegovina,1293.7
2006-02-01,Bosnia and Herzegovina,1311.4
2006-03-01,Bosnia and Herzegovina,1303.7
2006-04-01,Bosnia and Herzegovina,1306.3
2006-05-01,Bosnia and Herzegovina,1303.1
2006-06-01,Bosnia and Herzegovina,1294.2
2006-07-01,Bosnia and Herzegovina,1309.7
2006-08-01,Bosnia and Herzegovina,1313.7
2006-09-01,Bosnia and Herzegovina,1294.6
2006-10-01,Bosnia and Herzegovina,1304.2
2006-11-01,Bosnia and Herzegovina,1311.9
2006-12-01,Bosnia and Herzegovina,1301.2
2007-01-01,Bosnia and Herzegovina,1306.5
2007-02-01,Bosnia and Herzegovina,1310.1
2007-03-01,Bosnia and Herzegovina,1305.0
2007-04-01,Bosnia and Herzegovina,1310.1
2007-05-01,Bosnia and Herzegovina,1302.4
2007-06-01,Bosnia and Herzegovina,1309.3
2007-07-01,Bosnia and Herzegovina,1305.0
2007-08-01,Bosnia and Herzegovina,1308.6
2007-09-01,Bosnia and Herzegovina,1311.2
2007-10-01,Bosnia and Herzegovina,1301.5
2007-11-01,Bosnia and Herzegovina,1302.5
2007-12-01,Bosnia and Herzegovina,1307.5
2008-01-01,Bosnia and Herzegovina,1301.3
2008-02-01,Bosnia and Herzegovina,1306.7
2008-03-01,Bosnia and Herzegovina,1302.7
2008-04-01,Bosnia and Herzegovina,1310.4
2008-05-01,Bosnia and Herzegovina,1316.2
2008-06-01,Bosnia and Herzegovina,1318.5
2008-07-01,Bosnia and Herzegovina,1321.9
2008-08-01,Bosnia and Herzegovina,1312.3
2008-09-01,Bosnia and Herzegovina,1301.7
2008-10-01,Bosnia and Herzegovina,1301.4
2008-11-01,Bosnia and Herzegovina,1314.2
2008-12-01,Bosnia and Herzegovina,1308.0
2009-01-01,Bosnia and Herzegovina,1307.9
2009-02-01,Bosnia and Herzegovina,1322.2
2009-03-01,Bosnia and Herzegovina,1327.3
2009-04-01,Bosnia and Herzegovina,1318.4
2009-05-01,Bosnia and Herzegovina,1322.0
2009-06-01,Bosnia and Herzegovina,1310.9
2009-07-01,Bosnia and Herzegovina,1311.4
2009-08-01,Bosnia and Herzegovina,1290.5
2009-09-01,Bosnia and Herzegovina,1323.4
2009-10-01,Bosnia and Herzegovina,1320.5
2009-11-01,Bosnia and Herzegovina,1314.9
2009-12-01,Bosnia and Herzegovina,1325.2
2010-01-01,Bosnia and Herzegovina,1322.2
2010-02-01,Bosnia and Herzegovina,1319.2
2010-03-01,Bosnia and Herzegovina,1327.9
2010-04-01,Bosnia and Herzegovina,1315.0
2010-05-01,Bosnia and Herzegovina,1315.0
2010-06-01,Bosnia and Herzegovina,1315.2
2010-07-01,Bosnia and Herzegovina,1309.4
2010-08-01,Bosnia and Herzegovina,1333.2
2010-09-01,Bosnia and Herzegovina,1311.1
2010-10-01,Bosnia and Herzegovina,1316.5
2010-11-01,Bosnia and Herzegovina,1321.3
2010-12-01,Bosnia and Herzegovina,1322.9
2011-01-01,Bosnia and Herzegovina,1327.4
2011-02-01,Bosnia and Herzegovina,1310.3
2011-03-01,Bosnia and Herzegovina,1312.0
2011-04-01,Bosnia and Herzegovina,1325.6
2011-05-01,Bosnia and Herzegovina,1334.9
2011-06-01,Bosnia and Herzegovina,1334.5
2011-07-01,Bosnia and Herzegovina,1331.6
2011-08-01,Bosnia and Herzegovina,1320.9
2011-09-01,Bosnia and Herzegovina,1318.9
2011-10-01,Bosnia and Herzegovina,1313.0
2011-11-01,Bosnia and Herzegovina,1326.8
2011-12-01,Bosnia and Herzegovina,1329.4
2012-01-01,Bosnia and Herzegovina,1328.3
2012-02-01,Bosnia and Herzegovina,1335.1
2012-03-01,Bosnia and Herzegovina,1331.9
2012-04-01,Bosnia and Herzegovina,1329.9
2012-05-01,Bosnia and Herzegovina,1326.2
2012-06-01,Bosnia and Herzegovina,1313.0
2012-07-01,Bosnia and Herzegovina,1326.3
2012-08-01,Bosnia and Herzegovina,1315.6
2012-09-01,Bosnia and Herzegovina,1326.2
2012-10-01,Bosnia and Herzegovina,1305.1
2012-11-01,Bosnia and Herzegovina,1324.3
2012-12-01,Bosnia and Herzegovina,1330.8
2013-01-01,Bosnia and Herzegovina,1317.5
2013-02-01,Bosnia and Herzegovina,1334.3
2013-03-01,Bosnia and Herzegovina,1323.2
2013-04-01,Bosnia and Herzegovina,1332.5
2013-05-01,Bosnia and Herzegovina,1328.5
2013-06-01,Bosnia and Herzegovina,1328.5
2013-07-01,Bosnia and Herzegovina,1339.8
2013-08-01,Bosnia and Herzegovina,1335.6
2013-09-01,Bosnia and Herzegovina,1315.1
2013-10-01,Bosnia and Herzegovina,1323.3
2013-11-01,Bosnia and Herzegovina,1325.8
2013-12-01,Bosnia and Herzegovina,1340.8
2014-01-01,Bosnia and Herzegovina,1330.4
2014-02-01,Bosnia and Herzegovina,1325.1
2014-03-01,Bosnia and Herzegovina,1331.1
2014-04-01,Bosnia and Herzegovina,1329.5
2014-05-01,Bosnia and Herzegovina,1329.2
2014-06-01,Bosnia and Herzegovina,1334.2
2014-07-01,Bosnia and Herzegovina,1339.8
2014-08-01,Bosnia and Herzegovina,1338.4
2014-09-01,Bosnia and Herzegovina,1346.2
2014-10-01,Bosnia and Herzegovina,1337.5
2014-11-01,Bosnia and Herzegovina,1338.4
2014-12-01,Bosnia and Herzegovina,1335.6
2015-01-01,Bosnia and Herzegovina,1332.8
2015-02-01,Bosnia and Herzegovina,1333.5
2015-03-01,Bosnia and Herzegovina,1329.3
2015-04-01,Bosnia and Herzegovina,1323.6
2015-05-01,Bosnia and Herzegovina,1342.1
2015-06-01,Bosnia and Herzegovina,1339.8
2015-07-01,Bosnia and Herzegovina,1328.2
2015-08-01,Bosnia and Herzegovina,1340.2
2015-09-01,Bosnia and Herzegovina,1340.0
2015-10-01,Bosnia and Herzegovina,1343.2
2015-11-01,Bosnia and Herzegovina,1334.6
2015-12-01,Bosnia and Herzegovina,1332.1
2016-01-01,Bosnia and Herzegovina,1336.4
2016-02-01,Bosnia and Herzegovina,1347.9
2016-03-01,Bosnia and Herzegovina,1348.6
2016-04-01,Bosnia and Herzegovina,1334.7
2016-05-01,Bosnia and Herzegovina,1341.7
2016-06-01,Bosnia and Herzegovina,1338.5
2016-07-01,Bosnia and Herzegovina,1337.0
2016-08-01,Bosnia and Herzegovina,1344.8
2016-09-01,Bosnia and Herzegovina,1342.7
2016-10-01,Bosnia and Herzegovina,1322.4
2016-11-01,Bosnia and Herzegovina,1343.2
2016-12-01,Bosnia and Herzegovina,1353.2
2017-01-01,Bosnia and Herzegovina,1345.6
2017-02-01,Bosnia and Herzegovina,1356.7
2017-03-01,Bosnia and Herzegovina,1347.8
2017-04-01,Bosnia and Herzegovina,1361.3
2017-05-01,Bosnia and Herzegovina,1361.4
2017-06-01,Bosnia and Herzegovina,1361.4
2017-07-01,Bosnia and Herzegovina,1350.8
2017-08-01,Bosnia and Herzegovina,1347.3
2017-09-01,Bosnia and Herzegovina,1335.5
2017-10-01,Bosnia and Herzegovina,1334.5
2017-11-01,Bosnia and Herzegovina,1356.5
2017-12-01,Bosnia and Herzegovina,1338.6
2018-01-01,Bosnia and Herzegovina,1361.5
2018-02-01,Bosnia and Herzegovina,1343.3
2018-03-01,Bosnia and Herzegovina,1332.7
2018-04-01,Bosnia and Herzegovina,1342.4
2018-05-01,Bosnia and Herzegovina,1337.9
2018-06-01,Bosnia and Herzegovina,1360.9
2018-07-01,Bosnia and Herzegovina,1347.1
2018-08-01,Bosnia and Herzegovina,1346.8
2018-09-01,Bosnia and Herzegovina,1345.0
2018-10-01,Bosnia and Herzegovina,1349.1
2018-11-01,Bosnia and Herzegovina,1351.5
2018-12-01,Bosnia and Herzegovina,1344.7
2019-01-01,Bosnia and Herzegovina,1340.1
2019-02-01,Bosnia and Herzegovina,1340.5
2019-03-01,Bosnia and Herzegovina,1345.5
2019-04-01,Bosnia and Herzegovina,1341.2
2019-05-01,Bosnia and Herzegovina,1363.4
2019-06-01,Bosnia and Herzegovina,1349.4
2019-07-01,Bosnia and Herzegovina,1339.2
2019-08-01,Bosnia and Herzegovina,1356.4
2019-09-01,Bosnia and Herzegovina,1347.0
2019-10-01,Bosnia and Herzegovina,1361.0
2019-11-01,Bosnia and Herzegovina,1347.5
2019-12-01,Bosnia and Herzegovina,1349.8
2020-01-01,Bosnia and Herzegovina,1374.9
2020-02-01,Bosnia and Herzegovina,1357.7
2020-03-01,Bosnia and Herzegovina,1357.1
2020-04-01,Bosnia and Herzegovina,1357.9
2020-05-01,Bosnia and Herzegovina,1351.8
2020-06-01,Bosnia and Herzegovina,1373.6
2020-07-01,Bosnia and Herzegovina,1349.8
2020-08-01,Bosnia and Herzegovina,1367.0
2020-09-01,Bosnia and Herzegovina,1354.0
2020-10-01,Bosnia and Herzegovina,1353.3
2020-11-01,Bosnia and Herzegovina,1352.1
2020-12-01,Bosnia and Herzegovina,1340.7
2021-01-01,Bosnia and Herzegovina,1357.5
2021-02-01,Bosnia and Herzegovina,1367.4
2021-03-01,Bosnia and Herzegovina,1360.4
2021-04-01,Bosnia and Herzegovina,1351.6
2021-05-01,Bosnia and Herzegovina,1365.7
2021-06-01,Bosnia and Herzegovina,1359.9
2021-07-01,Bosnia and Herzegovina,1358.5
2021-08-01,Bosnia and Herzegovina,1348.0
2021-09-01,Bosnia and Herzegovina,1355.7
2021-10-01,Bosnia and Herzegovina,1359.8
2021-11-01,Bosnia and Herzegovina,1359.6
2021-12-01,Bosnia and Herzegovina,1367.5
2022-01-01,Bosnia and Herzegovina,1349.1
2022-02-01,Bosnia and Herzegovina,1357.5
2022-03-01,Bosnia and Herzegovina,1361.9
2022-04-01,Bosnia and Herzegovina,1368.1
2022-05-01,Bosnia and Herzegovina,1365.1
2022-06-01,Bosnia and Herzegovina,1362.9
2022-07-01,Bosnia and Herzegovina,1372.6
2022-08-01,Bosnia and Herzegovina,1394.3
2022-09-01,Bosnia and Herzegovina,1363.0
2022-10-01,Bosnia and Herzegovina,1376.2
2022-11-01,Bosnia and Herzegovina,1379.0
2022-12-01,Bosnia and Herzegovina,1359.7
2023-01-01,Bosnia and Herzegovina,1369.9
2023-02-01,Bosnia and Herzegovina,1352.8
2023-03-01,Bosnia and Herzegovina,1365.8
2023-04-01,Bosnia and Herzegovina,1373.5
2023-05-01,Bosnia and Herzegovina,1365.7
2023-06-01,Bosnia and Herzegovina,1369.7
2023-07-01,Bosnia and Herzegovina,1372.4
2023-08-01,Bosnia and Herzegovina,1370.7
2023-09-01,Bosnia and Herzegovina,1370.5
2023-10-01,Bosnia and Herzegovina,1370.7
2023-11-01,Bosnia and Herzegovina,1371.4
2023-12-01,Bosnia and Herzegovina,1369.9
2024-01-01,Bosnia and Herzegovina,1366.8
2024-02-01,Bosnia and Herzegovina,1363.0
2024-03-01,Bosnia and Herzegovina,1372.5
2024-04-01,Bosnia and Herzegovina,1367.1
2024-05-01,Bosnia and Herzegovina,1383.7
2024-06-01,Bosnia and Herzegovina,1358.9
2024-07-01,Bosnia and Herzegovina,1368.3
2024-08-01,Bosnia and Herzegovina,1378.0
2024-09-01,Bosnia and Herzegovina,1361.3
2024-10-01,Bosnia and Herzegovina,1366.3
2024-11-01,Bosnia and Herzegovina,1369.4
2024-12-01,Bosnia and Herzegovina,1386.5
2025-01-01,Bosnia and Herzegovina,1372.6
2025-02-01,Bosnia and Herzegovina,1379.7
2025-03-01,Bosnia and Herzegovina,1374.6
2025-04-01,Bosnia and Herzegovina,1372.7
2025-05-01,Bosnia and Herzegovina,1386.7
2025-06-01,Bosnia and Herzegovina,1367.4
2025-07-01,Bosnia and Herzegovina,1376.6
2025-08-01,Bosnia and Herzegovina,1377.5
2025-09-01,Bosnia and Herzegovina,1386.3
2025-10-01,Bosnia and Herzegovina,1374.5
2025-11-01,Bosnia and Herzegovina,1364.6
2025-12-01,Bosnia and Herzegovina,1366.0
2026-01-01,Bosnia and Herzegovina,1372.2
2026-02-01,Bosnia and Herzegovina,1386.8
2026-03-01,Bosnia and Herzegovina,1376.8
2026-04-01,Bosnia and Herzegovina,1384.6
2026-05-01,Bosnia and Herzegovina,1393.7
2000-01-01,Qatar,1265.9
2000-02-01,Qatar,1266.9
2000-03-01,Qatar,1262.3
2000-04-01,Qatar,1252.4
2000-05-01,Qatar,1276.3
2000-06-01,Qatar,1254.8
2000-07-01,Qatar,1267.4
2000-08-01,Qatar,1267.7
2000-09-01,Qatar,1249.4
2000-10-01,Qatar,1248.1
2000-11-01,Qatar,1264.4
2000-12-01,Qatar,1252.0
2001-01-01,Qatar,1275.1
2001-02-01,Qatar,1259.3
2001-03-01,Qatar,1273.0
2001-04-01,Qatar,1272.6
2001-05-01,Qatar,1266.2
2001-06-01,Qatar,1263.3
2001-07-01,Qatar,1268.0
2001-08-01,Qatar,1262.5
2001-09-01,Qatar,1261.6
2001-10-01,Qatar,1253.8
2001-11-01,Qatar,1270.7
2001-12-01,Qatar,1260.5
2002-01-01,Qatar,1272.5
2002-02-01,Qatar,1271.7
2002-03-01,Qatar,1256.7
2002-04-01,Qatar,1270.9
2002-05-01,Qatar,1273.3
2002-06-01,Qatar,1267.9
2002-07-01,Qatar,1271.1
2002-08-01,Qatar,1270.5
2002-09-01,Qatar,1281.4
2002-10-01,Qatar,1268.4
2002-11-01,Qatar,1275.8
2002-12-01,Qatar,1256.0
2003-01-01,Qatar,1269.4
2003-02-01,Qatar,1276.2
2003-03-01,Qatar,1269.6
2003-04-01,Qatar,1275.8
2003-05-01,Qatar,1276.0
2003-06-01,Qatar,1275.6
2003-07-01,Qatar,1264.6
2003-08-01,Qatar,1275.3
2003-09-01,Qatar,1266.1
2003-10-01,Qatar,1268.6
2003-11-01,Qatar,1285.5
2003-12-01,Qatar,1278.8
2004-01-01,Qatar,1276.0
2004-02-01,Qatar,1275.0
2004-03-01,Qatar,1282.2
2004-04-01,Qatar,1285.0
2004-05-01,Qatar,1278.9
2004-06-01,Qatar,1284.6
2004-07-01,Qatar,1275.2
2004-08-01,Qatar,1279.9
2004-09-01,Qatar,1270.8
2004-10-01,Qatar,1275.8
2004-11-01,Qatar,1262.0
2004-12-01,Qatar,1270.3
2005-01-01,Qatar,1275.0
2005-02-01,Qatar,1278.6
2005-03-01,Qatar,1276.1
2005-04-01,Qatar,1263.9
2005-05-01,Qatar,1288.4
2005-06-01,Qatar,1279.8
2005-07-01,Qatar,1284.1
2005-08-01,Qatar,1284.0
2005-09-01,Qatar,1272.4
2005-10-01,Qatar,1277.1
2005-11-01,Qatar,1281.2
2005-12-01,Qatar,1282.8
2006-01-01,Qatar,1291.9
2006-02-01,Qatar,1293.2
2006-03-01,Qatar,1295.0
2006-04-01,Qatar,1282.1
2006-05-01,Qatar,1269.5
2006-06-01,Qatar,1290.4
2006-07-01,Qatar,1285.8
2006-08-01,Qatar,1274.6
2006-09-01,Qatar,1276.0
2006-10-01,Qatar,1280.0
2006-11-01,Qatar,1281.8
2006-12-01,Qatar,1276.8
2007-01-01,Qatar,1292.7
2007-02-01,Qatar,1291.9
2007-03-01,Qatar,1288.1
2007-04-01,Qatar,1278.4
2007-05-01,Qatar,1289.7
2007-06-01,Qatar,1284.6
2007-07-01,Qatar,1271.8
2007-08-01,Qatar,1291.3
2007-09-01,Qatar,1279.8
2007-10-01,Qatar,1283.0
2007-11-01,Qatar,1285.0
2007-12-01,Qatar,1273.5
2008-01-01,Qatar,1294.2
2008-02-01,Qatar,1290.9
2008-03-01,Qatar,1291.8
2008-04-01,Qatar,1285.4
2008-05-01,Qatar,1293.0
2008-06-01,Qatar,1293.4
2008-07-01,Qatar,1290.6
2008-08-01,Qatar,1295.1
2008-09-01,Qatar,1290.1
2008-10-01,Qatar,1277.7
2008-11-01,Qatar,1286.7
2008-12-01,Qatar,1287.4
2009-01-01,Qatar,1297.2
2009-02-01,Qatar,1290.5
2009-03-01,Qatar,1292.3
2009-04-01,Qatar,1298.4
2009-05-01,Qatar,1300.2
2009-06-01,Qatar,1297.8
2009-07-01,Qatar,1296.6
2009-08-01,Qatar,1297.2
2009-09-01,Qatar,1312.5
2009-10-01,Qatar,1297.7
2009-11-01,Qatar,1292.9
2009-12-01,Qatar,1293.2
2010-01-01,Qatar,1309.7
2010-02-01,Qatar,1292.7
2010-03-01,Qatar,1298.2
2010-04-01,Qatar,1303.3
2010-05-01,Qatar,1305.3
2010-06-01,Qatar,1284.6
2010-07-01,Qatar,1301.0
2010-08-01,Qatar,1288.6
2010-09-01,Qatar,1321.4
2010-10-01,Qatar,1296.2
2010-11-01,Qatar,1295.5
2010-12-01,Qatar,1315.2
2011-01-01,Qatar,1299.3
2011-02-01,Qatar,1295.6
2011-03-01,Qatar,1313.4
2011-04-01,Qatar,1321.6
2011-05-01,Qatar,1302.5
2011-06-01,Qatar,1302.5
2011-07-01,Qatar,1293.0
2011-08-01,Qatar,1314.3
2011-09-01,Qatar,1299.6
2011-10-01,Qatar,1296.4
2011-11-01,Qatar,1311.5
2011-12-01,Qatar,1290.5
2012-01-01,Qatar,1310.9
2012-02-01,Qatar,1289.3
2012-03-01,Qatar,1312.0
2012-04-01,Qatar,1305.9
2012-05-01,Qatar,1313.3
2012-06-01,Qatar,1295.8
2012-07-01,Qatar,1305.2
2012-08-01,Qatar,1298.2
2012-09-01,Qatar,1295.8
2012-10-01,Qatar,1310.1
2012-11-01,Qatar,1313.6
2012-12-01,Qatar,1286.4
2013-01-01,Qatar,1319.1
2013-02-01,Qatar,1321.8
2013-03-01,Qatar,1326.8
2013-04-01,Qatar,1293.9
2013-05-01,Qatar,1321.1
2013-06-01,Qatar,1311.6
2013-07-01,Qatar,1307.8
2013-08-01,Qatar,1324.8
2013-09-01,Qatar,1309.3
2013-10-01,Qatar,1310.1
2013-11-01,Qatar,1296.3
2013-12-01,Qatar,1295.1
2014-01-01,Qatar,1314.7
2014-02-01,Qatar,1329.7
2014-03-01,Qatar,1322.6
2014-04-01,Qatar,1321.6
2014-05-01,Qatar,1302.3
2014-06-01,Qatar,1318.6
2014-07-01,Qatar,1322.9
2014-08-01,Qatar,1317.0
2014-09-01,Qatar,1299.6
2014-10-01,Qatar,1328.6
2014-11-01,Qatar,1317.0
2014-12-01,Qatar,1302.8
2015-01-01,Qatar,1331.2
2015-02-01,Qatar,1316.1
2015-03-01,Qatar,1323.4
2015-04-01,Qatar,1313.1
2015-05-01,Qatar,1310.8
2015-06-01,Qatar,1324.5
2015-07-01,Qatar,1307.2
2015-08-01,Qatar,1332.0
2015-09-01,Qatar,1317.1
2015-10-01,Qatar,1317.8
2015-11-01,Qatar,1317.6
2015-12-01,Qatar,1321.7
2016-01-01,Qatar,1314.5
2016-02-01,Qatar,1321.1
2016-03-01,Qatar,1338.1
2016-04-01,Qatar,1327.8
2016-05-01,Qatar,1317.8
2016-06-01,Qatar,1314.1
2016-07-01,Qatar,1309.0
2016-08-01,Qatar,1327.4
2016-09-01,Qatar,1314.0
2016-10-01,Qatar,1328.8
2016-11-01,Qatar,1322.2
2016-12-01,Qatar,1323.1
2017-01-01,Qatar,1323.3
2017-02-01,Qatar,1320.3
2017-03-01,Qatar,1319.6
2017-04-01,Qatar,1329.3
2017-05-01,Qatar,1317.9
2017-06-01,Qatar,1321.1
2017-07-01,Qatar,1318.7
2017-08-01,Qatar,1337.9
2017-09-01,Qatar,1309.4
2017-10-01,Qatar,1330.3
2017-11-01,Qatar,1342.4
2017-12-01,Qatar,1308.9
2018-01-01,Qatar,1333.4
2018-02-01,Qatar,1322.1
2018-03-01,Qatar,1335.9
2018-04-01,Qatar,1319.2
2018-05-01,Qatar,1337.2
2018-06-01,Qatar,1324.6
2018-07-01,Qatar,1319.3
2018-08-01,Qatar,1328.7
2018-09-01,Qatar,1323.3
2018-10-01,Qatar,1310.2
2018-11-01,Qatar,1318.7
2018-12-01,Qatar,1340.4
2019-01-01,Qatar,1331.2
2019-02-01,Qatar,1338.1
2019-03-01,Qatar,1325.4
2019-04-01,Qatar,1337.5
2019-05-01,Qatar,1334.2
2019-06-01,Qatar,1343.8
2019-07-01,Qatar,1333.8
2019-08-01,Qatar,1331.3
2019-09-01,Qatar,1330.9
2019-10-01,Qatar,1331.6
2019-11-01,Qatar,1336.9
2019-12-01,Qatar,1336.8
2020-01-01,Qatar,1327.4
2020-02-01,Qatar,1348.2
2020-03-01,Qatar,1328.0
2020-04-01,Qatar,1335.2
2020-05-01,Qatar,1336.0
2020-06-01,Qatar,1335.5
2020-07-01,Qatar,1337.7
2020-08-01,Qatar,1329.5
2020-09-01,Qatar,1337.8
2020-10-01,Qatar,1334.2
2020-11-01,Qatar,1348.6
2020-12-01,Qatar,1334.9
2021-01-01,Qatar,1353.2
2021-02-01,Qatar,1343.3
2021-03-01,Qatar,1338.0
2021-04-01,Qatar,1352.8
2021-05-01,Qatar,1354.9
2021-06-01,Qatar,1337.4
2021-07-01,Qatar,1342.5
2021-08-01,Qatar,1346.8
2021-09-01,Qatar,1341.8
2021-10-01,Qatar,1338.0
2021-11-01,Qatar,1337.4
2021-12-01,Qatar,1352.9
2022-01-01,Qatar,1355.9
2022-02-01,Qatar,1341.2
2022-03-01,Qatar,1342.8
2022-04-01,Qatar,1340.0
2022-05-01,Qatar,1357.0
2022-06-01,Qatar,1342.1
2022-07-01,Qatar,1347.5
2022-08-01,Qatar,1353.8
2022-09-01,Qatar,1329.1
2022-10-01,Qatar,1345.0
2022-11-01,Qatar,1331.4
2022-12-01,Qatar,1357.4
2023-01-01,Qatar,1334.7
2023-02-01,Qatar,1332.0
2023-03-01,Qatar,1362.5
2023-04-01,Qatar,1343.5
2023-05-01,Qatar,1338.2
2023-06-01,Qatar,1336.7
2023-07-01,Qatar,1351.6
2023-08-01,Qatar,1351.1
2023-09-01,Qatar,1353.1
2023-10-01,Qatar,1347.0
2023-11-01,Qatar,1364.7
2023-12-01,Qatar,1349.5
2024-01-01,Qatar,1350.5
2024-02-01,Qatar,1343.0
2024-03-01,Qatar,1340.7
2024-04-01,Qatar,1369.5
2024-05-01,Qatar,1340.5
2024-06-01,Qatar,1343.1
2024-07-01,Qatar,1352.3
2024-08-01,Qatar,1365.0
2024-09-01,Qatar,1343.9
2024-10-01,Qatar,1350.9
2024-11-01,Qatar,1355.5
2024-12-01,Qatar,1354.2
2025-01-01,Qatar,1366.9
2025-02-01,Qatar,1360.4
2025-03-01,Qatar,1375.3
2025-04-01,Qatar,1360.9
2025-05-01,Qatar,1359.4
2025-06-01,Qatar,1346.0
2025-07-01,Qatar,1359.2
2025-08-01,Qatar,1349.4
2025-09-01,Qatar,1354.7
2025-10-01,Qatar,1358.7
2025-11-01,Qatar,1360.8
2025-12-01,Qatar,1357.6
2026-01-01,Qatar,1351.7
2026-02-01,Qatar,1351.5
2026-03-01,Qatar,1350.6
2026-04-01,Qatar,1364.6
2026-05-01,Qatar,1358.6
2000-01-01,Haiti,1242.4
2000-02-01,Haiti,1230.9
2000-03-01,Haiti,1234.8
2000-04-01,Haiti,1250.2
2000-05-01,Haiti,1237.3
2000-06-01,Haiti,1252.9
2000-07-01,Haiti,1245.3
2000-08-01,Haiti,1236.3
2000-09-01,Haiti,1249.4
2000-10-01,Haiti,1242.3
2000-11-01,Haiti,1231.2
2000-12-01,Haiti,1240.4
2001-01-01,Haiti,1244.4
2001-02-01,Haiti,1237.9
2001-03-01,Haiti,1239.7
2001-04-01,Haiti,1228.9
2001-05-01,Haiti,1244.8
2001-06-01,Haiti,1240.1
2001-07-01,Haiti,1239.6
2001-08-01,Haiti,1249.8
2001-09-01,Haiti,1267.2
2001-10-01,Haiti,1240.5
2001-11-01,Haiti,1246.9
2001-12-01,Haiti,1252.3
2002-01-01,Haiti,1251.1
2002-02-01,Haiti,1248.1
2002-03-01,Haiti,1251.1
2002-04-01,Haiti,1250.3
2002-05-01,Haiti,1243.5
2002-06-01,Haiti,1253.7
2002-07-01,Haiti,1248.7
2002-08-01,Haiti,1247.5
2002-09-01,Haiti,1245.7
2002-10-01,Haiti,1252.6
2002-11-01,Haiti,1246.6
2002-12-01,Haiti,1259.0
2003-01-01,Haiti,1245.1
2003-02-01,Haiti,1253.4
2003-03-01,Haiti,1269.0
2003-04-01,Haiti,1250.7
2003-05-01,Haiti,1241.3
2003-06-01,Haiti,1257.3
2003-07-01,Haiti,1242.8
2003-08-01,Haiti,1264.6
2003-09-01,Haiti,1249.8
2003-10-01,Haiti,1250.1
2003-11-01,Haiti,1250.1
2003-12-01,Haiti,1248.1
2004-01-01,Haiti,1254.0
2004-02-01,Haiti,1253.0
2004-03-01,Haiti,1254.7
2004-04-01,Haiti,1258.7
2004-05-01,Haiti,1253.4
2004-06-01,Haiti,1279.6
2004-07-01,Haiti,1256.7
2004-08-01,Haiti,1262.6
2004-09-01,Haiti,1249.4
2004-10-01,Haiti,1254.2
2004-11-01,Haiti,1252.1
2004-12-01,Haiti,1270.7
2005-01-01,Haiti,1262.4
2005-02-01,Haiti,1255.1
2005-03-01,Haiti,1246.5
2005-04-01,Haiti,1264.4
2005-05-01,Haiti,1263.2
2005-06-01,Haiti,1268.8
2005-07-01,Haiti,1257.0
2005-08-01,Haiti,1262.1
2005-09-01,Haiti,1265.6
2005-10-01,Haiti,1251.8
2005-11-01,Haiti,1268.9
2005-12-01,Haiti,1246.3
2006-01-01,Haiti,1267.4
2006-02-01,Haiti,1259.5
2006-03-01,Haiti,1261.1
2006-04-01,Haiti,1269.4
2006-05-01,Haiti,1273.9
2006-06-01,Haiti,1265.6
2006-07-01,Haiti,1261.3
2006-08-01,Haiti,1257.8
2006-09-01,Haiti,1252.0
2006-10-01,Haiti,1258.4
2006-11-01,Haiti,1267.9
2006-12-01,Haiti,1266.8
2007-01-01,Haiti,1265.7
2007-02-01,Haiti,1265.1
2007-03-01,Haiti,1276.1
2007-04-01,Haiti,1272.6
2007-05-01,Haiti,1270.1
2007-06-01,Haiti,1257.1
2007-07-01,Haiti,1265.0
2007-08-01,Haiti,1278.7
2007-09-01,Haiti,1270.5
2007-10-01,Haiti,1251.8
2007-11-01,Haiti,1268.1
2007-12-01,Haiti,1273.6
2008-01-01,Haiti,1268.0
2008-02-01,Haiti,1273.8
2008-03-01,Haiti,1289.6
2008-04-01,Haiti,1258.7
2008-05-01,Haiti,1260.6
2008-06-01,Haiti,1265.3
2008-07-01,Haiti,1259.8
2008-08-01,Haiti,1274.2
2008-09-01,Haiti,1273.4
2008-10-01,Haiti,1270.4
2008-11-01,Haiti,1269.7
2008-12-01,Haiti,1271.5
2009-01-01,Haiti,1275.0
2009-02-01,Haiti,1268.3
2009-03-01,Haiti,1275.7
2009-04-01,Haiti,1284.3
2009-05-01,Haiti,1278.3
2009-06-01,Haiti,1267.6
2009-07-01,Haiti,1274.9
2009-08-01,Haiti,1259.1
2009-09-01,Haiti,1256.7
2009-10-01,Haiti,1273.3
2009-11-01,Haiti,1280.0
2009-12-01,Haiti,1280.6
2010-01-01,Haiti,1254.8
2010-02-01,Haiti,1299.1
2010-03-01,Haiti,1276.0
2010-04-01,Haiti,1279.1
2010-05-01,Haiti,1276.6
2010-06-01,Haiti,1283.9
2010-07-01,Haiti,1270.7
2010-08-01,Haiti,1266.0
2010-09-01,Haiti,1296.6
2010-10-01,Haiti,1280.0
2010-11-01,Haiti,1272.4
2010-12-01,Haiti,1279.7
2011-01-01,Haiti,1297.5
2011-02-01,Haiti,1292.5
2011-03-01,Haiti,1289.8
2011-04-01,Haiti,1274.0
2011-05-01,Haiti,1276.6
2011-06-01,Haiti,1284.1
2011-07-01,Haiti,1287.1
2011-08-01,Haiti,1297.2
2011-09-01,Haiti,1277.9
2011-10-01,Haiti,1285.2
2011-11-01,Haiti,1288.6
2011-12-01,Haiti,1283.9
2012-01-01,Haiti,1295.0
2012-02-01,Haiti,1308.2
2012-03-01,Haiti,1292.8
2012-04-01,Haiti,1271.2
2012-05-01,Haiti,1292.9
2012-06-01,Haiti,1294.9
2012-07-01,Haiti,1280.3
2012-08-01,Haiti,1287.9
2012-09-01,Haiti,1278.7
2012-10-01,Haiti,1298.4
2012-11-01,Haiti,1296.3
2012-12-01,Haiti,1284.0
2013-01-01,Haiti,1294.7
2013-02-01,Haiti,1283.2
2013-03-01,Haiti,1276.3
2013-04-01,Haiti,1296.0
2013-05-01,Haiti,1279.2
2013-06-01,Haiti,1281.0
2013-07-01,Haiti,1288.6
2013-08-01,Haiti,1286.2
2013-09-01,Haiti,1272.5
2013-10-01,Haiti,1287.3
2013-11-01,Haiti,1286.4
2013-12-01,Haiti,1296.2
2014-01-01,Haiti,1305.5
2014-02-01,Haiti,1300.4
2014-03-01,Haiti,1286.7
2014-04-01,Haiti,1299.0
2014-05-01,Haiti,1300.1
2014-06-01,Haiti,1292.0
2014-07-01,Haiti,1289.0
2014-08-01,Haiti,1282.4
2014-09-01,Haiti,1283.8
2014-10-01,Haiti,1294.6
2014-11-01,Haiti,1298.9
2014-12-01,Haiti,1295.6
2015-01-01,Haiti,1305.1
2015-02-01,Haiti,1293.2
2015-03-01,Haiti,1290.9
2015-04-01,Haiti,1298.8
2015-05-01,Haiti,1303.9
2015-06-01,Haiti,1293.9
2015-07-01,Haiti,1287.2
2015-08-01,Haiti,1307.4
2015-09-01,Haiti,1293.4
2015-10-01,Haiti,1306.9
2015-11-01,Haiti,1303.0
2015-12-01,Haiti,1294.4
2016-01-01,Haiti,1296.4
2016-02-01,Haiti,1301.5
2016-03-01,Haiti,1281.9
2016-04-01,Haiti,1315.4
2016-05-01,Haiti,1303.0
2016-06-01,Haiti,1307.7
2016-07-01,Haiti,1290.5
2016-08-01,Haiti,1314.8
2016-09-01,Haiti,1297.3
2016-10-01,Haiti,1299.8
2016-11-01,Haiti,1301.4
2016-12-01,Haiti,1294.1
2017-01-01,Haiti,1300.2
2017-02-01,Haiti,1314.4
2017-03-01,Haiti,1312.5
2017-04-01,Haiti,1307.5
2017-05-01,Haiti,1296.9
2017-06-01,Haiti,1301.6
2017-07-01,Haiti,1307.3
2017-08-01,Haiti,1307.8
2017-09-01,Haiti,1311.8
2017-10-01,Haiti,1295.8
2017-11-01,Haiti,1306.6
2017-12-01,Haiti,1317.4
2018-01-01,Haiti,1310.7
2018-02-01,Haiti,1316.5
2018-03-01,Haiti,1301.5
2018-04-01,Haiti,1315.1
2018-05-01,Haiti,1308.1
2018-06-01,Haiti,1293.7
2018-07-01,Haiti,1330.0
2018-08-01,Haiti,1312.4
2018-09-01,Haiti,1320.9
2018-10-01,Haiti,1316.1
2018-11-01,Haiti,1299.8
2018-12-01,Haiti,1305.5
2019-01-01,Haiti,1313.4
2019-02-01,Haiti,1337.3
2019-03-01,Haiti,1315.8
2019-04-01,Haiti,1303.4
2019-05-01,Haiti,1305.4
2019-06-01,Haiti,1324.6
2019-07-01,Haiti,1310.0
2019-08-01,Haiti,1307.6
2019-09-01,Haiti,1313.7
2019-10-01,Haiti,1333.0
2019-11-01,Haiti,1314.6
2019-12-01,Haiti,1322.8
2020-01-01,Haiti,1321.2
2020-02-01,Haiti,1312.3
2020-03-01,Haiti,1314.9
2020-04-01,Haiti,1322.8
2020-05-01,Haiti,1294.6
2020-06-01,Haiti,1309.6
2020-07-01,Haiti,1308.8
2020-08-01,Haiti,1321.4
2020-09-01,Haiti,1311.6
2020-10-01,Haiti,1312.7
2020-11-01,Haiti,1318.6
2020-12-01,Haiti,1301.5
2021-01-01,Haiti,1306.5
2021-02-01,Haiti,1327.4
2021-03-01,Haiti,1316.2
2021-04-01,Haiti,1307.1
2021-05-01,Haiti,1323.7
2021-06-01,Haiti,1318.5
2021-07-01,Haiti,1331.0
2021-08-01,Haiti,1323.6
2021-09-01,Haiti,1310.9
2021-10-01,Haiti,1316.3
2021-11-01,Haiti,1324.9
2021-12-01,Haiti,1326.0
2022-01-01,Haiti,1332.2
2022-02-01,Haiti,1319.0
2022-03-01,Haiti,1330.7
2022-04-01,Haiti,1342.7
2022-05-01,Haiti,1332.7
2022-06-01,Haiti,1329.8
2022-07-01,Haiti,1321.6
2022-08-01,Haiti,1331.9
2022-09-01,Haiti,1312.7
2022-10-01,Haiti,1326.0
2022-11-01,Haiti,1316.9
2022-12-01,Haiti,1320.0
2023-01-01,Haiti,1334.5
2023-02-01,Haiti,1309.4
2023-03-01,Haiti,1317.5
2023-04-01,Haiti,1323.2
2023-05-01,Haiti,1307.5
2023-06-01,Haiti,1329.6
2023-07-01,Haiti,1323.8
2023-08-01,Haiti,1333.9
2023-09-01,Haiti,1330.4
2023-10-01,Haiti,1326.3
2023-11-01,Haiti,1321.8
2023-12-01,Haiti,1337.9
2024-01-01,Haiti,1336.9
2024-02-01,Haiti,1341.6
2024-03-01,Haiti,1330.6
2024-04-01,Haiti,1328.4
2024-05-01,Haiti,1328.1
2024-06-01,Haiti,1346.9
2024-07-01,Haiti,1347.3
2024-08-01,Haiti,1334.5
2024-09-01,Haiti,1320.5
2024-10-01,Haiti,1334.0
2024-11-01,Haiti,1335.0
2024-12-01,Haiti,1340.2
2025-01-01,Haiti,1327.0
2025-02-01,Haiti,1339.6
2025-03-01,Haiti,1363.4
2025-04-01,Haiti,1326.2
2025-05-01,Haiti,1341.9
2025-06-01,Haiti,1342.1
2025-07-01,Haiti,1327.1
2025-08-01,Haiti,1342.0
2025-09-01,Haiti,1336.0
2025-10-01,Haiti,1341.4
2025-11-01,Haiti,1334.7
2025-12-01,Haiti,1338.8
2026-01-01,Haiti,1342.7
2026-02-01,Haiti,1338.0
2026-03-01,Haiti,1338.1
2026-04-01,Haiti,1339.3
2026-05-01,Haiti,1337.1
2000-01-01,Cuba,1207.3
2000-02-01,Cuba,1198.8
2000-03-01,Cuba,1204.2
2000-04-01,Cuba,1197.2
2000-05-01,Cuba,1218.4
2000-06-01,Cuba,1213.7
2000-07-01,Cuba,1214.0
2000-08-01,Cuba,1206.0
2000-09-01,Cuba,1202.8
2000-10-01,Cuba,1206.3
2000-11-01,Cuba,1203.9
2000-12-01,Cuba,1196.2
2001-01-01,Cuba,1213.5
2001-02-01,Cuba,1208.6
2001-03-01,Cuba,1214.2
2001-04-01,Cuba,1205.9
2001-05-01,Cuba,1202.7
2001-06-01,Cuba,1213.7
2001-07-01,Cuba,1197.1
2001-08-01,Cuba,1222.6
2001-09-01,Cuba,1214.7
2001-10-01,Cuba,1210.2
2001-11-01,Cuba,1212.5
2001-12-01,Cuba,1224.6
2002-01-01,Cuba,1216.4
2002-02-01,Cuba,1218.0
2002-03-01,Cuba,1211.7
2002-04-01,Cuba,1228.8
2002-05-01,Cuba,1220.7
2002-06-01,Cuba,1228.1
2002-07-01,Cuba,1201.4
2002-08-01,Cuba,1208.7
2002-09-01,Cuba,1217.9
2002-10-01,Cuba,1223.8
2002-11-01,Cuba,1226.0
2002-12-01,Cuba,1217.6
2003-01-01,Cuba,1214.6
2003-02-01,Cuba,1214.7
2003-03-01,Cuba,1232.4
2003-04-01,Cuba,1226.0
2003-05-01,Cuba,1229.6
2003-06-01,Cuba,1236.8
2003-07-01,Cuba,1196.9
2003-08-01,Cuba,1213.3
2003-09-01,Cuba,1211.5
2003-10-01,Cuba,1204.5
2003-11-01,Cuba,1225.2
2003-12-01,Cuba,1212.2
2004-01-01,Cuba,1219.9
2004-02-01,Cuba,1225.1
2004-03-01,Cuba,1225.3
2004-04-01,Cuba,1237.5
2004-05-01,Cuba,1228.7
2004-06-01,Cuba,1208.1
2004-07-01,Cuba,1219.7
2004-08-01,Cuba,1218.6
2004-09-01,Cuba,1240.7
2004-10-01,Cuba,1236.9
2004-11-01,Cuba,1224.6
2004-12-01,Cuba,1219.2
2005-01-01,Cuba,1232.6
2005-02-01,Cuba,1233.1
2005-03-01,Cuba,1228.2
2005-04-01,Cuba,1209.1
2005-05-01,Cuba,1225.3
2005-06-01,Cuba,1224.6
2005-07-01,Cuba,1223.5
2005-08-01,Cuba,1215.3
2005-09-01,Cuba,1235.9
2005-10-01,Cuba,1229.0
2005-11-01,Cuba,1223.3
2005-12-01,Cuba,1218.1
2006-01-01,Cuba,1227.1
2006-02-01,Cuba,1235.2
2006-03-01,Cuba,1242.2
2006-04-01,Cuba,1242.4
2006-05-01,Cuba,1225.5
2006-06-01,Cuba,1253.1
2006-07-01,Cuba,1251.6
2006-08-01,Cuba,1222.4
2006-09-01,Cuba,1224.1
2006-10-01,Cuba,1231.7
2006-11-01,Cuba,1242.1
2006-12-01,Cuba,1244.0
2007-01-01,Cuba,1240.5
2007-02-01,Cuba,1242.8
2007-03-01,Cuba,1237.8
2007-04-01,Cuba,1240.0
2007-05-01,Cuba,1240.5
2007-06-01,Cuba,1232.0
2007-07-01,Cuba,1254.7
2007-08-01,Cuba,1245.9
2007-09-01,Cuba,1243.8
2007-10-01,Cuba,1235.0
2007-11-01,Cuba,1232.1
2007-12-01,Cuba,1223.9
2008-01-01,Cuba,1238.5
2008-02-01,Cuba,1242.7
2008-03-01,Cuba,1230.9
2008-04-01,Cuba,1237.6
2008-05-01,Cuba,1237.8
2008-06-01,Cuba,1246.8
2008-07-01,Cuba,1246.3
2008-08-01,Cuba,1234.3
2008-09-01,Cuba,1237.8
2008-10-01,Cuba,1236.9
2008-11-01,Cuba,1232.5
2008-12-01,Cuba,1236.6
2009-01-01,Cuba,1246.4
2009-02-01,Cuba,1232.2
2009-03-01,Cuba,1248.5
2009-04-01,Cuba,1236.9
2009-05-01,Cuba,1233.3
2009-06-01,Cuba,1239.3
2009-07-01,Cuba,1243.2
2009-08-01,Cuba,1248.1
2009-09-01,Cuba,1239.5
2009-10-01,Cuba,1248.2
2009-11-01,Cuba,1246.0
2009-12-01,Cuba,1253.9
2010-01-01,Cuba,1246.4
2010-02-01,Cuba,1243.9
2010-03-01,Cuba,1269.6
2010-04-01,Cuba,1256.3
2010-05-01,Cuba,1242.3
2010-06-01,Cuba,1256.4
2010-07-01,Cuba,1264.6
2010-08-01,Cuba,1249.8
2010-09-01,Cuba,1249.7
2010-10-01,Cuba,1242.7
2010-11-01,Cuba,1257.5
2010-12-01,Cuba,1252.2
2011-01-01,Cuba,1239.7
2011-02-01,Cuba,1251.1
2011-03-01,Cuba,1251.5
2011-04-01,Cuba,1250.1
2011-05-01,Cuba,1250.3
2011-06-01,Cuba,1238.7
2011-07-01,Cuba,1269.3
2011-08-01,Cuba,1250.4
2011-09-01,Cuba,1264.6
2011-10-01,Cuba,1248.6
2011-11-01,Cuba,1240.7
2011-12-01,Cuba,1252.9
2012-01-01,Cuba,1263.8
2012-02-01,Cuba,1250.6
2012-03-01,Cuba,1265.4
2012-04-01,Cuba,1252.1
2012-05-01,Cuba,1246.5
2012-06-01,Cuba,1258.7
2012-07-01,Cuba,1267.3
2012-08-01,Cuba,1272.7
2012-09-01,Cuba,1244.9
2012-10-01,Cuba,1250.7
2012-11-01,Cuba,1251.5
2012-12-01,Cuba,1252.4
2013-01-01,Cuba,1261.3
2013-02-01,Cuba,1277.9
2013-03-01,Cuba,1278.1
2013-04-01,Cuba,1281.6
2013-05-01,Cuba,1268.2
2013-06-01,Cuba,1259.4
2013-07-01,Cuba,1250.4
2013-08-01,Cuba,1244.0
2013-09-01,Cuba,1267.9
2013-10-01,Cuba,1260.8
2013-11-01,Cuba,1275.0
2013-12-01,Cuba,1258.2
2014-01-01,Cuba,1275.2
2014-02-01,Cuba,1273.0
2014-03-01,Cuba,1243.3
2014-04-01,Cuba,1266.2
2014-05-01,Cuba,1262.8
2014-06-01,Cuba,1253.1
2014-07-01,Cuba,1280.3
2014-08-01,Cuba,1268.4
2014-09-01,Cuba,1280.1
2014-10-01,Cuba,1266.0
2014-11-01,Cuba,1266.3
2014-12-01,Cuba,1266.7
2015-01-01,Cuba,1269.2
2015-02-01,Cuba,1276.2
2015-03-01,Cuba,1269.5
2015-04-01,Cuba,1255.4
2015-05-01,Cuba,1283.3
2015-06-01,Cuba,1260.5
2015-07-01,Cuba,1265.1
2015-08-01,Cuba,1267.1
2015-09-01,Cuba,1254.4
2015-10-01,Cuba,1266.1
2015-11-01,Cuba,1262.7
2015-12-01,Cuba,1271.2
2016-01-01,Cuba,1280.3
2016-02-01,Cuba,1259.3
2016-03-01,Cuba,1266.4
2016-04-01,Cuba,1269.1
2016-05-01,Cuba,1288.1
2016-06-01,Cuba,1268.4
2016-07-01,Cuba,1252.0
2016-08-01,Cuba,1272.0
2016-09-01,Cuba,1278.1
2016-10-01,Cuba,1264.2
2016-11-01,Cuba,1263.3
2016-12-01,Cuba,1269.0
2017-01-01,Cuba,1277.5
2017-02-01,Cuba,1271.3
2017-03-01,Cuba,1284.5
2017-04-01,Cuba,1273.4
2017-05-01,Cuba,1283.7
2017-06-01,Cuba,1269.2
2017-07-01,Cuba,1284.7
2017-08-01,Cuba,1266.2
2017-09-01,Cuba,1279.7
2017-10-01,Cuba,1273.9
2017-11-01,Cuba,1262.8
2017-12-01,Cuba,1279.8
2018-01-01,Cuba,1284.4
2018-02-01,Cuba,1277.6
2018-03-01,Cuba,1286.0
2018-04-01,Cuba,1286.6
2018-05-01,Cuba,1277.1
2018-06-01,Cuba,1276.9
2018-07-01,Cuba,1289.1
2018-08-01,Cuba,1273.3
2018-09-01,Cuba,1298.6
2018-10-01,Cuba,1274.8
2018-11-01,Cuba,1292.3
2018-12-01,Cuba,1274.8
2019-01-01,Cuba,1275.0
2019-02-01,Cuba,1289.5
2019-03-01,Cuba,1279.8
2019-04-01,Cuba,1263.5
2019-05-01,Cuba,1291.0
2019-06-01,Cuba,1287.8
2019-07-01,Cuba,1269.1
2019-08-01,Cuba,1273.3
2019-09-01,Cuba,1282.1
2019-10-01,Cuba,1279.6
2019-11-01,Cuba,1291.8
2019-12-01,Cuba,1287.4
2020-01-01,Cuba,1283.8
2020-02-01,Cuba,1278.2
2020-03-01,Cuba,1275.7
2020-04-01,Cuba,1294.0
2020-05-01,Cuba,1277.9
2020-06-01,Cuba,1285.2
2020-07-01,Cuba,1286.5
2020-08-01,Cuba,1275.9
2020-09-01,Cuba,1289.2
2020-10-01,Cuba,1294.4
2020-11-01,Cuba,1286.6
2020-12-01,Cuba,1276.5
2021-01-01,Cuba,1296.9
2021-02-01,Cuba,1285.3
2021-03-01,Cuba,1283.4
2021-04-01,Cuba,1308.0
2021-05-01,Cuba,1276.4
2021-06-01,Cuba,1281.2
2021-07-01,Cuba,1293.6
2021-08-01,Cuba,1289.5
2021-09-01,Cuba,1292.5
2021-10-01,Cuba,1292.4
2021-11-01,Cuba,1289.6
2021-12-01,Cuba,1299.3
2022-01-01,Cuba,1301.3
2022-02-01,Cuba,1293.0
2022-03-01,Cuba,1292.7
2022-04-01,Cuba,1297.1
2022-05-01,Cuba,1293.2
2022-06-01,Cuba,1305.1
2022-07-01,Cuba,1302.3
2022-08-01,Cuba,1299.0
2022-09-01,Cuba,1305.7
2022-10-01,Cuba,1299.0
2022-11-01,Cuba,1295.8
2022-12-01,Cuba,1294.6
2023-01-01,Cuba,1300.1
2023-02-01,Cuba,1310.9
2023-03-01,Cuba,1301.0
2023-04-01,Cuba,1288.1
2023-05-01,Cuba,1293.2
2023-06-01,Cuba,1306.4
2023-07-01,Cuba,1292.7
2023-08-01,Cuba,1300.4
2023-09-01,Cuba,1303.3
2023-10-01,Cuba,1300.1
2023-11-01,Cuba,1297.6
2023-12-01,Cuba,1291.2
2024-01-01,Cuba,1307.9
2024-02-01,Cuba,1294.2
2024-03-01,Cuba,1306.0
2024-04-01,Cuba,1286.2
2024-05-01,Cuba,1296.1
2024-06-01,Cuba,1302.8
2024-07-01,Cuba,1301.5
2024-08-01,Cuba,1308.2
2024-09-01,Cuba,1287.4
2024-10-01,Cuba,1296.1
2024-11-01,Cuba,1294.0
2024-12-01,Cuba,1310.7
2025-01-01,Cuba,1299.1
2025-02-01,Cuba,1304.6
2025-03-01,Cuba,1307.7
2025-04-01,Cuba,1301.4
2025-05-01,Cuba,1310.3
2025-06-01,Cuba,1301.3
2025-07-01,Cuba,1291.8
2025-08-01,Cuba,1298.3
2025-09-01,Cuba,1291.3
2025-10-01,Cuba,1307.3
2025-11-01,Cuba,1305.1
2025-12-01,Cuba,1303.9
2026-01-01,Cuba,1314.1
2026-02-01,Cuba,1314.6
2026-03-01,Cuba,1302.0
2026-04-01,Cuba,1312.5
2026-05-01,Cuba,1301.4
2000-01-01,Trinidad and Tobago,1177.1
2000-02-01,Trinidad and Tobago,1199.4
2000-03-01,Trinidad and Tobago,1188.9
2000-04-01,Trinidad and Tobago,1194.0
2000-05-01,Trinidad and Tobago,1180.3
2000-06-01,Trinidad and Tobago,1192.8
2000-07-01,Trinidad and Tobago,1188.0
2000-08-01,Trinidad and Tobago,1189.5
2000-09-01,Trinidad and Tobago,1203.0
2000-10-01,Trinidad and Tobago,1174.9
2000-11-01,Trinidad and Tobago,1194.4
2000-12-01,Trinidad and Tobago,1199.3
2001-01-01,Trinidad and Tobago,1197.8
2001-02-01,Trinidad and Tobago,1202.3
2001-03-01,Trinidad and Tobago,1187.5
2001-04-01,Trinidad and Tobago,1193.6
2001-05-01,Trinidad and Tobago,1200.6
2001-06-01,Trinidad and Tobago,1189.1
2001-07-01,Trinidad and Tobago,1182.1
2001-08-01,Trinidad and Tobago,1212.6
2001-09-01,Trinidad and Tobago,1199.1
2001-10-01,Trinidad and Tobago,1199.8
2001-11-01,Trinidad and Tobago,1194.1
2001-12-01,Trinidad and Tobago,1198.7
2002-01-01,Trinidad and Tobago,1193.8
2002-02-01,Trinidad and Tobago,1198.6
2002-03-01,Trinidad and Tobago,1199.2
2002-04-01,Trinidad and Tobago,1200.9
2002-05-01,Trinidad and Tobago,1194.5
2002-06-01,Trinidad and Tobago,1195.4
2002-07-01,Trinidad and Tobago,1203.1
2002-08-01,Trinidad and Tobago,1200.3
2002-09-01,Trinidad and Tobago,1204.8
2002-10-01,Trinidad and Tobago,1188.2
2002-11-01,Trinidad and Tobago,1202.9
2002-12-01,Trinidad and Tobago,1190.0
2003-01-01,Trinidad and Tobago,1213.0
2003-02-01,Trinidad and Tobago,1202.1
2003-03-01,Trinidad and Tobago,1201.2
2003-04-01,Trinidad and Tobago,1203.1
2003-05-01,Trinidad and Tobago,1204.6
2003-06-01,Trinidad and Tobago,1208.9
2003-07-01,Trinidad and Tobago,1211.4
2003-08-01,Trinidad and Tobago,1187.9
2003-09-01,Trinidad and Tobago,1199.7
2003-10-01,Trinidad and Tobago,1197.8
2003-11-01,Trinidad and Tobago,1196.0
2003-12-01,Trinidad and Tobago,1191.4
2004-01-01,Trinidad and Tobago,1205.8
2004-02-01,Trinidad and Tobago,1195.5
2004-03-01,Trinidad and Tobago,1213.0
2004-04-01,Trinidad and Tobago,1199.5
2004-05-01,Trinidad and Tobago,1208.6
2004-06-01,Trinidad and Tobago,1199.1
2004-07-01,Trinidad and Tobago,1198.7
2004-08-01,Trinidad and Tobago,1202.3
2004-09-01,Trinidad and Tobago,1197.7
2004-10-01,Trinidad and Tobago,1214.1
2004-11-01,Trinidad and Tobago,1207.9
2004-12-01,Trinidad and Tobago,1211.4
2005-01-01,Trinidad and Tobago,1206.5
2005-02-01,Trinidad and Tobago,1217.7
2005-03-01,Trinidad and Tobago,1213.7
2005-04-01,Trinidad and Tobago,1202.2
2005-05-01,Trinidad and Tobago,1210.4
2005-06-01,Trinidad and Tobago,1215.2
2005-07-01,Trinidad and Tobago,1205.5
2005-08-01,Trinidad and Tobago,1215.0
2005-09-01,Trinidad and Tobago,1197.7
2005-10-01,Trinidad and Tobago,1208.2
2005-11-01,Trinidad and Tobago,1206.0
2005-12-01,Trinidad and Tobago,1220.9
2006-01-01,Trinidad and Tobago,1205.8
2006-02-01,Trinidad and Tobago,1213.8
2006-03-01,Trinidad and Tobago,1224.3
2006-04-01,Trinidad and Tobago,1215.1
2006-05-01,Trinidad and Tobago,1206.4
2006-06-01,Trinidad and Tobago,1219.1
2006-07-01,Trinidad and Tobago,1228.0
2006-08-01,Trinidad and Tobago,1213.8
2006-09-01,Trinidad and Tobago,1226.2
2006-10-01,Trinidad and Tobago,1217.7
2006-11-01,Trinidad and Tobago,1228.9
2006-12-01,Trinidad and Tobago,1217.6
2007-01-01,Trinidad and Tobago,1234.2
2007-02-01,Trinidad and Tobago,1213.9
2007-03-01,Trinidad and Tobago,1218.5
2007-04-01,Trinidad and Tobago,1209.2
2007-05-01,Trinidad and Tobago,1223.3
2007-06-01,Trinidad and Tobago,1218.9
2007-07-01,Trinidad and Tobago,1222.7
2007-08-01,Trinidad and Tobago,1221.5
2007-09-01,Trinidad and Tobago,1221.0
2007-10-01,Trinidad and Tobago,1224.0
2007-11-01,Trinidad and Tobago,1225.0
2007-12-01,Trinidad and Tobago,1220.5
2008-01-01,Trinidad and Tobago,1223.2
2008-02-01,Trinidad and Tobago,1214.5
2008-03-01,Trinidad and Tobago,1229.6
2008-04-01,Trinidad and Tobago,1214.2
2008-05-01,Trinidad and Tobago,1219.4
2008-06-01,Trinidad and Tobago,1221.5
2008-07-01,Trinidad and Tobago,1210.5
2008-08-01,Trinidad and Tobago,1211.0
2008-09-01,Trinidad and Tobago,1215.1
2008-10-01,Trinidad and Tobago,1224.9
2008-11-01,Trinidad and Tobago,1223.7
2008-12-01,Trinidad and Tobago,1216.4
2009-01-01,Trinidad and Tobago,1235.6
2009-02-01,Trinidad and Tobago,1221.8
2009-03-01,Trinidad and Tobago,1237.1
2009-04-01,Trinidad and Tobago,1222.5
2009-05-01,Trinidad and Tobago,1219.4
2009-06-01,Trinidad and Tobago,1246.0
2009-07-01,Trinidad and Tobago,1208.4
2009-08-01,Trinidad and Tobago,1227.3
2009-09-01,Trinidad and Tobago,1218.7
2009-10-01,Trinidad and Tobago,1215.0
2009-11-01,Trinidad and Tobago,1224.4
2009-12-01,Trinidad and Tobago,1237.5
2010-01-01,Trinidad and Tobago,1233.1
2010-02-01,Trinidad and Tobago,1215.9
2010-03-01,Trinidad and Tobago,1219.2
2010-04-01,Trinidad and Tobago,1224.2
2010-05-01,Trinidad and Tobago,1221.0
2010-06-01,Trinidad and Tobago,1239.7
2010-07-01,Trinidad and Tobago,1233.0
2010-08-01,Trinidad and Tobago,1224.8
2010-09-01,Trinidad and Tobago,1228.1
2010-10-01,Trinidad and Tobago,1221.1
2010-11-01,Trinidad and Tobago,1224.4
2010-12-01,Trinidad and Tobago,1218.9
2011-01-01,Trinidad and Tobago,1233.2
2011-02-01,Trinidad and Tobago,1229.2
2011-03-01,Trinidad and Tobago,1232.4
2011-04-01,Trinidad and Tobago,1240.9
2011-05-01,Trinidad and Tobago,1231.2
2011-06-01,Trinidad and Tobago,1213.0
2011-07-01,Trinidad and Tobago,1246.4
2011-08-01,Trinidad and Tobago,1234.2
2011-09-01,Trinidad and Tobago,1222.5
2011-10-01,Trinidad and Tobago,1231.1
2011-11-01,Trinidad and Tobago,1239.8
2011-12-01,Trinidad and Tobago,1229.7
2012-01-01,Trinidad and Tobago,1235.7
2012-02-01,Trinidad and Tobago,1234.8
2012-03-01,Trinidad and Tobago,1249.3
2012-04-01,Trinidad and Tobago,1255.7
2012-05-01,Trinidad and Tobago,1243.9
2012-06-01,Trinidad and Tobago,1249.8
2012-07-01,Trinidad and Tobago,1224.4
2012-08-01,Trinidad and Tobago,1233.3
2012-09-01,Trinidad and Tobago,1229.5
2012-10-01,Trinidad and Tobago,1241.7
2012-11-01,Trinidad and Tobago,1245.9
2012-12-01,Trinidad and Tobago,1234.6
2013-01-01,Trinidad and Tobago,1237.8
2013-02-01,Trinidad and Tobago,1240.9
2013-03-01,Trinidad and Tobago,1234.1
2013-04-01,Trinidad and Tobago,1226.7
2013-05-01,Trinidad and Tobago,1247.9
2013-06-01,Trinidad and Tobago,1236.0
2013-07-01,Trinidad and Tobago,1238.0
2013-08-01,Trinidad and Tobago,1245.5
2013-09-01,Trinidad and Tobago,1231.6
2013-10-01,Trinidad and Tobago,1255.0
2013-11-01,Trinidad and Tobago,1243.9
2013-12-01,Trinidad and Tobago,1234.5
2014-01-01,Trinidad and Tobago,1253.0
2014-02-01,Trinidad and Tobago,1256.9
2014-03-01,Trinidad and Tobago,1229.7
2014-04-01,Trinidad and Tobago,1217.7
2014-05-01,Trinidad and Tobago,1242.2
2014-06-01,Trinidad and Tobago,1244.1
2014-07-01,Trinidad and Tobago,1246.0
2014-08-01,Trinidad and Tobago,1256.1
2014-09-01,Trinidad and Tobago,1246.3
2014-10-01,Trinidad and Tobago,1242.1
2014-11-01,Trinidad and Tobago,1251.0
2014-12-01,Trinidad and Tobago,1255.7
2015-01-01,Trinidad and Tobago,1233.9
2015-02-01,Trinidad and Tobago,1257.8
2015-03-01,Trinidad and Tobago,1245.2
2015-04-01,Trinidad and Tobago,1256.6
2015-05-01,Trinidad and Tobago,1241.1
2015-06-01,Trinidad and Tobago,1240.7
2015-07-01,Trinidad and Tobago,1254.0
2015-08-01,Trinidad and Tobago,1257.0
2015-09-01,Trinidad and Tobago,1259.5
2015-10-01,Trinidad and Tobago,1235.7
2015-11-01,Trinidad and Tobago,1250.9
2015-12-01,Trinidad and Tobago,1254.7
2016-01-01,Trinidad and Tobago,1239.2
2016-02-01,Trinidad and Tobago,1238.7
2016-03-01,Trinidad and Tobago,1253.9
2016-04-01,Trinidad and Tobago,1253.2
2016-05-01,Trinidad and Tobago,1253.9
2016-06-01,Trinidad and Tobago,1248.1
2016-07-01,Trinidad and Tobago,1247.3
2016-08-01,Trinidad and Tobago,1266.6
2016-09-01,Trinidad and Tobago,1248.5
2016-10-01,Trinidad and Tobago,1253.2
2016-11-01,Trinidad and Tobago,1242.9
2016-12-01,Trinidad and Tobago,1259.8
2017-01-01,Trinidad and Tobago,1255.5
2017-02-01,Trinidad and Tobago,1260.0
2017-03-01,Trinidad and Tobago,1267.4
2017-04-01,Trinidad and Tobago,1255.2
2017-05-01,Trinidad and Tobago,1275.8
2017-06-01,Trinidad and Tobago,1267.3
2017-07-01,Trinidad and Tobago,1255.1
2017-08-01,Trinidad and Tobago,1250.3
2017-09-01,Trinidad and Tobago,1247.4
2017-10-01,Trinidad and Tobago,1250.5
2017-11-01,Trinidad and Tobago,1243.7
2017-12-01,Trinidad and Tobago,1263.3
2018-01-01,Trinidad and Tobago,1264.9
2018-02-01,Trinidad and Tobago,1260.0
2018-03-01,Trinidad and Tobago,1266.1
2018-04-01,Trinidad and Tobago,1258.8
2018-05-01,Trinidad and Tobago,1256.1
2018-06-01,Trinidad and Tobago,1265.4
2018-07-01,Trinidad and Tobago,1255.5
2018-08-01,Trinidad and Tobago,1268.4
2018-09-01,Trinidad and Tobago,1260.7
2018-10-01,Trinidad and Tobago,1277.1
2018-11-01,Trinidad and Tobago,1262.1
2018-12-01,Trinidad and Tobago,1251.9
2019-01-01,Trinidad and Tobago,1264.9
2019-02-01,Trinidad and Tobago,1266.1
2019-03-01,Trinidad and Tobago,1262.4
2019-04-01,Trinidad and Tobago,1269.8
2019-05-01,Trinidad and Tobago,1273.3
2019-06-01,Trinidad and Tobago,1264.9
2019-07-01,Trinidad and Tobago,1270.6
2019-08-01,Trinidad and Tobago,1264.3
2019-09-01,Trinidad and Tobago,1257.9
2019-10-01,Trinidad and Tobago,1248.3
2019-11-01,Trinidad and Tobago,1276.6
2019-12-01,Trinidad and Tobago,1276.4
2020-01-01,Trinidad and Tobago,1259.7
2020-02-01,Trinidad and Tobago,1253.6
2020-03-01,Trinidad and Tobago,1264.8
2020-04-01,Trinidad and Tobago,1266.2
2020-05-01,Trinidad and Tobago,1257.7
2020-06-01,Trinidad and Tobago,1264.0
2020-07-01,Trinidad and Tobago,1278.1
2020-08-01,Trinidad and Tobago,1267.9
2020-09-01,Trinidad and Tobago,1261.0
2020-10-01,Trinidad and Tobago,1271.0
2020-11-01,Trinidad and Tobago,1264.3
2020-12-01,Trinidad and Tobago,1259.4
2021-01-01,Trinidad and Tobago,1258.0
2021-02-01,Trinidad and Tobago,1275.9
2021-03-01,Trinidad and Tobago,1260.0
2021-04-01,Trinidad and Tobago,1273.4
2021-05-01,Trinidad and Tobago,1287.5
2021-06-01,Trinidad and Tobago,1277.6
2021-07-01,Trinidad and Tobago,1272.2
2021-08-01,Trinidad and Tobago,1282.3
2021-09-01,Trinidad and Tobago,1280.7
2021-10-01,Trinidad and Tobago,1285.3
2021-11-01,Trinidad and Tobago,1266.1
2021-12-01,Trinidad and Tobago,1263.3
2022-01-01,Trinidad and Tobago,1262.9
2022-02-01,Trinidad and Tobago,1282.0
2022-03-01,Trinidad and Tobago,1283.8
2022-04-01,Trinidad and Tobago,1255.0
2022-05-01,Trinidad and Tobago,1283.9
2022-06-01,Trinidad and Tobago,1278.1
2022-07-01,Trinidad and Tobago,1268.9
2022-08-01,Trinidad and Tobago,1283.1
2022-09-01,Trinidad and Tobago,1277.5
2022-10-01,Trinidad and Tobago,1279.6
2022-11-01,Trinidad and Tobago,1266.9
2022-12-01,Trinidad and Tobago,1267.0
2023-01-01,Trinidad and Tobago,1278.4
2023-02-01,Trinidad and Tobago,1276.6
2023-03-01,Trinidad and Tobago,1276.7
2023-04-01,Trinidad and Tobago,1289.7
2023-05-01,Trinidad and Tobago,1281.8
2023-06-01,Trinidad and Tobago,1273.2
2023-07-01,Trinidad and Tobago,1279.4
2023-08-01,Trinidad and Tobago,1294.1
2023-09-01,Trinidad and Tobago,1273.2
2023-10-01,Trinidad and Tobago,1268.0
2023-11-01,Trinidad and Tobago,1277.1
2023-12-01,Trinidad and Tobago,1273.4
2024-01-01,Trinidad and Tobago,1284.8
2024-02-01,Trinidad and Tobago,1282.0
2024-03-01,Trinidad and Tobago,1286.1
2024-04-01,Trinidad and Tobago,1279.5
2024-05-01,Trinidad and Tobago,1278.0
2024-06-01,Trinidad and Tobago,1281.9
2024-07-01,Trinidad and Tobago,1272.1
2024-08-01,Trinidad and Tobago,1289.3
2024-09-01,Trinidad and Tobago,1305.4
2024-10-01,Trinidad and Tobago,1280.3
2024-11-01,Trinidad and Tobago,1294.2
2024-12-01,Trinidad and Tobago,1292.4
2025-01-01,Trinidad and Tobago,1289.3
2025-02-01,Trinidad and Tobago,1274.4
2025-03-01,Trinidad and Tobago,1275.2
2025-04-01,Trinidad and Tobago,1276.5
2025-05-01,Trinidad and Tobago,1274.3
2025-06-01,Trinidad and Tobago,1277.6
2025-07-01,Trinidad and Tobago,1275.1
2025-08-01,Trinidad and Tobago,1283.6
2025-09-01,Trinidad and Tobago,1299.2
2025-10-01,Trinidad and Tobago,1276.4
2025-11-01,Trinidad and Tobago,1282.4
2025-12-01,Trinidad and Tobago,1283.7
2026-01-01,Trinidad and Tobago,1285.1
2026-02-01,Trinidad and Tobago,1287.0
2026-03-01,Trinidad and Tobago,1295.5
2026-04-01,Trinidad and Tobago,1284.5
2026-05-01,Trinidad and Tobago,1283.7
2000-01-01,Algeria,1432.7
2000-02-01,Algeria,1434.5
2000-03-01,Algeria,1432.1
2000-04-01,Algeria,1424.8
2000-05-01,Algeria,1418.1
2000-06-01,Algeria,1417.9
2000-07-01,Algeria,1422.3
2000-08-01,Algeria,1434.0
2000-09-01,Algeria,1434.9
2000-10-01,Algeria,1431.6
2000-11-01,Algeria,1427.4
2000-12-01,Algeria,1423.8
2001-01-01,Algeria,1425.7
2001-02-01,Algeria,1432.5
2001-03-01,Algeria,1434.5
2001-04-01,Algeria,1434.7
2001-05-01,Algeria,1429.9
2001-06-01,Algeria,1431.6
2001-07-01,Algeria,1435.1
2001-08-01,Algeria,1434.4
2001-09-01,Algeria,1430.6
2001-10-01,Algeria,1433.7
2001-11-01,Algeria,1448.1
2001-12-01,Algeria,1422.4
2002-01-01,Algeria,1444.6
2002-02-01,Algeria,1438.8
2002-03-01,Algeria,1435.5
2002-04-01,Algeria,1437.2
2002-05-01,Algeria,1426.5
2002-06-01,Algeria,1427.4
2002-07-01,Algeria,1437.0
2002-08-01,Algeria,1452.8
2002-09-01,Algeria,1430.7
2002-10-01,Algeria,1436.6
2002-11-01,Algeria,1444.9
2002-12-01,Algeria,1428.7
2003-01-01,Algeria,1437.0
2003-02-01,Algeria,1440.8
2003-03-01,Algeria,1439.1
2003-04-01,Algeria,1447.9
2003-05-01,Algeria,1453.7
2003-06-01,Algeria,1433.4
2003-07-01,Algeria,1439.2
2003-08-01,Algeria,1449.4
2003-09-01,Algeria,1458.9
2003-10-01,Algeria,1449.6
2003-11-01,Algeria,1441.8
2003-12-01,Algeria,1448.6
2004-01-01,Algeria,1444.0
2004-02-01,Algeria,1454.0
2004-03-01,Algeria,1444.7
2004-04-01,Algeria,1442.4
2004-05-01,Algeria,1449.0
2004-06-01,Algeria,1441.4
2004-07-01,Algeria,1454.9
2004-08-01,Algeria,1455.8
2004-09-01,Algeria,1447.9
2004-10-01,Algeria,1450.3
2004-11-01,Algeria,1447.9
2004-12-01,Algeria,1435.0
2005-01-01,Algeria,1456.0
2005-02-01,Algeria,1435.5
2005-03-01,Algeria,1458.9
2005-04-01,Algeria,1447.6
2005-05-01,Algeria,1441.2
2005-06-01,Algeria,1449.6
2005-07-01,Algeria,1456.7
2005-08-01,Algeria,1458.6
2005-09-01,Algeria,1458.2
2005-10-01,Algeria,1443.2
2005-11-01,Algeria,1441.5
2005-12-01,Algeria,1446.9
2006-01-01,Algeria,1452.2
2006-02-01,Algeria,1452.9
2006-03-01,Algeria,1441.9
2006-04-01,Algeria,1453.2
2006-05-01,Algeria,1458.2
2006-06-01,Algeria,1449.4
2006-07-01,Algeria,1453.4
2006-08-01,Algeria,1462.0
2006-09-01,Algeria,1442.6
2006-10-01,Algeria,1456.2
2006-11-01,Algeria,1438.5
2006-12-01,Algeria,1443.2
2007-01-01,Algeria,1470.5
2007-02-01,Algeria,1451.1
2007-03-01,Algeria,1458.5
2007-04-01,Algeria,1445.1
2007-05-01,Algeria,1454.6
2007-06-01,Algeria,1460.2
2007-07-01,Algeria,1462.6
2007-08-01,Algeria,1461.4
2007-09-01,Algeria,1455.4
2007-10-01,Algeria,1463.5
2007-11-01,Algeria,1458.8
2007-12-01,Algeria,1443.8
2008-01-01,Algeria,1458.8
2008-02-01,Algeria,1452.6
2008-03-01,Algeria,1452.2
2008-04-01,Algeria,1460.7
2008-05-01,Algeria,1453.1
2008-06-01,Algeria,1465.0
2008-07-01,Algeria,1465.9
2008-08-01,Algeria,1440.6
2008-09-01,Algeria,1468.8
2008-10-01,Algeria,1460.5
2008-11-01,Algeria,1464.4
2008-12-01,Algeria,1468.5
2009-01-01,Algeria,1455.0
2009-02-01,Algeria,1464.8
2009-03-01,Algeria,1469.7
2009-04-01,Algeria,1465.5
2009-05-01,Algeria,1477.6
2009-06-01,Algeria,1458.0
2009-07-01,Algeria,1464.8
2009-08-01,Algeria,1464.4
2009-09-01,Algeria,1478.2
2009-10-01,Algeria,1468.2
2009-11-01,Algeria,1464.8
2009-12-01,Algeria,1481.8
2010-01-01,Algeria,1475.3
2010-02-01,Algeria,1464.2
2010-03-01,Algeria,1467.9
2010-04-01,Algeria,1475.4
2010-05-01,Algeria,1462.0
2010-06-01,Algeria,1475.5
2010-07-01,Algeria,1478.7
2010-08-01,Algeria,1473.3
2010-09-01,Algeria,1464.1
2010-10-01,Algeria,1466.0
2010-11-01,Algeria,1473.9
2010-12-01,Algeria,1472.0
2011-01-01,Algeria,1491.9
2011-02-01,Algeria,1466.2
2011-03-01,Algeria,1477.6
2011-04-01,Algeria,1470.5
2011-05-01,Algeria,1453.7
2011-06-01,Algeria,1482.8
2011-07-01,Algeria,1470.6
2011-08-01,Algeria,1483.1
2011-09-01,Algeria,1479.3
2011-10-01,Algeria,1479.1
2011-11-01,Algeria,1469.8
2011-12-01,Algeria,1468.3
2012-01-01,Algeria,1493.6
2012-02-01,Algeria,1479.6
2012-03-01,Algeria,1493.3
2012-04-01,Algeria,1476.8
2012-05-01,Algeria,1480.3
2012-06-01,Algeria,1481.7
2012-07-01,Algeria,1486.0
2012-08-01,Algeria,1458.6
2012-09-01,Algeria,1473.4
2012-10-01,Algeria,1481.4
2012-11-01,Algeria,1489.1
2012-12-01,Algeria,1484.2
2013-01-01,Algeria,1477.4
2013-02-01,Algeria,1484.3
2013-03-01,Algeria,1502.4
2013-04-01,Algeria,1482.7
2013-05-01,Algeria,1479.0
2013-06-01,Algeria,1487.0
2013-07-01,Algeria,1479.5
2013-08-01,Algeria,1483.1
2013-09-01,Algeria,1485.0
2013-10-01,Algeria,1476.3
2013-11-01,Algeria,1476.4
2013-12-01,Algeria,1496.2
2014-01-01,Algeria,1476.0
2014-02-01,Algeria,1476.7
2014-03-01,Algeria,1485.6
2014-04-01,Algeria,1477.3
2014-05-01,Algeria,1489.4
2014-06-01,Algeria,1486.9
2014-07-01,Algeria,1490.7
2014-08-01,Algeria,1494.0
2014-09-01,Algeria,1488.0
2014-10-01,Algeria,1494.0
2014-11-01,Algeria,1470.2
2014-12-01,Algeria,1484.4
2015-01-01,Algeria,1474.0
2015-02-01,Algeria,1491.1
2015-03-01,Algeria,1499.2
2015-04-01,Algeria,1478.1
2015-05-01,Algeria,1472.9
2015-06-01,Algeria,1482.7
2015-07-01,Algeria,1494.9
2015-08-01,Algeria,1489.9
2015-09-01,Algeria,1483.8
2015-10-01,Algeria,1490.1
2015-11-01,Algeria,1476.3
2015-12-01,Algeria,1489.7
2016-01-01,Algeria,1486.5
2016-02-01,Algeria,1498.7
2016-03-01,Algeria,1480.7
2016-04-01,Algeria,1492.7
2016-05-01,Algeria,1489.6
2016-06-01,Algeria,1500.5
2016-07-01,Algeria,1485.9
2016-08-01,Algeria,1476.0
2016-09-01,Algeria,1497.0
2016-10-01,Algeria,1481.9
2016-11-01,Algeria,1490.9
2016-12-01,Algeria,1495.0
2017-01-01,Algeria,1477.7
2017-02-01,Algeria,1486.7
2017-03-01,Algeria,1504.4
2017-04-01,Algeria,1503.4
2017-05-01,Algeria,1494.8
2017-06-01,Algeria,1487.0
2017-07-01,Algeria,1516.8
2017-08-01,Algeria,1498.4
2017-09-01,Algeria,1502.6
2017-10-01,Algeria,1490.5
2017-11-01,Algeria,1487.1
2017-12-01,Algeria,1504.0
2018-01-01,Algeria,1498.0
2018-02-01,Algeria,1501.4
2018-03-01,Algeria,1498.1
2018-04-01,Algeria,1511.1
2018-05-01,Algeria,1497.9
2018-06-01,Algeria,1503.7
2018-07-01,Algeria,1500.7
2018-08-01,Algeria,1487.8
2018-09-01,Algeria,1492.7
2018-10-01,Algeria,1501.8
2018-11-01,Algeria,1496.1
2018-12-01,Algeria,1497.4
2019-01-01,Algeria,1515.1
2019-02-01,Algeria,1500.7
2019-03-01,Algeria,1520.7
2019-04-01,Algeria,1501.4
2019-05-01,Algeria,1498.5
2019-06-01,Algeria,1515.5
2019-07-01,Algeria,1505.6
2019-08-01,Algeria,1514.4
2019-09-01,Algeria,1493.8
2019-10-01,Algeria,1486.8
2019-11-01,Algeria,1482.2
2019-12-01,Algeria,1491.6
2020-01-01,Algeria,1496.1
2020-02-01,Algeria,1511.3
2020-03-01,Algeria,1505.4
2020-04-01,Algeria,1504.3
2020-05-01,Algeria,1496.5
2020-06-01,Algeria,1514.0
2020-07-01,Algeria,1512.6
2020-08-01,Algeria,1494.1
2020-09-01,Algeria,1503.9
2020-10-01,Algeria,1500.4
2020-11-01,Algeria,1520.9
2020-12-01,Algeria,1508.7
2021-01-01,Algeria,1510.7
2021-02-01,Algeria,1512.5
2021-03-01,Algeria,1512.3
2021-04-01,Algeria,1513.0
2021-05-01,Algeria,1493.8
2021-06-01,Algeria,1510.8
2021-07-01,Algeria,1534.2
2021-08-01,Algeria,1503.1
2021-09-01,Algeria,1518.2
2021-10-01,Algeria,1515.6
2021-11-01,Algeria,1510.0
2021-12-01,Algeria,1503.3
2022-01-01,Algeria,1518.9
2022-02-01,Algeria,1511.6
2022-03-01,Algeria,1513.8
2022-04-01,Algeria,1518.1
2022-05-01,Algeria,1507.0
2022-06-01,Algeria,1511.6
2022-07-01,Algeria,1520.3
2022-08-01,Algeria,1514.3
2022-09-01,Algeria,1500.0
2022-10-01,Algeria,1517.8
2022-11-01,Algeria,1519.2
2022-12-01,Algeria,1520.1
2023-01-01,Algeria,1516.8
2023-02-01,Algeria,1510.8
2023-03-01,Algeria,1508.6
2023-04-01,Algeria,1515.3
2023-05-01,Algeria,1524.3
2023-06-01,Algeria,1512.8
2023-07-01,Algeria,1532.9
2023-08-01,Algeria,1513.7
2023-09-01,Algeria,1529.7
2023-10-01,Algeria,1521.7
2023-11-01,Algeria,1514.2
2023-12-01,Algeria,1509.1
2024-01-01,Algeria,1526.4
2024-02-01,Algeria,1521.2
2024-03-01,Algeria,1516.3
2024-04-01,Algeria,1522.7
2024-05-01,Algeria,1524.2
2024-06-01,Algeria,1515.2
2024-07-01,Algeria,1523.1
2024-08-01,Algeria,1504.8
2024-09-01,Algeria,1511.4
2024-10-01,Algeria,1529.6
2024-11-01,Algeria,1519.2
2024-12-01,Algeria,1527.5
2025-01-01,Algeria,1530.4
2025-02-01,Algeria,1533.8
2025-03-01,Algeria,1531.5
2025-04-01,Algeria,1533.1
2025-05-01,Algeria,1514.2
2025-06-01,Algeria,1539.1
2025-07-01,Algeria,1530.8
2025-08-01,Algeria,1546.0
2025-09-01,Algeria,1524.8
2025-10-01,Algeria,1519.3
2025-11-01,Algeria,1535.2
2025-12-01,Algeria,1532.9
2026-01-01,Algeria,1516.2
2026-02-01,Algeria,1529.3
2026-03-01,Algeria,1524.9
2026-04-01,Algeria,1525.8
2026-05-01,Algeria,1530.5
