rank_date,country_full,rank,total_points
2000-01-01,France,5,2024.4
2000-01-01,Spain,2,1959.8
2000-01-01,Argentina,5,1937.8
2000-01-01,England,6,1977.0
2000-01-01,Portugal,1,1976.9
2000-01-01,Brazil,10,1985.2
2000-01-01,Netherlands,10,1987.4
2000-01-01,Morocco,10,1927.5
2000-01-01,Belgium,11,1952.6
2000-01-01,Germany,11,1900.8
2000-01-01,Croatia,9,1918.8
2000-01-01,Austria,8,1877.4
2000-01-01,Colombia,13,1878.7
2000-01-01,Senegal,18,1866.5
2000-01-01,Mexico,14,1944.8
2000-01-01,United States,20,1857.5
2000-01-01,Uruguay,21,1881.6
2000-01-01,Japan,22,1833.3
2000-01-01,Switzerland,23,1822.3
2000-01-01,Norway,22,1898.0
2000-01-01,Iran,17,1809.1
2000-01-01,Turkey,18,1860.1
2000-01-01,Ecuador,25,1863.9
2000-01-01,Sweden,25,1781.5
2000-01-01,South Korea,26,1765.1
2000-01-01,Nigeria,29,1807.9
2000-01-01,Australia,26,1782.5
2000-01-01,Ivory Coast,28,1814.5
2000-01-01,Algeria,24,1828.9
2000-01-01,Egypt,33,1790.5
2000-01-01,Canada,33,1749.6
2000-01-01,Tunisia,34,1755.7
2000-01-01,Paraguay,32,1714.2
2000-01-01,Peru,31,1717.6
2000-01-01,Ghana,37,1766.1
2000-01-01,Saudi Arabia,34,1659.4
2000-01-01,Cabo Verde,35,1686.4
2000-01-01,Slovakia,40,1686.4
2000-01-01,Scotland,34,1688.8
2000-01-01,Jordan,37,1722.3
2000-01-01,Czechia,40,1662.1
2000-01-01,South Africa,40,1692.7
2000-01-01,Venezuela,45,1687.9
2000-01-01,Chile,47,1590.3
2000-01-01,Bolivia,44,1687.0
2000-01-01,Indonesia,42,1578.6
2000-01-01,New Zealand,46,1622.5
2000-01-01,Costa Rica,43,1687.0
2000-01-01,Curaçao,45,1641.6
2000-01-01,Honduras,50,1650.7
2000-01-01,DR Congo,47,1632.8
2000-01-01,Kenya,45,1585.1
2000-01-01,Panama,52,1587.6
2000-01-01,Bosnia and Herzegovina,50,1585.0
2000-01-01,Qatar,50,1609.9
2000-01-01,Haiti,50,1621.8
2000-01-01,Cuba,58,1567.3
2000-01-01,Iraq,59,1479.3
2000-01-01,Trinidad and Tobago,54,1572.6
2000-01-01,Uzbekistan,64,1519.0
2000-02-01,France,4,1985.5
2000-02-01,Spain,1,1959.8
2000-02-01,Argentina,1,1969.7
2000-02-01,England,5,1936.5
2000-02-01,Portugal,4,1919.3
2000-02-01,Brazil,10,1966.0
2000-02-01,Netherlands,6,1953.4
2000-02-01,Morocco,10,1956.7
2000-02-01,Belgium,11,1929.7
2000-02-01,Germany,10,1921.6
2000-02-01,Croatia,15,1901.7
2000-02-01,Austria,13,1938.9
2000-02-01,Colombia,17,1909.2
2000-02-01,Senegal,13,1879.5
2000-02-01,Mexico,17,1856.0
2000-02-01,United States,13,1937.6
2000-02-01,Uruguay,18,1855.4
2000-02-01,Japan,19,1862.9
2000-02-01,Switzerland,18,1863.2
2000-02-01,Norway,17,1841.1
2000-02-01,Iran,20,1749.5
2000-02-01,Turkey,20,1804.8
2000-02-01,Ecuador,25,1773.9
2000-02-01,Sweden,26,1821.4
2000-02-01,South Korea,28,1857.6
2000-02-01,Nigeria,27,1820.8
2000-02-01,Australia,25,1803.4
2000-02-01,Ivory Coast,32,1763.8
2000-02-01,Algeria,27,1778.2
2000-02-01,Egypt,33,1786.8
2000-02-01,Canada,34,1788.7
2000-02-01,Tunisia,27,1763.5
2000-02-01,Paraguay,31,1722.0
2000-02-01,Peru,29,1743.6
2000-02-01,Ghana,35,1750.6
2000-02-01,Saudi Arabia,36,1723.7
2000-02-01,Cabo Verde,33,1701.6
2000-02-01,Slovakia,34,1704.3
2000-02-01,Scotland,36,1723.6
2000-02-01,Jordan,35,1635.9
2000-02-01,Czechia,43,1685.6
2000-02-01,South Africa,44,1641.9
2000-02-01,Venezuela,38,1686.3
2000-02-01,Chile,47,1642.0
2000-02-01,Bolivia,46,1630.9
2000-02-01,Indonesia,43,1620.1
2000-02-01,New Zealand,47,1596.2
2000-02-01,Costa Rica,50,1642.1
2000-02-01,Curaçao,47,1619.1
2000-02-01,Honduras,49,1576.9
2000-02-01,DR Congo,44,1617.2
2000-02-01,Kenya,45,1613.2
2000-02-01,Panama,47,1600.1
2000-02-01,Bosnia and Herzegovina,52,1564.8
2000-02-01,Qatar,52,1542.2
2000-02-01,Haiti,53,1521.7
2000-02-01,Cuba,52,1548.3
2000-02-01,Iraq,52,1603.0
2000-02-01,Trinidad and Tobago,52,1568.3
2000-02-01,Uzbekistan,63,1547.5
2000-03-01,France,1,2056.4
2000-03-01,Spain,1,1956.2
2000-03-01,Argentina,1,1932.7
2000-03-01,England,7,1974.9
2000-03-01,Portugal,4,1977.3
2000-03-01,Brazil,2,1954.7
2000-03-01,Netherlands,6,1908.0
2000-03-01,Morocco,6,1938.1
2000-03-01,Belgium,13,1924.4
2000-03-01,Germany,14,1891.8
2000-03-01,Croatia,13,1888.6
2000-03-01,Austria,9,1882.8
2000-03-01,Colombia,16,1913.1
2000-03-01,Senegal,13,1873.1
2000-03-01,Mexico,18,1859.1
2000-03-01,United States,12,1864.6
2000-03-01,Uruguay,19,1847.0
2000-03-01,Japan,14,1870.0
2000-03-01,Switzerland,17,1855.8
2000-03-01,Norway,16,1882.2
2000-03-01,Iran,18,1827.7
2000-03-01,Turkey,19,1855.7
2000-03-01,Ecuador,27,1784.2
2000-03-01,Sweden,27,1812.6
2000-03-01,South Korea,28,1784.8
2000-03-01,Nigeria,27,1840.6
2000-03-01,Australia,30,1805.1
2000-03-01,Ivory Coast,27,1780.5
2000-03-01,Algeria,25,1828.9
2000-03-01,Egypt,27,1760.6
2000-03-01,Canada,29,1702.9
2000-03-01,Tunisia,30,1753.8
2000-03-01,Paraguay,28,1788.1
2000-03-01,Peru,34,1748.9
2000-03-01,Ghana,32,1703.5
2000-03-01,Saudi Arabia,38,1701.9
2000-03-01,Cabo Verde,34,1729.0
2000-03-01,Slovakia,35,1688.6
2000-03-01,Scotland,39,1739.3
2000-03-01,Jordan,35,1661.1
2000-03-01,Czechia,44,1704.2
2000-03-01,South Africa,43,1659.6
2000-03-01,Venezuela,46,1689.6
2000-03-01,Chile,44,1698.6
2000-03-01,Bolivia,47,1686.8
2000-03-01,Indonesia,42,1692.5
2000-03-01,New Zealand,50,1674.9
2000-03-01,Costa Rica,48,1620.5
2000-03-01,Curaçao,44,1612.5
2000-03-01,Honduras,48,1603.7
2000-03-01,DR Congo,46,1574.7
2000-03-01,Kenya,45,1670.4
2000-03-01,Panama,54,1592.8
2000-03-01,Bosnia and Herzegovina,48,1590.1
2000-03-01,Qatar,50,1575.8
2000-03-01,Haiti,52,1588.0
2000-03-01,Cuba,50,1580.5
2000-03-01,Iraq,51,1544.7
2000-03-01,Trinidad and Tobago,54,1602.1
2000-03-01,Uzbekistan,59,1514.1
2000-04-01,France,1,1995.4
2000-04-01,Spain,1,1973.7
2000-04-01,Argentina,3,1999.4
2000-04-01,England,7,2014.6
2000-04-01,Portugal,7,1969.1
2000-04-01,Brazil,4,1960.1
2000-04-01,Netherlands,9,1978.3
2000-04-01,Morocco,10,1892.1
2000-04-01,Belgium,7,1961.6
2000-04-01,Germany,11,1921.3
2000-04-01,Croatia,14,1909.8
2000-04-01,Austria,15,1872.4
2000-04-01,Colombia,11,1889.7
2000-04-01,Senegal,13,1876.4
2000-04-01,Mexico,15,1897.6
2000-04-01,United States,20,1851.7
2000-04-01,Uruguay,20,1898.3
2000-04-01,Japan,14,1847.3
2000-04-01,Switzerland,22,1880.7
2000-04-01,Norway,20,1904.1
2000-04-01,Iran,25,1861.3
2000-04-01,Turkey,19,1827.2
2000-04-01,Ecuador,22,1824.3
2000-04-01,Sweden,22,1824.0
2000-04-01,South Korea,28,1807.1
2000-04-01,Nigeria,23,1826.1
2000-04-01,Australia,31,1792.7
2000-04-01,Ivory Coast,25,1717.7
2000-04-01,Algeria,28,1849.3
2000-04-01,Egypt,25,1801.3
2000-04-01,Canada,33,1775.6
2000-04-01,Tunisia,30,1777.7
2000-04-01,Paraguay,30,1672.6
2000-04-01,Peru,36,1700.4
2000-04-01,Ghana,31,1694.8
2000-04-01,Saudi Arabia,33,1700.0
2000-04-01,Cabo Verde,37,1736.9
2000-04-01,Slovakia,37,1709.5
2000-04-01,Scotland,36,1687.2
2000-04-01,Jordan,37,1691.7
2000-04-01,Czechia,38,1664.4
2000-04-01,South Africa,42,1683.0
2000-04-01,Venezuela,40,1621.5
2000-04-01,Chile,46,1712.5
2000-04-01,Bolivia,42,1608.6
2000-04-01,Indonesia,44,1648.1
2000-04-01,New Zealand,42,1604.5
2000-04-01,Costa Rica,51,1635.3
2000-04-01,Curaçao,51,1664.9
2000-04-01,Honduras,51,1603.0
2000-04-01,DR Congo,45,1647.5
2000-04-01,Kenya,53,1634.0
2000-04-01,Panama,47,1653.5
2000-04-01,Bosnia and Herzegovina,54,1604.3
2000-04-01,Qatar,51,1584.5
2000-04-01,Haiti,53,1573.8
2000-04-01,Cuba,50,1588.2
2000-04-01,Iraq,59,1518.4
2000-04-01,Trinidad and Tobago,55,1532.3
2000-04-01,Uzbekistan,59,1522.1
2000-05-01,France,1,2001.6
2000-05-01,Spain,1,2022.5
2000-05-01,Argentina,3,1982.1
2000-05-01,England,4,1918.8
2000-05-01,Portugal,3,1930.4
2000-05-01,Brazil,2,2014.7
2000-05-01,Netherlands,11,1922.3
2000-05-01,Morocco,10,1941.5
2000-05-01,Belgium,10,1959.5
2000-05-01,Germany,13,1921.9
2000-05-01,Croatia,8,1901.9
2000-05-01,Austria,11,1871.4
2000-05-01,Colombia,17,1914.8
2000-05-01,Senegal,18,1942.9
2000-05-01,Mexico,11,1864.9
2000-05-01,United States,14,1855.2
2000-05-01,Uruguay,13,1859.0
2000-05-01,Japan,22,1856.8
2000-05-01,Switzerland,15,1847.3
2000-05-01,Norway,20,1848.1
2000-05-01,Iran,17,1914.6
2000-05-01,Turkey,23,1819.8
2000-05-01,Ecuador,20,1816.9
2000-05-01,Sweden,26,1827.5
2000-05-01,South Korea,27,1753.7
2000-05-01,Nigeria,30,1746.3
2000-05-01,Australia,25,1767.1
2000-05-01,Ivory Coast,26,1746.1
2000-05-01,Algeria,27,1794.1
2000-05-01,Egypt,32,1753.9
2000-05-01,Canada,30,1800.5
2000-05-01,Tunisia,34,1710.7
2000-05-01,Paraguay,31,1756.3
2000-05-01,Peru,32,1700.3
2000-05-01,Ghana,33,1733.2
2000-05-01,Saudi Arabia,36,1722.5
2000-05-01,Cabo Verde,34,1730.1
2000-05-01,Slovakia,36,1651.4
2000-05-01,Scotland,39,1657.9
2000-05-01,Jordan,38,1701.3
2000-05-01,Czechia,42,1662.7
2000-05-01,South Africa,42,1649.3
2000-05-01,Venezuela,43,1645.0
2000-05-01,Chile,42,1631.3
2000-05-01,Bolivia,47,1669.7
2000-05-01,Indonesia,43,1597.5
2000-05-01,New Zealand,42,1667.8
2000-05-01,Costa Rica,44,1609.8
2000-05-01,Curaçao,51,1659.6
2000-05-01,Honduras,49,1598.2
2000-05-01,DR Congo,44,1636.5
2000-05-01,Kenya,45,1672.9
2000-05-01,Panama,47,1647.9
2000-05-01,Bosnia and Herzegovina,54,1622.4
2000-05-01,Qatar,55,1629.0
2000-05-01,Haiti,50,1576.3
2000-05-01,Cuba,58,1567.2
2000-05-01,Iraq,58,1508.1
2000-05-01,Trinidad and Tobago,52,1576.1
2000-05-01,Uzbekistan,64,1530.6
2000-06-01,France,4,1975.2
2000-06-01,Spain,1,2023.4
2000-06-01,Argentina,6,2001.0
2000-06-01,England,7,1962.9
2000-06-01,Portugal,1,1975.0
2000-06-01,Brazil,4,1972.0
2000-06-01,Netherlands,9,1961.3
2000-06-01,Morocco,11,1995.1
2000-06-01,Belgium,5,1907.1
2000-06-01,Germany,11,1950.1
2000-06-01,Croatia,11,1927.6
2000-06-01,Austria,15,1929.5
2000-06-01,Colombia,16,1845.6
2000-06-01,Senegal,14,1904.6
2000-06-01,Mexico,18,1927.5
2000-06-01,United States,13,1871.0
2000-06-01,Uruguay,19,1888.3
2000-06-01,Japan,18,1881.0
2000-06-01,Switzerland,20,1855.2
2000-06-01,Norway,17,1810.6
2000-06-01,Iran,19,1862.2
2000-06-01,Turkey,23,1849.0
2000-06-01,Ecuador,24,1813.6
2000-06-01,Sweden,23,1838.2
2000-06-01,South Korea,24,1788.2
2000-06-01,Nigeria,30,1833.3
2000-06-01,Australia,25,1808.4
2000-06-01,Ivory Coast,25,1747.2
2000-06-01,Algeria,32,1770.8
2000-06-01,Egypt,28,1777.5
2000-06-01,Canada,33,1775.1
2000-06-01,Tunisia,34,1772.9
2000-06-01,Paraguay,35,1735.8
2000-06-01,Peru,30,1728.2
2000-06-01,Ghana,36,1710.0
2000-06-01,Saudi Arabia,36,1673.4
2000-06-01,Cabo Verde,35,1743.2
2000-06-01,Slovakia,40,1715.4
2000-06-01,Scotland,34,1662.9
2000-06-01,Jordan,43,1729.8
2000-06-01,Czechia,42,1692.3
2000-06-01,South Africa,45,1661.7
2000-06-01,Venezuela,44,1620.5
2000-06-01,Chile,43,1608.9
2000-06-01,Bolivia,42,1638.1
2000-06-01,Indonesia,43,1640.1
2000-06-01,New Zealand,45,1663.0
2000-06-01,Costa Rica,51,1625.5
2000-06-01,Curaçao,44,1617.0
2000-06-01,Honduras,49,1639.4
2000-06-01,DR Congo,44,1613.3
2000-06-01,Kenya,48,1592.6
2000-06-01,Panama,52,1618.6
2000-06-01,Bosnia and Herzegovina,47,1621.7
2000-06-01,Qatar,48,1583.0
2000-06-01,Haiti,51,1543.3
2000-06-01,Cuba,55,1556.9
2000-06-01,Iraq,51,1553.3
2000-06-01,Trinidad and Tobago,57,1590.7
2000-06-01,Uzbekistan,59,1458.0
2000-07-01,France,3,1940.7
2000-07-01,Spain,1,1971.9
2000-07-01,Argentina,7,2012.5
2000-07-01,England,7,1999.5
2000-07-01,Portugal,9,1924.8
2000-07-01,Brazil,4,1965.9
2000-07-01,Netherlands,11,1938.6
2000-07-01,Morocco,4,1911.0
2000-07-01,Belgium,10,1916.5
2000-07-01,Germany,7,1973.3
2000-07-01,Croatia,12,1946.5
2000-07-01,Austria,10,1924.2
2000-07-01,Colombia,13,1932.4
2000-07-01,Senegal,14,1926.8
2000-07-01,Mexico,13,1846.7
2000-07-01,United States,15,1865.3
2000-07-01,Uruguay,19,1905.3
2000-07-01,Japan,22,1869.4
2000-07-01,Switzerland,22,1824.6
2000-07-01,Norway,22,1824.6
2000-07-01,Iran,22,1816.4
2000-07-01,Turkey,25,1856.5
2000-07-01,Ecuador,26,1757.7
2000-07-01,Sweden,25,1813.5
2000-07-01,South Korea,21,1792.6
2000-07-01,Nigeria,28,1797.9
2000-07-01,Australia,27,1807.2
2000-07-01,Ivory Coast,28,1740.5
2000-07-01,Algeria,31,1738.0
2000-07-01,Egypt,28,1750.4
2000-07-01,Canada,26,1848.3
2000-07-01,Tunisia,29,1759.8
2000-07-01,Paraguay,34,1734.4
2000-07-01,Peru,31,1713.9
2000-07-01,Ghana,31,1759.0
2000-07-01,Saudi Arabia,35,1726.1
2000-07-01,Cabo Verde,40,1725.4
2000-07-01,Slovakia,41,1715.2
2000-07-01,Scotland,35,1706.2
2000-07-01,Jordan,40,1683.9
2000-07-01,Czechia,36,1656.5
2000-07-01,South Africa,44,1642.1
2000-07-01,Venezuela,44,1721.4
2000-07-01,Chile,43,1628.9
2000-07-01,Bolivia,40,1603.2
2000-07-01,Indonesia,42,1623.6
2000-07-01,New Zealand,50,1658.7
2000-07-01,Costa Rica,48,1658.9
2000-07-01,Curaçao,49,1665.2
2000-07-01,Honduras,51,1633.7
2000-07-01,DR Congo,50,1624.3
2000-07-01,Kenya,45,1587.6
2000-07-01,Panama,54,1599.1
2000-07-01,Bosnia and Herzegovina,51,1576.3
2000-07-01,Qatar,54,1568.8
2000-07-01,Haiti,57,1633.7
2000-07-01,Cuba,54,1623.9
2000-07-01,Iraq,52,1564.1
2000-07-01,Trinidad and Tobago,55,1506.1
2000-07-01,Uzbekistan,61,1456.6
2000-08-01,France,2,1997.7
2000-08-01,Spain,6,1992.9
2000-08-01,Argentina,3,1989.0
2000-08-01,England,5,1933.3
2000-08-01,Portugal,9,1903.0
2000-08-01,Brazil,5,1962.9
2000-08-01,Netherlands,8,1921.0
2000-08-01,Morocco,7,1874.4
2000-08-01,Belgium,7,1955.7
2000-08-01,Germany,9,1880.4
2000-08-01,Croatia,9,1909.4
2000-08-01,Austria,16,1906.1
2000-08-01,Colombia,13,1939.9
2000-08-01,Senegal,17,1862.2
2000-08-01,Mexico,16,1865.0
2000-08-01,United States,19,1839.0
2000-08-01,Uruguay,16,1859.6
2000-08-01,Japan,22,1835.7
2000-08-01,Switzerland,21,1810.3
2000-08-01,Norway,23,1836.3
2000-08-01,Iran,23,1840.5
2000-08-01,Turkey,22,1832.0
2000-08-01,Ecuador,23,1846.2
2000-08-01,Sweden,21,1758.7
2000-08-01,South Korea,24,1794.2
2000-08-01,Nigeria,23,1808.5
2000-08-01,Australia,23,1809.1
2000-08-01,Ivory Coast,27,1774.6
2000-08-01,Algeria,30,1743.9
2000-08-01,Egypt,30,1728.8
2000-08-01,Canada,27,1747.3
2000-08-01,Tunisia,33,1778.8
2000-08-01,Paraguay,35,1709.8
2000-08-01,Peru,29,1721.3
2000-08-01,Ghana,37,1676.9
2000-08-01,Saudi Arabia,34,1716.0
2000-08-01,Cabo Verde,40,1736.5
2000-08-01,Slovakia,35,1707.6
2000-08-01,Scotland,38,1679.9
2000-08-01,Jordan,37,1689.6
2000-08-01,Czechia,44,1730.0
2000-08-01,South Africa,41,1718.8
2000-08-01,Venezuela,42,1682.6
2000-08-01,Chile,46,1665.1
2000-08-01,Bolivia,46,1629.9
2000-08-01,Indonesia,47,1594.3
2000-08-01,New Zealand,46,1665.4
2000-08-01,Costa Rica,45,1616.3
2000-08-01,Curaçao,51,1588.2
2000-08-01,Honduras,45,1633.1
2000-08-01,DR Congo,47,1594.7
2000-08-01,Kenya,45,1600.9
2000-08-01,Panama,54,1647.6
2000-08-01,Bosnia and Herzegovina,55,1533.6
2000-08-01,Qatar,54,1575.4
2000-08-01,Haiti,57,1589.3
2000-08-01,Cuba,55,1587.4
2000-08-01,Iraq,52,1581.7
2000-08-01,Trinidad and Tobago,58,1566.0
2000-08-01,Uzbekistan,64,1472.3
2000-09-01,France,4,2021.8
2000-09-01,Spain,1,2038.0
2000-09-01,Argentina,1,1942.5
2000-09-01,England,1,1998.3
2000-09-01,Portugal,6,1908.6
2000-09-01,Brazil,10,1916.0
2000-09-01,Netherlands,3,1980.8
2000-09-01,Morocco,12,1961.9
2000-09-01,Belgium,11,1886.6
2000-09-01,Germany,10,1903.0
2000-09-01,Croatia,9,1960.3
2000-09-01,Austria,8,1899.2
2000-09-01,Colombia,17,1862.6
2000-09-01,Senegal,11,1851.2
2000-09-01,Mexico,12,1800.1
2000-09-01,United States,13,1881.3
2000-09-01,Uruguay,16,1904.6
2000-09-01,Japan,22,1871.9
2000-09-01,Switzerland,18,1851.7
2000-09-01,Norway,23,1857.5
2000-09-01,Iran,21,1833.5
2000-09-01,Turkey,19,1766.2
2000-09-01,Ecuador,24,1793.1
2000-09-01,Sweden,20,1784.3
2000-09-01,South Korea,21,1801.3
2000-09-01,Nigeria,22,1819.1
2000-09-01,Australia,26,1795.6
2000-09-01,Ivory Coast,31,1801.6
2000-09-01,Algeria,32,1745.9
2000-09-01,Egypt,30,1812.4
2000-09-01,Canada,30,1722.6
2000-09-01,Tunisia,30,1749.7
2000-09-01,Paraguay,28,1747.9
2000-09-01,Peru,31,1787.7
2000-09-01,Ghana,32,1690.1
2000-09-01,Saudi Arabia,36,1724.8
2000-09-01,Cabo Verde,34,1740.2
2000-09-01,Slovakia,36,1707.9
2000-09-01,Scotland,36,1723.8
2000-09-01,Jordan,38,1649.3
2000-09-01,Czechia,40,1651.1
2000-09-01,South Africa,45,1722.9
2000-09-01,Venezuela,40,1707.0
2000-09-01,Chile,47,1648.9
2000-09-01,Bolivia,40,1653.1
2000-09-01,Indonesia,42,1620.8
2000-09-01,New Zealand,42,1636.0
2000-09-01,Costa Rica,46,1666.3
2000-09-01,Curaçao,44,1635.0
2000-09-01,Honduras,47,1657.9
2000-09-01,DR Congo,47,1599.8
2000-09-01,Kenya,53,1574.1
2000-09-01,Panama,51,1623.8
2000-09-01,Bosnia and Herzegovina,50,1604.7
2000-09-01,Qatar,50,1639.6
2000-09-01,Haiti,57,1582.7
2000-09-01,Cuba,56,1607.4
2000-09-01,Iraq,58,1561.1
2000-09-01,Trinidad and Tobago,52,1584.7
2000-09-01,Uzbekistan,61,1471.1
2000-10-01,France,1,2018.6
2000-10-01,Spain,4,2041.0
2000-10-01,Argentina,2,1956.8
2000-10-01,England,4,1964.1
2000-10-01,Portugal,9,1954.4
2000-10-01,Brazil,3,2043.4
2000-10-01,Netherlands,9,2003.8
2000-10-01,Morocco,9,1894.7
2000-10-01,Belgium,11,1932.9
2000-10-01,Germany,7,1951.0
2000-10-01,Croatia,13,1855.5
2000-10-01,Austria,16,1950.6
2000-10-01,Colombia,12,1865.8
2000-10-01,Senegal,18,1870.0
2000-10-01,Mexico,16,1850.7
2000-10-01,United States,15,1869.4
2000-10-01,Uruguay,19,1856.5
2000-10-01,Japan,15,1818.2
2000-10-01,Switzerland,22,1879.7
2000-10-01,Norway,24,1811.4
2000-10-01,Iran,22,1820.9
2000-10-01,Turkey,24,1838.3
2000-10-01,Ecuador,22,1827.1
2000-10-01,Sweden,25,1792.1
2000-10-01,South Korea,22,1787.8
2000-10-01,Nigeria,28,1826.0
2000-10-01,Australia,24,1735.3
2000-10-01,Ivory Coast,31,1802.5
2000-10-01,Algeria,32,1709.5
2000-10-01,Egypt,30,1746.0
2000-10-01,Canada,31,1767.3
2000-10-01,Tunisia,27,1791.1
2000-10-01,Paraguay,31,1754.0
2000-10-01,Peru,34,1753.3
2000-10-01,Ghana,33,1751.4
2000-10-01,Saudi Arabia,33,1715.9
2000-10-01,Cabo Verde,37,1753.0
2000-10-01,Slovakia,33,1731.3
2000-10-01,Scotland,36,1676.7
2000-10-01,Jordan,36,1675.4
2000-10-01,Czechia,36,1628.4
2000-10-01,South Africa,43,1692.3
2000-10-01,Venezuela,43,1674.2
2000-10-01,Chile,39,1637.3
2000-10-01,Bolivia,40,1607.7
2000-10-01,Indonesia,49,1564.4
2000-10-01,New Zealand,49,1585.4
2000-10-01,Costa Rica,45,1594.4
2000-10-01,Curaçao,43,1657.0
2000-10-01,Honduras,45,1639.8
2000-10-01,DR Congo,48,1652.9
2000-10-01,Kenya,47,1631.9
2000-10-01,Panama,53,1605.5
2000-10-01,Bosnia and Herzegovina,49,1616.1
2000-10-01,Qatar,56,1562.3
2000-10-01,Haiti,54,1577.5
2000-10-01,Cuba,52,1596.1
2000-10-01,Iraq,59,1567.5
2000-10-01,Trinidad and Tobago,58,1537.3
2000-10-01,Uzbekistan,61,1508.7
2000-11-01,France,3,2008.8
2000-11-01,Spain,5,1979.7
2000-11-01,Argentina,1,1969.2
2000-11-01,England,3,1951.7
2000-11-01,Portugal,4,1957.2
2000-11-01,Brazil,5,1950.8
2000-11-01,Netherlands,10,1981.5
2000-11-01,Morocco,4,1921.0
2000-11-01,Belgium,5,1942.9
2000-11-01,Germany,12,1886.1
2000-11-01,Croatia,8,1921.7
2000-11-01,Austria,8,1874.6
2000-11-01,Colombia,13,1913.1
2000-11-01,Senegal,14,1956.1
2000-11-01,Mexico,12,1852.1
2000-11-01,United States,16,1894.0
2000-11-01,Uruguay,19,1865.0
2000-11-01,Japan,21,1871.0
2000-11-01,Switzerland,21,1863.1
2000-11-01,Norway,22,1858.2
2000-11-01,Iran,22,1774.0
2000-11-01,Turkey,24,1827.0
2000-11-01,Ecuador,21,1777.0
2000-11-01,Sweden,23,1774.4
2000-11-01,South Korea,26,1791.6
2000-11-01,Nigeria,26,1838.1
2000-11-01,Australia,27,1821.0
2000-11-01,Ivory Coast,29,1802.4
2000-11-01,Algeria,24,1754.3
2000-11-01,Egypt,28,1688.6
2000-11-01,Canada,34,1804.5
2000-11-01,Tunisia,27,1753.8
2000-11-01,Paraguay,32,1719.5
2000-11-01,Peru,29,1750.3
2000-11-01,Ghana,31,1748.7
2000-11-01,Saudi Arabia,33,1736.5
2000-11-01,Cabo Verde,35,1678.4
2000-11-01,Slovakia,34,1720.9
2000-11-01,Scotland,41,1711.3
2000-11-01,Jordan,43,1706.6
2000-11-01,Czechia,43,1727.9
2000-11-01,South Africa,43,1664.1
2000-11-01,Venezuela,38,1688.2
2000-11-01,Chile,42,1647.4
2000-11-01,Bolivia,47,1649.0
2000-11-01,Indonesia,48,1664.0
2000-11-01,New Zealand,44,1621.6
2000-11-01,Costa Rica,46,1637.9
2000-11-01,Curaçao,46,1601.3
2000-11-01,Honduras,44,1572.9
2000-11-01,DR Congo,49,1593.3
2000-11-01,Kenya,52,1593.6
2000-11-01,Panama,49,1679.3
2000-11-01,Bosnia and Herzegovina,55,1653.8
2000-11-01,Qatar,52,1628.8
2000-11-01,Haiti,49,1534.1
2000-11-01,Cuba,55,1555.6
2000-11-01,Iraq,54,1542.4
2000-11-01,Trinidad and Tobago,52,1571.7
2000-11-01,Uzbekistan,66,1485.3
2000-12-01,France,1,1964.4
2000-12-01,Spain,6,1900.4
2000-12-01,Argentina,3,1988.8
2000-12-01,England,4,1995.9
2000-12-01,Portugal,2,1917.5
2000-12-01,Brazil,3,1889.2
2000-12-01,Netherlands,4,1921.6
2000-12-01,Morocco,10,1916.3
2000-12-01,Belgium,12,1970.9
2000-12-01,Germany,7,1904.5
2000-12-01,Croatia,7,1926.7
2000-12-01,Austria,16,1949.5
2000-12-01,Colombia,9,1875.8
2000-12-01,Senegal,13,1868.7
2000-12-01,Mexico,18,1938.5
2000-12-01,United States,18,1844.9
2000-12-01,Uruguay,13,1876.3
2000-12-01,Japan,16,1819.5
2000-12-01,Switzerland,15,1823.2
2000-12-01,Norway,22,1822.6
2000-12-01,Iran,21,1855.2
2000-12-01,Turkey,23,1816.7
2000-12-01,Ecuador,22,1795.7
2000-12-01,Sweden,27,1811.8
2000-12-01,South Korea,23,1815.2
2000-12-01,Nigeria,23,1757.9
2000-12-01,Australia,26,1782.3
2000-12-01,Ivory Coast,24,1753.9
2000-12-01,Algeria,30,1809.6
2000-12-01,Egypt,32,1790.3
2000-12-01,Canada,26,1761.7
2000-12-01,Tunisia,27,1725.8
2000-12-01,Paraguay,34,1745.2
2000-12-01,Peru,37,1767.5
2000-12-01,Ghana,35,1753.0
2000-12-01,Saudi Arabia,38,1741.6
2000-12-01,Cabo Verde,33,1735.4
2000-12-01,Slovakia,37,1703.1
2000-12-01,Scotland,38,1738.0
2000-12-01,Jordan,41,1703.9
2000-12-01,Czechia,39,1716.9
2000-12-01,South Africa,37,1673.1
2000-12-01,Venezuela,38,1720.6
2000-12-01,Chile,39,1650.8
2000-12-01,Bolivia,45,1654.8
2000-12-01,Indonesia,49,1624.3
2000-12-01,New Zealand,47,1610.3
2000-12-01,Costa Rica,43,1575.1
2000-12-01,Curaçao,43,1669.4
2000-12-01,Honduras,49,1630.6
2000-12-01,DR Congo,51,1614.5
2000-12-01,Kenya,51,1685.7
2000-12-01,Panama,49,1602.0
2000-12-01,Bosnia and Herzegovina,50,1555.8
2000-12-01,Qatar,54,1571.8
2000-12-01,Haiti,55,1598.8
2000-12-01,Cuba,56,1606.7
2000-12-01,Iraq,58,1602.1
2000-12-01,Trinidad and Tobago,52,1573.5
2000-12-01,Uzbekistan,62,1541.1
2001-01-01,France,1,1924.3
2001-01-01,Spain,5,2040.6
2001-01-01,Argentina,3,1922.3
2001-01-01,England,2,1917.0
2001-01-01,Portugal,4,1931.2
2001-01-01,Brazil,9,1928.6
2001-01-01,Netherlands,9,1979.7
2001-01-01,Morocco,9,1957.2
2001-01-01,Belgium,12,1904.8
2001-01-01,Germany,14,1872.5
2001-01-01,Croatia,11,1924.6
2001-01-01,Austria,14,1894.9
2001-01-01,Colombia,12,1922.5
2001-01-01,Senegal,13,1889.1
2001-01-01,Mexico,16,1925.2
2001-01-01,United States,14,1881.8
2001-01-01,Uruguay,14,1876.6
2001-01-01,Japan,21,1812.1
2001-01-01,Switzerland,16,1825.1
2001-01-01,Norway,22,1865.9
2001-01-01,Iran,22,1820.2
2001-01-01,Turkey,25,1883.6
2001-01-01,Ecuador,22,1842.5
2001-01-01,Sweden,27,1772.7
2001-01-01,South Korea,26,1777.2
2001-01-01,Nigeria,22,1787.5
2001-01-01,Australia,28,1742.0
2001-01-01,Ivory Coast,32,1742.5
2001-01-01,Algeria,28,1759.7
2001-01-01,Egypt,26,1731.9
2001-01-01,Canada,27,1701.9
2001-01-01,Tunisia,29,1756.1
2001-01-01,Paraguay,35,1759.7
2001-01-01,Peru,37,1777.7
2001-01-01,Ghana,31,1709.0
2001-01-01,Saudi Arabia,39,1728.1
2001-01-01,Cabo Verde,34,1734.4
2001-01-01,Slovakia,37,1679.5
2001-01-01,Scotland,36,1700.1
2001-01-01,Jordan,38,1697.5
2001-01-01,Czechia,38,1669.3
2001-01-01,South Africa,43,1642.0
2001-01-01,Venezuela,46,1664.8
2001-01-01,Chile,43,1656.9
2001-01-01,Bolivia,48,1662.6
2001-01-01,Indonesia,41,1604.3
2001-01-01,New Zealand,46,1583.4
2001-01-01,Costa Rica,47,1680.5
2001-01-01,Curaçao,48,1650.5
2001-01-01,Honduras,50,1614.1
2001-01-01,DR Congo,47,1588.6
2001-01-01,Kenya,50,1600.4
2001-01-01,Panama,49,1598.8
2001-01-01,Bosnia and Herzegovina,49,1685.7
2001-01-01,Qatar,54,1573.4
2001-01-01,Haiti,55,1571.6
2001-01-01,Cuba,52,1546.3
2001-01-01,Iraq,53,1585.6
2001-01-01,Trinidad and Tobago,59,1601.4
2001-01-01,Uzbekistan,64,1501.5
2001-02-01,France,1,2030.1
2001-02-01,Spain,5,1997.1
2001-02-01,Argentina,2,1957.9
2001-02-01,England,4,1950.6
2001-02-01,Portugal,9,1976.5
2001-02-01,Brazil,10,1940.4
2001-02-01,Netherlands,6,2040.0
2001-02-01,Morocco,4,1904.3
2001-02-01,Belgium,9,1945.5
2001-02-01,Germany,12,1960.2
2001-02-01,Croatia,8,1857.9
2001-02-01,Austria,8,1948.9
2001-02-01,Colombia,15,1889.1
2001-02-01,Senegal,17,1901.6
2001-02-01,Mexico,13,1883.1
2001-02-01,United States,12,1883.7
2001-02-01,Uruguay,18,1840.1
2001-02-01,Japan,14,1845.3
2001-02-01,Switzerland,18,1830.3
2001-02-01,Norway,23,1869.6
2001-02-01,Iran,24,1821.8
2001-02-01,Turkey,21,1878.5
2001-02-01,Ecuador,25,1774.7
2001-02-01,Sweden,25,1811.8
2001-02-01,South Korea,24,1832.8
2001-02-01,Nigeria,30,1743.0
2001-02-01,Australia,23,1838.3
2001-02-01,Ivory Coast,27,1769.0
2001-02-01,Algeria,30,1766.1
2001-02-01,Egypt,25,1782.7
2001-02-01,Canada,28,1753.5
2001-02-01,Tunisia,29,1710.8
2001-02-01,Paraguay,29,1768.5
2001-02-01,Peru,36,1738.7
2001-02-01,Ghana,34,1687.5
2001-02-01,Saudi Arabia,40,1743.3
2001-02-01,Cabo Verde,33,1731.7
2001-02-01,Slovakia,33,1666.8
2001-02-01,Scotland,40,1710.8
2001-02-01,Jordan,41,1678.0
2001-02-01,Czechia,44,1661.1
2001-02-01,South Africa,38,1673.0
2001-02-01,Venezuela,40,1668.8
2001-02-01,Chile,42,1718.1
2001-02-01,Bolivia,48,1645.9
2001-02-01,Indonesia,41,1601.0
2001-02-01,New Zealand,42,1620.4
2001-02-01,Costa Rica,47,1599.4
2001-02-01,Curaçao,49,1651.8
2001-02-01,Honduras,49,1622.6
2001-02-01,DR Congo,44,1633.5
2001-02-01,Kenya,48,1648.0
2001-02-01,Panama,53,1598.4
2001-02-01,Bosnia and Herzegovina,51,1615.7
2001-02-01,Qatar,55,1635.8
2001-02-01,Haiti,57,1632.1
2001-02-01,Cuba,53,1591.7
2001-02-01,Iraq,52,1530.2
2001-02-01,Trinidad and Tobago,52,1568.6
2001-02-01,Uzbekistan,65,1496.3
2001-03-01,France,1,1993.9
2001-03-01,Spain,1,1980.2
2001-03-01,Argentina,3,1942.3
2001-03-01,England,1,1933.2
2001-03-01,Portugal,4,1983.4
2001-03-01,Brazil,2,1932.3
2001-03-01,Netherlands,8,1954.3
2001-03-01,Morocco,5,1904.8
2001-03-01,Belgium,7,1941.9
2001-03-01,Germany,9,1921.1
2001-03-01,Croatia,11,1863.5
2001-03-01,Austria,15,1853.3
2001-03-01,Colombia,10,1875.8
2001-03-01,Senegal,16,1867.2
2001-03-01,Mexico,11,1902.7
2001-03-01,United States,12,1874.9
2001-03-01,Uruguay,18,1874.8
2001-03-01,Japan,15,1868.8
2001-03-01,Switzerland,23,1843.5
2001-03-01,Norway,18,1828.8
2001-03-01,Iran,17,1791.1
2001-03-01,Turkey,25,1877.1
2001-03-01,Ecuador,21,1746.5
2001-03-01,Sweden,22,1821.0
2001-03-01,South Korea,22,1869.0
2001-03-01,Nigeria,24,1759.1
2001-03-01,Australia,29,1784.8
2001-03-01,Ivory Coast,26,1794.1
2001-03-01,Algeria,25,1744.9
2001-03-01,Egypt,27,1813.2
2001-03-01,Canada,34,1708.1
2001-03-01,Tunisia,35,1737.7
2001-03-01,Paraguay,32,1779.6
2001-03-01,Peru,33,1754.8
2001-03-01,Ghana,31,1698.7
2001-03-01,Saudi Arabia,40,1746.9
2001-03-01,Cabo Verde,32,1727.8
2001-03-01,Slovakia,37,1744.2
2001-03-01,Scotland,40,1749.1
2001-03-01,Jordan,35,1707.8
2001-03-01,Czechia,43,1628.3
2001-03-01,South Africa,44,1680.8
2001-03-01,Venezuela,41,1731.8
2001-03-01,Chile,40,1655.1
2001-03-01,Bolivia,41,1619.3
2001-03-01,Indonesia,47,1696.3
2001-03-01,New Zealand,48,1595.9
2001-03-01,Costa Rica,51,1618.5
2001-03-01,Curaçao,43,1602.2
2001-03-01,Honduras,44,1637.7
2001-03-01,DR Congo,47,1617.3
2001-03-01,Kenya,49,1576.0
2001-03-01,Panama,51,1570.3
2001-03-01,Bosnia and Herzegovina,52,1672.4
2001-03-01,Qatar,56,1564.8
2001-03-01,Haiti,57,1576.0
2001-03-01,Cuba,51,1576.1
2001-03-01,Iraq,51,1534.8
2001-03-01,Trinidad and Tobago,59,1597.8
2001-03-01,Uzbekistan,64,1436.4
2001-04-01,France,5,1978.5
2001-04-01,Spain,1,2030.4
2001-04-01,Argentina,5,1950.1
2001-04-01,England,2,1971.5
2001-04-01,Portugal,3,2006.8
2001-04-01,Brazil,7,1964.2
2001-04-01,Netherlands,9,1953.6
2001-04-01,Morocco,7,1928.0
2001-04-01,Belgium,5,1913.3
2001-04-01,Germany,12,1952.5
2001-04-01,Croatia,14,1922.6
2001-04-01,Austria,14,1937.9
2001-04-01,Colombia,15,1880.2
2001-04-01,Senegal,11,1912.2
2001-04-01,Mexico,18,1853.8
2001-04-01,United States,17,1893.3
2001-04-01,Uruguay,15,1816.0
2001-04-01,Japan,18,1825.6
2001-04-01,Switzerland,17,1907.9
2001-04-01,Norway,20,1817.1
2001-04-01,Iran,22,1795.4
2001-04-01,Turkey,21,1847.6
2001-04-01,Ecuador,26,1790.5
2001-04-01,Sweden,26,1757.0
2001-04-01,South Korea,28,1826.2
2001-04-01,Nigeria,25,1798.7
2001-04-01,Australia,27,1766.5
2001-04-01,Ivory Coast,26,1758.1
2001-04-01,Algeria,29,1752.6
2001-04-01,Egypt,33,1737.2
2001-04-01,Canada,33,1803.2
2001-04-01,Tunisia,31,1717.6
2001-04-01,Paraguay,28,1778.2
2001-04-01,Peru,29,1740.4
2001-04-01,Ghana,35,1695.7
2001-04-01,Saudi Arabia,37,1736.2
2001-04-01,Cabo Verde,36,1752.2
2001-04-01,Slovakia,40,1722.1
2001-04-01,Scotland,42,1694.3
2001-04-01,Jordan,35,1660.1
2001-04-01,Czechia,43,1703.5
2001-04-01,South Africa,43,1676.7
2001-04-01,Venezuela,44,1677.6
2001-04-01,Chile,42,1696.0
2001-04-01,Bolivia,45,1626.2
2001-04-01,Indonesia,41,1634.9
2001-04-01,New Zealand,44,1655.0
2001-04-01,Costa Rica,48,1612.4
2001-04-01,Curaçao,50,1642.8
2001-04-01,Honduras,50,1592.3
2001-04-01,DR Congo,47,1642.7
2001-04-01,Kenya,45,1608.5
2001-04-01,Panama,53,1568.4
2001-04-01,Bosnia and Herzegovina,55,1584.6
2001-04-01,Qatar,48,1599.8
2001-04-01,Haiti,56,1501.5
2001-04-01,Cuba,50,1548.1
2001-04-01,Iraq,58,1536.5
2001-04-01,Trinidad and Tobago,59,1555.4
2001-04-01,Uzbekistan,62,1482.1
2001-05-01,France,1,1997.1
2001-05-01,Spain,1,1979.9
2001-05-01,Argentina,3,1908.3
2001-05-01,England,2,1936.2
2001-05-01,Portugal,1,2007.9
2001-05-01,Brazil,8,1993.0
2001-05-01,Netherlands,7,1942.4
2001-05-01,Morocco,7,1925.7
2001-05-01,Belgium,6,1892.1
2001-05-01,Germany,11,1946.7
2001-05-01,Croatia,14,1918.3
2001-05-01,Austria,10,1912.9
2001-05-01,Colombia,11,1883.5
2001-05-01,Senegal,16,1839.0
2001-05-01,Mexico,16,1860.9
2001-05-01,United States,19,1845.5
2001-05-01,Uruguay,15,1885.6
2001-05-01,Japan,20,1868.7
2001-05-01,Switzerland,22,1867.8
2001-05-01,Norway,21,1851.9
2001-05-01,Iran,19,1864.5
2001-05-01,Turkey,22,1850.7
2001-05-01,Ecuador,22,1840.7
2001-05-01,Sweden,26,1794.6
2001-05-01,South Korea,24,1780.9
2001-05-01,Nigeria,30,1765.0
2001-05-01,Australia,25,1791.6
2001-05-01,Ivory Coast,32,1808.2
2001-05-01,Algeria,25,1772.2
2001-05-01,Egypt,32,1788.5
2001-05-01,Canada,26,1734.0
2001-05-01,Tunisia,31,1708.2
2001-05-01,Paraguay,34,1720.5
2001-05-01,Peru,37,1720.2
2001-05-01,Ghana,35,1698.7
2001-05-01,Saudi Arabia,33,1679.3
2001-05-01,Cabo Verde,34,1707.1
2001-05-01,Slovakia,35,1720.3
2001-05-01,Scotland,37,1664.5
2001-05-01,Jordan,35,1718.8
2001-05-01,Czechia,39,1687.5
2001-05-01,South Africa,42,1669.1
2001-05-01,Venezuela,45,1696.8
2001-05-01,Chile,42,1648.9
2001-05-01,Bolivia,48,1691.1
2001-05-01,Indonesia,48,1566.4
2001-05-01,New Zealand,50,1618.3
2001-05-01,Costa Rica,49,1603.4
2001-05-01,Curaçao,51,1620.6
2001-05-01,Honduras,44,1648.0
2001-05-01,DR Congo,52,1662.1
2001-05-01,Kenya,50,1598.4
2001-05-01,Panama,47,1575.8
2001-05-01,Bosnia and Herzegovina,51,1575.5
2001-05-01,Qatar,55,1551.0
2001-05-01,Haiti,55,1594.5
2001-05-01,Cuba,53,1562.7
2001-05-01,Iraq,59,1525.8
2001-05-01,Trinidad and Tobago,54,1560.4
2001-05-01,Uzbekistan,67,1456.3
2001-06-01,France,5,1982.6
2001-06-01,Spain,3,1937.4
2001-06-01,Argentina,7,1979.9
2001-06-01,England,4,2007.6
2001-06-01,Portugal,8,1939.0
2001-06-01,Brazil,4,1974.8
2001-06-01,Netherlands,6,1895.9
2001-06-01,Morocco,11,1981.4
2001-06-01,Belgium,6,1969.6
2001-06-01,Germany,8,1912.4
2001-06-01,Croatia,9,1848.5
2001-06-01,Austria,10,2023.4
2001-06-01,Colombia,12,1935.3
2001-06-01,Senegal,15,1890.4
2001-06-01,Mexico,14,1910.2
2001-06-01,United States,20,1924.6
2001-06-01,Uruguay,16,1912.1
2001-06-01,Japan,20,1856.8
2001-06-01,Switzerland,23,1854.9
2001-06-01,Norway,23,1846.2
2001-06-01,Iran,25,1822.6
2001-06-01,Turkey,24,1819.1
2001-06-01,Ecuador,25,1852.2
2001-06-01,Sweden,20,1748.6
2001-06-01,South Korea,25,1747.9
2001-06-01,Nigeria,26,1797.7
2001-06-01,Australia,30,1746.9
2001-06-01,Ivory Coast,27,1766.3
2001-06-01,Algeria,25,1792.9
2001-06-01,Egypt,29,1774.0
2001-06-01,Canada,32,1774.0
2001-06-01,Tunisia,31,1739.2
2001-06-01,Paraguay,28,1822.3
2001-06-01,Peru,31,1728.4
2001-06-01,Ghana,36,1726.9
2001-06-01,Saudi Arabia,32,1734.3
2001-06-01,Cabo Verde,39,1693.4
2001-06-01,Slovakia,34,1692.2
2001-06-01,Scotland,40,1682.3
2001-06-01,Jordan,42,1695.4
2001-06-01,Czechia,39,1672.5
2001-06-01,South Africa,43,1658.4
2001-06-01,Venezuela,46,1649.9
2001-06-01,Chile,47,1665.2
2001-06-01,Bolivia,47,1667.6
2001-06-01,Indonesia,41,1647.6
2001-06-01,New Zealand,45,1630.8
2001-06-01,Costa Rica,49,1652.6
2001-06-01,Curaçao,45,1608.4
2001-06-01,Honduras,51,1650.9
2001-06-01,DR Congo,46,1636.6
2001-06-01,Kenya,51,1645.3
2001-06-01,Panama,50,1575.9
2001-06-01,Bosnia and Herzegovina,55,1602.7
2001-06-01,Qatar,53,1583.8
2001-06-01,Haiti,51,1586.5
2001-06-01,Cuba,54,1558.4
2001-06-01,Iraq,58,1613.2
2001-06-01,Trinidad and Tobago,55,1535.4
2001-06-01,Uzbekistan,63,1576.4
2001-07-01,France,1,1947.5
2001-07-01,Spain,2,1986.7
2001-07-01,Argentina,1,1959.4
2001-07-01,England,7,1960.7
2001-07-01,Portugal,6,1908.5
2001-07-01,Brazil,10,1948.5
2001-07-01,Netherlands,8,1929.3
2001-07-01,Morocco,9,1984.2
2001-07-01,Belgium,5,1999.0
2001-07-01,Germany,13,1904.1
2001-07-01,Croatia,12,1939.5
2001-07-01,Austria,16,1853.0
2001-07-01,Colombia,13,1938.7
2001-07-01,Senegal,12,1901.3
2001-07-01,Mexico,19,1830.2
2001-07-01,United States,18,1815.0
2001-07-01,Uruguay,20,1829.3
2001-07-01,Japan,21,1905.6
2001-07-01,Switzerland,15,1769.0
2001-07-01,Norway,22,1854.0
2001-07-01,Iran,25,1827.9
2001-07-01,Turkey,23,1826.6
2001-07-01,Ecuador,23,1826.1
2001-07-01,Sweden,28,1771.0
2001-07-01,South Korea,24,1751.8
2001-07-01,Nigeria,27,1782.3
2001-07-01,Australia,26,1829.3
2001-07-01,Ivory Coast,31,1742.6
2001-07-01,Algeria,31,1797.8
2001-07-01,Egypt,26,1790.9
2001-07-01,Canada,31,1777.2
2001-07-01,Tunisia,28,1794.7
2001-07-01,Paraguay,33,1733.2
2001-07-01,Peru,31,1737.9
2001-07-01,Ghana,37,1767.9
2001-07-01,Saudi Arabia,35,1704.5
2001-07-01,Cabo Verde,36,1681.7
2001-07-01,Slovakia,39,1717.8
2001-07-01,Scotland,42,1659.7
2001-07-01,Jordan,42,1707.3
2001-07-01,Czechia,39,1689.0
2001-07-01,South Africa,43,1644.7
2001-07-01,Venezuela,44,1615.9
2001-07-01,Chile,45,1614.2
2001-07-01,Bolivia,44,1690.9
2001-07-01,Indonesia,42,1629.4
2001-07-01,New Zealand,47,1614.1
2001-07-01,Costa Rica,44,1621.2
2001-07-01,Curaçao,44,1639.3
2001-07-01,Honduras,50,1602.8
2001-07-01,DR Congo,49,1580.0
2001-07-01,Kenya,49,1652.4
2001-07-01,Panama,49,1616.8
2001-07-01,Bosnia and Herzegovina,47,1546.3
2001-07-01,Qatar,52,1533.3
2001-07-01,Haiti,50,1536.3
2001-07-01,Cuba,51,1557.8
2001-07-01,Iraq,59,1578.2
2001-07-01,Trinidad and Tobago,59,1579.1
2001-07-01,Uzbekistan,67,1531.6
2001-08-01,France,4,1979.5
2001-08-01,Spain,1,1939.8
2001-08-01,Argentina,6,1974.3
2001-08-01,England,7,1937.0
2001-08-01,Portugal,7,1935.7
2001-08-01,Brazil,2,1913.6
2001-08-01,Netherlands,9,1962.0
2001-08-01,Morocco,4,1982.3
2001-08-01,Belgium,9,1961.6
2001-08-01,Germany,12,1867.5
2001-08-01,Croatia,11,1946.7
2001-08-01,Austria,9,1929.5
2001-08-01,Colombia,14,1867.6
2001-08-01,Senegal,11,1905.9
2001-08-01,Mexico,18,1875.8
2001-08-01,United States,14,1887.4
2001-08-01,Uruguay,13,1867.0
2001-08-01,Japan,19,1847.5
2001-08-01,Switzerland,15,1836.1
2001-08-01,Norway,18,1808.9
2001-08-01,Iran,24,1840.4
2001-08-01,Turkey,21,1785.3
2001-08-01,Ecuador,25,1824.5
2001-08-01,Sweden,21,1808.7
2001-08-01,South Korea,28,1814.1
2001-08-01,Nigeria,28,1808.0
2001-08-01,Australia,30,1779.1
2001-08-01,Ivory Coast,28,1812.1
2001-08-01,Algeria,29,1736.2
2001-08-01,Egypt,31,1733.7
2001-08-01,Canada,27,1726.1
2001-08-01,Tunisia,30,1779.8
2001-08-01,Paraguay,32,1788.6
2001-08-01,Peru,29,1751.2
2001-08-01,Ghana,32,1717.2
2001-08-01,Saudi Arabia,32,1708.0
2001-08-01,Cabo Verde,34,1709.0
2001-08-01,Slovakia,40,1734.7
2001-08-01,Scotland,35,1701.1
2001-08-01,Jordan,43,1693.5
2001-08-01,Czechia,40,1680.5
2001-08-01,South Africa,43,1661.5
2001-08-01,Venezuela,40,1646.2
2001-08-01,Chile,39,1636.0
2001-08-01,Bolivia,48,1645.3
2001-08-01,Indonesia,49,1620.8
2001-08-01,New Zealand,45,1675.2
2001-08-01,Costa Rica,47,1610.8
2001-08-01,Curaçao,45,1603.9
2001-08-01,Honduras,51,1595.5
2001-08-01,DR Congo,46,1599.0
2001-08-01,Kenya,52,1632.2
2001-08-01,Panama,46,1631.8
2001-08-01,Bosnia and Herzegovina,48,1622.6
2001-08-01,Qatar,51,1599.0
2001-08-01,Haiti,49,1546.7
2001-08-01,Cuba,57,1553.2
2001-08-01,Iraq,59,1545.8
2001-08-01,Trinidad and Tobago,51,1577.9
2001-08-01,Uzbekistan,63,1456.3
2001-09-01,France,1,2028.8
2001-09-01,Spain,5,1990.2
2001-09-01,Argentina,4,1948.1
2001-09-01,England,5,1972.4
2001-09-01,Portugal,7,1964.7
2001-09-01,Brazil,6,1957.7
2001-09-01,Netherlands,10,1949.4
2001-09-01,Morocco,12,1916.2
2001-09-01,Belgium,6,1902.8
2001-09-01,Germany,13,1926.6
2001-09-01,Croatia,11,1986.9
2001-09-01,Austria,16,1946.1
2001-09-01,Colombia,16,1906.8
2001-09-01,Senegal,13,1888.4
2001-09-01,Mexico,16,1892.4
2001-09-01,United States,16,1842.9
2001-09-01,Uruguay,18,1830.1
2001-09-01,Japan,15,1790.6
2001-09-01,Switzerland,19,1850.4
2001-09-01,Norway,17,1760.9
2001-09-01,Iran,19,1888.4
2001-09-01,Turkey,20,1809.7
2001-09-01,Ecuador,20,1792.2
2001-09-01,Sweden,25,1890.4
2001-09-01,South Korea,21,1797.4
2001-09-01,Nigeria,22,1764.2
2001-09-01,Australia,24,1778.1
2001-09-01,Ivory Coast,28,1766.4
2001-09-01,Algeria,29,1731.7
2001-09-01,Egypt,28,1743.2
2001-09-01,Canada,32,1735.9
2001-09-01,Tunisia,35,1804.2
2001-09-01,Paraguay,31,1711.0
2001-09-01,Peru,37,1702.7
2001-09-01,Ghana,33,1796.1
2001-09-01,Saudi Arabia,33,1708.5
2001-09-01,Cabo Verde,40,1710.1
2001-09-01,Slovakia,37,1719.5
2001-09-01,Scotland,36,1713.3
2001-09-01,Jordan,35,1725.8
2001-09-01,Czechia,38,1687.0
2001-09-01,South Africa,37,1640.5
2001-09-01,Venezuela,46,1676.9
2001-09-01,Chile,43,1630.1
2001-09-01,Bolivia,44,1682.8
2001-09-01,Indonesia,44,1597.4
2001-09-01,New Zealand,46,1632.1
2001-09-01,Costa Rica,45,1633.5
2001-09-01,Curaçao,44,1561.1
2001-09-01,Honduras,51,1627.0
2001-09-01,DR Congo,46,1566.7
2001-09-01,Kenya,46,1576.0
2001-09-01,Panama,47,1634.2
2001-09-01,Bosnia and Herzegovina,53,1635.0
2001-09-01,Qatar,55,1559.9
2001-09-01,Haiti,49,1543.5
2001-09-01,Cuba,52,1582.6
2001-09-01,Iraq,52,1585.6
2001-09-01,Trinidad and Tobago,58,1561.5
2001-09-01,Uzbekistan,63,1528.4
2001-10-01,France,5,2030.2
2001-10-01,Spain,1,1961.0
2001-10-01,Argentina,1,1970.6
2001-10-01,England,1,1963.7
2001-10-01,Portugal,6,1923.8
2001-10-01,Brazil,2,1945.5
2001-10-01,Netherlands,5,1916.9
2001-10-01,Morocco,9,1911.7
2001-10-01,Belgium,11,1920.8
2001-10-01,Germany,13,1934.6
2001-10-01,Croatia,14,1949.3
2001-10-01,Austria,15,1879.0
2001-10-01,Colombia,16,1873.9
2001-10-01,Senegal,15,1847.1
2001-10-01,Mexico,13,1858.5
2001-10-01,United States,12,1868.4
2001-10-01,Uruguay,13,1923.1
2001-10-01,Japan,22,1865.8
2001-10-01,Switzerland,17,1841.2
2001-10-01,Norway,19,1797.1
2001-10-01,Iran,25,1811.4
2001-10-01,Turkey,22,1824.5
2001-10-01,Ecuador,21,1733.2
2001-10-01,Sweden,20,1799.0
2001-10-01,South Korea,29,1819.6
2001-10-01,Nigeria,23,1818.0
2001-10-01,Australia,27,1770.3
2001-10-01,Ivory Coast,32,1789.9
2001-10-01,Algeria,32,1779.5
2001-10-01,Egypt,26,1803.8
2001-10-01,Canada,31,1822.4
2001-10-01,Tunisia,29,1781.6
2001-10-01,Paraguay,33,1734.0
2001-10-01,Peru,30,1724.4
2001-10-01,Ghana,33,1729.2
2001-10-01,Saudi Arabia,37,1679.5
2001-10-01,Cabo Verde,40,1696.9
2001-10-01,Slovakia,36,1697.7
2001-10-01,Scotland,40,1679.8
2001-10-01,Jordan,39,1654.2
2001-10-01,Czechia,39,1673.8
2001-10-01,South Africa,40,1682.6
2001-10-01,Venezuela,42,1640.2
2001-10-01,Chile,47,1656.4
2001-10-01,Bolivia,42,1667.0
2001-10-01,Indonesia,47,1674.8
2001-10-01,New Zealand,49,1623.5
2001-10-01,Costa Rica,45,1585.3
2001-10-01,Curaçao,48,1732.8
2001-10-01,Honduras,46,1600.7
2001-10-01,DR Congo,52,1653.1
2001-10-01,Kenya,48,1632.9
2001-10-01,Panama,48,1610.3
2001-10-01,Bosnia and Herzegovina,50,1641.7
2001-10-01,Qatar,54,1610.4
2001-10-01,Haiti,50,1550.0
2001-10-01,Cuba,52,1560.0
2001-10-01,Iraq,56,1609.3
2001-10-01,Trinidad and Tobago,53,1528.0
2001-10-01,Uzbekistan,61,1460.6
2001-11-01,France,2,1991.2
2001-11-01,Spain,5,1965.1
2001-11-01,Argentina,4,1950.8
2001-11-01,England,1,1973.2
2001-11-01,Portugal,6,1931.5
2001-11-01,Brazil,10,1912.1
2001-11-01,Netherlands,9,1924.7
2001-11-01,Morocco,9,1992.3
2001-11-01,Belgium,9,1867.7
2001-11-01,Germany,10,1895.8
2001-11-01,Croatia,15,1931.5
2001-11-01,Austria,15,1866.6
2001-11-01,Colombia,14,1868.8
2001-11-01,Senegal,10,1907.6
2001-11-01,Mexico,13,1878.9
2001-11-01,United States,17,1857.8
2001-11-01,Uruguay,19,1851.9
2001-11-01,Japan,17,1819.3
2001-11-01,Switzerland,16,1805.8
2001-11-01,Norway,23,1805.2
2001-11-01,Iran,23,1772.8
2001-11-01,Turkey,21,1848.0
2001-11-01,Ecuador,20,1871.1
2001-11-01,Sweden,26,1868.5
2001-11-01,South Korea,21,1818.5
2001-11-01,Nigeria,25,1794.6
2001-11-01,Australia,29,1771.0
2001-11-01,Ivory Coast,25,1763.9
2001-11-01,Algeria,26,1779.8
2001-11-01,Egypt,25,1762.5
2001-11-01,Canada,32,1740.2
2001-11-01,Tunisia,31,1703.2
2001-11-01,Paraguay,33,1726.0
2001-11-01,Peru,30,1800.8
2001-11-01,Ghana,35,1741.8
2001-11-01,Saudi Arabia,35,1705.1
2001-11-01,Cabo Verde,32,1679.6
2001-11-01,Slovakia,39,1711.9
2001-11-01,Scotland,40,1714.3
2001-11-01,Jordan,36,1694.7
2001-11-01,Czechia,42,1693.0
2001-11-01,South Africa,45,1681.8
2001-11-01,Venezuela,43,1671.3
2001-11-01,Chile,40,1639.9
2001-11-01,Bolivia,46,1711.4
2001-11-01,Indonesia,48,1652.8
2001-11-01,New Zealand,50,1617.2
2001-11-01,Costa Rica,44,1618.7
2001-11-01,Curaçao,47,1604.2
2001-11-01,Honduras,46,1635.2
2001-11-01,DR Congo,51,1669.8
2001-11-01,Kenya,51,1612.7
2001-11-01,Panama,47,1636.9
2001-11-01,Bosnia and Herzegovina,49,1597.8
2001-11-01,Qatar,50,1570.9
2001-11-01,Haiti,51,1575.2
2001-11-01,Cuba,54,1574.2
2001-11-01,Iraq,55,1617.6
2001-11-01,Trinidad and Tobago,53,1530.5
2001-11-01,Uzbekistan,60,1510.0
2001-12-01,France,4,1962.1
2001-12-01,Spain,4,2016.4
2001-12-01,Argentina,5,2006.6
2001-12-01,England,4,2002.9
2001-12-01,Portugal,5,1949.9
2001-12-01,Brazil,8,1955.1
2001-12-01,Netherlands,7,1925.8
2001-12-01,Morocco,6,1941.7
2001-12-01,Belgium,12,1938.7
2001-12-01,Germany,8,1946.3
2001-12-01,Croatia,11,1909.6
2001-12-01,Austria,16,1858.3
2001-12-01,Colombia,14,1860.9
2001-12-01,Senegal,13,1897.8
2001-12-01,Mexico,19,1865.4
2001-12-01,United States,13,1876.5
2001-12-01,Uruguay,17,1831.4
2001-12-01,Japan,19,1903.1
2001-12-01,Switzerland,22,1881.1
2001-12-01,Norway,18,1826.8
2001-12-01,Iran,24,1895.7
2001-12-01,Turkey,18,1828.5
2001-12-01,Ecuador,27,1818.8
2001-12-01,Sweden,24,1805.8
2001-12-01,South Korea,26,1762.3
2001-12-01,Nigeria,25,1771.5
2001-12-01,Australia,30,1765.9
2001-12-01,Ivory Coast,30,1784.1
2001-12-01,Algeria,30,1740.4
2001-12-01,Egypt,28,1751.5
2001-12-01,Canada,32,1791.8
2001-12-01,Tunisia,34,1738.8
2001-12-01,Paraguay,33,1811.9
2001-12-01,Peru,29,1751.0
2001-12-01,Ghana,36,1739.7
2001-12-01,Saudi Arabia,38,1757.4
2001-12-01,Cabo Verde,32,1720.1
2001-12-01,Slovakia,37,1694.5
2001-12-01,Scotland,36,1684.1
2001-12-01,Jordan,37,1626.0
2001-12-01,Czechia,36,1692.7
2001-12-01,South Africa,44,1711.8
2001-12-01,Venezuela,44,1687.4
2001-12-01,Chile,42,1648.5
2001-12-01,Bolivia,44,1678.2
2001-12-01,Indonesia,43,1656.3
2001-12-01,New Zealand,50,1625.1
2001-12-01,Costa Rica,47,1612.3
2001-12-01,Curaçao,51,1654.7
2001-12-01,Honduras,51,1635.4
2001-12-01,DR Congo,51,1587.6
2001-12-01,Kenya,51,1589.2
2001-12-01,Panama,46,1609.1
2001-12-01,Bosnia and Herzegovina,50,1584.1
2001-12-01,Qatar,49,1609.4
2001-12-01,Haiti,56,1629.4
2001-12-01,Cuba,58,1593.1
2001-12-01,Iraq,54,1595.7
2001-12-01,Trinidad and Tobago,51,1569.9
2001-12-01,Uzbekistan,67,1497.4
2002-01-01,France,3,1961.0
2002-01-01,Spain,5,1973.1
2002-01-01,Argentina,1,2004.2
2002-01-01,England,6,2012.8
2002-01-01,Portugal,6,1984.0
2002-01-01,Brazil,7,1956.1
2002-01-01,Netherlands,9,1932.8
2002-01-01,Morocco,9,1914.3
2002-01-01,Belgium,7,1913.8
2002-01-01,Germany,6,1945.5
2002-01-01,Croatia,15,1908.1
2002-01-01,Austria,9,1922.9
2002-01-01,Colombia,10,1910.0
2002-01-01,Senegal,11,1836.5
2002-01-01,Mexico,18,1882.4
2002-01-01,United States,14,1826.1
2002-01-01,Uruguay,21,1817.8
2002-01-01,Japan,20,1873.6
2002-01-01,Switzerland,17,1815.8
2002-01-01,Norway,23,1825.0
2002-01-01,Iran,17,1747.0
2002-01-01,Turkey,22,1810.3
2002-01-01,Ecuador,19,1789.2
2002-01-01,Sweden,26,1817.0
2002-01-01,South Korea,27,1753.3
2002-01-01,Nigeria,25,1782.2
2002-01-01,Australia,30,1788.9
2002-01-01,Ivory Coast,28,1791.9
2002-01-01,Algeria,31,1793.6
2002-01-01,Egypt,29,1742.3
2002-01-01,Canada,32,1780.8
2002-01-01,Tunisia,32,1766.5
2002-01-01,Paraguay,34,1752.3
2002-01-01,Peru,34,1695.0
2002-01-01,Ghana,37,1750.8
2002-01-01,Saudi Arabia,32,1735.6
2002-01-01,Cabo Verde,37,1715.2
2002-01-01,Slovakia,38,1717.4
2002-01-01,Scotland,36,1627.8
2002-01-01,Jordan,38,1696.4
2002-01-01,Czechia,38,1660.3
2002-01-01,South Africa,42,1670.2
2002-01-01,Venezuela,46,1705.9
2002-01-01,Chile,43,1667.5
2002-01-01,Bolivia,46,1651.8
2002-01-01,Indonesia,47,1629.4
2002-01-01,New Zealand,50,1649.2
2002-01-01,Costa Rica,44,1635.8
2002-01-01,Curaçao,47,1615.5
2002-01-01,Honduras,50,1659.5
2002-01-01,DR Congo,44,1562.9
2002-01-01,Kenya,48,1588.7
2002-01-01,Panama,48,1593.9
2002-01-01,Bosnia and Herzegovina,52,1560.5
2002-01-01,Qatar,54,1523.9
2002-01-01,Haiti,50,1570.9
2002-01-01,Cuba,55,1637.8
2002-01-01,Iraq,53,1587.3
2002-01-01,Trinidad and Tobago,52,1626.2
2002-01-01,Uzbekistan,60,1516.7
2002-02-01,France,1,1977.2
2002-02-01,Spain,2,2023.8
2002-02-01,Argentina,6,1976.9
2002-02-01,England,2,1938.7
2002-02-01,Portugal,9,2009.2
2002-02-01,Brazil,10,1950.8
2002-02-01,Netherlands,11,1999.0
2002-02-01,Morocco,9,1916.1
2002-02-01,Belgium,10,1884.9
2002-02-01,Germany,12,1944.4
2002-02-01,Croatia,8,1922.5
2002-02-01,Austria,10,1880.8
2002-02-01,Colombia,17,1873.8
2002-02-01,Senegal,17,1846.3
2002-02-01,Mexico,19,1885.2
2002-02-01,United States,13,1860.9
2002-02-01,Uruguay,16,1826.5
2002-02-01,Japan,18,1884.4
2002-02-01,Switzerland,23,1803.0
2002-02-01,Norway,23,1876.6
2002-02-01,Iran,22,1875.3
2002-02-01,Turkey,23,1863.3
2002-02-01,Ecuador,24,1760.0
2002-02-01,Sweden,22,1804.6
2002-02-01,South Korea,26,1793.4
2002-02-01,Nigeria,27,1777.7
2002-02-01,Australia,31,1765.4
2002-02-01,Ivory Coast,29,1751.4
2002-02-01,Algeria,25,1772.9
2002-02-01,Egypt,29,1752.7
2002-02-01,Canada,31,1774.4
2002-02-01,Tunisia,32,1774.1
2002-02-01,Paraguay,29,1731.2
2002-02-01,Peru,35,1788.9
2002-02-01,Ghana,32,1735.8
2002-02-01,Saudi Arabia,34,1676.7
2002-02-01,Cabo Verde,40,1728.1
2002-02-01,Slovakia,33,1672.8
2002-02-01,Scotland,41,1701.0
2002-02-01,Jordan,41,1677.8
2002-02-01,Czechia,40,1708.8
2002-02-01,South Africa,41,1640.8
2002-02-01,Venezuela,41,1655.4
2002-02-01,Chile,45,1649.3
2002-02-01,Bolivia,44,1571.8
2002-02-01,Indonesia,46,1639.1
2002-02-01,New Zealand,48,1648.1
2002-02-01,Costa Rica,46,1609.9
2002-02-01,Curaçao,51,1616.2
2002-02-01,Honduras,45,1643.9
2002-02-01,DR Congo,50,1607.8
2002-02-01,Kenya,50,1625.8
2002-02-01,Panama,51,1622.7
2002-02-01,Bosnia and Herzegovina,54,1569.5
2002-02-01,Qatar,50,1547.1
2002-02-01,Haiti,56,1553.1
2002-02-01,Cuba,58,1573.6
2002-02-01,Iraq,53,1560.7
2002-02-01,Trinidad and Tobago,59,1543.1
2002-02-01,Uzbekistan,62,1481.1
2002-03-01,France,2,1962.0
2002-03-01,Spain,4,1949.4
2002-03-01,Argentina,7,1965.5
2002-03-01,England,4,1908.3
2002-03-01,Portugal,7,1969.3
2002-03-01,Brazil,5,1962.6
2002-03-01,Netherlands,5,1951.5
2002-03-01,Morocco,12,1954.8
2002-03-01,Belgium,5,1916.6
2002-03-01,Germany,14,1951.2
2002-03-01,Croatia,11,1906.1
2002-03-01,Austria,15,1928.2
2002-03-01,Colombia,10,1893.2
2002-03-01,Senegal,10,1884.4
2002-03-01,Mexico,16,1881.6
2002-03-01,United States,20,1884.8
2002-03-01,Uruguay,17,1862.9
2002-03-01,Japan,18,1804.8
2002-03-01,Switzerland,18,1814.8
2002-03-01,Norway,17,1844.0
2002-03-01,Iran,17,1870.8
2002-03-01,Turkey,20,1824.9
2002-03-01,Ecuador,20,1797.7
2002-03-01,Sweden,23,1813.8
2002-03-01,South Korea,29,1766.8
2002-03-01,Nigeria,27,1808.2
2002-03-01,Australia,24,1777.6
2002-03-01,Ivory Coast,24,1752.5
2002-03-01,Algeria,29,1782.1
2002-03-01,Egypt,31,1772.3
2002-03-01,Canada,32,1772.2
2002-03-01,Tunisia,29,1712.3
2002-03-01,Paraguay,28,1760.3
2002-03-01,Peru,31,1714.3
2002-03-01,Ghana,36,1744.4
2002-03-01,Saudi Arabia,38,1687.9
2002-03-01,Cabo Verde,32,1708.2
2002-03-01,Slovakia,35,1719.8
2002-03-01,Scotland,36,1661.0
2002-03-01,Jordan,42,1676.1
2002-03-01,Czechia,43,1634.0
2002-03-01,South Africa,44,1738.2
2002-03-01,Venezuela,43,1664.7
2002-03-01,Chile,47,1646.7
2002-03-01,Bolivia,42,1655.3
2002-03-01,Indonesia,43,1613.2
2002-03-01,New Zealand,49,1636.2
2002-03-01,Costa Rica,46,1554.3
2002-03-01,Curaçao,43,1630.4
2002-03-01,Honduras,51,1590.5
2002-03-01,DR Congo,44,1646.6
2002-03-01,Kenya,49,1602.9
2002-03-01,Panama,48,1612.4
2002-03-01,Bosnia and Herzegovina,55,1557.5
2002-03-01,Qatar,54,1568.9
2002-03-01,Haiti,50,1516.1
2002-03-01,Cuba,55,1567.4
2002-03-01,Iraq,59,1540.6
2002-03-01,Trinidad and Tobago,51,1574.9
2002-03-01,Uzbekistan,63,1553.0
2002-04-01,France,5,1965.2
2002-04-01,Spain,1,2068.0
2002-04-01,Argentina,4,1971.2
2002-04-01,England,2,1949.2
2002-04-01,Portugal,3,1946.5
2002-04-01,Brazil,8,1925.6
2002-04-01,Netherlands,8,1943.2
2002-04-01,Morocco,12,1925.7
2002-04-01,Belgium,12,1871.1
2002-04-01,Germany,8,1919.4
2002-04-01,Croatia,13,1909.0
2002-04-01,Austria,12,1917.9
2002-04-01,Colombia,10,1929.4
2002-04-01,Senegal,15,1879.6
2002-04-01,Mexico,11,1889.3
2002-04-01,United States,16,1823.3
2002-04-01,Uruguay,17,1879.7
2002-04-01,Japan,19,1840.0
2002-04-01,Switzerland,20,1875.7
2002-04-01,Norway,17,1820.3
2002-04-01,Iran,23,1865.2
2002-04-01,Turkey,20,1808.4
2002-04-01,Ecuador,26,1847.9
2002-04-01,Sweden,20,1827.7
2002-04-01,South Korea,23,1806.2
2002-04-01,Nigeria,26,1782.6
2002-04-01,Australia,23,1812.3
2002-04-01,Ivory Coast,29,1807.0
2002-04-01,Algeria,29,1770.9
2002-04-01,Egypt,26,1733.2
2002-04-01,Canada,28,1725.4
2002-04-01,Tunisia,31,1759.4
2002-04-01,Paraguay,29,1799.1
2002-04-01,Peru,29,1777.6
2002-04-01,Ghana,37,1668.1
2002-04-01,Saudi Arabia,38,1753.2
2002-04-01,Cabo Verde,33,1690.1
2002-04-01,Slovakia,41,1712.8
2002-04-01,Scotland,39,1688.1
2002-04-01,Jordan,37,1702.8
2002-04-01,Czechia,40,1671.9
2002-04-01,South Africa,44,1658.9
2002-04-01,Venezuela,46,1647.7
2002-04-01,Chile,41,1620.9
2002-04-01,Bolivia,42,1729.9
2002-04-01,Indonesia,49,1636.8
2002-04-01,New Zealand,48,1719.6
2002-04-01,Costa Rica,48,1577.3
2002-04-01,Curaçao,46,1634.5
2002-04-01,Honduras,46,1610.9
2002-04-01,DR Congo,47,1677.6
2002-04-01,Kenya,50,1636.6
2002-04-01,Panama,49,1630.2
2002-04-01,Bosnia and Herzegovina,49,1602.4
2002-04-01,Qatar,51,1607.9
2002-04-01,Haiti,52,1520.2
2002-04-01,Cuba,50,1567.5
2002-04-01,Iraq,55,1530.9
2002-04-01,Trinidad and Tobago,58,1553.0
2002-04-01,Uzbekistan,63,1493.0
2002-05-01,France,1,2021.1
2002-05-01,Spain,2,1976.1
2002-05-01,Argentina,1,1966.5
2002-05-01,England,1,1904.3
2002-05-01,Portugal,5,1995.9
2002-05-01,Brazil,10,2006.3
2002-05-01,Netherlands,7,1938.2
2002-05-01,Morocco,10,1934.5
2002-05-01,Belgium,9,1923.8
2002-05-01,Germany,9,1890.9
2002-05-01,Croatia,10,1905.8
2002-05-01,Austria,14,1897.0
2002-05-01,Colombia,15,1897.8
2002-05-01,Senegal,16,1895.8
2002-05-01,Mexico,17,1808.8
2002-05-01,United States,19,1881.4
2002-05-01,Uruguay,17,1882.8
2002-05-01,Japan,14,1872.2
2002-05-01,Switzerland,23,1826.5
2002-05-01,Norway,20,1842.2
2002-05-01,Iran,18,1847.8
2002-05-01,Turkey,22,1867.7
2002-05-01,Ecuador,19,1815.4
2002-05-01,Sweden,28,1809.5
2002-05-01,South Korea,23,1781.9
2002-05-01,Nigeria,24,1783.9
2002-05-01,Australia,29,1765.7
2002-05-01,Ivory Coast,31,1809.7
2002-05-01,Algeria,24,1795.9
2002-05-01,Egypt,29,1755.9
2002-05-01,Canada,27,1775.2
2002-05-01,Tunisia,31,1661.9
2002-05-01,Paraguay,28,1674.5
2002-05-01,Peru,30,1762.2
2002-05-01,Ghana,31,1692.0
2002-05-01,Saudi Arabia,39,1734.6
2002-05-01,Cabo Verde,39,1712.3
2002-05-01,Slovakia,34,1749.2
2002-05-01,Scotland,40,1706.8
2002-05-01,Jordan,36,1730.1
2002-05-01,Czechia,43,1655.9
2002-05-01,South Africa,41,1625.1
2002-05-01,Venezuela,41,1665.0
2002-05-01,Chile,40,1702.5
2002-05-01,Bolivia,42,1676.1
2002-05-01,Indonesia,41,1655.0
2002-05-01,New Zealand,43,1590.5
2002-05-01,Costa Rica,46,1589.4
2002-05-01,Curaçao,45,1630.4
2002-05-01,Honduras,51,1568.4
2002-05-01,DR Congo,48,1606.8
2002-05-01,Kenya,46,1560.5
2002-05-01,Panama,48,1602.0
2002-05-01,Bosnia and Herzegovina,55,1614.8
2002-05-01,Qatar,48,1572.7
2002-05-01,Haiti,56,1558.2
2002-05-01,Cuba,53,1614.4
2002-05-01,Iraq,55,1578.4
2002-05-01,Trinidad and Tobago,58,1548.9
2002-05-01,Uzbekistan,61,1482.1
2002-06-01,France,1,2054.8
2002-06-01,Spain,6,1976.8
2002-06-01,Argentina,6,1966.4
2002-06-01,England,4,1974.2
2002-06-01,Portugal,6,1977.6
2002-06-01,Brazil,9,1959.6
2002-06-01,Netherlands,10,1953.2
2002-06-01,Morocco,12,1887.1
2002-06-01,Belgium,9,1886.5
2002-06-01,Germany,7,1921.2
2002-06-01,Croatia,13,1943.0
2002-06-01,Austria,13,1880.5
2002-06-01,Colombia,10,1896.3
2002-06-01,Senegal,14,1909.5
2002-06-01,Mexico,19,1870.3
2002-06-01,United States,15,1902.5
2002-06-01,Uruguay,15,1878.9
2002-06-01,Japan,21,1867.3
2002-06-01,Switzerland,16,1810.2
2002-06-01,Norway,23,1810.3
2002-06-01,Iran,17,1811.9
2002-06-01,Turkey,18,1817.8
2002-06-01,Ecuador,27,1806.0
2002-06-01,Sweden,27,1849.2
2002-06-01,South Korea,29,1788.6
2002-06-01,Nigeria,29,1826.2
2002-06-01,Australia,25,1789.0
2002-06-01,Ivory Coast,30,1747.4
2002-06-01,Algeria,31,1797.0
2002-06-01,Egypt,27,1746.2
2002-06-01,Canada,30,1754.9
2002-06-01,Tunisia,34,1780.4
2002-06-01,Paraguay,33,1784.9
2002-06-01,Peru,37,1696.5
2002-06-01,Ghana,35,1694.2
2002-06-01,Saudi Arabia,35,1686.2
2002-06-01,Cabo Verde,36,1724.3
2002-06-01,Slovakia,37,1686.6
2002-06-01,Scotland,34,1655.6
2002-06-01,Jordan,38,1715.3
2002-06-01,Czechia,40,1714.2
2002-06-01,South Africa,43,1706.3
2002-06-01,Venezuela,39,1660.7
2002-06-01,Chile,45,1644.9
2002-06-01,Bolivia,45,1663.8
2002-06-01,Indonesia,47,1645.2
2002-06-01,New Zealand,43,1616.2
2002-06-01,Costa Rica,43,1656.3
2002-06-01,Curaçao,44,1611.8
2002-06-01,Honduras,51,1642.8
2002-06-01,DR Congo,46,1617.5
2002-06-01,Kenya,50,1608.7
2002-06-01,Panama,54,1596.2
2002-06-01,Bosnia and Herzegovina,50,1546.7
2002-06-01,Qatar,56,1574.3
2002-06-01,Haiti,56,1630.1
2002-06-01,Cuba,58,1485.4
2002-06-01,Iraq,56,1608.4
2002-06-01,Trinidad and Tobago,55,1560.2
2002-06-01,Uzbekistan,64,1485.9
2002-07-01,France,1,2036.3
2002-07-01,Spain,5,1975.5
2002-07-01,Argentina,6,2040.8
2002-07-01,England,8,1967.0
2002-07-01,Portugal,3,2021.2
2002-07-01,Brazil,4,1956.2
2002-07-01,Netherlands,8,1926.7
2002-07-01,Morocco,8,1933.1
2002-07-01,Belgium,9,1915.6
2002-07-01,Germany,10,1943.5
2002-07-01,Croatia,13,1929.6
2002-07-01,Austria,13,1936.7
2002-07-01,Colombia,13,1950.8
2002-07-01,Senegal,13,1924.6
2002-07-01,Mexico,16,1872.0
2002-07-01,United States,19,1853.7
2002-07-01,Uruguay,19,1892.1
2002-07-01,Japan,20,1875.8
2002-07-01,Switzerland,21,1779.8
2002-07-01,Norway,19,1790.1
2002-07-01,Iran,22,1843.0
2002-07-01,Turkey,20,1815.0
2002-07-01,Ecuador,20,1780.3
2002-07-01,Sweden,21,1803.7
2002-07-01,South Korea,29,1844.0
2002-07-01,Nigeria,22,1785.9
2002-07-01,Australia,28,1730.9
2002-07-01,Ivory Coast,28,1732.3
2002-07-01,Algeria,28,1780.4
2002-07-01,Egypt,29,1802.4
2002-07-01,Canada,33,1737.5
2002-07-01,Tunisia,35,1699.1
2002-07-01,Paraguay,36,1670.4
2002-07-01,Peru,37,1759.8
2002-07-01,Ghana,35,1727.1
2002-07-01,Saudi Arabia,40,1696.6
2002-07-01,Cabo Verde,37,1729.7
2002-07-01,Slovakia,40,1699.0
2002-07-01,Scotland,38,1737.3
2002-07-01,Jordan,35,1647.9
2002-07-01,Czechia,44,1677.2
2002-07-01,South Africa,42,1639.9
2002-07-01,Venezuela,46,1661.5
2002-07-01,Chile,43,1671.6
2002-07-01,Bolivia,46,1680.1
2002-07-01,Indonesia,48,1642.8
2002-07-01,New Zealand,48,1651.1
2002-07-01,Costa Rica,45,1605.1
2002-07-01,Curaçao,46,1609.7
2002-07-01,Honduras,48,1618.0
2002-07-01,DR Congo,50,1543.9
2002-07-01,Kenya,51,1623.1
2002-07-01,Panama,51,1582.1
2002-07-01,Bosnia and Herzegovina,52,1604.6
2002-07-01,Qatar,56,1573.8
2002-07-01,Haiti,55,1586.9
2002-07-01,Cuba,54,1588.9
2002-07-01,Iraq,58,1577.9
2002-07-01,Trinidad and Tobago,57,1510.2
2002-07-01,Uzbekistan,59,1513.0
2002-08-01,France,1,2008.5
2002-08-01,Spain,1,1984.8
2002-08-01,Argentina,2,1947.8
2002-08-01,England,5,1943.0
2002-08-01,Portugal,9,1909.9
2002-08-01,Brazil,4,2021.1
2002-08-01,Netherlands,6,1953.7
2002-08-01,Morocco,9,1947.6
2002-08-01,Belgium,9,1917.2
2002-08-01,Germany,12,1865.0
2002-08-01,Croatia,11,1933.0
2002-08-01,Austria,13,1884.1
2002-08-01,Colombia,13,1895.7
2002-08-01,Senegal,10,1829.1
2002-08-01,Mexico,19,1886.3
2002-08-01,United States,12,1898.0
2002-08-01,Uruguay,19,1884.8
2002-08-01,Japan,14,1845.7
2002-08-01,Switzerland,22,1811.7
2002-08-01,Norway,23,1854.5
2002-08-01,Iran,17,1828.8
2002-08-01,Turkey,19,1802.1
2002-08-01,Ecuador,27,1841.7
2002-08-01,Sweden,23,1756.3
2002-08-01,South Korea,29,1737.8
2002-08-01,Nigeria,23,1774.8
2002-08-01,Australia,23,1811.2
2002-08-01,Ivory Coast,25,1766.0
2002-08-01,Algeria,30,1739.7
2002-08-01,Egypt,27,1743.2
2002-08-01,Canada,29,1747.8
2002-08-01,Tunisia,27,1731.3
2002-08-01,Paraguay,35,1732.5
2002-08-01,Peru,33,1728.5
2002-08-01,Ghana,34,1754.2
2002-08-01,Saudi Arabia,36,1739.1
2002-08-01,Cabo Verde,38,1721.0
2002-08-01,Slovakia,37,1674.6
2002-08-01,Scotland,39,1673.4
2002-08-01,Jordan,41,1730.4
2002-08-01,Czechia,42,1719.1
2002-08-01,South Africa,42,1657.5
2002-08-01,Venezuela,46,1706.5
2002-08-01,Chile,39,1697.8
2002-08-01,Bolivia,45,1648.2
2002-08-01,Indonesia,43,1656.0
2002-08-01,New Zealand,48,1656.4
2002-08-01,Costa Rica,44,1634.3
2002-08-01,Curaçao,49,1585.2
2002-08-01,Honduras,51,1633.6
2002-08-01,DR Congo,50,1670.3
2002-08-01,Kenya,51,1635.2
2002-08-01,Panama,53,1560.7
2002-08-01,Bosnia and Herzegovina,55,1550.7
2002-08-01,Qatar,55,1608.8
2002-08-01,Haiti,53,1518.5
2002-08-01,Cuba,55,1554.3
2002-08-01,Iraq,52,1569.4
2002-08-01,Trinidad and Tobago,57,1566.9
2002-08-01,Uzbekistan,67,1462.7
2002-09-01,France,5,1968.5
2002-09-01,Spain,3,1981.9
2002-09-01,Argentina,1,1925.0
2002-09-01,England,7,1942.3
2002-09-01,Portugal,2,2001.7
2002-09-01,Brazil,8,1922.6
2002-09-01,Netherlands,8,1907.8
2002-09-01,Morocco,11,1984.5
2002-09-01,Belgium,12,1871.2
2002-09-01,Germany,10,1914.2
2002-09-01,Croatia,9,1915.8
2002-09-01,Austria,13,1875.8
2002-09-01,Colombia,16,1890.0
2002-09-01,Senegal,10,1861.7
2002-09-01,Mexico,14,1852.9
2002-09-01,United States,20,1869.2
2002-09-01,Uruguay,19,1885.7
2002-09-01,Japan,22,1818.1
2002-09-01,Switzerland,20,1865.5
2002-09-01,Norway,24,1798.5
2002-09-01,Iran,19,1863.4
2002-09-01,Turkey,20,1845.2
2002-09-01,Ecuador,27,1845.9
2002-09-01,Sweden,21,1807.2
2002-09-01,South Korea,28,1786.8
2002-09-01,Nigeria,27,1757.6
2002-09-01,Australia,24,1763.6
2002-09-01,Ivory Coast,32,1784.0
2002-09-01,Algeria,24,1715.3
2002-09-01,Egypt,30,1769.5
2002-09-01,Canada,28,1787.2
2002-09-01,Tunisia,28,1741.5
2002-09-01,Paraguay,31,1713.0
2002-09-01,Peru,32,1711.6
2002-09-01,Ghana,39,1752.4
2002-09-01,Saudi Arabia,37,1730.4
2002-09-01,Cabo Verde,33,1738.5
2002-09-01,Slovakia,41,1688.7
2002-09-01,Scotland,36,1728.4
2002-09-01,Jordan,42,1670.6
2002-09-01,Czechia,43,1686.9
2002-09-01,South Africa,41,1675.8
2002-09-01,Venezuela,38,1635.8
2002-09-01,Chile,40,1689.3
2002-09-01,Bolivia,48,1653.7
2002-09-01,Indonesia,48,1688.3
2002-09-01,New Zealand,44,1632.5
2002-09-01,Costa Rica,46,1670.8
2002-09-01,Curaçao,46,1634.0
2002-09-01,Honduras,52,1609.5
2002-09-01,DR Congo,49,1640.9
2002-09-01,Kenya,47,1613.1
2002-09-01,Panama,51,1523.9
2002-09-01,Bosnia and Herzegovina,47,1628.5
2002-09-01,Qatar,48,1600.6
2002-09-01,Haiti,51,1588.0
2002-09-01,Cuba,58,1532.8
2002-09-01,Iraq,51,1567.8
2002-09-01,Trinidad and Tobago,57,1598.3
2002-09-01,Uzbekistan,59,1492.7
2002-10-01,France,4,1986.1
2002-10-01,Spain,1,1993.4
2002-10-01,Argentina,3,1926.5
2002-10-01,England,1,1959.1
2002-10-01,Portugal,8,1964.8
2002-10-01,Brazil,8,1940.1
2002-10-01,Netherlands,5,1893.5
2002-10-01,Morocco,4,1951.5
2002-10-01,Belgium,12,1855.3
2002-10-01,Germany,8,1916.7
2002-10-01,Croatia,10,1986.5
2002-10-01,Austria,15,1943.0
2002-10-01,Colombia,13,1891.3
2002-10-01,Senegal,15,1900.9
2002-10-01,Mexico,14,1854.8
2002-10-01,United States,14,1838.2
2002-10-01,Uruguay,20,1869.6
2002-10-01,Japan,14,1862.8
2002-10-01,Switzerland,23,1776.0
2002-10-01,Norway,20,1871.4
2002-10-01,Iran,24,1869.2
2002-10-01,Turkey,22,1869.7
2002-10-01,Ecuador,25,1830.5
2002-10-01,Sweden,28,1815.2
2002-10-01,South Korea,21,1848.3
2002-10-01,Nigeria,28,1787.1
2002-10-01,Australia,26,1772.7
2002-10-01,Ivory Coast,31,1726.6
2002-10-01,Algeria,25,1825.7
2002-10-01,Egypt,29,1760.9
2002-10-01,Canada,31,1728.6
2002-10-01,Tunisia,28,1732.1
2002-10-01,Paraguay,34,1755.5
2002-10-01,Peru,30,1746.5
2002-10-01,Ghana,35,1741.7
2002-10-01,Saudi Arabia,32,1653.5
2002-10-01,Cabo Verde,35,1768.1
2002-10-01,Slovakia,36,1729.0
2002-10-01,Scotland,40,1705.9
2002-10-01,Jordan,35,1675.2
2002-10-01,Czechia,42,1681.7
2002-10-01,South Africa,43,1736.9
2002-10-01,Venezuela,40,1678.3
2002-10-01,Chile,45,1661.4
2002-10-01,Bolivia,48,1627.1
2002-10-01,Indonesia,42,1651.7
2002-10-01,New Zealand,48,1616.2
2002-10-01,Costa Rica,47,1651.1
2002-10-01,Curaçao,44,1687.3
2002-10-01,Honduras,49,1597.7
2002-10-01,DR Congo,49,1615.1
2002-10-01,Kenya,53,1623.9
2002-10-01,Panama,50,1619.6
2002-10-01,Bosnia and Herzegovina,49,1566.2
2002-10-01,Qatar,51,1554.7
2002-10-01,Haiti,56,1530.9
2002-10-01,Cuba,51,1611.7
2002-10-01,Iraq,56,1578.4
2002-10-01,Trinidad and Tobago,59,1550.0
2002-10-01,Uzbekistan,66,1520.2
2002-11-01,France,1,1966.9
2002-11-01,Spain,1,1988.2
2002-11-01,Argentina,1,1952.2
2002-11-01,England,4,1999.1
2002-11-01,Portugal,2,1960.8
2002-11-01,Brazil,9,1971.4
2002-11-01,Netherlands,3,1937.9
2002-11-01,Morocco,10,1955.3
2002-11-01,Belgium,10,1938.5
2002-11-01,Germany,8,1891.3
2002-11-01,Croatia,9,1939.4
2002-11-01,Austria,13,1952.9
2002-11-01,Colombia,15,1887.6
2002-11-01,Senegal,10,1837.1
2002-11-01,Mexico,11,1887.9
2002-11-01,United States,14,1870.0
2002-11-01,Uruguay,15,1804.1
2002-11-01,Japan,18,1852.3
2002-11-01,Switzerland,15,1904.0
2002-11-01,Norway,19,1844.6
2002-11-01,Iran,21,1783.4
2002-11-01,Turkey,20,1787.7
2002-11-01,Ecuador,23,1824.3
2002-11-01,Sweden,26,1808.4
2002-11-01,South Korea,29,1808.4
2002-11-01,Nigeria,28,1749.3
2002-11-01,Australia,27,1789.5
2002-11-01,Ivory Coast,25,1725.1
2002-11-01,Algeria,32,1751.2
2002-11-01,Egypt,28,1809.9
2002-11-01,Canada,28,1755.6
2002-11-01,Tunisia,28,1752.1
2002-11-01,Paraguay,34,1794.5
2002-11-01,Peru,32,1740.1
2002-11-01,Ghana,36,1696.7
2002-11-01,Saudi Arabia,38,1707.3
2002-11-01,Cabo Verde,33,1707.4
2002-11-01,Slovakia,40,1729.7
2002-11-01,Scotland,36,1692.6
2002-11-01,Jordan,37,1660.0
2002-11-01,Czechia,38,1690.0
2002-11-01,South Africa,37,1705.3
2002-11-01,Venezuela,42,1744.5
2002-11-01,Chile,45,1665.4
2002-11-01,Bolivia,47,1676.7
2002-11-01,Indonesia,47,1640.2
2002-11-01,New Zealand,49,1629.2
2002-11-01,Costa Rica,46,1648.6
2002-11-01,Curaçao,46,1632.1
2002-11-01,Honduras,49,1641.2
2002-11-01,DR Congo,50,1544.1
2002-11-01,Kenya,46,1610.1
2002-11-01,Panama,51,1593.3
2002-11-01,Bosnia and Herzegovina,51,1621.7
2002-11-01,Qatar,55,1557.3
2002-11-01,Haiti,54,1555.0
2002-11-01,Cuba,58,1574.8
2002-11-01,Iraq,56,1531.1
2002-11-01,Trinidad and Tobago,57,1534.2
2002-11-01,Uzbekistan,60,1450.3
2002-12-01,France,3,2016.1
2002-12-01,Spain,6,1978.1
2002-12-01,Argentina,3,1989.7
2002-12-01,England,1,1971.4
2002-12-01,Portugal,9,2005.6
2002-12-01,Brazil,8,1987.0
2002-12-01,Netherlands,7,1951.0
2002-12-01,Morocco,11,1926.5
2002-12-01,Belgium,12,1898.6
2002-12-01,Germany,10,1885.1
2002-12-01,Croatia,8,1882.0
2002-12-01,Austria,8,1896.9
2002-12-01,Colombia,9,1920.1
2002-12-01,Senegal,10,1898.8
2002-12-01,Mexico,11,1861.0
2002-12-01,United States,18,1847.0
2002-12-01,Uruguay,20,1886.8
2002-12-01,Japan,14,1802.5
2002-12-01,Switzerland,16,1825.8
2002-12-01,Norway,19,1824.5
2002-12-01,Iran,22,1860.1
2002-12-01,Turkey,24,1785.1
2002-12-01,Ecuador,24,1799.7
2002-12-01,Sweden,22,1865.8
2002-12-01,South Korea,29,1844.8
2002-12-01,Nigeria,23,1825.7
2002-12-01,Australia,31,1781.9
2002-12-01,Ivory Coast,30,1767.3
2002-12-01,Algeria,25,1743.0
2002-12-01,Egypt,29,1789.1
2002-12-01,Canada,27,1762.2
2002-12-01,Tunisia,32,1720.1
2002-12-01,Paraguay,34,1760.0
2002-12-01,Peru,31,1686.0
2002-12-01,Ghana,35,1737.8
2002-12-01,Saudi Arabia,37,1711.1
2002-12-01,Cabo Verde,37,1713.3
2002-12-01,Slovakia,34,1663.1
2002-12-01,Scotland,36,1667.4
2002-12-01,Jordan,38,1666.4
2002-12-01,Czechia,42,1714.8
2002-12-01,South Africa,44,1685.7
2002-12-01,Venezuela,38,1677.0
2002-12-01,Chile,42,1655.2
2002-12-01,Bolivia,46,1630.1
2002-12-01,Indonesia,47,1642.0
2002-12-01,New Zealand,42,1635.9
2002-12-01,Costa Rica,48,1660.4
2002-12-01,Curaçao,49,1628.2
2002-12-01,Honduras,51,1568.6
2002-12-01,DR Congo,48,1686.7
2002-12-01,Kenya,48,1613.7
2002-12-01,Panama,54,1603.0
2002-12-01,Bosnia and Herzegovina,47,1601.3
2002-12-01,Qatar,51,1590.9
2002-12-01,Haiti,56,1552.6
2002-12-01,Cuba,58,1561.7
2002-12-01,Iraq,57,1558.9
2002-12-01,Trinidad and Tobago,56,1606.6
2002-12-01,Uzbekistan,63,1485.9
2003-01-01,France,5,2013.5
2003-01-01,Spain,5,1955.1
2003-01-01,Argentina,1,1966.9
2003-01-01,England,7,1961.9
2003-01-01,Portugal,4,1923.2
2003-01-01,Brazil,7,1945.6
2003-01-01,Netherlands,4,1907.5
2003-01-01,Morocco,4,1909.6
2003-01-01,Belgium,12,1979.1
2003-01-01,Germany,8,1941.0
2003-01-01,Croatia,8,1824.8
2003-01-01,Austria,12,1897.0
2003-01-01,Colombia,17,1927.8
2003-01-01,Senegal,10,1957.9
2003-01-01,Mexico,14,1872.5
2003-01-01,United States,18,1853.2
2003-01-01,Uruguay,18,1823.3
2003-01-01,Japan,14,1812.4
2003-01-01,Switzerland,17,1840.1
2003-01-01,Norway,16,1823.5
2003-01-01,Iran,24,1837.6
2003-01-01,Turkey,23,1861.4
2003-01-01,Ecuador,24,1800.6
2003-01-01,Sweden,24,1779.4
2003-01-01,South Korea,24,1766.5
2003-01-01,Nigeria,29,1763.6
2003-01-01,Australia,30,1804.4
2003-01-01,Ivory Coast,24,1774.6
2003-01-01,Algeria,26,1830.9
2003-01-01,Egypt,32,1761.6
2003-01-01,Canada,31,1771.0
2003-01-01,Tunisia,30,1800.2
2003-01-01,Paraguay,34,1739.5
2003-01-01,Peru,37,1713.6
2003-01-01,Ghana,35,1765.1
2003-01-01,Saudi Arabia,39,1712.5
2003-01-01,Cabo Verde,39,1706.4
2003-01-01,Slovakia,33,1649.2
2003-01-01,Scotland,34,1716.9
2003-01-01,Jordan,41,1735.2
2003-01-01,Czechia,44,1662.1
2003-01-01,South Africa,44,1687.8
2003-01-01,Venezuela,40,1645.2
2003-01-01,Chile,41,1659.5
2003-01-01,Bolivia,48,1649.3
2003-01-01,Indonesia,47,1682.0
2003-01-01,New Zealand,45,1599.1
2003-01-01,Costa Rica,49,1596.3
2003-01-01,Curaçao,45,1581.1
2003-01-01,Honduras,44,1625.9
2003-01-01,DR Congo,44,1600.5
2003-01-01,Kenya,46,1604.9
2003-01-01,Panama,46,1676.4
2003-01-01,Bosnia and Herzegovina,48,1611.4
2003-01-01,Qatar,55,1545.6
2003-01-01,Haiti,52,1512.1
2003-01-01,Cuba,54,1599.5
2003-01-01,Iraq,51,1572.1
2003-01-01,Trinidad and Tobago,56,1569.7
2003-01-01,Uzbekistan,59,1512.6
2003-02-01,France,3,2019.6
2003-02-01,Spain,1,2018.1
2003-02-01,Argentina,7,1979.2
2003-02-01,England,1,1906.0
2003-02-01,Portugal,7,1956.4
2003-02-01,Brazil,9,1958.3
2003-02-01,Netherlands,11,1941.2
2003-02-01,Morocco,12,2018.5
2003-02-01,Belgium,8,1953.3
2003-02-01,Germany,12,1919.8
2003-02-01,Croatia,8,1913.9
2003-02-01,Austria,16,1880.1
2003-02-01,Colombia,11,1889.9
2003-02-01,Senegal,17,1856.8
2003-02-01,Mexico,15,1904.6
2003-02-01,United States,13,1919.9
2003-02-01,Uruguay,15,1874.4
2003-02-01,Japan,15,1864.1
2003-02-01,Switzerland,18,1797.6
2003-02-01,Norway,22,1808.4
2003-02-01,Iran,25,1826.3
2003-02-01,Turkey,24,1790.9
2003-02-01,Ecuador,22,1815.9
2003-02-01,Sweden,24,1800.4
2003-02-01,South Korea,29,1769.5
2003-02-01,Nigeria,25,1775.4
2003-02-01,Australia,29,1852.2
2003-02-01,Ivory Coast,30,1778.1
2003-02-01,Algeria,29,1828.4
2003-02-01,Egypt,32,1771.4
2003-02-01,Canada,32,1711.8
2003-02-01,Tunisia,31,1789.4
2003-02-01,Paraguay,28,1704.9
2003-02-01,Peru,31,1707.7
2003-02-01,Ghana,38,1746.9
2003-02-01,Saudi Arabia,34,1706.5
2003-02-01,Cabo Verde,38,1740.8
2003-02-01,Slovakia,33,1677.2
2003-02-01,Scotland,39,1731.2
2003-02-01,Jordan,37,1676.7
2003-02-01,Czechia,37,1634.2
2003-02-01,South Africa,42,1661.3
2003-02-01,Venezuela,38,1622.1
2003-02-01,Chile,43,1653.7
2003-02-01,Bolivia,40,1667.0
2003-02-01,Indonesia,45,1614.3
2003-02-01,New Zealand,43,1648.6
2003-02-01,Costa Rica,43,1601.7
2003-02-01,Curaçao,50,1631.2
2003-02-01,Honduras,44,1595.1
2003-02-01,DR Congo,46,1683.2
2003-02-01,Kenya,48,1571.3
2003-02-01,Panama,54,1633.5
2003-02-01,Bosnia and Herzegovina,53,1582.6
2003-02-01,Qatar,51,1566.0
2003-02-01,Haiti,54,1643.8
2003-02-01,Cuba,52,1535.6
2003-02-01,Iraq,51,1544.4
2003-02-01,Trinidad and Tobago,51,1557.4
2003-02-01,Uzbekistan,65,1487.7
2003-03-01,France,1,1975.4
2003-03-01,Spain,4,1985.1
2003-03-01,Argentina,3,1943.0
2003-03-01,England,7,1998.3
2003-03-01,Portugal,8,1978.8
2003-03-01,Brazil,5,1999.7
2003-03-01,Netherlands,7,1900.4
2003-03-01,Morocco,11,1882.0
2003-03-01,Belgium,6,1943.7
2003-03-01,Germany,14,1919.0
2003-03-01,Croatia,13,1934.2
2003-03-01,Austria,9,1867.7
2003-03-01,Colombia,14,1838.6
2003-03-01,Senegal,14,1943.8
2003-03-01,Mexico,19,1904.6
2003-03-01,United States,12,1861.6
2003-03-01,Uruguay,13,1823.4
2003-03-01,Japan,14,1870.6
2003-03-01,Switzerland,21,1857.6
2003-03-01,Norway,19,1837.3
2003-03-01,Iran,17,1774.8
2003-03-01,Turkey,19,1801.1
2003-03-01,Ecuador,21,1870.6
2003-03-01,Sweden,27,1783.7
2003-03-01,South Korea,27,1817.3
2003-03-01,Nigeria,27,1799.7
2003-03-01,Australia,27,1768.7
2003-03-01,Ivory Coast,26,1803.2
2003-03-01,Algeria,30,1821.9
2003-03-01,Egypt,32,1749.3
2003-03-01,Canada,27,1718.5
2003-03-01,Tunisia,33,1730.3
2003-03-01,Paraguay,36,1730.4
2003-03-01,Peru,36,1726.6
2003-03-01,Ghana,38,1696.2
2003-03-01,Saudi Arabia,38,1711.4
2003-03-01,Cabo Verde,32,1721.5
2003-03-01,Slovakia,35,1722.9
2003-03-01,Scotland,42,1635.0
2003-03-01,Jordan,35,1684.8
2003-03-01,Czechia,42,1639.7
2003-03-01,South Africa,45,1582.6
2003-03-01,Venezuela,46,1707.2
2003-03-01,Chile,47,1666.6
2003-03-01,Bolivia,48,1650.1
2003-03-01,Indonesia,45,1681.5
2003-03-01,New Zealand,44,1645.4
2003-03-01,Costa Rica,48,1617.4
2003-03-01,Curaçao,49,1616.5
2003-03-01,Honduras,47,1640.1
2003-03-01,DR Congo,52,1623.8
2003-03-01,Kenya,45,1628.5
2003-03-01,Panama,52,1613.8
2003-03-01,Bosnia and Herzegovina,50,1605.0
2003-03-01,Qatar,51,1522.0
2003-03-01,Haiti,56,1608.0
2003-03-01,Cuba,50,1549.4
2003-03-01,Iraq,56,1555.6
2003-03-01,Trinidad and Tobago,55,1552.2
2003-03-01,Uzbekistan,63,1521.0
2003-04-01,France,5,1987.5
2003-04-01,Spain,2,1967.1
2003-04-01,Argentina,4,2000.4
2003-04-01,England,1,2036.2
2003-04-01,Portugal,7,1957.0
2003-04-01,Brazil,7,1972.9
2003-04-01,Netherlands,10,1972.7
2003-04-01,Morocco,5,1941.0
2003-04-01,Belgium,8,1908.8
2003-04-01,Germany,14,1913.1
2003-04-01,Croatia,7,1922.5
2003-04-01,Austria,12,1892.5
2003-04-01,Colombia,9,1905.2
2003-04-01,Senegal,15,1904.7
2003-04-01,Mexico,11,1831.3
2003-04-01,United States,12,1849.7
2003-04-01,Uruguay,21,1875.2
2003-04-01,Japan,16,1902.2
2003-04-01,Switzerland,18,1853.5
2003-04-01,Norway,20,1810.8
2003-04-01,Iran,17,1787.5
2003-04-01,Turkey,19,1858.7
2003-04-01,Ecuador,20,1842.3
2003-04-01,Sweden,28,1811.6
2003-04-01,South Korea,28,1769.4
2003-04-01,Nigeria,22,1809.0
2003-04-01,Australia,29,1722.3
2003-04-01,Ivory Coast,29,1839.5
2003-04-01,Algeria,26,1799.2
2003-04-01,Egypt,25,1750.6
2003-04-01,Canada,31,1748.4
2003-04-01,Tunisia,35,1790.8
2003-04-01,Paraguay,34,1748.5
2003-04-01,Peru,31,1714.3
2003-04-01,Ghana,38,1759.5
2003-04-01,Saudi Arabia,33,1738.3
2003-04-01,Cabo Verde,37,1729.5
2003-04-01,Slovakia,38,1679.2
2003-04-01,Scotland,40,1686.6
2003-04-01,Jordan,35,1716.3
2003-04-01,Czechia,44,1658.8
2003-04-01,South Africa,42,1635.1
2003-04-01,Venezuela,43,1666.4
2003-04-01,Chile,39,1669.5
2003-04-01,Bolivia,41,1635.4
2003-04-01,Indonesia,47,1628.9
2003-04-01,New Zealand,43,1654.5
2003-04-01,Costa Rica,44,1627.8
2003-04-01,Curaçao,49,1663.9
2003-04-01,Honduras,50,1593.3
2003-04-01,DR Congo,44,1672.7
2003-04-01,Kenya,45,1593.7
2003-04-01,Panama,46,1607.9
2003-04-01,Bosnia and Herzegovina,53,1616.5
2003-04-01,Qatar,54,1540.1
2003-04-01,Haiti,55,1603.4
2003-04-01,Cuba,57,1578.8
2003-04-01,Iraq,58,1598.1
2003-04-01,Trinidad and Tobago,57,1526.2
2003-04-01,Uzbekistan,62,1485.7
2003-05-01,France,3,1976.4
2003-05-01,Spain,1,1989.3
2003-05-01,Argentina,5,1980.1
2003-05-01,England,2,1962.6
2003-05-01,Portugal,8,1934.8
2003-05-01,Brazil,9,1930.2
2003-05-01,Netherlands,5,2040.1
2003-05-01,Morocco,11,1961.1
2003-05-01,Belgium,6,1909.6
2003-05-01,Germany,14,1893.1
2003-05-01,Croatia,12,1889.5
2003-05-01,Austria,10,1883.0
2003-05-01,Colombia,16,1885.5
2003-05-01,Senegal,15,1900.0
2003-05-01,Mexico,14,1901.5
2003-05-01,United States,20,1957.5
2003-05-01,Uruguay,16,1922.1
2003-05-01,Japan,14,1886.6
2003-05-01,Switzerland,18,1858.7
2003-05-01,Norway,16,1843.5
2003-05-01,Iran,19,1897.1
2003-05-01,Turkey,19,1830.3
2003-05-01,Ecuador,20,1807.0
2003-05-01,Sweden,22,1818.1
2003-05-01,South Korea,26,1746.7
2003-05-01,Nigeria,28,1781.0
2003-05-01,Australia,23,1765.0
2003-05-01,Ivory Coast,30,1782.1
2003-05-01,Algeria,31,1789.1
2003-05-01,Egypt,32,1791.2
2003-05-01,Canada,28,1767.4
2003-05-01,Tunisia,31,1789.5
2003-05-01,Paraguay,28,1749.4
2003-05-01,Peru,36,1742.4
2003-05-01,Ghana,35,1725.1
2003-05-01,Saudi Arabia,36,1738.9
2003-05-01,Cabo Verde,37,1739.9
2003-05-01,Slovakia,34,1726.5
2003-05-01,Scotland,35,1668.7
2003-05-01,Jordan,35,1711.9
2003-05-01,Czechia,44,1687.7
2003-05-01,South Africa,44,1673.5
2003-05-01,Venezuela,42,1687.6
2003-05-01,Chile,42,1632.0
2003-05-01,Bolivia,46,1637.5
2003-05-01,Indonesia,45,1593.7
2003-05-01,New Zealand,42,1619.6
2003-05-01,Costa Rica,50,1595.5
2003-05-01,Curaçao,45,1614.3
2003-05-01,Honduras,48,1582.2
2003-05-01,DR Congo,45,1582.7
2003-05-01,Kenya,47,1562.9
2003-05-01,Panama,48,1582.7
2003-05-01,Bosnia and Herzegovina,51,1618.2
2003-05-01,Qatar,52,1535.3
2003-05-01,Haiti,55,1550.6
2003-05-01,Cuba,53,1604.0
2003-05-01,Iraq,59,1578.5
2003-05-01,Trinidad and Tobago,52,1576.4
2003-05-01,Uzbekistan,64,1475.6
2003-06-01,France,4,1986.9
2003-06-01,Spain,4,2002.9
2003-06-01,Argentina,7,1976.7
2003-06-01,England,3,1943.0
2003-06-01,Portugal,4,1951.8
2003-06-01,Brazil,10,1938.2
2003-06-01,Netherlands,7,1890.6
2003-06-01,Morocco,5,1882.3
2003-06-01,Belgium,10,1894.9
2003-06-01,Germany,10,1901.8
2003-06-01,Croatia,7,1856.0
2003-06-01,Austria,11,1930.0
2003-06-01,Colombia,14,1897.8
2003-06-01,Senegal,14,1945.4
2003-06-01,Mexico,16,1827.0
2003-06-01,United States,18,1886.0
2003-06-01,Uruguay,13,1795.6
2003-06-01,Japan,18,1807.9
2003-06-01,Switzerland,18,1843.2
2003-06-01,Norway,19,1864.6
2003-06-01,Iran,22,1840.6
2003-06-01,Turkey,20,1837.5
2003-06-01,Ecuador,24,1807.3
2003-06-01,Sweden,22,1786.8
2003-06-01,South Korea,25,1858.1
2003-06-01,Nigeria,27,1818.5
2003-06-01,Australia,26,1752.5
2003-06-01,Ivory Coast,28,1734.3
2003-06-01,Algeria,27,1778.7
2003-06-01,Egypt,33,1754.4
2003-06-01,Canada,29,1754.0
2003-06-01,Tunisia,30,1750.5
2003-06-01,Paraguay,29,1766.3
2003-06-01,Peru,31,1724.0
2003-06-01,Ghana,38,1750.4
2003-06-01,Saudi Arabia,34,1672.9
2003-06-01,Cabo Verde,39,1669.0
2003-06-01,Slovakia,33,1717.4
2003-06-01,Scotland,40,1702.4
2003-06-01,Jordan,37,1681.8
2003-06-01,Czechia,40,1724.8
2003-06-01,South Africa,43,1710.0
2003-06-01,Venezuela,41,1729.9
2003-06-01,Chile,39,1646.7
2003-06-01,Bolivia,43,1607.4
2003-06-01,Indonesia,48,1655.9
2003-06-01,New Zealand,47,1643.9
2003-06-01,Costa Rica,47,1647.3
2003-06-01,Curaçao,43,1625.3
2003-06-01,Honduras,46,1618.3
2003-06-01,DR Congo,49,1650.1
2003-06-01,Kenya,52,1624.7
2003-06-01,Panama,53,1530.1
2003-06-01,Bosnia and Herzegovina,54,1640.7
2003-06-01,Qatar,52,1612.9
2003-06-01,Haiti,57,1537.2
2003-06-01,Cuba,55,1587.4
2003-06-01,Iraq,57,1551.0
2003-06-01,Trinidad and Tobago,57,1599.2
2003-06-01,Uzbekistan,59,1498.6
2003-07-01,France,1,2020.6
2003-07-01,Spain,1,1954.9
2003-07-01,Argentina,5,2034.4
2003-07-01,England,2,2003.0
2003-07-01,Portugal,5,1965.8
2003-07-01,Brazil,4,1930.2
2003-07-01,Netherlands,6,1946.0
2003-07-01,Morocco,8,1920.2
2003-07-01,Belgium,12,1954.1
2003-07-01,Germany,8,1896.0
2003-07-01,Croatia,7,1964.3
2003-07-01,Austria,11,1858.6
2003-07-01,Colombia,10,1900.7
2003-07-01,Senegal,13,1908.1
2003-07-01,Mexico,17,1877.3
2003-07-01,United States,14,1923.0
2003-07-01,Uruguay,20,1855.0
2003-07-01,Japan,15,1861.1
2003-07-01,Switzerland,18,1810.2
2003-07-01,Norway,19,1864.6
2003-07-01,Iran,22,1858.8
2003-07-01,Turkey,20,1811.8
2003-07-01,Ecuador,22,1824.9
2003-07-01,Sweden,22,1813.6
2003-07-01,South Korea,21,1745.0
2003-07-01,Nigeria,27,1786.4
2003-07-01,Australia,31,1768.5
2003-07-01,Ivory Coast,29,1800.9
2003-07-01,Algeria,28,1759.7
2003-07-01,Egypt,32,1755.5
2003-07-01,Canada,34,1740.8
2003-07-01,Tunisia,30,1699.2
2003-07-01,Paraguay,34,1756.5
2003-07-01,Peru,34,1694.7
2003-07-01,Ghana,35,1698.1
2003-07-01,Saudi Arabia,40,1772.5
2003-07-01,Cabo Verde,34,1749.6
2003-07-01,Slovakia,34,1704.4
2003-07-01,Scotland,40,1702.6
2003-07-01,Jordan,36,1646.8
2003-07-01,Czechia,41,1703.7
2003-07-01,South Africa,40,1682.9
2003-07-01,Venezuela,45,1659.7
2003-07-01,Chile,41,1646.0
2003-07-01,Bolivia,48,1630.0
2003-07-01,Indonesia,47,1635.1
2003-07-01,New Zealand,44,1623.2
2003-07-01,Costa Rica,50,1630.2
2003-07-01,Curaçao,51,1663.6
2003-07-01,Honduras,50,1637.9
2003-07-01,DR Congo,51,1601.4
2003-07-01,Kenya,45,1578.7
2003-07-01,Panama,50,1607.5
2003-07-01,Bosnia and Herzegovina,52,1574.0
2003-07-01,Qatar,50,1619.8
2003-07-01,Haiti,54,1571.3
2003-07-01,Cuba,50,1563.9
2003-07-01,Iraq,53,1589.3
2003-07-01,Trinidad and Tobago,55,1592.6
2003-07-01,Uzbekistan,67,1516.9
2003-08-01,France,1,1991.8
2003-08-01,Spain,1,2035.5
2003-08-01,Argentina,7,1989.3
2003-08-01,England,1,1983.6
2003-08-01,Portugal,3,1954.2
2003-08-01,Brazil,3,1983.1
2003-08-01,Netherlands,5,1892.6
2003-08-01,Morocco,4,1938.3
2003-08-01,Belgium,6,1918.6
2003-08-01,Germany,11,1920.6
2003-08-01,Croatia,8,1945.0
2003-08-01,Austria,9,1916.6
2003-08-01,Colombia,17,1868.5
2003-08-01,Senegal,15,1867.9
2003-08-01,Mexico,14,1899.7
2003-08-01,United States,18,1900.6
2003-08-01,Uruguay,17,1839.6
2003-08-01,Japan,21,1846.7
2003-08-01,Switzerland,21,1875.1
2003-08-01,Norway,20,1822.7
2003-08-01,Iran,21,1836.0
2003-08-01,Turkey,23,1863.8
2003-08-01,Ecuador,21,1807.5
2003-08-01,Sweden,27,1826.4
2003-08-01,South Korea,24,1848.5
2003-08-01,Nigeria,29,1824.5
2003-08-01,Australia,25,1785.3
2003-08-01,Ivory Coast,28,1782.4
2003-08-01,Algeria,25,1684.7
2003-08-01,Egypt,31,1772.1
2003-08-01,Canada,28,1843.5
2003-08-01,Tunisia,33,1747.9
2003-08-01,Paraguay,32,1780.1
2003-08-01,Peru,32,1704.5
2003-08-01,Ghana,36,1692.8
2003-08-01,Saudi Arabia,32,1724.9
2003-08-01,Cabo Verde,35,1672.4
2003-08-01,Slovakia,36,1691.8
2003-08-01,Scotland,36,1681.6
2003-08-01,Jordan,42,1721.3
2003-08-01,Czechia,44,1619.2
2003-08-01,South Africa,37,1669.1
2003-08-01,Venezuela,42,1686.5
2003-08-01,Chile,39,1655.2
2003-08-01,Bolivia,48,1594.0
2003-08-01,Indonesia,43,1645.8
2003-08-01,New Zealand,43,1652.4
2003-08-01,Costa Rica,45,1642.9
2003-08-01,Curaçao,51,1608.4
2003-08-01,Honduras,46,1602.0
2003-08-01,DR Congo,49,1621.8
2003-08-01,Kenya,47,1686.1
2003-08-01,Panama,47,1553.2
2003-08-01,Bosnia and Herzegovina,53,1572.5
2003-08-01,Qatar,52,1592.4
2003-08-01,Haiti,54,1570.4
2003-08-01,Cuba,50,1533.7
2003-08-01,Iraq,54,1517.6
2003-08-01,Trinidad and Tobago,54,1567.7
2003-08-01,Uzbekistan,61,1527.3
2003-09-01,France,1,1998.3
2003-09-01,Spain,5,1979.2
2003-09-01,Argentina,3,1938.5
2003-09-01,England,2,1946.7
2003-09-01,Portugal,2,1925.1
2003-09-01,Brazil,9,1953.0
2003-09-01,Netherlands,5,1941.6
2003-09-01,Morocco,12,1972.2
2003-09-01,Belgium,7,1935.1
2003-09-01,Germany,9,1881.0
2003-09-01,Croatia,13,1892.0
2003-09-01,Austria,15,1881.2
2003-09-01,Colombia,15,1941.7
2003-09-01,Senegal,15,1895.0
2003-09-01,Mexico,18,1868.9
2003-09-01,United States,18,1880.7
2003-09-01,Uruguay,17,1878.6
2003-09-01,Japan,20,1886.5
2003-09-01,Switzerland,20,1840.1
2003-09-01,Norway,21,1797.4
2003-09-01,Iran,18,1816.5
2003-09-01,Turkey,18,1826.8
2003-09-01,Ecuador,21,1807.1
2003-09-01,Sweden,25,1837.6
2003-09-01,South Korea,21,1789.0
2003-09-01,Nigeria,27,1791.5
2003-09-01,Australia,27,1825.8
2003-09-01,Ivory Coast,25,1785.3
2003-09-01,Algeria,25,1802.8
2003-09-01,Egypt,25,1761.1
2003-09-01,Canada,32,1786.1
2003-09-01,Tunisia,30,1792.7
2003-09-01,Paraguay,30,1723.1
2003-09-01,Peru,36,1720.4
2003-09-01,Ghana,34,1669.1
2003-09-01,Saudi Arabia,38,1667.4
2003-09-01,Cabo Verde,33,1695.2
2003-09-01,Slovakia,35,1684.3
2003-09-01,Scotland,35,1736.5
2003-09-01,Jordan,35,1694.7
2003-09-01,Czechia,41,1696.0
2003-09-01,South Africa,42,1648.5
2003-09-01,Venezuela,44,1638.3
2003-09-01,Chile,47,1599.5
2003-09-01,Bolivia,47,1645.1
2003-09-01,Indonesia,42,1625.1
2003-09-01,New Zealand,48,1633.3
2003-09-01,Costa Rica,43,1641.1
2003-09-01,Curaçao,48,1658.2
2003-09-01,Honduras,44,1629.0
2003-09-01,DR Congo,47,1649.9
2003-09-01,Kenya,51,1550.9
2003-09-01,Panama,49,1567.4
2003-09-01,Bosnia and Herzegovina,48,1596.4
2003-09-01,Qatar,49,1576.3
2003-09-01,Haiti,57,1584.9
2003-09-01,Cuba,57,1547.5
2003-09-01,Iraq,54,1572.5
2003-09-01,Trinidad and Tobago,52,1575.7
2003-09-01,Uzbekistan,61,1475.5
2003-10-01,France,3,1972.0
2003-10-01,Spain,1,1988.8
2003-10-01,Argentina,4,1970.4
2003-10-01,England,1,1970.3
2003-10-01,Portugal,1,1976.8
2003-10-01,Brazil,7,1972.2
2003-10-01,Netherlands,4,1956.1
2003-10-01,Morocco,6,1941.5
2003-10-01,Belgium,7,1898.0
2003-10-01,Germany,7,1907.4
2003-10-01,Croatia,15,1891.0
2003-10-01,Austria,10,1964.6
2003-10-01,Colombia,10,1932.1
2003-10-01,Senegal,18,1820.3
2003-10-01,Mexico,14,1847.2
2003-10-01,United States,13,1919.8
2003-10-01,Uruguay,20,1830.0
2003-10-01,Japan,20,1873.7
2003-10-01,Switzerland,17,1841.1
2003-10-01,Norway,21,1794.6
2003-10-01,Iran,25,1804.1
2003-10-01,Turkey,24,1843.7
2003-10-01,Ecuador,19,1833.8
2003-10-01,Sweden,21,1794.9
2003-10-01,South Korea,22,1861.9
2003-10-01,Nigeria,25,1790.0
2003-10-01,Australia,30,1757.4
2003-10-01,Ivory Coast,28,1782.7
2003-10-01,Algeria,25,1760.1
2003-10-01,Egypt,30,1768.4
2003-10-01,Canada,29,1759.1
2003-10-01,Tunisia,31,1725.2
2003-10-01,Paraguay,30,1704.5
2003-10-01,Peru,37,1717.3
2003-10-01,Ghana,37,1701.1
2003-10-01,Saudi Arabia,38,1694.6
2003-10-01,Cabo Verde,36,1735.5
2003-10-01,Slovakia,35,1655.8
2003-10-01,Scotland,41,1688.2
2003-10-01,Jordan,40,1699.5
2003-10-01,Czechia,37,1729.0
2003-10-01,South Africa,42,1657.1
2003-10-01,Venezuela,42,1711.8
2003-10-01,Chile,42,1685.7
2003-10-01,Bolivia,40,1690.8
2003-10-01,Indonesia,43,1617.7
2003-10-01,New Zealand,46,1598.1
2003-10-01,Costa Rica,46,1593.9
2003-10-01,Curaçao,46,1646.6
2003-10-01,Honduras,46,1546.9
2003-10-01,DR Congo,48,1623.1
2003-10-01,Kenya,50,1571.1
2003-10-01,Panama,52,1535.9
2003-10-01,Bosnia and Herzegovina,53,1572.9
2003-10-01,Qatar,48,1577.2
2003-10-01,Haiti,57,1543.9
2003-10-01,Cuba,52,1531.5
2003-10-01,Iraq,56,1586.1
2003-10-01,Trinidad and Tobago,58,1594.6
2003-10-01,Uzbekistan,67,1525.5
2003-11-01,France,4,1975.6
2003-11-01,Spain,1,1990.5
2003-11-01,Argentina,1,2018.5
2003-11-01,England,4,1961.3
2003-11-01,Portugal,5,1992.7
2003-11-01,Brazil,6,1946.3
2003-11-01,Netherlands,10,1941.3
2003-11-01,Morocco,11,1935.1
2003-11-01,Belgium,9,1895.5
2003-11-01,Germany,6,1925.4
2003-11-01,Croatia,11,1866.2
2003-11-01,Austria,16,1949.2
2003-11-01,Colombia,10,1906.9
2003-11-01,Senegal,15,1869.0
2003-11-01,Mexico,16,1869.6
2003-11-01,United States,14,1850.5
2003-11-01,Uruguay,14,1802.8
2003-11-01,Japan,16,1825.6
2003-11-01,Switzerland,23,1812.7
2003-11-01,Norway,19,1834.3
2003-11-01,Iran,17,1797.3
2003-11-01,Turkey,24,1789.6
2003-11-01,Ecuador,20,1778.4
2003-11-01,Sweden,22,1828.1
2003-11-01,South Korea,28,1773.3
2003-11-01,Nigeria,22,1745.0
2003-11-01,Australia,25,1767.8
2003-11-01,Ivory Coast,29,1715.4
2003-11-01,Algeria,29,1745.7
2003-11-01,Egypt,31,1740.1
2003-11-01,Canada,30,1772.7
2003-11-01,Tunisia,33,1698.1
2003-11-01,Paraguay,35,1718.8
2003-11-01,Peru,33,1686.1
2003-11-01,Ghana,39,1736.4
2003-11-01,Saudi Arabia,37,1696.2
2003-11-01,Cabo Verde,38,1752.5
2003-11-01,Slovakia,38,1671.5
2003-11-01,Scotland,39,1709.0
2003-11-01,Jordan,42,1654.2
2003-11-01,Czechia,40,1653.5
2003-11-01,South Africa,38,1653.3
2003-11-01,Venezuela,44,1612.2
2003-11-01,Chile,42,1696.8
2003-11-01,Bolivia,42,1628.3
2003-11-01,Indonesia,43,1602.1
2003-11-01,New Zealand,46,1656.5
2003-11-01,Costa Rica,43,1621.0
2003-11-01,Curaçao,49,1634.5
2003-11-01,Honduras,47,1620.1
2003-11-01,DR Congo,52,1689.0
2003-11-01,Kenya,52,1616.8
2003-11-01,Panama,49,1614.8
2003-11-01,Bosnia and Herzegovina,47,1595.3
2003-11-01,Qatar,55,1604.2
2003-11-01,Haiti,57,1579.0
2003-11-01,Cuba,50,1584.5
2003-11-01,Iraq,51,1549.8
2003-11-01,Trinidad and Tobago,51,1529.2
2003-11-01,Uzbekistan,67,1487.0
2003-12-01,France,1,2003.7
2003-12-01,Spain,1,1977.0
2003-12-01,Argentina,4,1991.3
2003-12-01,England,8,1993.8
2003-12-01,Portugal,6,1970.8
2003-12-01,Brazil,4,1995.6
2003-12-01,Netherlands,6,1927.5
2003-12-01,Morocco,12,1961.0
2003-12-01,Belgium,12,1952.0
2003-12-01,Germany,10,1851.6
2003-12-01,Croatia,7,1920.1
2003-12-01,Austria,8,1883.9
2003-12-01,Colombia,9,1854.1
2003-12-01,Senegal,11,1905.1
2003-12-01,Mexico,15,1870.4
2003-12-01,United States,13,1883.6
2003-12-01,Uruguay,18,1863.4
2003-12-01,Japan,16,1852.1
2003-12-01,Switzerland,20,1816.0
2003-12-01,Norway,19,1842.8
2003-12-01,Iran,22,1823.6
2003-12-01,Turkey,25,1841.2
2003-12-01,Ecuador,23,1772.8
2003-12-01,Sweden,21,1802.1
2003-12-01,South Korea,29,1779.2
2003-12-01,Nigeria,28,1808.2
2003-12-01,Australia,31,1825.8
2003-12-01,Ivory Coast,31,1773.9
2003-12-01,Algeria,32,1793.0
2003-12-01,Egypt,26,1820.3
2003-12-01,Canada,32,1768.9
2003-12-01,Tunisia,29,1745.6
2003-12-01,Paraguay,36,1706.5
2003-12-01,Peru,31,1712.0
2003-12-01,Ghana,33,1701.3
2003-12-01,Saudi Arabia,34,1691.0
2003-12-01,Cabo Verde,40,1737.1
2003-12-01,Slovakia,40,1666.4
2003-12-01,Scotland,34,1677.1
2003-12-01,Jordan,40,1696.9
2003-12-01,Czechia,41,1743.9
2003-12-01,South Africa,40,1683.0
2003-12-01,Venezuela,41,1627.6
2003-12-01,Chile,44,1680.4
2003-12-01,Bolivia,43,1599.6
2003-12-01,Indonesia,47,1625.4
2003-12-01,New Zealand,46,1640.7
2003-12-01,Costa Rica,43,1660.0
2003-12-01,Curaçao,46,1605.7
2003-12-01,Honduras,49,1609.8
2003-12-01,DR Congo,45,1626.6
2003-12-01,Kenya,53,1584.1
2003-12-01,Panama,46,1601.0
2003-12-01,Bosnia and Herzegovina,48,1601.4
2003-12-01,Qatar,56,1579.6
2003-12-01,Haiti,51,1609.5
2003-12-01,Cuba,58,1599.5
2003-12-01,Iraq,59,1553.2
2003-12-01,Trinidad and Tobago,53,1582.4
2003-12-01,Uzbekistan,60,1507.6
2004-01-01,France,1,1942.8
2004-01-01,Spain,4,1994.0
2004-01-01,Argentina,5,1962.8
2004-01-01,England,6,1988.9
2004-01-01,Portugal,4,1925.2
2004-01-01,Brazil,5,1967.6
2004-01-01,Netherlands,9,1958.2
2004-01-01,Morocco,7,1957.1
2004-01-01,Belgium,9,1916.7
2004-01-01,Germany,6,1928.9
2004-01-01,Croatia,8,1878.7
2004-01-01,Austria,11,1912.3
2004-01-01,Colombia,11,1865.0
2004-01-01,Senegal,13,1904.8
2004-01-01,Mexico,14,1885.8
2004-01-01,United States,20,1848.7
2004-01-01,Uruguay,13,1855.9
2004-01-01,Japan,14,1857.1
2004-01-01,Switzerland,18,1863.0
2004-01-01,Norway,17,1869.0
2004-01-01,Iran,17,1871.5
2004-01-01,Turkey,24,1873.3
2004-01-01,Ecuador,25,1769.9
2004-01-01,Sweden,27,1856.7
2004-01-01,South Korea,21,1766.4
2004-01-01,Nigeria,27,1808.8
2004-01-01,Australia,24,1790.0
2004-01-01,Ivory Coast,30,1824.1
2004-01-01,Algeria,28,1780.3
2004-01-01,Egypt,31,1732.8
2004-01-01,Canada,33,1762.1
2004-01-01,Tunisia,33,1767.6
2004-01-01,Paraguay,36,1781.7
2004-01-01,Peru,35,1698.0
2004-01-01,Ghana,39,1768.1
2004-01-01,Saudi Arabia,40,1750.9
2004-01-01,Cabo Verde,35,1695.3
2004-01-01,Slovakia,36,1715.2
2004-01-01,Scotland,35,1735.1
2004-01-01,Jordan,38,1718.8
2004-01-01,Czechia,43,1635.8
2004-01-01,South Africa,42,1609.0
2004-01-01,Venezuela,41,1651.2
2004-01-01,Chile,42,1682.9
2004-01-01,Bolivia,43,1639.8
2004-01-01,Indonesia,43,1608.7
2004-01-01,New Zealand,44,1705.4
2004-01-01,Costa Rica,45,1616.4
2004-01-01,Curaçao,47,1668.4
2004-01-01,Honduras,47,1657.6
2004-01-01,DR Congo,50,1610.8
2004-01-01,Kenya,45,1595.1
2004-01-01,Panama,47,1606.7
2004-01-01,Bosnia and Herzegovina,47,1599.7
2004-01-01,Qatar,51,1565.1
2004-01-01,Haiti,50,1555.0
2004-01-01,Cuba,55,1600.6
2004-01-01,Iraq,52,1562.4
2004-01-01,Trinidad and Tobago,55,1567.4
2004-01-01,Uzbekistan,64,1527.2
2004-02-01,France,1,1988.2
2004-02-01,Spain,5,1989.1
2004-02-01,Argentina,3,1956.8
2004-02-01,England,2,1964.0
2004-02-01,Portugal,6,1948.8
2004-02-01,Brazil,10,1950.6
2004-02-01,Netherlands,10,1968.8
2004-02-01,Morocco,5,1908.6
2004-02-01,Belgium,12,1908.3
2004-02-01,Germany,7,1936.6
2004-02-01,Croatia,14,1900.8
2004-02-01,Austria,10,1897.5
2004-02-01,Colombia,13,1868.0
2004-02-01,Senegal,17,1875.0
2004-02-01,Mexico,11,1941.2
2004-02-01,United States,15,1888.8
2004-02-01,Uruguay,14,1892.3
2004-02-01,Japan,17,1836.4
2004-02-01,Switzerland,16,1906.2
2004-02-01,Norway,22,1870.7
2004-02-01,Iran,20,1804.5
2004-02-01,Turkey,24,1789.2
2004-02-01,Ecuador,25,1827.0
2004-02-01,Sweden,22,1838.5
2004-02-01,South Korea,24,1861.2
2004-02-01,Nigeria,30,1812.4
2004-02-01,Australia,31,1768.4
2004-02-01,Ivory Coast,26,1822.7
2004-02-01,Algeria,27,1785.6
2004-02-01,Egypt,29,1729.5
2004-02-01,Canada,29,1821.6
2004-02-01,Tunisia,30,1774.9
2004-02-01,Paraguay,35,1723.8
2004-02-01,Peru,32,1708.7
2004-02-01,Ghana,31,1732.0
2004-02-01,Saudi Arabia,36,1691.5
2004-02-01,Cabo Verde,34,1718.4
2004-02-01,Slovakia,34,1652.7
2004-02-01,Scotland,39,1664.7
2004-02-01,Jordan,37,1719.9
2004-02-01,Czechia,39,1638.8
2004-02-01,South Africa,44,1631.0
2004-02-01,Venezuela,39,1627.8
2004-02-01,Chile,42,1639.7
2004-02-01,Bolivia,46,1571.4
2004-02-01,Indonesia,47,1609.4
2004-02-01,New Zealand,43,1617.3
2004-02-01,Costa Rica,49,1639.8
2004-02-01,Curaçao,51,1602.8
2004-02-01,Honduras,46,1601.6
2004-02-01,DR Congo,46,1661.1
2004-02-01,Kenya,47,1560.6
2004-02-01,Panama,50,1544.4
2004-02-01,Bosnia and Herzegovina,50,1621.2
2004-02-01,Qatar,53,1593.5
2004-02-01,Haiti,54,1572.7
2004-02-01,Cuba,53,1554.0
2004-02-01,Iraq,54,1569.2
2004-02-01,Trinidad and Tobago,55,1602.7
2004-02-01,Uzbekistan,67,1496.4
2004-03-01,France,1,1923.9
2004-03-01,Spain,3,1970.0
2004-03-01,Argentina,2,1948.8
2004-03-01,England,7,1990.9
2004-03-01,Portugal,4,1960.2
2004-03-01,Brazil,10,2016.6
2004-03-01,Netherlands,7,1901.8
2004-03-01,Morocco,5,1969.7
2004-03-01,Belgium,6,1922.8
2004-03-01,Germany,6,1878.3
2004-03-01,Croatia,9,1947.8
2004-03-01,Austria,10,1927.6
2004-03-01,Colombia,13,1910.8
2004-03-01,Senegal,12,1859.4
2004-03-01,Mexico,12,1879.3
2004-03-01,United States,18,1874.4
2004-03-01,Uruguay,13,1802.8
2004-03-01,Japan,18,1865.2
2004-03-01,Switzerland,17,1873.9
2004-03-01,Norway,21,1802.0
2004-03-01,Iran,24,1838.1
2004-03-01,Turkey,23,1797.4
2004-03-01,Ecuador,25,1858.1
2004-03-01,Sweden,24,1817.6
2004-03-01,South Korea,27,1786.4
2004-03-01,Nigeria,22,1780.3
2004-03-01,Australia,23,1732.0
2004-03-01,Ivory Coast,31,1832.9
2004-03-01,Algeria,32,1724.2
2004-03-01,Egypt,27,1729.2
2004-03-01,Canada,33,1662.8
2004-03-01,Tunisia,35,1775.0
2004-03-01,Paraguay,30,1750.0
2004-03-01,Peru,29,1698.2
2004-03-01,Ghana,37,1710.5
2004-03-01,Saudi Arabia,40,1752.8
2004-03-01,Cabo Verde,33,1683.9
2004-03-01,Slovakia,36,1671.1
2004-03-01,Scotland,40,1711.3
2004-03-01,Jordan,40,1723.7
2004-03-01,Czechia,42,1680.2
2004-03-01,South Africa,45,1679.8
2004-03-01,Venezuela,44,1636.8
2004-03-01,Chile,47,1661.8
2004-03-01,Bolivia,40,1595.8
2004-03-01,Indonesia,44,1706.0
2004-03-01,New Zealand,49,1601.3
2004-03-01,Costa Rica,51,1610.0
2004-03-01,Curaçao,44,1631.7
2004-03-01,Honduras,48,1610.8
2004-03-01,DR Congo,50,1606.3
2004-03-01,Kenya,53,1631.4
2004-03-01,Panama,52,1627.3
2004-03-01,Bosnia and Herzegovina,48,1582.3
2004-03-01,Qatar,55,1517.3
2004-03-01,Haiti,54,1576.6
2004-03-01,Cuba,52,1545.4
2004-03-01,Iraq,54,1563.2
2004-03-01,Trinidad and Tobago,58,1528.1
2004-03-01,Uzbekistan,61,1473.6
2004-04-01,France,1,1977.4
2004-04-01,Spain,1,2002.0
2004-04-01,Argentina,1,1971.9
2004-04-01,England,3,1931.6
2004-04-01,Portugal,1,1985.8
2004-04-01,Brazil,5,1920.8
2004-04-01,Netherlands,3,1958.2
2004-04-01,Morocco,6,1995.4
2004-04-01,Belgium,8,1962.5
2004-04-01,Germany,6,1917.6
2004-04-01,Croatia,12,1920.8
2004-04-01,Austria,15,1891.6
2004-04-01,Colombia,11,1887.3
2004-04-01,Senegal,10,1900.9
2004-04-01,Mexico,16,1851.4
2004-04-01,United States,12,1852.8
2004-04-01,Uruguay,18,1898.5
2004-04-01,Japan,14,1818.6
2004-04-01,Switzerland,22,1856.9
2004-04-01,Norway,21,1849.6
2004-04-01,Iran,22,1849.6
2004-04-01,Turkey,26,1827.9
2004-04-01,Ecuador,20,1838.8
2004-04-01,Sweden,20,1899.6
2004-04-01,South Korea,22,1840.7
2004-04-01,Nigeria,23,1823.8
2004-04-01,Australia,31,1728.7
2004-04-01,Ivory Coast,27,1764.0
2004-04-01,Algeria,25,1792.9
2004-04-01,Egypt,28,1791.1
2004-04-01,Canada,30,1686.2
2004-04-01,Tunisia,29,1750.1
2004-04-01,Paraguay,32,1711.1
2004-04-01,Peru,29,1744.5
2004-04-01,Ghana,33,1695.2
2004-04-01,Saudi Arabia,35,1738.7
2004-04-01,Cabo Verde,32,1686.1
2004-04-01,Slovakia,33,1730.3
2004-04-01,Scotland,34,1721.4
2004-04-01,Jordan,38,1701.8
2004-04-01,Czechia,36,1658.0
2004-04-01,South Africa,38,1664.9
2004-04-01,Venezuela,44,1721.0
2004-04-01,Chile,44,1646.9
2004-04-01,Bolivia,46,1728.6
2004-04-01,Indonesia,48,1600.2
2004-04-01,New Zealand,45,1602.7
2004-04-01,Costa Rica,44,1678.3
2004-04-01,Curaçao,50,1615.6
2004-04-01,Honduras,48,1626.0
2004-04-01,DR Congo,49,1583.6
2004-04-01,Kenya,45,1584.7
2004-04-01,Panama,49,1626.0
2004-04-01,Bosnia and Herzegovina,53,1572.0
2004-04-01,Qatar,56,1603.8
2004-04-01,Haiti,57,1592.9
2004-04-01,Cuba,56,1559.4
2004-04-01,Iraq,51,1546.0
2004-04-01,Trinidad and Tobago,59,1560.4
2004-04-01,Uzbekistan,66,1510.5
2004-05-01,France,1,1968.1
2004-05-01,Spain,1,2027.9
2004-05-01,Argentina,1,1975.9
2004-05-01,England,2,1970.6
2004-05-01,Portugal,3,1990.3
2004-05-01,Brazil,6,1932.9
2004-05-01,Netherlands,6,1935.0
2004-05-01,Morocco,4,1945.7
2004-05-01,Belgium,13,1874.5
2004-05-01,Germany,12,1918.0
2004-05-01,Croatia,8,1939.7
2004-05-01,Austria,16,1872.8
2004-05-01,Colombia,14,1911.3
2004-05-01,Senegal,11,1933.4
2004-05-01,Mexico,16,1864.8
2004-05-01,United States,13,1885.9
2004-05-01,Uruguay,17,1863.0
2004-05-01,Japan,19,1896.9
2004-05-01,Switzerland,17,1863.7
2004-05-01,Norway,24,1874.3
2004-05-01,Iran,22,1886.8
2004-05-01,Turkey,20,1775.1
2004-05-01,Ecuador,27,1792.6
2004-05-01,Sweden,20,1751.2
2004-05-01,South Korea,22,1842.0
2004-05-01,Nigeria,28,1810.4
2004-05-01,Australia,26,1786.9
2004-05-01,Ivory Coast,26,1732.0
2004-05-01,Algeria,29,1775.7
2004-05-01,Egypt,26,1755.4
2004-05-01,Canada,31,1693.6
2004-05-01,Tunisia,32,1836.3
2004-05-01,Paraguay,34,1774.7
2004-05-01,Peru,36,1735.6
2004-05-01,Ghana,31,1715.5
2004-05-01,Saudi Arabia,38,1718.9
2004-05-01,Cabo Verde,39,1690.9
2004-05-01,Slovakia,36,1707.6
2004-05-01,Scotland,36,1714.6
2004-05-01,Jordan,40,1660.0
2004-05-01,Czechia,39,1652.8
2004-05-01,South Africa,37,1675.7
2004-05-01,Venezuela,41,1671.0
2004-05-01,Chile,46,1623.2
2004-05-01,Bolivia,43,1647.6
2004-05-01,Indonesia,44,1577.7
2004-05-01,New Zealand,49,1611.7
2004-05-01,Costa Rica,48,1670.6
2004-05-01,Curaçao,51,1578.8
2004-05-01,Honduras,52,1603.5
2004-05-01,DR Congo,51,1569.9
2004-05-01,Kenya,48,1610.4
2004-05-01,Panama,46,1564.9
2004-05-01,Bosnia and Herzegovina,48,1545.8
2004-05-01,Qatar,50,1620.0
2004-05-01,Haiti,53,1565.8
2004-05-01,Cuba,54,1562.4
2004-05-01,Iraq,52,1565.7
2004-05-01,Trinidad and Tobago,55,1560.4
2004-05-01,Uzbekistan,61,1507.9
2004-06-01,France,1,1961.8
2004-06-01,Spain,4,1941.8
2004-06-01,Argentina,6,1952.8
2004-06-01,England,1,1987.9
2004-06-01,Portugal,3,1940.1
2004-06-01,Brazil,7,1976.3
2004-06-01,Netherlands,3,1932.6
2004-06-01,Morocco,5,1940.5
2004-06-01,Belgium,11,1896.1
2004-06-01,Germany,11,1899.5
2004-06-01,Croatia,8,1876.2
2004-06-01,Austria,11,1942.4
2004-06-01,Colombia,11,1898.0
2004-06-01,Senegal,11,1912.3
2004-06-01,Mexico,12,1834.8
2004-06-01,United States,14,1865.8
2004-06-01,Uruguay,13,1888.6
2004-06-01,Japan,15,1819.5
2004-06-01,Switzerland,23,1807.2
2004-06-01,Norway,19,1835.5
2004-06-01,Iran,22,1805.2
2004-06-01,Turkey,20,1828.8
2004-06-01,Ecuador,21,1805.1
2004-06-01,Sweden,28,1829.3
2004-06-01,South Korea,22,1840.7
2004-06-01,Nigeria,22,1821.4
2004-06-01,Australia,26,1745.6
2004-06-01,Ivory Coast,24,1761.2
2004-06-01,Algeria,27,1813.9
2004-06-01,Egypt,32,1797.4
2004-06-01,Canada,33,1829.4
2004-06-01,Tunisia,32,1747.1
2004-06-01,Paraguay,33,1726.9
2004-06-01,Peru,33,1692.8
2004-06-01,Ghana,37,1774.3
2004-06-01,Saudi Arabia,32,1744.0
2004-06-01,Cabo Verde,39,1748.5
2004-06-01,Slovakia,40,1693.5
2004-06-01,Scotland,36,1715.6
2004-06-01,Jordan,39,1737.2
2004-06-01,Czechia,44,1637.5
2004-06-01,South Africa,43,1712.6
2004-06-01,Venezuela,41,1645.1
2004-06-01,Chile,47,1576.9
2004-06-01,Bolivia,44,1658.2
2004-06-01,Indonesia,42,1621.2
2004-06-01,New Zealand,44,1639.9
2004-06-01,Costa Rica,45,1624.1
2004-06-01,Curaçao,43,1562.8
2004-06-01,Honduras,47,1598.3
2004-06-01,DR Congo,46,1626.8
2004-06-01,Kenya,46,1588.3
2004-06-01,Panama,50,1661.6
2004-06-01,Bosnia and Herzegovina,53,1567.8
2004-06-01,Qatar,50,1527.1
2004-06-01,Haiti,54,1580.4
2004-06-01,Cuba,51,1542.4
2004-06-01,Iraq,59,1555.9
2004-06-01,Trinidad and Tobago,53,1574.8
2004-06-01,Uzbekistan,59,1514.4
2004-07-01,France,3,1995.8
2004-07-01,Spain,1,1961.1
2004-07-01,Argentina,1,2037.5
2004-07-01,England,8,1979.1
2004-07-01,Portugal,6,2011.4
2004-07-01,Brazil,8,1913.1
2004-07-01,Netherlands,7,1903.3
2004-07-01,Morocco,7,1934.7
2004-07-01,Belgium,9,1950.5
2004-07-01,Germany,7,1915.1
2004-07-01,Croatia,11,1937.7
2004-07-01,Austria,15,1874.0
2004-07-01,Colombia,12,1882.2
2004-07-01,Senegal,14,1882.0
2004-07-01,Mexico,12,1887.6
2004-07-01,United States,12,1857.7
2004-07-01,Uruguay,20,1812.4
2004-07-01,Japan,20,1835.2
2004-07-01,Switzerland,19,1854.3
2004-07-01,Norway,21,1866.7
2004-07-01,Iran,19,1863.8
2004-07-01,Turkey,19,1806.5
2004-07-01,Ecuador,19,1786.9
2004-07-01,Sweden,24,1848.2
2004-07-01,South Korea,27,1843.5
2004-07-01,Nigeria,29,1788.5
2004-07-01,Australia,31,1766.7
2004-07-01,Ivory Coast,32,1782.9
2004-07-01,Algeria,32,1767.0
2004-07-01,Egypt,25,1749.3
2004-07-01,Canada,33,1745.5
2004-07-01,Tunisia,30,1764.3
2004-07-01,Paraguay,28,1688.0
2004-07-01,Peru,29,1695.6
2004-07-01,Ghana,36,1735.5
2004-07-01,Saudi Arabia,38,1670.6
2004-07-01,Cabo Verde,38,1739.6
2004-07-01,Slovakia,34,1748.4
2004-07-01,Scotland,41,1734.0
2004-07-01,Jordan,37,1713.3
2004-07-01,Czechia,44,1664.1
2004-07-01,South Africa,40,1695.5
2004-07-01,Venezuela,38,1662.4
2004-07-01,Chile,41,1569.2
2004-07-01,Bolivia,44,1655.5
2004-07-01,Indonesia,47,1642.5
2004-07-01,New Zealand,44,1654.8
2004-07-01,Costa Rica,50,1602.2
2004-07-01,Curaçao,51,1573.6
2004-07-01,Honduras,47,1625.4
2004-07-01,DR Congo,49,1658.6
2004-07-01,Kenya,51,1586.8
2004-07-01,Panama,49,1542.8
2004-07-01,Bosnia and Herzegovina,52,1647.6
2004-07-01,Qatar,49,1569.5
2004-07-01,Haiti,57,1566.4
2004-07-01,Cuba,55,1518.7
2004-07-01,Iraq,51,1580.3
2004-07-01,Trinidad and Tobago,55,1558.4
2004-07-01,Uzbekistan,61,1484.5
2004-08-01,France,3,1979.1
2004-08-01,Spain,4,1951.2
2004-08-01,Argentina,4,1997.4
2004-08-01,England,1,1962.0
2004-08-01,Portugal,6,1973.8
2004-08-01,Brazil,2,1955.4
2004-08-01,Netherlands,5,1882.8
2004-08-01,Morocco,11,1929.8
2004-08-01,Belgium,11,1890.9
2004-08-01,Germany,6,1951.9
2004-08-01,Croatia,8,1888.2
2004-08-01,Austria,10,1931.5
2004-08-01,Colombia,11,1840.0
2004-08-01,Senegal,13,1884.7
2004-08-01,Mexico,17,1935.5
2004-08-01,United States,16,1926.2
2004-08-01,Uruguay,16,1845.1
2004-08-01,Japan,20,1858.0
2004-08-01,Switzerland,18,1866.6
2004-08-01,Norway,20,1807.0
2004-08-01,Iran,23,1859.9
2004-08-01,Turkey,26,1814.1
2004-08-01,Ecuador,27,1863.1
2004-08-01,Sweden,27,1846.9
2004-08-01,South Korea,21,1821.0
2004-08-01,Nigeria,30,1831.1
2004-08-01,Australia,31,1766.0
2004-08-01,Ivory Coast,28,1744.9
2004-08-01,Algeria,30,1757.7
2004-08-01,Egypt,28,1685.2
2004-08-01,Canada,31,1721.5
2004-08-01,Tunisia,29,1740.6
2004-08-01,Paraguay,32,1771.0
2004-08-01,Peru,35,1757.4
2004-08-01,Ghana,38,1746.5
2004-08-01,Saudi Arabia,32,1743.7
2004-08-01,Cabo Verde,38,1705.0
2004-08-01,Slovakia,41,1652.7
2004-08-01,Scotland,39,1647.2
2004-08-01,Jordan,40,1658.6
2004-08-01,Czechia,43,1648.4
2004-08-01,South Africa,40,1682.5
2004-08-01,Venezuela,38,1708.4
2004-08-01,Chile,39,1699.4
2004-08-01,Bolivia,43,1681.8
2004-08-01,Indonesia,41,1618.2
2004-08-01,New Zealand,46,1619.9
2004-08-01,Costa Rica,43,1620.3
2004-08-01,Curaçao,45,1615.4
2004-08-01,Honduras,49,1631.4
2004-08-01,DR Congo,49,1595.8
2004-08-01,Kenya,46,1576.6
2004-08-01,Panama,54,1671.5
2004-08-01,Bosnia and Herzegovina,48,1582.0
2004-08-01,Qatar,56,1580.0
2004-08-01,Haiti,49,1608.4
2004-08-01,Cuba,55,1539.0
2004-08-01,Iraq,53,1550.0
2004-08-01,Trinidad and Tobago,51,1556.4
2004-08-01,Uzbekistan,63,1528.3
2004-09-01,France,4,1995.7
2004-09-01,Spain,1,1929.9
2004-09-01,Argentina,5,1971.9
2004-09-01,England,3,1966.0
2004-09-01,Portugal,7,2013.0
2004-09-01,Brazil,9,1943.6
2004-09-01,Netherlands,4,1901.9
2004-09-01,Morocco,10,1971.1
2004-09-01,Belgium,11,1922.3
2004-09-01,Germany,13,1941.8
2004-09-01,Croatia,13,1882.8
2004-09-01,Austria,8,1887.9
2004-09-01,Colombia,16,1850.4
2004-09-01,Senegal,13,1893.0
2004-09-01,Mexico,16,1896.8
2004-09-01,United States,18,1903.0
2004-09-01,Uruguay,16,1858.4
2004-09-01,Japan,18,1864.0
2004-09-01,Switzerland,17,1853.1
2004-09-01,Norway,22,1869.7
2004-09-01,Iran,23,1836.7
2004-09-01,Turkey,21,1880.2
2004-09-01,Ecuador,27,1788.9
2004-09-01,Sweden,23,1801.8
2004-09-01,South Korea,22,1734.2
2004-09-01,Nigeria,22,1747.9
2004-09-01,Australia,26,1832.5
2004-09-01,Ivory Coast,27,1797.5
2004-09-01,Algeria,25,1770.6
2004-09-01,Egypt,27,1764.3
2004-09-01,Canada,32,1733.1
2004-09-01,Tunisia,31,1717.2
2004-09-01,Paraguay,33,1711.3
2004-09-01,Peru,34,1720.8
2004-09-01,Ghana,31,1679.9
2004-09-01,Saudi Arabia,37,1756.7
2004-09-01,Cabo Verde,34,1714.1
2004-09-01,Slovakia,40,1718.0
2004-09-01,Scotland,35,1732.0
2004-09-01,Jordan,35,1719.1
2004-09-01,Czechia,37,1660.9
2004-09-01,South Africa,42,1636.6
2004-09-01,Venezuela,44,1644.0
2004-09-01,Chile,42,1614.2
2004-09-01,Bolivia,42,1686.7
2004-09-01,Indonesia,41,1564.0
2004-09-01,New Zealand,44,1661.8
2004-09-01,Costa Rica,50,1598.1
2004-09-01,Curaçao,45,1626.9
2004-09-01,Honduras,44,1616.3
2004-09-01,DR Congo,44,1610.4
2004-09-01,Kenya,48,1647.7
2004-09-01,Panama,48,1631.9
2004-09-01,Bosnia and Herzegovina,55,1620.7
2004-09-01,Qatar,52,1559.7
2004-09-01,Haiti,52,1571.6
2004-09-01,Cuba,58,1548.5
2004-09-01,Iraq,56,1576.8
2004-09-01,Trinidad and Tobago,59,1522.2
2004-09-01,Uzbekistan,63,1526.0
2004-10-01,France,2,2008.2
2004-10-01,Spain,1,2019.2
2004-10-01,Argentina,4,1995.1
2004-10-01,England,4,1998.6
2004-10-01,Portugal,1,1989.7
2004-10-01,Brazil,2,1921.6
2004-10-01,Netherlands,11,1889.9
2004-10-01,Morocco,8,1977.2
2004-10-01,Belgium,12,1910.6
2004-10-01,Germany,10,1924.9
2004-10-01,Croatia,14,1850.1
2004-10-01,Austria,10,1912.5
2004-10-01,Colombia,14,1904.2
2004-10-01,Senegal,12,1874.9
2004-10-01,Mexico,19,1883.4
2004-10-01,United States,16,1890.9
2004-10-01,Uruguay,19,1823.9
2004-10-01,Japan,14,1854.2
2004-10-01,Switzerland,17,1854.0
2004-10-01,Norway,21,1792.1
2004-10-01,Iran,19,1809.5
2004-10-01,Turkey,19,1823.3
2004-10-01,Ecuador,21,1809.9
2004-10-01,Sweden,23,1794.1
2004-10-01,South Korea,28,1783.7
2004-10-01,Nigeria,26,1791.5
2004-10-01,Australia,29,1813.7
2004-10-01,Ivory Coast,32,1765.0
2004-10-01,Algeria,26,1734.3
2004-10-01,Egypt,31,1762.7
2004-10-01,Canada,30,1782.2
2004-10-01,Tunisia,28,1745.7
2004-10-01,Paraguay,28,1785.8
2004-10-01,Peru,31,1710.1
2004-10-01,Ghana,31,1715.8
2004-10-01,Saudi Arabia,32,1759.0
2004-10-01,Cabo Verde,39,1783.3
2004-10-01,Slovakia,39,1712.4
2004-10-01,Scotland,42,1726.8
2004-10-01,Jordan,36,1733.0
2004-10-01,Czechia,40,1706.1
2004-10-01,South Africa,42,1734.3
2004-10-01,Venezuela,41,1617.4
2004-10-01,Chile,40,1627.4
2004-10-01,Bolivia,48,1640.9
2004-10-01,Indonesia,44,1615.8
2004-10-01,New Zealand,50,1622.0
2004-10-01,Costa Rica,45,1687.5
2004-10-01,Curaçao,48,1645.1
2004-10-01,Honduras,50,1665.6
2004-10-01,DR Congo,44,1629.9
2004-10-01,Kenya,53,1638.6
2004-10-01,Panama,51,1613.4
2004-10-01,Bosnia and Herzegovina,53,1607.6
2004-10-01,Qatar,51,1580.2
2004-10-01,Haiti,53,1551.8
2004-10-01,Cuba,58,1568.5
2004-10-01,Iraq,59,1534.1
2004-10-01,Trinidad and Tobago,55,1510.2
2004-10-01,Uzbekistan,67,1514.1
2004-11-01,France,3,1933.8
2004-11-01,Spain,1,1986.2
2004-11-01,Argentina,2,1982.8
2004-11-01,England,3,1958.8
2004-11-01,Portugal,2,1974.8
2004-11-01,Brazil,9,1907.6
2004-11-01,Netherlands,8,1946.4
2004-11-01,Morocco,8,1934.7
2004-11-01,Belgium,6,1942.1
2004-11-01,Germany,12,1893.7
2004-11-01,Croatia,13,1930.3
2004-11-01,Austria,12,1908.7
2004-11-01,Colombia,14,1934.6
2004-11-01,Senegal,13,1845.4
2004-11-01,Mexico,16,1879.3
2004-11-01,United States,19,1862.8
2004-11-01,Uruguay,16,1870.5
2004-11-01,Japan,19,1856.9
2004-11-01,Switzerland,15,1827.5
2004-11-01,Norway,20,1849.0
2004-11-01,Iran,17,1807.6
2004-11-01,Turkey,25,1850.3
2004-11-01,Ecuador,25,1827.4
2004-11-01,Sweden,24,1850.9
2004-11-01,South Korea,26,1787.6
2004-11-01,Nigeria,28,1739.0
2004-11-01,Australia,28,1743.7
2004-11-01,Ivory Coast,29,1729.1
2004-11-01,Algeria,31,1706.5
2004-11-01,Egypt,28,1762.7
2004-11-01,Canada,30,1766.9
2004-11-01,Tunisia,29,1767.8
2004-11-01,Paraguay,35,1762.1
2004-11-01,Peru,31,1710.5
2004-11-01,Ghana,38,1808.4
2004-11-01,Saudi Arabia,39,1739.3
2004-11-01,Cabo Verde,40,1664.6
2004-11-01,Slovakia,36,1739.5
2004-11-01,Scotland,40,1643.9
2004-11-01,Jordan,40,1712.6
2004-11-01,Czechia,37,1642.9
2004-11-01,South Africa,42,1636.2
2004-11-01,Venezuela,39,1588.5
2004-11-01,Chile,47,1661.7
2004-11-01,Bolivia,43,1626.0
2004-11-01,Indonesia,44,1569.9
2004-11-01,New Zealand,49,1671.6
2004-11-01,Costa Rica,51,1647.6
2004-11-01,Curaçao,45,1620.4
2004-11-01,Honduras,49,1605.3
2004-11-01,DR Congo,52,1638.3
2004-11-01,Kenya,49,1566.5
2004-11-01,Panama,48,1586.0
2004-11-01,Bosnia and Herzegovina,47,1625.9
2004-11-01,Qatar,48,1559.8
2004-11-01,Haiti,54,1591.4
2004-11-01,Cuba,52,1564.9
2004-11-01,Iraq,52,1561.1
2004-11-01,Trinidad and Tobago,58,1545.7
2004-11-01,Uzbekistan,63,1480.6
2004-12-01,France,3,2024.7
2004-12-01,Spain,1,1991.1
2004-12-01,Argentina,6,1991.2
2004-12-01,England,8,1976.5
2004-12-01,Portugal,9,1977.8
2004-12-01,Brazil,10,1931.9
2004-12-01,Netherlands,3,1984.8
2004-12-01,Morocco,9,1880.6
2004-12-01,Belgium,7,1891.3
2004-12-01,Germany,11,1890.1
2004-12-01,Croatia,10,1898.8
2004-12-01,Austria,10,1857.1
2004-12-01,Colombia,10,1821.8
2004-12-01,Senegal,15,1905.8
2004-12-01,Mexico,12,1840.8
2004-12-01,United States,20,1848.7
2004-12-01,Uruguay,15,1845.4
2004-12-01,Japan,19,1881.0
2004-12-01,Switzerland,19,1837.8
2004-12-01,Norway,18,1804.1
2004-12-01,Iran,20,1851.7
2004-12-01,Turkey,26,1761.6
2004-12-01,Ecuador,23,1831.2
2004-12-01,Sweden,24,1820.9
2004-12-01,South Korea,26,1807.2
2004-12-01,Nigeria,24,1836.1
2004-12-01,Australia,31,1692.4
2004-12-01,Ivory Coast,29,1789.8
2004-12-01,Algeria,27,1775.4
2004-12-01,Egypt,33,1749.0
2004-12-01,Canada,32,1766.9
2004-12-01,Tunisia,29,1691.6
2004-12-01,Paraguay,31,1705.8
2004-12-01,Peru,29,1737.4
2004-12-01,Ghana,32,1767.9
2004-12-01,Saudi Arabia,35,1652.4
2004-12-01,Cabo Verde,32,1781.8
2004-12-01,Slovakia,40,1682.3
2004-12-01,Scotland,40,1716.1
2004-12-01,Jordan,40,1725.9
2004-12-01,Czechia,40,1664.5
2004-12-01,South Africa,45,1718.5
2004-12-01,Venezuela,41,1658.8
2004-12-01,Chile,41,1648.6
2004-12-01,Bolivia,45,1639.6
2004-12-01,Indonesia,45,1614.4
2004-12-01,New Zealand,50,1652.3
2004-12-01,Costa Rica,51,1593.8
2004-12-01,Curaçao,45,1622.4
2004-12-01,Honduras,44,1628.9
2004-12-01,DR Congo,49,1624.5
2004-12-01,Kenya,51,1633.4
2004-12-01,Panama,48,1603.3
2004-12-01,Bosnia and Herzegovina,50,1561.3
2004-12-01,Qatar,54,1607.4
2004-12-01,Haiti,53,1573.4
2004-12-01,Cuba,50,1560.7
2004-12-01,Iraq,51,1532.4
2004-12-01,Trinidad and Tobago,54,1532.0
2004-12-01,Uzbekistan,60,1485.8
2005-01-01,France,1,1985.7
2005-01-01,Spain,4,1975.0
2005-01-01,Argentina,1,1920.8
2005-01-01,England,1,1943.1
2005-01-01,Portugal,7,1939.8
2005-01-01,Brazil,10,1887.7
2005-01-01,Netherlands,11,1959.2
2005-01-01,Morocco,4,1931.1
2005-01-01,Belgium,5,1885.3
2005-01-01,Germany,8,1920.1
2005-01-01,Croatia,14,1904.7
2005-01-01,Austria,9,1857.6
2005-01-01,Colombia,16,1929.9
2005-01-01,Senegal,16,1880.1
2005-01-01,Mexico,11,1868.8
2005-01-01,United States,15,1885.9
2005-01-01,Uruguay,14,1857.3
2005-01-01,Japan,19,1826.1
2005-01-01,Switzerland,18,1900.8
2005-01-01,Norway,16,1844.7
2005-01-01,Iran,19,1851.2
2005-01-01,Turkey,19,1827.4
2005-01-01,Ecuador,19,1801.6
2005-01-01,Sweden,28,1834.1
2005-01-01,South Korea,26,1790.3
2005-01-01,Nigeria,23,1812.2
2005-01-01,Australia,23,1871.2
2005-01-01,Ivory Coast,28,1793.7
2005-01-01,Algeria,24,1759.8
2005-01-01,Egypt,27,1751.4
2005-01-01,Canada,29,1771.3
2005-01-01,Tunisia,32,1835.2
2005-01-01,Paraguay,34,1745.5
2005-01-01,Peru,31,1728.2
2005-01-01,Ghana,34,1673.1
2005-01-01,Saudi Arabia,35,1689.6
2005-01-01,Cabo Verde,35,1759.8
2005-01-01,Slovakia,41,1665.4
2005-01-01,Scotland,40,1715.9
2005-01-01,Jordan,40,1694.1
2005-01-01,Czechia,44,1676.1
2005-01-01,South Africa,38,1589.6
2005-01-01,Venezuela,45,1677.2
2005-01-01,Chile,43,1622.7
2005-01-01,Bolivia,45,1641.4
2005-01-01,Indonesia,41,1650.0
2005-01-01,New Zealand,47,1619.7
2005-01-01,Costa Rica,44,1603.2
2005-01-01,Curaçao,47,1620.2
2005-01-01,Honduras,48,1597.6
2005-01-01,DR Congo,48,1625.6
2005-01-01,Kenya,45,1613.2
2005-01-01,Panama,49,1612.3
2005-01-01,Bosnia and Herzegovina,49,1597.1
2005-01-01,Qatar,52,1604.1
2005-01-01,Haiti,57,1532.6
2005-01-01,Cuba,53,1526.8
2005-01-01,Iraq,55,1535.7
2005-01-01,Trinidad and Tobago,56,1553.1
2005-01-01,Uzbekistan,64,1483.2
2005-02-01,France,1,1954.7
2005-02-01,Spain,2,1956.1
2005-02-01,Argentina,2,1955.8
2005-02-01,England,3,1960.8
2005-02-01,Portugal,8,1983.1
2005-02-01,Brazil,9,1979.1
2005-02-01,Netherlands,4,1930.0
2005-02-01,Morocco,6,1982.6
2005-02-01,Belgium,5,1915.8
2005-02-01,Germany,7,1926.6
2005-02-01,Croatia,12,1929.2
2005-02-01,Austria,10,1916.3
2005-02-01,Colombia,14,1883.3
2005-02-01,Senegal,17,1960.9
2005-02-01,Mexico,13,1868.8
2005-02-01,United States,16,1876.4
2005-02-01,Uruguay,15,1833.6
2005-02-01,Japan,21,1834.1
2005-02-01,Switzerland,20,1868.9
2005-02-01,Norway,20,1836.1
2005-02-01,Iran,25,1841.1
2005-02-01,Turkey,21,1770.8
2005-02-01,Ecuador,23,1789.5
2005-02-01,Sweden,26,1796.9
2005-02-01,South Korea,21,1823.8
2005-02-01,Nigeria,23,1763.2
2005-02-01,Australia,30,1769.1
2005-02-01,Ivory Coast,28,1762.2
2005-02-01,Algeria,30,1815.5
2005-02-01,Egypt,26,1767.3
2005-02-01,Canada,29,1738.7
2005-02-01,Tunisia,28,1711.3
2005-02-01,Paraguay,29,1791.6
2005-02-01,Peru,32,1721.7
2005-02-01,Ghana,38,1744.7
2005-02-01,Saudi Arabia,36,1731.0
2005-02-01,Cabo Verde,39,1747.0
2005-02-01,Slovakia,38,1676.4
2005-02-01,Scotland,35,1660.7
2005-02-01,Jordan,35,1687.0
2005-02-01,Czechia,42,1664.0
2005-02-01,South Africa,45,1665.8
2005-02-01,Venezuela,38,1671.3
2005-02-01,Chile,40,1637.0
2005-02-01,Bolivia,46,1648.4
2005-02-01,Indonesia,47,1653.1
2005-02-01,New Zealand,45,1640.3
2005-02-01,Costa Rica,51,1589.6
2005-02-01,Curaçao,46,1630.4
2005-02-01,Honduras,51,1596.1
2005-02-01,DR Congo,50,1638.2
2005-02-01,Kenya,50,1604.3
2005-02-01,Panama,48,1613.8
2005-02-01,Bosnia and Herzegovina,50,1591.5
2005-02-01,Qatar,50,1629.6
2005-02-01,Haiti,57,1532.3
2005-02-01,Cuba,55,1641.3
2005-02-01,Iraq,56,1576.5
2005-02-01,Trinidad and Tobago,52,1568.9
2005-02-01,Uzbekistan,60,1504.5
2005-03-01,France,1,2009.0
2005-03-01,Spain,1,2030.8
2005-03-01,Argentina,1,1952.3
2005-03-01,England,5,1964.6
2005-03-01,Portugal,2,1947.6
2005-03-01,Brazil,9,1915.9
2005-03-01,Netherlands,10,1949.4
2005-03-01,Morocco,11,1925.8
2005-03-01,Belgium,5,1930.4
2005-03-01,Germany,8,1951.4
2005-03-01,Croatia,15,1913.3
2005-03-01,Austria,16,1945.5
2005-03-01,Colombia,11,1927.1
2005-03-01,Senegal,16,1879.8
2005-03-01,Mexico,11,1800.8
2005-03-01,United States,17,1849.8
2005-03-01,Uruguay,18,1870.6
2005-03-01,Japan,22,1880.1
2005-03-01,Switzerland,23,1886.9
2005-03-01,Norway,16,1863.4
2005-03-01,Iran,25,1867.2
2005-03-01,Turkey,21,1834.7
2005-03-01,Ecuador,26,1857.9
2005-03-01,Sweden,21,1755.0
2005-03-01,South Korea,28,1815.9
2005-03-01,Nigeria,23,1718.6
2005-03-01,Australia,25,1789.5
2005-03-01,Ivory Coast,30,1764.2
2005-03-01,Algeria,25,1781.8
2005-03-01,Egypt,26,1840.9
2005-03-01,Canada,28,1782.6
2005-03-01,Tunisia,29,1773.1
2005-03-01,Paraguay,29,1758.3
2005-03-01,Peru,32,1734.8
2005-03-01,Ghana,36,1725.8
2005-03-01,Saudi Arabia,35,1763.1
2005-03-01,Cabo Verde,37,1683.1
2005-03-01,Slovakia,38,1706.8
2005-03-01,Scotland,39,1659.2
2005-03-01,Jordan,39,1692.6
2005-03-01,Czechia,41,1710.1
2005-03-01,South Africa,45,1680.0
2005-03-01,Venezuela,38,1651.1
2005-03-01,Chile,40,1688.3
2005-03-01,Bolivia,44,1621.5
2005-03-01,Indonesia,45,1660.4
2005-03-01,New Zealand,43,1630.5
2005-03-01,Costa Rica,45,1612.3
2005-03-01,Curaçao,47,1647.5
2005-03-01,Honduras,46,1590.3
2005-03-01,DR Congo,46,1625.6
2005-03-01,Kenya,52,1605.8
2005-03-01,Panama,54,1577.8
2005-03-01,Bosnia and Herzegovina,52,1611.0
2005-03-01,Qatar,56,1617.5
2005-03-01,Haiti,54,1613.4
2005-03-01,Cuba,58,1630.1
2005-03-01,Iraq,58,1547.5
2005-03-01,Trinidad and Tobago,59,1541.5
2005-03-01,Uzbekistan,59,1453.7
2005-04-01,France,1,1967.5
2005-04-01,Spain,5,1935.4
2005-04-01,Argentina,1,1969.6
2005-04-01,England,7,2004.9
2005-04-01,Portugal,9,1937.4
2005-04-01,Brazil,8,1955.4
2005-04-01,Netherlands,8,1956.1
2005-04-01,Morocco,5,1953.2
2005-04-01,Belgium,13,1924.7
2005-04-01,Germany,11,1945.3
2005-04-01,Croatia,14,1959.9
2005-04-01,Austria,14,1924.3
2005-04-01,Colombia,14,1863.1
2005-04-01,Senegal,13,1890.8
2005-04-01,Mexico,15,1865.4
2005-04-01,United States,13,1878.1
2005-04-01,Uruguay,19,1836.7
2005-04-01,Japan,14,1830.3
2005-04-01,Switzerland,21,1822.6
2005-04-01,Norway,22,1782.0
2005-04-01,Iran,22,1860.0
2005-04-01,Turkey,19,1777.8
2005-04-01,Ecuador,20,1771.1
2005-04-01,Sweden,21,1799.1
2005-04-01,South Korea,24,1841.8
2005-04-01,Nigeria,24,1826.7
2005-04-01,Australia,29,1796.6
2005-04-01,Ivory Coast,31,1761.9
2005-04-01,Algeria,27,1776.2
2005-04-01,Egypt,33,1754.7
2005-04-01,Canada,33,1755.8
2005-04-01,Tunisia,32,1806.0
2005-04-01,Paraguay,33,1763.5
2005-04-01,Peru,37,1707.4
2005-04-01,Ghana,31,1769.9
2005-04-01,Saudi Arabia,40,1734.2
2005-04-01,Cabo Verde,39,1681.7
2005-04-01,Slovakia,35,1723.6
2005-04-01,Scotland,38,1662.2
2005-04-01,Jordan,35,1686.2
2005-04-01,Czechia,36,1678.2
2005-04-01,South Africa,45,1690.5
2005-04-01,Venezuela,44,1690.6
2005-04-01,Chile,41,1657.4
2005-04-01,Bolivia,42,1656.3
2005-04-01,Indonesia,48,1707.2
2005-04-01,New Zealand,49,1603.3
2005-04-01,Costa Rica,51,1634.1
2005-04-01,Curaçao,47,1625.3
2005-04-01,Honduras,45,1602.7
2005-04-01,DR Congo,50,1661.6
2005-04-01,Kenya,45,1568.4
2005-04-01,Panama,53,1593.5
2005-04-01,Bosnia and Herzegovina,50,1569.2
2005-04-01,Qatar,56,1549.1
2005-04-01,Haiti,57,1603.6
2005-04-01,Cuba,55,1634.0
2005-04-01,Iraq,57,1553.6
2005-04-01,Trinidad and Tobago,51,1528.3
2005-04-01,Uzbekistan,62,1513.9
2005-05-01,France,1,2053.8
2005-05-01,Spain,1,1972.3
2005-05-01,Argentina,4,1968.4
2005-05-01,England,2,1943.8
2005-05-01,Portugal,3,2003.6
2005-05-01,Brazil,4,1918.4
2005-05-01,Netherlands,6,1935.4
2005-05-01,Morocco,10,1844.2
2005-05-01,Belgium,10,1894.7
2005-05-01,Germany,8,1904.5
2005-05-01,Croatia,11,1908.2
2005-05-01,Austria,10,1953.5
2005-05-01,Colombia,12,1958.1
2005-05-01,Senegal,10,1918.4
2005-05-01,Mexico,16,1944.1
2005-05-01,United States,13,1886.5
2005-05-01,Uruguay,16,1884.9
2005-05-01,Japan,17,1930.7
2005-05-01,Switzerland,21,1847.1
2005-05-01,Norway,19,1786.4
2005-05-01,Iran,22,1802.3
2005-05-01,Turkey,20,1772.4
2005-05-01,Ecuador,19,1861.7
2005-05-01,Sweden,25,1838.1
2005-05-01,South Korea,25,1834.5
2005-05-01,Nigeria,24,1739.2
2005-05-01,Australia,25,1792.5
2005-05-01,Ivory Coast,32,1742.2
2005-05-01,Algeria,32,1762.8
2005-05-01,Egypt,28,1814.8
2005-05-01,Canada,34,1703.4
2005-05-01,Tunisia,35,1783.3
2005-05-01,Paraguay,36,1779.7
2005-05-01,Peru,35,1707.7
2005-05-01,Ghana,31,1744.2
2005-05-01,Saudi Arabia,34,1705.6
2005-05-01,Cabo Verde,35,1702.6
2005-05-01,Slovakia,40,1679.4
2005-05-01,Scotland,34,1702.4
2005-05-01,Jordan,36,1683.1
2005-05-01,Czechia,42,1707.5
2005-05-01,South Africa,44,1595.2
2005-05-01,Venezuela,44,1678.9
2005-05-01,Chile,43,1647.6
2005-05-01,Bolivia,47,1641.5
2005-05-01,Indonesia,47,1684.0
2005-05-01,New Zealand,42,1646.2
2005-05-01,Costa Rica,43,1666.3
2005-05-01,Curaçao,43,1651.4
2005-05-01,Honduras,49,1626.6
2005-05-01,DR Congo,52,1581.8
2005-05-01,Kenya,52,1616.5
2005-05-01,Panama,48,1590.4
2005-05-01,Bosnia and Herzegovina,52,1533.5
2005-05-01,Qatar,51,1607.3
2005-05-01,Haiti,56,1609.1
2005-05-01,Cuba,54,1537.8
2005-05-01,Iraq,57,1588.4
2005-05-01,Trinidad and Tobago,59,1544.9
2005-05-01,Uzbekistan,59,1504.9
2005-06-01,France,1,1971.3
2005-06-01,Spain,6,1981.2
2005-06-01,Argentina,7,1954.6
2005-06-01,England,5,1958.3
2005-06-01,Portugal,4,1962.8
2005-06-01,Brazil,5,1961.6
2005-06-01,Netherlands,3,1926.7
2005-06-01,Morocco,10,1977.5
2005-06-01,Belgium,11,1928.1
2005-06-01,Germany,9,1911.0
2005-06-01,Croatia,12,1912.4
2005-06-01,Austria,10,1906.4
2005-06-01,Colombia,15,1926.2
2005-06-01,Senegal,14,1890.1
2005-06-01,Mexico,19,1876.9
2005-06-01,United States,13,1895.9
2005-06-01,Uruguay,16,1880.1
2005-06-01,Japan,15,1806.1
2005-06-01,Switzerland,22,1844.8
2005-06-01,Norway,21,1861.6
2005-06-01,Iran,17,1817.9
2005-06-01,Turkey,20,1836.9
2005-06-01,Ecuador,25,1854.0
2005-06-01,Sweden,28,1820.9
2005-06-01,South Korea,28,1777.2
2005-06-01,Nigeria,25,1755.2
2005-06-01,Australia,31,1800.8
2005-06-01,Ivory Coast,31,1792.1
2005-06-01,Algeria,32,1769.9
2005-06-01,Egypt,29,1795.9
2005-06-01,Canada,30,1728.1
2005-06-01,Tunisia,29,1730.4
2005-06-01,Paraguay,28,1745.4
2005-06-01,Peru,32,1777.9
2005-06-01,Ghana,33,1687.2
2005-06-01,Saudi Arabia,36,1694.6
2005-06-01,Cabo Verde,40,1674.3
2005-06-01,Slovakia,36,1689.7
2005-06-01,Scotland,40,1707.1
2005-06-01,Jordan,37,1702.3
2005-06-01,Czechia,40,1692.7
2005-06-01,South Africa,44,1672.8
2005-06-01,Venezuela,43,1623.9
2005-06-01,Chile,47,1684.5
2005-06-01,Bolivia,40,1654.0
2005-06-01,Indonesia,43,1640.5
2005-06-01,New Zealand,49,1573.3
2005-06-01,Costa Rica,45,1614.6
2005-06-01,Curaçao,44,1581.0
2005-06-01,Honduras,45,1648.6
2005-06-01,DR Congo,52,1666.6
2005-06-01,Kenya,46,1600.2
2005-06-01,Panama,49,1591.8
2005-06-01,Bosnia and Herzegovina,52,1553.0
2005-06-01,Qatar,54,1602.7
2005-06-01,Haiti,55,1637.2
2005-06-01,Cuba,58,1540.2
2005-06-01,Iraq,51,1552.6
2005-06-01,Trinidad and Tobago,51,1612.3
2005-06-01,Uzbekistan,60,1475.9
2005-07-01,France,1,2001.4
2005-07-01,Spain,1,2019.1
2005-07-01,Argentina,3,1940.8
2005-07-01,England,5,2026.9
2005-07-01,Portugal,2,2009.5
2005-07-01,Brazil,8,2003.7
2005-07-01,Netherlands,6,1962.0
2005-07-01,Morocco,12,1958.5
2005-07-01,Belgium,6,1954.3
2005-07-01,Germany,9,1957.2
2005-07-01,Croatia,8,1964.5
2005-07-01,Austria,15,1910.5
2005-07-01,Colombia,12,1887.2
2005-07-01,Senegal,13,1851.7
2005-07-01,Mexico,13,1877.2
2005-07-01,United States,17,1838.5
2005-07-01,Uruguay,19,1831.9
2005-07-01,Japan,21,1843.5
2005-07-01,Switzerland,22,1783.4
2005-07-01,Norway,20,1861.5
2005-07-01,Iran,20,1799.0
2005-07-01,Turkey,23,1892.6
2005-07-01,Ecuador,20,1753.3
2005-07-01,Sweden,27,1798.7
2005-07-01,South Korea,23,1809.4
2005-07-01,Nigeria,30,1771.8
2005-07-01,Australia,23,1806.2
2005-07-01,Ivory Coast,31,1771.8
2005-07-01,Algeria,25,1781.1
2005-07-01,Egypt,28,1755.2
2005-07-01,Canada,28,1729.7
2005-07-01,Tunisia,33,1741.2
2005-07-01,Paraguay,31,1756.0
2005-07-01,Peru,31,1764.3
2005-07-01,Ghana,35,1681.1
2005-07-01,Saudi Arabia,32,1763.1
2005-07-01,Cabo Verde,35,1695.9
2005-07-01,Slovakia,33,1718.5
2005-07-01,Scotland,39,1702.6
2005-07-01,Jordan,43,1660.2
2005-07-01,Czechia,43,1686.4
2005-07-01,South Africa,45,1694.4
2005-07-01,Venezuela,45,1657.2
2005-07-01,Chile,39,1651.3
2005-07-01,Bolivia,44,1612.9
2005-07-01,Indonesia,49,1652.5
2005-07-01,New Zealand,44,1658.3
2005-07-01,Costa Rica,51,1600.7
2005-07-01,Curaçao,45,1637.7
2005-07-01,Honduras,44,1574.1
2005-07-01,DR Congo,51,1611.8
2005-07-01,Kenya,48,1602.2
2005-07-01,Panama,47,1651.3
2005-07-01,Bosnia and Herzegovina,47,1581.7
2005-07-01,Qatar,55,1567.2
2005-07-01,Haiti,49,1542.8
2005-07-01,Cuba,55,1552.7
2005-07-01,Iraq,51,1578.5
2005-07-01,Trinidad and Tobago,53,1543.2
2005-07-01,Uzbekistan,59,1511.3
2005-08-01,France,1,1986.1
2005-08-01,Spain,6,1995.4
2005-08-01,Argentina,1,1997.8
2005-08-01,England,2,1934.7
2005-08-01,Portugal,4,1937.4
2005-08-01,Brazil,3,1941.2
2005-08-01,Netherlands,4,1913.2
2005-08-01,Morocco,5,1890.8
2005-08-01,Belgium,5,1937.4
2005-08-01,Germany,9,1893.0
2005-08-01,Croatia,7,1892.0
2005-08-01,Austria,15,1911.9
2005-08-01,Colombia,14,1885.0
2005-08-01,Senegal,18,1929.7
2005-08-01,Mexico,13,1904.0
2005-08-01,United States,14,1838.5
2005-08-01,Uruguay,21,1796.7
2005-08-01,Japan,22,1782.8
2005-08-01,Switzerland,20,1840.0
2005-08-01,Norway,16,1841.1
2005-08-01,Iran,23,1850.9
2005-08-01,Turkey,26,1779.6
2005-08-01,Ecuador,25,1877.3
2005-08-01,Sweden,28,1749.3
2005-08-01,South Korea,21,1855.9
2005-08-01,Nigeria,22,1802.5
2005-08-01,Australia,24,1756.6
2005-08-01,Ivory Coast,25,1786.1
2005-08-01,Algeria,30,1744.8
2005-08-01,Egypt,28,1793.4
2005-08-01,Canada,26,1691.6
2005-08-01,Tunisia,28,1767.2
2005-08-01,Paraguay,34,1728.6
2005-08-01,Peru,36,1772.3
2005-08-01,Ghana,37,1696.9
2005-08-01,Saudi Arabia,32,1732.0
2005-08-01,Cabo Verde,35,1742.6
2005-08-01,Slovakia,33,1682.6
2005-08-01,Scotland,41,1705.3
2005-08-01,Jordan,35,1729.5
2005-08-01,Czechia,44,1692.8
2005-08-01,South Africa,44,1671.2
2005-08-01,Venezuela,40,1611.6
2005-08-01,Chile,43,1610.5
2005-08-01,Bolivia,43,1675.3
2005-08-01,Indonesia,43,1653.1
2005-08-01,New Zealand,50,1642.9
2005-08-01,Costa Rica,49,1655.7
2005-08-01,Curaçao,51,1642.5
2005-08-01,Honduras,45,1564.9
2005-08-01,DR Congo,44,1619.5
2005-08-01,Kenya,45,1646.9
2005-08-01,Panama,53,1605.9
2005-08-01,Bosnia and Herzegovina,50,1573.8
2005-08-01,Qatar,54,1556.6
2005-08-01,Haiti,50,1585.9
2005-08-01,Cuba,52,1578.5
2005-08-01,Iraq,58,1585.9
2005-08-01,Trinidad and Tobago,58,1548.3
2005-08-01,Uzbekistan,59,1476.2
2005-09-01,France,1,2029.3
2005-09-01,Spain,5,1925.8
2005-09-01,Argentina,1,1977.2
2005-09-01,England,1,1943.9
2005-09-01,Portugal,6,1968.2
2005-09-01,Brazil,5,1953.4
2005-09-01,Netherlands,4,1954.2
2005-09-01,Morocco,11,1925.6
2005-09-01,Belgium,12,1911.8
2005-09-01,Germany,14,1895.2
2005-09-01,Croatia,12,1937.9
2005-09-01,Austria,8,1858.8
2005-09-01,Colombia,17,1964.0
2005-09-01,Senegal,14,1902.1
2005-09-01,Mexico,19,1928.3
2005-09-01,United States,18,1806.8
2005-09-01,Uruguay,16,1839.3
2005-09-01,Japan,16,1866.1
2005-09-01,Switzerland,15,1803.9
2005-09-01,Norway,20,1830.8
2005-09-01,Iran,17,1838.8
2005-09-01,Turkey,20,1863.5
2005-09-01,Ecuador,23,1802.6
2005-09-01,Sweden,28,1748.2
2005-09-01,South Korea,24,1750.6
2005-09-01,Nigeria,27,1792.2
2005-09-01,Australia,27,1823.7
2005-09-01,Ivory Coast,26,1743.2
2005-09-01,Algeria,28,1758.6
2005-09-01,Egypt,26,1816.8
2005-09-01,Canada,32,1723.1
2005-09-01,Tunisia,32,1761.5
2005-09-01,Paraguay,33,1734.6
2005-09-01,Peru,29,1745.2
2005-09-01,Ghana,35,1752.3
2005-09-01,Saudi Arabia,36,1733.3
2005-09-01,Cabo Verde,37,1700.7
2005-09-01,Slovakia,33,1702.3
2005-09-01,Scotland,34,1671.8
2005-09-01,Jordan,43,1652.5
2005-09-01,Czechia,42,1720.3
2005-09-01,South Africa,44,1684.4
2005-09-01,Venezuela,45,1636.2
2005-09-01,Chile,43,1678.6
2005-09-01,Bolivia,45,1645.0
2005-09-01,Indonesia,42,1630.3
2005-09-01,New Zealand,44,1647.3
2005-09-01,Costa Rica,50,1608.2
2005-09-01,Curaçao,51,1627.6
2005-09-01,Honduras,50,1616.3
2005-09-01,DR Congo,45,1614.0
2005-09-01,Kenya,46,1544.7
2005-09-01,Panama,52,1617.8
2005-09-01,Bosnia and Herzegovina,55,1570.0
2005-09-01,Qatar,51,1571.0
2005-09-01,Haiti,53,1619.8
2005-09-01,Cuba,55,1612.9
2005-09-01,Iraq,54,1538.7
2005-09-01,Trinidad and Tobago,56,1548.7
2005-09-01,Uzbekistan,61,1459.2
2005-10-01,France,1,1936.9
2005-10-01,Spain,1,2007.7
2005-10-01,Argentina,2,2009.5
2005-10-01,England,2,1950.9
2005-10-01,Portugal,8,1927.1
2005-10-01,Brazil,3,1963.8
2005-10-01,Netherlands,7,1906.6
2005-10-01,Morocco,12,1981.8
2005-10-01,Belgium,5,1972.1
2005-10-01,Germany,9,1901.0
2005-10-01,Croatia,15,1908.7
2005-10-01,Austria,8,1901.0
2005-10-01,Colombia,13,1905.2
2005-10-01,Senegal,14,1918.8
2005-10-01,Mexico,11,1850.6
2005-10-01,United States,13,1899.1
2005-10-01,Uruguay,15,1859.5
2005-10-01,Japan,20,1817.7
2005-10-01,Switzerland,17,1802.9
2005-10-01,Norway,16,1827.5
2005-10-01,Iran,21,1841.8
2005-10-01,Turkey,22,1835.0
2005-10-01,Ecuador,26,1824.1
2005-10-01,Sweden,24,1785.0
2005-10-01,South Korea,24,1816.2
2005-10-01,Nigeria,25,1817.2
2005-10-01,Australia,27,1812.3
2005-10-01,Ivory Coast,29,1773.7
2005-10-01,Algeria,28,1747.0
2005-10-01,Egypt,33,1762.3
2005-10-01,Canada,30,1758.7
2005-10-01,Tunisia,32,1799.4
2005-10-01,Paraguay,33,1769.2
2005-10-01,Peru,29,1749.4
2005-10-01,Ghana,38,1690.6
2005-10-01,Saudi Arabia,36,1723.0
2005-10-01,Cabo Verde,37,1693.2
2005-10-01,Slovakia,40,1686.7
2005-10-01,Scotland,38,1720.8
2005-10-01,Jordan,35,1664.2
2005-10-01,Czechia,42,1662.8
2005-10-01,South Africa,37,1644.0
2005-10-01,Venezuela,45,1661.6
2005-10-01,Chile,43,1682.9
2005-10-01,Bolivia,47,1653.0
2005-10-01,Indonesia,47,1702.0
2005-10-01,New Zealand,48,1643.1
2005-10-01,Costa Rica,48,1635.0
2005-10-01,Curaçao,49,1626.2
2005-10-01,Honduras,51,1573.4
2005-10-01,DR Congo,49,1674.5
2005-10-01,Kenya,46,1675.2
2005-10-01,Panama,49,1562.4
2005-10-01,Bosnia and Herzegovina,52,1620.2
2005-10-01,Qatar,52,1605.1
2005-10-01,Haiti,55,1585.6
2005-10-01,Cuba,56,1611.0
2005-10-01,Iraq,57,1512.4
2005-10-01,Trinidad and Tobago,51,1554.6
2005-10-01,Uzbekistan,61,1467.2
2005-11-01,France,4,1998.4
2005-11-01,Spain,1,1990.5
2005-11-01,Argentina,3,2035.3
2005-11-01,England,1,1972.6
2005-11-01,Portugal,3,1955.4
2005-11-01,Brazil,8,1911.1
2005-11-01,Netherlands,10,1928.2
2005-11-01,Morocco,4,1981.7
2005-11-01,Belgium,6,1933.2
2005-11-01,Germany,12,1954.7
2005-11-01,Croatia,15,1924.8
2005-11-01,Austria,15,1926.3
2005-11-01,Colombia,14,1955.2
2005-11-01,Senegal,17,1836.0
2005-11-01,Mexico,14,1875.9
2005-11-01,United States,18,1903.0
2005-11-01,Uruguay,14,1823.5
2005-11-01,Japan,14,1857.4
2005-11-01,Switzerland,15,1827.3
2005-11-01,Norway,19,1814.2
2005-11-01,Iran,17,1794.1
2005-11-01,Turkey,19,1835.7
2005-11-01,Ecuador,19,1800.3
2005-11-01,Sweden,21,1841.5
2005-11-01,South Korea,25,1765.4
2005-11-01,Nigeria,30,1783.3
2005-11-01,Australia,31,1813.2
2005-11-01,Ivory Coast,28,1776.5
2005-11-01,Algeria,29,1774.8
2005-11-01,Egypt,25,1784.9
2005-11-01,Canada,30,1796.6
2005-11-01,Tunisia,28,1757.5
2005-11-01,Paraguay,32,1701.1
2005-11-01,Peru,36,1738.8
2005-11-01,Ghana,33,1711.4
2005-11-01,Saudi Arabia,32,1715.9
2005-11-01,Cabo Verde,35,1690.2
2005-11-01,Slovakia,33,1641.7
2005-11-01,Scotland,36,1697.0
2005-11-01,Jordan,42,1692.4
2005-11-01,Czechia,36,1682.4
2005-11-01,South Africa,41,1711.6
2005-11-01,Venezuela,40,1648.6
2005-11-01,Chile,46,1659.3
2005-11-01,Bolivia,48,1623.4
2005-11-01,Indonesia,42,1646.7
2005-11-01,New Zealand,46,1667.6
2005-11-01,Costa Rica,51,1590.1
2005-11-01,Curaçao,51,1679.8
2005-11-01,Honduras,51,1588.0
2005-11-01,DR Congo,48,1611.5
2005-11-01,Kenya,48,1563.0
2005-11-01,Panama,46,1596.6
2005-11-01,Bosnia and Herzegovina,51,1579.1
2005-11-01,Qatar,55,1602.7
2005-11-01,Haiti,53,1553.4
2005-11-01,Cuba,57,1564.8
2005-11-01,Iraq,51,1531.0
2005-11-01,Trinidad and Tobago,58,1541.4
2005-11-01,Uzbekistan,60,1446.4
2005-12-01,France,1,1963.0
2005-12-01,Spain,5,2026.8
2005-12-01,Argentina,4,1978.3
2005-12-01,England,7,1948.1
2005-12-01,Portugal,9,1969.0
2005-12-01,Brazil,7,1962.1
2005-12-01,Netherlands,6,1974.1
2005-12-01,Morocco,9,1920.1
2005-12-01,Belgium,12,1941.5
2005-12-01,Germany,11,1892.1
2005-12-01,Croatia,10,1888.4
2005-12-01,Austria,14,1897.3
2005-12-01,Colombia,12,1891.7
2005-12-01,Senegal,18,1854.5
2005-12-01,Mexico,15,1924.0
2005-12-01,United States,18,1883.3
2005-12-01,Uruguay,18,1882.7
2005-12-01,Japan,17,1909.8
2005-12-01,Switzerland,15,1835.6
2005-12-01,Norway,18,1884.9
2005-12-01,Iran,22,1815.5
2005-12-01,Turkey,22,1851.8
2005-12-01,Ecuador,24,1834.6
2005-12-01,Sweden,25,1783.9
2005-12-01,South Korea,29,1793.1
2005-12-01,Nigeria,29,1779.8
2005-12-01,Australia,29,1811.1
2005-12-01,Ivory Coast,27,1756.4
2005-12-01,Algeria,32,1787.3
2005-12-01,Egypt,27,1706.0
2005-12-01,Canada,27,1703.6
2005-12-01,Tunisia,29,1721.1
2005-12-01,Paraguay,29,1757.6
2005-12-01,Peru,32,1759.6
2005-12-01,Ghana,32,1703.2
2005-12-01,Saudi Arabia,33,1701.1
2005-12-01,Cabo Verde,34,1733.0
2005-12-01,Slovakia,35,1721.1
2005-12-01,Scotland,38,1697.8
2005-12-01,Jordan,40,1685.1
2005-12-01,Czechia,37,1635.4
2005-12-01,South Africa,39,1657.3
2005-12-01,Venezuela,40,1655.2
2005-12-01,Chile,42,1645.9
2005-12-01,Bolivia,45,1633.2
2005-12-01,Indonesia,44,1631.4
2005-12-01,New Zealand,48,1635.7
2005-12-01,Costa Rica,43,1643.8
2005-12-01,Curaçao,51,1647.0
2005-12-01,Honduras,49,1626.5
2005-12-01,DR Congo,48,1642.7
2005-12-01,Kenya,50,1616.7
2005-12-01,Panama,52,1591.7
2005-12-01,Bosnia and Herzegovina,49,1621.1
2005-12-01,Qatar,52,1528.5
2005-12-01,Haiti,56,1579.6
2005-12-01,Cuba,56,1574.3
2005-12-01,Iraq,56,1541.5
2005-12-01,Trinidad and Tobago,51,1558.5
2005-12-01,Uzbekistan,60,1544.0
2006-01-01,France,1,2027.3
2006-01-01,Spain,1,1902.9
2006-01-01,Argentina,3,1991.8
2006-01-01,England,5,1963.1
2006-01-01,Portugal,4,1984.7
2006-01-01,Brazil,3,1966.8
2006-01-01,Netherlands,11,1980.9
2006-01-01,Morocco,12,1905.8
2006-01-01,Belgium,7,1880.8
2006-01-01,Germany,9,1936.3
2006-01-01,Croatia,15,1900.2
2006-01-01,Austria,10,1871.0
2006-01-01,Colombia,11,1844.0
2006-01-01,Senegal,15,1973.8
2006-01-01,Mexico,18,1921.3
2006-01-01,United States,18,1893.2
2006-01-01,Uruguay,17,1842.7
2006-01-01,Japan,22,1884.9
2006-01-01,Switzerland,19,1878.8
2006-01-01,Norway,20,1836.8
2006-01-01,Iran,23,1845.6
2006-01-01,Turkey,18,1800.9
2006-01-01,Ecuador,19,1825.3
2006-01-01,Sweden,27,1791.6
2006-01-01,South Korea,24,1776.4
2006-01-01,Nigeria,22,1769.2
2006-01-01,Australia,30,1828.0
2006-01-01,Ivory Coast,30,1788.6
2006-01-01,Algeria,26,1769.6
2006-01-01,Egypt,30,1775.2
2006-01-01,Canada,33,1728.9
2006-01-01,Tunisia,28,1744.8
2006-01-01,Paraguay,30,1716.0
2006-01-01,Peru,37,1781.4
2006-01-01,Ghana,32,1752.4
2006-01-01,Saudi Arabia,34,1684.7
2006-01-01,Cabo Verde,40,1731.0
2006-01-01,Slovakia,35,1682.3
2006-01-01,Scotland,41,1671.5
2006-01-01,Jordan,43,1676.0
2006-01-01,Czechia,41,1664.3
2006-01-01,South Africa,41,1691.7
2006-01-01,Venezuela,44,1692.4
2006-01-01,Chile,42,1624.4
2006-01-01,Bolivia,46,1664.4
2006-01-01,Indonesia,44,1639.4
2006-01-01,New Zealand,42,1634.2
2006-01-01,Costa Rica,51,1648.2
2006-01-01,Curaçao,50,1624.4
2006-01-01,Honduras,47,1602.9
2006-01-01,DR Congo,44,1606.1
2006-01-01,Kenya,51,1632.9
2006-01-01,Panama,47,1592.9
2006-01-01,Bosnia and Herzegovina,52,1593.1
2006-01-01,Qatar,53,1537.0
2006-01-01,Haiti,55,1603.2
2006-01-01,Cuba,57,1541.4
2006-01-01,Iraq,52,1563.8
2006-01-01,Trinidad and Tobago,53,1539.4
2006-01-01,Uzbekistan,59,1490.7
2006-02-01,France,1,2030.5
2006-02-01,Spain,4,1994.8
2006-02-01,Argentina,1,2014.9
2006-02-01,England,6,1959.6
2006-02-01,Portugal,6,1931.5
2006-02-01,Brazil,3,1934.2
2006-02-01,Netherlands,10,1926.3
2006-02-01,Morocco,6,2042.7
2006-02-01,Belgium,12,1944.4
2006-02-01,Germany,9,1900.3
2006-02-01,Croatia,15,1915.0
2006-02-01,Austria,11,1929.5
2006-02-01,Colombia,14,1927.5
2006-02-01,Senegal,17,1866.0
2006-02-01,Mexico,19,1869.0
2006-02-01,United States,15,1883.6
2006-02-01,Uruguay,20,1911.7
2006-02-01,Japan,18,1884.7
2006-02-01,Switzerland,16,1832.9
2006-02-01,Norway,18,1830.9
2006-02-01,Iran,24,1829.5
2006-02-01,Turkey,25,1863.1
2006-02-01,Ecuador,21,1859.8
2006-02-01,Sweden,28,1777.1
2006-02-01,South Korea,22,1774.6
2006-02-01,Nigeria,25,1804.4
2006-02-01,Australia,29,1798.7
2006-02-01,Ivory Coast,24,1814.2
2006-02-01,Algeria,32,1756.0
2006-02-01,Egypt,28,1750.5
2006-02-01,Canada,32,1770.3
2006-02-01,Tunisia,28,1723.5
2006-02-01,Paraguay,28,1767.6
2006-02-01,Peru,30,1818.7
2006-02-01,Ghana,36,1723.4
2006-02-01,Saudi Arabia,32,1690.9
2006-02-01,Cabo Verde,38,1694.3
2006-02-01,Slovakia,38,1687.5
2006-02-01,Scotland,35,1682.7
2006-02-01,Jordan,35,1728.6
2006-02-01,Czechia,41,1646.1
2006-02-01,South Africa,41,1695.9
2006-02-01,Venezuela,42,1647.5
2006-02-01,Chile,44,1677.1
2006-02-01,Bolivia,44,1626.6
2006-02-01,Indonesia,47,1618.8
2006-02-01,New Zealand,45,1631.6
2006-02-01,Costa Rica,51,1609.0
2006-02-01,Curaçao,43,1630.7
2006-02-01,Honduras,50,1599.7
2006-02-01,DR Congo,46,1599.2
2006-02-01,Kenya,47,1584.2
2006-02-01,Panama,52,1555.3
2006-02-01,Bosnia and Herzegovina,47,1586.0
2006-02-01,Qatar,56,1597.7
2006-02-01,Haiti,49,1570.6
2006-02-01,Cuba,58,1526.1
2006-02-01,Iraq,56,1593.6
2006-02-01,Trinidad and Tobago,51,1551.5
2006-02-01,Uzbekistan,67,1486.9
2006-03-01,France,1,2029.5
2006-03-01,Spain,1,1975.0
2006-03-01,Argentina,7,2022.9
2006-03-01,England,5,1942.8
2006-03-01,Portugal,9,1988.3
2006-03-01,Brazil,9,1956.7
2006-03-01,Netherlands,6,1956.9
2006-03-01,Morocco,11,1948.7
2006-03-01,Belgium,13,1945.6
2006-03-01,Germany,8,1950.1
2006-03-01,Croatia,13,1934.3
2006-03-01,Austria,14,1969.3
2006-03-01,Colombia,11,1894.5
2006-03-01,Senegal,15,1859.7
2006-03-01,Mexico,18,1856.2
2006-03-01,United States,13,1860.9
2006-03-01,Uruguay,20,1901.5
2006-03-01,Japan,18,1912.9
2006-03-01,Switzerland,22,1843.1
2006-03-01,Norway,17,1788.8
2006-03-01,Iran,20,1887.1
2006-03-01,Turkey,19,1793.7
2006-03-01,Ecuador,19,1825.2
2006-03-01,Sweden,25,1833.4
2006-03-01,South Korea,23,1819.8
2006-03-01,Nigeria,28,1829.7
2006-03-01,Australia,28,1797.9
2006-03-01,Ivory Coast,27,1785.7
2006-03-01,Algeria,29,1819.2
2006-03-01,Egypt,32,1769.1
2006-03-01,Canada,32,1794.0
2006-03-01,Tunisia,27,1698.1
2006-03-01,Paraguay,29,1728.5
2006-03-01,Peru,34,1725.0
2006-03-01,Ghana,38,1706.0
2006-03-01,Saudi Arabia,40,1657.8
2006-03-01,Cabo Verde,33,1677.8
2006-03-01,Slovakia,33,1680.9
2006-03-01,Scotland,40,1735.6
2006-03-01,Jordan,36,1701.7
2006-03-01,Czechia,40,1655.9
2006-03-01,South Africa,38,1649.1
2006-03-01,Venezuela,38,1663.0
2006-03-01,Chile,40,1674.3
2006-03-01,Bolivia,44,1660.7
2006-03-01,Indonesia,43,1695.6
2006-03-01,New Zealand,44,1651.8
2006-03-01,Costa Rica,45,1670.7
2006-03-01,Curaçao,44,1619.9
2006-03-01,Honduras,48,1581.2
2006-03-01,DR Congo,45,1640.0
2006-03-01,Kenya,52,1615.2
2006-03-01,Panama,49,1595.0
2006-03-01,Bosnia and Herzegovina,50,1572.2
2006-03-01,Qatar,55,1590.4
2006-03-01,Haiti,50,1561.1
2006-03-01,Cuba,57,1628.2
2006-03-01,Iraq,59,1597.1
2006-03-01,Trinidad and Tobago,54,1591.2
2006-03-01,Uzbekistan,67,1482.5
2006-04-01,France,2,2015.7
2006-04-01,Spain,1,1916.1
2006-04-01,Argentina,2,1983.3
2006-04-01,England,1,1951.1
2006-04-01,Portugal,7,1953.6
2006-04-01,Brazil,6,1945.8
2006-04-01,Netherlands,3,1938.5
2006-04-01,Morocco,11,1905.8
2006-04-01,Belgium,8,1888.5
2006-04-01,Germany,11,1882.3
2006-04-01,Croatia,9,1950.6
2006-04-01,Austria,16,1944.2
2006-04-01,Colombia,16,1918.9
2006-04-01,Senegal,17,1964.7
2006-04-01,Mexico,12,1893.9
2006-04-01,United States,16,1915.9
2006-04-01,Uruguay,13,1851.6
2006-04-01,Japan,15,1827.7
2006-04-01,Switzerland,23,1796.8
2006-04-01,Norway,19,1850.1
2006-04-01,Iran,25,1843.7
2006-04-01,Turkey,23,1815.3
2006-04-01,Ecuador,24,1812.4
2006-04-01,Sweden,27,1851.8
2006-04-01,South Korea,24,1823.2
2006-04-01,Nigeria,22,1898.2
2006-04-01,Australia,29,1735.9
2006-04-01,Ivory Coast,29,1848.4
2006-04-01,Algeria,30,1809.2
2006-04-01,Egypt,26,1793.7
2006-04-01,Canada,27,1730.7
2006-04-01,Tunisia,29,1798.3
2006-04-01,Paraguay,29,1704.0
2006-04-01,Peru,30,1764.5
2006-04-01,Ghana,37,1667.4
2006-04-01,Saudi Arabia,35,1739.1
2006-04-01,Cabo Verde,37,1736.3
2006-04-01,Slovakia,36,1777.4
2006-04-01,Scotland,36,1703.7
2006-04-01,Jordan,41,1686.8
2006-04-01,Czechia,38,1661.9
2006-04-01,South Africa,45,1684.2
2006-04-01,Venezuela,41,1722.5
2006-04-01,Chile,45,1671.2
2006-04-01,Bolivia,45,1681.7
2006-04-01,Indonesia,45,1591.2
2006-04-01,New Zealand,48,1609.8
2006-04-01,Costa Rica,47,1595.1
2006-04-01,Curaçao,51,1655.3
2006-04-01,Honduras,49,1630.5
2006-04-01,DR Congo,46,1571.9
2006-04-01,Kenya,50,1603.1
2006-04-01,Panama,46,1625.5
2006-04-01,Bosnia and Herzegovina,51,1616.2
2006-04-01,Qatar,49,1555.9
2006-04-01,Haiti,49,1491.5
2006-04-01,Cuba,55,1606.6
2006-04-01,Iraq,53,1638.0
2006-04-01,Trinidad and Tobago,58,1517.7
2006-04-01,Uzbekistan,61,1543.7
2006-05-01,France,4,2019.0
2006-05-01,Spain,4,1946.7
2006-05-01,Argentina,1,2031.5
2006-05-01,England,2,1963.4
2006-05-01,Portugal,8,1983.4
2006-05-01,Brazil,5,1999.0
2006-05-01,Netherlands,6,1957.4
2006-05-01,Morocco,9,1915.8
2006-05-01,Belgium,9,1946.3
2006-05-01,Germany,8,1944.6
2006-05-01,Croatia,9,1944.5
2006-05-01,Austria,9,1919.9
2006-05-01,Colombia,9,1921.6
2006-05-01,Senegal,12,1922.8
2006-05-01,Mexico,11,1869.8
2006-05-01,United States,20,1886.5
2006-05-01,Uruguay,13,1841.1
2006-05-01,Japan,22,1860.2
2006-05-01,Switzerland,19,1824.6
2006-05-01,Norway,19,1859.3
2006-05-01,Iran,22,1803.2
2006-05-01,Turkey,21,1843.1
2006-05-01,Ecuador,27,1852.3
2006-05-01,Sweden,23,1776.7
2006-05-01,South Korea,23,1803.4
2006-05-01,Nigeria,27,1795.3
2006-05-01,Australia,27,1811.9
2006-05-01,Ivory Coast,29,1786.6
2006-05-01,Algeria,25,1806.7
2006-05-01,Egypt,26,1729.8
2006-05-01,Canada,31,1748.8
2006-05-01,Tunisia,29,1719.3
2006-05-01,Paraguay,29,1734.4
2006-05-01,Peru,33,1763.8
2006-05-01,Ghana,38,1748.4
2006-05-01,Saudi Arabia,40,1730.2
2006-05-01,Cabo Verde,35,1690.6
2006-05-01,Slovakia,33,1728.2
2006-05-01,Scotland,35,1687.5
2006-05-01,Jordan,35,1713.7
2006-05-01,Czechia,40,1681.6
2006-05-01,South Africa,44,1648.8
2006-05-01,Venezuela,44,1676.5
2006-05-01,Chile,40,1617.0
2006-05-01,Bolivia,48,1664.8
2006-05-01,Indonesia,49,1672.5
2006-05-01,New Zealand,43,1654.6
2006-05-01,Costa Rica,49,1648.1
2006-05-01,Curaçao,45,1645.6
2006-05-01,Honduras,45,1656.9
2006-05-01,DR Congo,46,1632.0
2006-05-01,Kenya,50,1643.5
2006-05-01,Panama,48,1590.0
2006-05-01,Bosnia and Herzegovina,50,1628.0
2006-05-01,Qatar,53,1561.6
2006-05-01,Haiti,54,1592.4
2006-05-01,Cuba,56,1552.7
2006-05-01,Iraq,52,1532.7
2006-05-01,Trinidad and Tobago,59,1564.7
2006-05-01,Uzbekistan,63,1483.3
2006-06-01,France,1,1998.9
2006-06-01,Spain,5,1973.1
2006-06-01,Argentina,6,1992.8
2006-06-01,England,1,1982.3
2006-06-01,Portugal,4,1932.4
2006-06-01,Brazil,2,1923.8
2006-06-01,Netherlands,8,1969.0
2006-06-01,Morocco,10,1872.7
2006-06-01,Belgium,9,1926.2
2006-06-01,Germany,14,2024.2
2006-06-01,Croatia,7,1895.3
2006-06-01,Austria,14,1939.3
2006-06-01,Colombia,17,1852.0
2006-06-01,Senegal,16,1909.7
2006-06-01,Mexico,19,1854.6
2006-06-01,United States,14,1889.2
2006-06-01,Uruguay,20,1835.6
2006-06-01,Japan,18,1896.3
2006-06-01,Switzerland,18,1855.7
2006-06-01,Norway,21,1885.7
2006-06-01,Iran,25,1811.6
2006-06-01,Turkey,21,1867.2
2006-06-01,Ecuador,27,1790.3
2006-06-01,Sweden,25,1809.2
2006-06-01,South Korea,23,1771.3
2006-06-01,Nigeria,28,1768.2
2006-06-01,Australia,25,1807.4
2006-06-01,Ivory Coast,26,1727.0
2006-06-01,Algeria,27,1806.6
2006-06-01,Egypt,33,1738.6
2006-06-01,Canada,26,1697.4
2006-06-01,Tunisia,27,1741.5
2006-06-01,Paraguay,34,1750.0
2006-06-01,Peru,31,1782.6
2006-06-01,Ghana,36,1735.9
2006-06-01,Saudi Arabia,36,1723.5
2006-06-01,Cabo Verde,33,1745.9
2006-06-01,Slovakia,33,1649.6
2006-06-01,Scotland,34,1664.5
2006-06-01,Jordan,38,1723.9
2006-06-01,Czechia,38,1656.3
2006-06-01,South Africa,38,1717.1
2006-06-01,Venezuela,38,1746.0
2006-06-01,Chile,45,1634.7
2006-06-01,Bolivia,47,1607.8
2006-06-01,Indonesia,46,1625.5
2006-06-01,New Zealand,49,1644.2
2006-06-01,Costa Rica,50,1604.8
2006-06-01,Curaçao,51,1609.3
2006-06-01,Honduras,44,1609.5
2006-06-01,DR Congo,50,1549.8
2006-06-01,Kenya,52,1626.9
2006-06-01,Panama,54,1584.0
2006-06-01,Bosnia and Herzegovina,52,1590.4
2006-06-01,Qatar,56,1613.5
2006-06-01,Haiti,49,1568.4
2006-06-01,Cuba,57,1618.3
2006-06-01,Iraq,54,1563.7
2006-06-01,Trinidad and Tobago,55,1520.2
2006-06-01,Uzbekistan,65,1465.9
2006-07-01,France,4,2046.0
2006-07-01,Spain,1,1953.6
2006-07-01,Argentina,3,2022.1
2006-07-01,England,8,1948.2
2006-07-01,Portugal,4,1965.9
2006-07-01,Brazil,5,1929.4
2006-07-01,Netherlands,7,1970.8
2006-07-01,Morocco,12,1936.4
2006-07-01,Belgium,5,1951.4
2006-07-01,Germany,13,1918.5
2006-07-01,Croatia,14,1929.4
2006-07-01,Austria,15,1872.9
2006-07-01,Colombia,12,1928.8
2006-07-01,Senegal,17,1884.6
2006-07-01,Mexico,18,1889.3
2006-07-01,United States,13,1891.6
2006-07-01,Uruguay,18,1812.1
2006-07-01,Japan,14,1886.1
2006-07-01,Switzerland,16,1811.3
2006-07-01,Norway,18,1855.5
2006-07-01,Iran,21,1837.7
2006-07-01,Turkey,26,1820.1
2006-07-01,Ecuador,25,1805.5
2006-07-01,Sweden,21,1814.4
2006-07-01,South Korea,21,1781.5
2006-07-01,Nigeria,24,1779.3
2006-07-01,Australia,24,1773.0
2006-07-01,Ivory Coast,29,1778.7
2006-07-01,Algeria,26,1785.0
2006-07-01,Egypt,31,1794.8
2006-07-01,Canada,31,1740.3
2006-07-01,Tunisia,29,1760.5
2006-07-01,Paraguay,29,1754.8
2006-07-01,Peru,33,1711.8
2006-07-01,Ghana,35,1759.0
2006-07-01,Saudi Arabia,36,1707.4
2006-07-01,Cabo Verde,35,1667.5
2006-07-01,Slovakia,34,1775.3
2006-07-01,Scotland,39,1688.6
2006-07-01,Jordan,43,1674.2
2006-07-01,Czechia,41,1706.1
2006-07-01,South Africa,43,1685.4
2006-07-01,Venezuela,40,1676.6
2006-07-01,Chile,39,1675.2
2006-07-01,Bolivia,42,1702.8
2006-07-01,Indonesia,41,1630.8
2006-07-01,New Zealand,46,1644.7
2006-07-01,Costa Rica,51,1616.4
2006-07-01,Curaçao,48,1641.7
2006-07-01,Honduras,47,1584.9
2006-07-01,DR Congo,49,1640.7
2006-07-01,Kenya,45,1614.4
2006-07-01,Panama,52,1626.9
2006-07-01,Bosnia and Herzegovina,50,1599.7
2006-07-01,Qatar,53,1642.5
2006-07-01,Haiti,49,1515.7
2006-07-01,Cuba,51,1535.9
2006-07-01,Iraq,55,1561.2
2006-07-01,Trinidad and Tobago,59,1535.9
2006-07-01,Uzbekistan,67,1463.9
2006-08-01,France,4,1993.8
2006-08-01,Spain,1,2000.5
2006-08-01,Argentina,5,1961.7
2006-08-01,England,6,1945.8
2006-08-01,Portugal,3,1915.9
2006-08-01,Brazil,4,1974.2
2006-08-01,Netherlands,6,1951.8
2006-08-01,Morocco,6,1976.1
2006-08-01,Belgium,7,1945.2
2006-08-01,Germany,12,1924.9
2006-08-01,Croatia,10,1914.1
2006-08-01,Austria,12,1917.6
2006-08-01,Colombia,14,1883.6
2006-08-01,Senegal,16,1866.7
2006-08-01,Mexico,17,1950.7
2006-08-01,United States,19,1904.6
2006-08-01,Uruguay,15,1845.4
2006-08-01,Japan,17,1800.9
2006-08-01,Switzerland,18,1767.7
2006-08-01,Norway,21,1841.1
2006-08-01,Iran,21,1840.8
2006-08-01,Turkey,22,1842.3
2006-08-01,Ecuador,25,1793.5
2006-08-01,Sweden,27,1847.0
2006-08-01,South Korea,25,1802.8
2006-08-01,Nigeria,24,1798.1
2006-08-01,Australia,30,1770.5
2006-08-01,Ivory Coast,27,1806.9
2006-08-01,Algeria,29,1822.6
2006-08-01,Egypt,32,1816.4
2006-08-01,Canada,26,1796.1
2006-08-01,Tunisia,27,1753.7
2006-08-01,Paraguay,32,1705.9
2006-08-01,Peru,32,1776.5
2006-08-01,Ghana,31,1688.6
2006-08-01,Saudi Arabia,32,1739.0
2006-08-01,Cabo Verde,35,1719.9
2006-08-01,Slovakia,41,1697.8
2006-08-01,Scotland,38,1695.4
2006-08-01,Jordan,43,1737.8
2006-08-01,Czechia,43,1665.3
2006-08-01,South Africa,40,1707.3
2006-08-01,Venezuela,42,1649.0
2006-08-01,Chile,42,1678.4
2006-08-01,Bolivia,46,1614.0
2006-08-01,Indonesia,46,1666.8
2006-08-01,New Zealand,50,1613.6
2006-08-01,Costa Rica,51,1625.6
2006-08-01,Curaçao,50,1618.1
2006-08-01,Honduras,51,1570.1
2006-08-01,DR Congo,46,1654.8
2006-08-01,Kenya,52,1617.8
2006-08-01,Panama,51,1601.6
2006-08-01,Bosnia and Herzegovina,55,1565.1
2006-08-01,Qatar,49,1537.0
2006-08-01,Haiti,54,1520.7
2006-08-01,Cuba,53,1598.3
2006-08-01,Iraq,56,1586.4
2006-08-01,Trinidad and Tobago,59,1604.3
2006-08-01,Uzbekistan,60,1499.9
2006-09-01,France,4,1895.5
2006-09-01,Spain,1,1976.3
2006-09-01,Argentina,1,1929.8
2006-09-01,England,4,2009.7
2006-09-01,Portugal,1,2000.4
2006-09-01,Brazil,5,1918.1
2006-09-01,Netherlands,5,1931.6
2006-09-01,Morocco,6,1868.1
2006-09-01,Belgium,5,1957.5
2006-09-01,Germany,14,1928.1
2006-09-01,Croatia,9,1888.6
2006-09-01,Austria,12,1867.9
2006-09-01,Colombia,15,1872.0
2006-09-01,Senegal,18,1880.0
2006-09-01,Mexico,13,1872.9
2006-09-01,United States,13,1922.7
2006-09-01,Uruguay,21,1884.6
2006-09-01,Japan,16,1832.4
2006-09-01,Switzerland,19,1898.0
2006-09-01,Norway,23,1824.4
2006-09-01,Iran,24,1815.8
2006-09-01,Turkey,22,1817.1
2006-09-01,Ecuador,21,1811.4
2006-09-01,Sweden,21,1753.5
2006-09-01,South Korea,23,1830.5
2006-09-01,Nigeria,28,1818.8
2006-09-01,Australia,24,1770.3
2006-09-01,Ivory Coast,31,1777.3
2006-09-01,Algeria,29,1813.0
2006-09-01,Egypt,31,1799.7
2006-09-01,Canada,26,1741.4
2006-09-01,Tunisia,27,1764.4
2006-09-01,Paraguay,36,1746.9
2006-09-01,Peru,33,1709.4
2006-09-01,Ghana,31,1738.7
2006-09-01,Saudi Arabia,36,1680.8
2006-09-01,Cabo Verde,39,1685.6
2006-09-01,Slovakia,38,1695.2
2006-09-01,Scotland,34,1659.9
2006-09-01,Jordan,35,1661.5
2006-09-01,Czechia,43,1625.8
2006-09-01,South Africa,43,1690.3
2006-09-01,Venezuela,43,1693.9
2006-09-01,Chile,47,1616.4
2006-09-01,Bolivia,42,1681.1
2006-09-01,Indonesia,42,1721.2
2006-09-01,New Zealand,44,1643.0
2006-09-01,Costa Rica,43,1614.5
2006-09-01,Curaçao,47,1601.5
2006-09-01,Honduras,46,1610.4
2006-09-01,DR Congo,52,1564.7
2006-09-01,Kenya,52,1589.5
2006-09-01,Panama,47,1602.3
2006-09-01,Bosnia and Herzegovina,47,1521.6
2006-09-01,Qatar,56,1524.3
2006-09-01,Haiti,54,1542.2
2006-09-01,Cuba,50,1576.1
2006-09-01,Iraq,59,1550.1
2006-09-01,Trinidad and Tobago,56,1491.9
2006-09-01,Uzbekistan,65,1517.9
2006-10-01,France,3,2001.6
2006-10-01,Spain,2,2016.4
2006-10-01,Argentina,7,1958.5
2006-10-01,England,4,1994.5
2006-10-01,Portugal,8,1978.5
2006-10-01,Brazil,6,1964.4
2006-10-01,Netherlands,10,1936.5
2006-10-01,Morocco,10,1937.9
2006-10-01,Belgium,10,1945.2
2006-10-01,Germany,8,1884.2
2006-10-01,Croatia,10,1927.6
2006-10-01,Austria,10,1823.7
2006-10-01,Colombia,10,1865.7
2006-10-01,Senegal,14,1906.8
2006-10-01,Mexico,16,1875.6
2006-10-01,United States,12,1850.2
2006-10-01,Uruguay,19,1955.9
2006-10-01,Japan,21,1881.4
2006-10-01,Switzerland,22,1839.9
2006-10-01,Norway,24,1795.1
2006-10-01,Iran,18,1815.4
2006-10-01,Turkey,23,1819.3
2006-10-01,Ecuador,26,1827.8
2006-10-01,Sweden,23,1816.6
2006-10-01,South Korea,22,1762.8
2006-10-01,Nigeria,29,1770.9
2006-10-01,Australia,28,1799.0
2006-10-01,Ivory Coast,30,1788.3
2006-10-01,Algeria,29,1798.4
2006-10-01,Egypt,32,1823.8
2006-10-01,Canada,27,1746.9
2006-10-01,Tunisia,33,1775.2
2006-10-01,Paraguay,30,1756.7
2006-10-01,Peru,33,1746.7
2006-10-01,Ghana,31,1798.5
2006-10-01,Saudi Arabia,33,1740.5
2006-10-01,Cabo Verde,34,1657.1
2006-10-01,Slovakia,39,1714.2
2006-10-01,Scotland,37,1626.3
2006-10-01,Jordan,39,1707.1
2006-10-01,Czechia,43,1706.0
2006-10-01,South Africa,39,1650.0
2006-10-01,Venezuela,45,1689.3
2006-10-01,Chile,43,1658.8
2006-10-01,Bolivia,46,1671.5
2006-10-01,Indonesia,46,1641.5
2006-10-01,New Zealand,47,1615.5
2006-10-01,Costa Rica,46,1639.8
2006-10-01,Curaçao,43,1593.0
2006-10-01,Honduras,50,1614.1
2006-10-01,DR Congo,49,1552.8
2006-10-01,Kenya,45,1592.7
2006-10-01,Panama,49,1632.6
2006-10-01,Bosnia and Herzegovina,50,1593.9
2006-10-01,Qatar,52,1586.0
2006-10-01,Haiti,51,1553.8
2006-10-01,Cuba,52,1563.0
2006-10-01,Iraq,57,1551.3
2006-10-01,Trinidad and Tobago,54,1571.1
2006-10-01,Uzbekistan,61,1503.8
2006-11-01,France,1,1951.4
2006-11-01,Spain,1,2031.5
2006-11-01,Argentina,6,1981.5
2006-11-01,England,6,1994.0
2006-11-01,Portugal,6,1971.0
2006-11-01,Brazil,4,1927.8
2006-11-01,Netherlands,8,1985.7
2006-11-01,Morocco,11,1899.9
2006-11-01,Belgium,12,1957.7
2006-11-01,Germany,14,1898.0
2006-11-01,Croatia,13,1894.6
2006-11-01,Austria,11,1917.1
2006-11-01,Colombia,9,1921.4
2006-11-01,Senegal,14,1896.9
2006-11-01,Mexico,13,1838.2
2006-11-01,United States,12,1902.9
2006-11-01,Uruguay,21,1796.4
2006-11-01,Japan,22,1839.3
2006-11-01,Switzerland,23,1807.6
2006-11-01,Norway,20,1841.2
2006-11-01,Iran,19,1814.4
2006-11-01,Turkey,26,1782.2
2006-11-01,Ecuador,23,1807.7
2006-11-01,Sweden,21,1789.0
2006-11-01,South Korea,25,1847.5
2006-11-01,Nigeria,23,1765.6
2006-11-01,Australia,24,1799.9
2006-11-01,Ivory Coast,31,1780.5
2006-11-01,Algeria,27,1757.8
2006-11-01,Egypt,28,1757.8
2006-11-01,Canada,31,1808.1
2006-11-01,Tunisia,30,1691.9
2006-11-01,Paraguay,31,1712.0
2006-11-01,Peru,34,1703.6
2006-11-01,Ghana,38,1749.6
2006-11-01,Saudi Arabia,36,1739.2
2006-11-01,Cabo Verde,37,1700.7
2006-11-01,Slovakia,34,1698.5
2006-11-01,Scotland,35,1693.2
2006-11-01,Jordan,37,1721.3
2006-11-01,Czechia,44,1704.7
2006-11-01,South Africa,42,1646.9
2006-11-01,Venezuela,44,1660.9
2006-11-01,Chile,39,1684.2
2006-11-01,Bolivia,42,1657.8
2006-11-01,Indonesia,45,1644.9
2006-11-01,New Zealand,49,1632.8
2006-11-01,Costa Rica,44,1608.1
2006-11-01,Curaçao,43,1639.1
2006-11-01,Honduras,51,1601.3
2006-11-01,DR Congo,49,1596.2
2006-11-01,Kenya,53,1602.8
2006-11-01,Panama,47,1616.1
2006-11-01,Bosnia and Herzegovina,55,1590.2
2006-11-01,Qatar,49,1665.1
2006-11-01,Haiti,49,1594.0
2006-11-01,Cuba,50,1584.0
2006-11-01,Iraq,55,1556.3
2006-11-01,Trinidad and Tobago,52,1555.4
2006-11-01,Uzbekistan,66,1554.3
2006-12-01,France,1,1991.5
2006-12-01,Spain,2,1988.8
2006-12-01,Argentina,1,1944.9
2006-12-01,England,4,1964.7
2006-12-01,Portugal,7,1988.3
2006-12-01,Brazil,8,1954.5
2006-12-01,Netherlands,11,1975.3
2006-12-01,Morocco,12,1942.4
2006-12-01,Belgium,9,1912.7
2006-12-01,Germany,13,1964.4
2006-12-01,Croatia,15,1893.1
2006-12-01,Austria,14,1961.2
2006-12-01,Colombia,13,1904.9
2006-12-01,Senegal,18,1902.7
2006-12-01,Mexico,14,1842.6
2006-12-01,United States,19,1951.8
2006-12-01,Uruguay,18,1909.0
2006-12-01,Japan,17,1825.4
2006-12-01,Switzerland,18,1850.3
2006-12-01,Norway,18,1847.4
2006-12-01,Iran,19,1869.1
2006-12-01,Turkey,26,1798.7
2006-12-01,Ecuador,24,1777.4
2006-12-01,Sweden,22,1809.6
2006-12-01,South Korea,27,1834.4
2006-12-01,Nigeria,26,1778.0
2006-12-01,Australia,23,1809.1
2006-12-01,Ivory Coast,26,1791.9
2006-12-01,Algeria,26,1785.8
2006-12-01,Egypt,25,1767.7
2006-12-01,Canada,34,1746.7
2006-12-01,Tunisia,32,1771.7
2006-12-01,Paraguay,34,1762.7
2006-12-01,Peru,34,1679.5
2006-12-01,Ghana,39,1685.0
2006-12-01,Saudi Arabia,32,1672.3
2006-12-01,Cabo Verde,36,1726.3
2006-12-01,Slovakia,36,1736.5
2006-12-01,Scotland,41,1666.1
2006-12-01,Jordan,42,1694.1
2006-12-01,Czechia,39,1653.5
2006-12-01,South Africa,44,1660.1
2006-12-01,Venezuela,43,1676.1
2006-12-01,Chile,42,1624.7
2006-12-01,Bolivia,42,1652.7
2006-12-01,Indonesia,43,1577.2
2006-12-01,New Zealand,49,1643.2
2006-12-01,Costa Rica,48,1601.8
2006-12-01,Curaçao,44,1557.0
2006-12-01,Honduras,45,1635.1
2006-12-01,DR Congo,49,1633.1
2006-12-01,Kenya,52,1645.1
2006-12-01,Panama,50,1584.1
2006-12-01,Bosnia and Herzegovina,47,1631.6
2006-12-01,Qatar,55,1571.0
2006-12-01,Haiti,50,1560.8
2006-12-01,Cuba,51,1532.9
2006-12-01,Iraq,56,1531.6
2006-12-01,Trinidad and Tobago,58,1609.4
2006-12-01,Uzbekistan,59,1479.2
2007-01-01,France,1,1993.3
2007-01-01,Spain,4,1964.0
2007-01-01,Argentina,1,1965.1
2007-01-01,England,6,2000.3
2007-01-01,Portugal,2,1978.7
2007-01-01,Brazil,3,1944.5
2007-01-01,Netherlands,5,1908.0
2007-01-01,Morocco,5,1899.2
2007-01-01,Belgium,8,1932.6
2007-01-01,Germany,12,1908.4
2007-01-01,Croatia,8,1874.6
2007-01-01,Austria,11,1936.1
2007-01-01,Colombia,12,1893.4
2007-01-01,Senegal,16,1881.6
2007-01-01,Mexico,16,1826.5
2007-01-01,United States,20,1824.9
2007-01-01,Uruguay,21,1870.5
2007-01-01,Japan,17,1845.4
2007-01-01,Switzerland,17,1862.5
2007-01-01,Norway,16,1796.0
2007-01-01,Iran,24,1852.5
2007-01-01,Turkey,22,1822.1
2007-01-01,Ecuador,25,1800.1
2007-01-01,Sweden,20,1806.4
2007-01-01,South Korea,22,1801.0
2007-01-01,Nigeria,29,1803.7
2007-01-01,Australia,26,1786.9
2007-01-01,Ivory Coast,28,1777.2
2007-01-01,Algeria,31,1807.7
2007-01-01,Egypt,25,1701.5
2007-01-01,Canada,27,1775.6
2007-01-01,Tunisia,32,1777.1
2007-01-01,Paraguay,32,1770.6
2007-01-01,Peru,32,1716.5
2007-01-01,Ghana,31,1730.8
2007-01-01,Saudi Arabia,34,1730.7
2007-01-01,Cabo Verde,35,1761.0
2007-01-01,Slovakia,38,1723.5
2007-01-01,Scotland,42,1698.0
2007-01-01,Jordan,39,1705.2
2007-01-01,Czechia,42,1719.8
2007-01-01,South Africa,45,1687.2
2007-01-01,Venezuela,42,1675.2
2007-01-01,Chile,41,1663.5
2007-01-01,Bolivia,44,1664.9
2007-01-01,Indonesia,48,1597.2
2007-01-01,New Zealand,43,1623.5
2007-01-01,Costa Rica,49,1639.0
2007-01-01,Curaçao,49,1650.5
2007-01-01,Honduras,48,1631.4
2007-01-01,DR Congo,46,1690.3
2007-01-01,Kenya,49,1645.9
2007-01-01,Panama,50,1592.1
2007-01-01,Bosnia and Herzegovina,55,1671.4
2007-01-01,Qatar,50,1573.5
2007-01-01,Haiti,52,1543.2
2007-01-01,Cuba,50,1516.7
2007-01-01,Iraq,56,1578.6
2007-01-01,Trinidad and Tobago,51,1565.2
2007-01-01,Uzbekistan,66,1495.4
2007-02-01,France,1,2024.1
2007-02-01,Spain,6,2017.1
2007-02-01,Argentina,7,1938.2
2007-02-01,England,7,1951.0
2007-02-01,Portugal,3,1983.7
2007-02-01,Brazil,9,1943.2
2007-02-01,Netherlands,6,1891.6
2007-02-01,Morocco,12,1955.7
2007-02-01,Belgium,6,1892.4
2007-02-01,Germany,6,1919.0
2007-02-01,Croatia,9,1875.5
2007-02-01,Austria,12,1948.4
2007-02-01,Colombia,17,1968.9
2007-02-01,Senegal,14,1855.5
2007-02-01,Mexico,18,1850.8
2007-02-01,United States,14,1870.5
2007-02-01,Uruguay,20,1845.8
2007-02-01,Japan,20,1851.6
2007-02-01,Switzerland,20,1865.3
2007-02-01,Norway,17,1847.4
2007-02-01,Iran,20,1841.9
2007-02-01,Turkey,22,1838.9
2007-02-01,Ecuador,23,1762.7
2007-02-01,Sweden,22,1780.9
2007-02-01,South Korea,22,1844.5
2007-02-01,Nigeria,25,1781.3
2007-02-01,Australia,24,1770.2
2007-02-01,Ivory Coast,27,1784.6
2007-02-01,Algeria,31,1763.2
2007-02-01,Egypt,32,1808.4
2007-02-01,Canada,28,1789.0
2007-02-01,Tunisia,28,1760.1
2007-02-01,Paraguay,29,1770.1
2007-02-01,Peru,35,1735.8
2007-02-01,Ghana,39,1699.0
2007-02-01,Saudi Arabia,33,1706.7
2007-02-01,Cabo Verde,36,1704.1
2007-02-01,Slovakia,40,1692.8
2007-02-01,Scotland,36,1685.5
2007-02-01,Jordan,41,1666.2
2007-02-01,Czechia,36,1694.8
2007-02-01,South Africa,43,1610.9
2007-02-01,Venezuela,46,1662.4
2007-02-01,Chile,47,1656.8
2007-02-01,Bolivia,46,1657.8
2007-02-01,Indonesia,42,1639.1
2007-02-01,New Zealand,43,1608.1
2007-02-01,Costa Rica,47,1634.4
2007-02-01,Curaçao,48,1633.3
2007-02-01,Honduras,44,1625.7
2007-02-01,DR Congo,44,1617.3
2007-02-01,Kenya,47,1574.4
2007-02-01,Panama,52,1562.8
2007-02-01,Bosnia and Herzegovina,55,1636.4
2007-02-01,Qatar,48,1592.9
2007-02-01,Haiti,55,1585.2
2007-02-01,Cuba,52,1551.2
2007-02-01,Iraq,55,1547.2
2007-02-01,Trinidad and Tobago,55,1553.0
2007-02-01,Uzbekistan,67,1497.0
2007-03-01,France,3,2032.8
2007-03-01,Spain,6,1957.8
2007-03-01,Argentina,1,1974.9
2007-03-01,England,7,1998.8
2007-03-01,Portugal,1,1937.1
2007-03-01,Brazil,3,1979.1
2007-03-01,Netherlands,5,1975.5
2007-03-01,Morocco,9,1935.5
2007-03-01,Belgium,11,1939.2
2007-03-01,Germany,9,1899.3
2007-03-01,Croatia,11,1910.8
2007-03-01,Austria,15,1923.6
2007-03-01,Colombia,11,1872.2
2007-03-01,Senegal,15,1845.2
2007-03-01,Mexico,12,1869.0
2007-03-01,United States,13,1841.4
2007-03-01,Uruguay,16,1839.8
2007-03-01,Japan,18,1907.8
2007-03-01,Switzerland,18,1809.7
2007-03-01,Norway,23,1824.3
2007-03-01,Iran,22,1842.5
2007-03-01,Turkey,26,1823.4
2007-03-01,Ecuador,23,1832.6
2007-03-01,Sweden,27,1807.5
2007-03-01,South Korea,22,1734.3
2007-03-01,Nigeria,29,1797.6
2007-03-01,Australia,23,1781.4
2007-03-01,Ivory Coast,24,1767.7
2007-03-01,Algeria,27,1712.4
2007-03-01,Egypt,28,1765.7
2007-03-01,Canada,27,1796.6
2007-03-01,Tunisia,33,1714.3
2007-03-01,Paraguay,33,1761.7
2007-03-01,Peru,36,1736.6
2007-03-01,Ghana,32,1728.3
2007-03-01,Saudi Arabia,33,1684.9
2007-03-01,Cabo Verde,37,1721.4
2007-03-01,Slovakia,36,1696.0
2007-03-01,Scotland,41,1646.0
2007-03-01,Jordan,38,1677.2
2007-03-01,Czechia,44,1672.8
2007-03-01,South Africa,37,1607.9
2007-03-01,Venezuela,39,1656.3
2007-03-01,Chile,44,1628.7
2007-03-01,Bolivia,47,1671.7
2007-03-01,Indonesia,41,1621.8
2007-03-01,New Zealand,42,1629.7
2007-03-01,Costa Rica,48,1601.3
2007-03-01,Curaçao,49,1606.2
2007-03-01,Honduras,50,1609.6
2007-03-01,DR Congo,44,1622.9
2007-03-01,Kenya,51,1655.8
2007-03-01,Panama,51,1659.0
2007-03-01,Bosnia and Herzegovina,55,1616.9
2007-03-01,Qatar,50,1506.9
2007-03-01,Haiti,49,1587.8
2007-03-01,Cuba,51,1536.7
2007-03-01,Iraq,52,1545.8
2007-03-01,Trinidad and Tobago,59,1523.5
2007-03-01,Uzbekistan,64,1485.0
2007-04-01,France,3,1947.8
2007-04-01,Spain,2,1993.6
2007-04-01,Argentina,3,1987.4
2007-04-01,England,7,1968.1
2007-04-01,Portugal,9,1918.3
2007-04-01,Brazil,6,1937.3
2007-04-01,Netherlands,10,2003.1
2007-04-01,Morocco,11,1923.6
2007-04-01,Belgium,5,1951.0
2007-04-01,Germany,11,1950.2
2007-04-01,Croatia,11,1858.7
2007-04-01,Austria,12,1905.0
2007-04-01,Colombia,11,1901.1
2007-04-01,Senegal,17,1865.5
2007-04-01,Mexico,13,1860.9
2007-04-01,United States,18,1813.2
2007-04-01,Uruguay,18,1832.7
2007-04-01,Japan,18,1858.7
2007-04-01,Switzerland,23,1823.9
2007-04-01,Norway,23,1855.4
2007-04-01,Iran,23,1847.1
2007-04-01,Turkey,20,1808.1
2007-04-01,Ecuador,23,1835.5
2007-04-01,Sweden,23,1801.2
2007-04-01,South Korea,23,1802.2
2007-04-01,Nigeria,24,1768.5
2007-04-01,Australia,23,1793.2
2007-04-01,Ivory Coast,30,1755.5
2007-04-01,Algeria,32,1821.4
2007-04-01,Egypt,25,1760.0
2007-04-01,Canada,32,1801.3
2007-04-01,Tunisia,32,1822.7
2007-04-01,Paraguay,32,1740.4
2007-04-01,Peru,32,1732.6
2007-04-01,Ghana,37,1769.8
2007-04-01,Saudi Arabia,33,1704.7
2007-04-01,Cabo Verde,35,1710.5
2007-04-01,Slovakia,39,1701.1
2007-04-01,Scotland,36,1657.1
2007-04-01,Jordan,40,1672.4
2007-04-01,Czechia,40,1692.4
2007-04-01,South Africa,40,1676.0
2007-04-01,Venezuela,45,1659.9
2007-04-01,Chile,40,1620.8
2007-04-01,Bolivia,44,1650.8
2007-04-01,Indonesia,47,1698.3
2007-04-01,New Zealand,44,1647.7
2007-04-01,Costa Rica,43,1634.6
2007-04-01,Curaçao,45,1623.0
2007-04-01,Honduras,46,1589.8
2007-04-01,DR Congo,46,1569.1
2007-04-01,Kenya,49,1586.9
2007-04-01,Panama,54,1653.9
2007-04-01,Bosnia and Herzegovina,50,1575.1
2007-04-01,Qatar,50,1594.5
2007-04-01,Haiti,57,1613.6
2007-04-01,Cuba,51,1583.8
2007-04-01,Iraq,52,1570.0
2007-04-01,Trinidad and Tobago,51,1522.9
2007-04-01,Uzbekistan,64,1502.3
2007-05-01,France,1,1984.2
2007-05-01,Spain,6,2021.7
2007-05-01,Argentina,1,1965.7
2007-05-01,England,8,2030.9
2007-05-01,Portugal,6,1940.9
2007-05-01,Brazil,3,1968.8
2007-05-01,Netherlands,6,1962.6
2007-05-01,Morocco,7,1964.7
2007-05-01,Belgium,10,1922.7
2007-05-01,Germany,14,1960.0
2007-05-01,Croatia,14,1917.9
2007-05-01,Austria,8,1971.0
2007-05-01,Colombia,9,1885.7
2007-05-01,Senegal,12,1849.0
2007-05-01,Mexico,19,1864.2
2007-05-01,United States,19,1857.0
2007-05-01,Uruguay,21,1844.7
2007-05-01,Japan,17,1842.7
2007-05-01,Switzerland,19,1813.6
2007-05-01,Norway,16,1872.9
2007-05-01,Iran,23,1878.1
2007-05-01,Turkey,25,1802.8
2007-05-01,Ecuador,24,1804.9
2007-05-01,Sweden,28,1792.7
2007-05-01,South Korea,22,1771.6
2007-05-01,Nigeria,26,1783.2
2007-05-01,Australia,26,1792.1
2007-05-01,Ivory Coast,30,1773.0
2007-05-01,Algeria,30,1779.3
2007-05-01,Egypt,30,1763.0
2007-05-01,Canada,31,1736.8
2007-05-01,Tunisia,33,1757.5
2007-05-01,Paraguay,32,1777.0
2007-05-01,Peru,31,1739.0
2007-05-01,Ghana,36,1725.3
2007-05-01,Saudi Arabia,33,1724.9
2007-05-01,Cabo Verde,36,1756.1
2007-05-01,Slovakia,34,1720.4
2007-05-01,Scotland,38,1714.7
2007-05-01,Jordan,42,1686.7
2007-05-01,Czechia,41,1662.3
2007-05-01,South Africa,45,1680.2
2007-05-01,Venezuela,41,1648.4
2007-05-01,Chile,46,1677.3
2007-05-01,Bolivia,40,1664.5
2007-05-01,Indonesia,43,1654.4
2007-05-01,New Zealand,44,1649.2
2007-05-01,Costa Rica,48,1584.1
2007-05-01,Curaçao,44,1615.7
2007-05-01,Honduras,51,1654.7
2007-05-01,DR Congo,44,1653.7
2007-05-01,Kenya,46,1645.1
2007-05-01,Panama,51,1525.2
2007-05-01,Bosnia and Herzegovina,53,1600.7
2007-05-01,Qatar,54,1596.3
2007-05-01,Haiti,49,1576.7
2007-05-01,Cuba,52,1546.8
2007-05-01,Iraq,52,1608.6
2007-05-01,Trinidad and Tobago,51,1550.1
2007-05-01,Uzbekistan,62,1426.7
2007-06-01,France,5,1952.9
2007-06-01,Spain,2,2027.5
2007-06-01,Argentina,7,1969.8
2007-06-01,England,5,1908.2
2007-06-01,Portugal,3,1964.5
2007-06-01,Brazil,5,1954.4
2007-06-01,Netherlands,9,1991.5
2007-06-01,Morocco,9,1908.3
2007-06-01,Belgium,7,1950.8
2007-06-01,Germany,14,1941.4
2007-06-01,Croatia,8,1904.9
2007-06-01,Austria,16,1898.0
2007-06-01,Colombia,13,1920.3
2007-06-01,Senegal,11,1892.7
2007-06-01,Mexico,15,1907.6
2007-06-01,United States,16,1910.2
2007-06-01,Uruguay,20,1863.4
2007-06-01,Japan,20,1886.6
2007-06-01,Switzerland,23,1835.4
2007-06-01,Norway,22,1841.4
2007-06-01,Iran,18,1826.8
2007-06-01,Turkey,19,1828.3
2007-06-01,Ecuador,25,1805.8
2007-06-01,Sweden,27,1841.6
2007-06-01,South Korea,23,1788.0
2007-06-01,Nigeria,25,1699.2
2007-06-01,Australia,28,1744.1
2007-06-01,Ivory Coast,27,1783.2
2007-06-01,Algeria,24,1727.7
2007-06-01,Egypt,31,1764.5
2007-06-01,Canada,26,1822.0
2007-06-01,Tunisia,27,1758.9
2007-06-01,Paraguay,35,1754.5
2007-06-01,Peru,35,1749.5
2007-06-01,Ghana,36,1712.7
2007-06-01,Saudi Arabia,33,1732.8
2007-06-01,Cabo Verde,35,1766.3
2007-06-01,Slovakia,40,1736.6
2007-06-01,Scotland,38,1659.6
2007-06-01,Jordan,35,1725.8
2007-06-01,Czechia,41,1686.3
2007-06-01,South Africa,41,1665.6
2007-06-01,Venezuela,46,1655.5
2007-06-01,Chile,46,1622.3
2007-06-01,Bolivia,46,1637.1
2007-06-01,Indonesia,41,1672.9
2007-06-01,New Zealand,44,1598.2
2007-06-01,Costa Rica,45,1647.5
2007-06-01,Curaçao,43,1600.7
2007-06-01,Honduras,48,1589.7
2007-06-01,DR Congo,48,1598.9
2007-06-01,Kenya,51,1632.8
2007-06-01,Panama,51,1569.7
2007-06-01,Bosnia and Herzegovina,48,1594.4
2007-06-01,Qatar,49,1555.0
2007-06-01,Haiti,52,1562.4
2007-06-01,Cuba,57,1606.4
2007-06-01,Iraq,58,1581.3
2007-06-01,Trinidad and Tobago,53,1603.0
2007-06-01,Uzbekistan,59,1482.2
2007-07-01,France,3,2028.3
2007-07-01,Spain,3,1998.7
2007-07-01,Argentina,5,1985.1
2007-07-01,England,2,1977.7
2007-07-01,Portugal,8,1949.9
2007-07-01,Brazil,9,1973.5
2007-07-01,Netherlands,3,1921.8
2007-07-01,Morocco,4,1878.2
2007-07-01,Belgium,5,1992.7
2007-07-01,Germany,13,1892.4
2007-07-01,Croatia,9,1945.7
2007-07-01,Austria,14,1874.6
2007-07-01,Colombia,15,1924.0
2007-07-01,Senegal,17,1890.8
2007-07-01,Mexico,14,1862.6
2007-07-01,United States,20,1900.5
2007-07-01,Uruguay,15,1863.4
2007-07-01,Japan,22,1854.9
2007-07-01,Switzerland,19,1822.3
2007-07-01,Norway,19,1792.6
2007-07-01,Iran,18,1790.2
2007-07-01,Turkey,26,1782.6
2007-07-01,Ecuador,25,1802.8
2007-07-01,Sweden,26,1810.7
2007-07-01,South Korea,22,1818.3
2007-07-01,Nigeria,26,1761.1
2007-07-01,Australia,25,1782.3
2007-07-01,Ivory Coast,24,1799.0
2007-07-01,Algeria,32,1771.2
2007-07-01,Egypt,25,1749.0
2007-07-01,Canada,28,1793.8
2007-07-01,Tunisia,31,1699.3
2007-07-01,Paraguay,33,1734.7
2007-07-01,Peru,32,1670.3
2007-07-01,Ghana,31,1719.7
2007-07-01,Saudi Arabia,34,1738.4
2007-07-01,Cabo Verde,33,1664.2
2007-07-01,Slovakia,36,1708.2
2007-07-01,Scotland,34,1706.8
2007-07-01,Jordan,43,1703.3
2007-07-01,Czechia,42,1667.4
2007-07-01,South Africa,38,1649.1
2007-07-01,Venezuela,41,1701.1
2007-07-01,Chile,45,1671.4
2007-07-01,Bolivia,48,1620.2
2007-07-01,Indonesia,47,1603.7
2007-07-01,New Zealand,46,1635.9
2007-07-01,Costa Rica,44,1589.4
2007-07-01,Curaçao,43,1650.6
2007-07-01,Honduras,50,1604.7
2007-07-01,DR Congo,45,1612.3
2007-07-01,Kenya,45,1620.1
2007-07-01,Panama,52,1537.7
2007-07-01,Bosnia and Herzegovina,55,1589.2
2007-07-01,Qatar,49,1636.3
2007-07-01,Haiti,53,1536.9
2007-07-01,Cuba,52,1559.9
2007-07-01,Iraq,51,1630.9
2007-07-01,Trinidad and Tobago,55,1609.3
2007-07-01,Uzbekistan,65,1415.8
2007-08-01,France,5,1970.4
2007-08-01,Spain,1,2006.6
2007-08-01,Argentina,1,1994.3
2007-08-01,England,4,1967.4
2007-08-01,Portugal,5,1960.7
2007-08-01,Brazil,7,1933.8
2007-08-01,Netherlands,3,1980.5
2007-08-01,Morocco,7,1951.2
2007-08-01,Belgium,11,1944.5
2007-08-01,Germany,10,1927.0
2007-08-01,Croatia,14,1915.3
2007-08-01,Austria,14,1836.5
2007-08-01,Colombia,10,1917.1
2007-08-01,Senegal,17,1854.9
2007-08-01,Mexico,14,1885.5
2007-08-01,United States,18,1867.4
2007-08-01,Uruguay,16,1832.2
2007-08-01,Japan,14,1868.4
2007-08-01,Switzerland,16,1884.0
2007-08-01,Norway,23,1825.0
2007-08-01,Iran,23,1808.1
2007-08-01,Turkey,18,1881.3
2007-08-01,Ecuador,27,1823.5
2007-08-01,Sweden,24,1833.1
2007-08-01,South Korea,24,1868.8
2007-08-01,Nigeria,30,1819.9
2007-08-01,Australia,27,1795.6
2007-08-01,Ivory Coast,29,1795.6
2007-08-01,Algeria,32,1744.1
2007-08-01,Egypt,32,1760.1
2007-08-01,Canada,26,1743.0
2007-08-01,Tunisia,34,1723.4
2007-08-01,Paraguay,31,1722.7
2007-08-01,Peru,31,1677.7
2007-08-01,Ghana,33,1730.3
2007-08-01,Saudi Arabia,34,1744.3
2007-08-01,Cabo Verde,35,1714.6
2007-08-01,Slovakia,39,1701.1
2007-08-01,Scotland,40,1660.6
2007-08-01,Jordan,35,1647.8
2007-08-01,Czechia,37,1675.9
2007-08-01,South Africa,40,1690.5
2007-08-01,Venezuela,46,1701.9
2007-08-01,Chile,41,1616.0
2007-08-01,Bolivia,42,1633.6
2007-08-01,Indonesia,49,1615.2
2007-08-01,New Zealand,45,1631.8
2007-08-01,Costa Rica,50,1637.9
2007-08-01,Curaçao,48,1610.9
2007-08-01,Honduras,51,1579.9
2007-08-01,DR Congo,48,1592.3
2007-08-01,Kenya,49,1611.1
2007-08-01,Panama,50,1598.6
2007-08-01,Bosnia and Herzegovina,55,1557.2
2007-08-01,Qatar,52,1642.8
2007-08-01,Haiti,55,1582.0
2007-08-01,Cuba,51,1650.4
2007-08-01,Iraq,57,1590.6
2007-08-01,Trinidad and Tobago,58,1551.2
2007-08-01,Uzbekistan,59,1518.5
2007-09-01,France,1,1961.8
2007-09-01,Spain,1,2015.0
2007-09-01,Argentina,1,1973.4
2007-09-01,England,3,1949.5
2007-09-01,Portugal,7,1946.5
2007-09-01,Brazil,8,1951.7
2007-09-01,Netherlands,10,1909.9
2007-09-01,Morocco,5,1989.6
2007-09-01,Belgium,11,1962.0
2007-09-01,Germany,7,1928.4
2007-09-01,Croatia,12,1923.0
2007-09-01,Austria,16,1916.8
2007-09-01,Colombia,11,1915.1
2007-09-01,Senegal,13,1944.1
2007-09-01,Mexico,18,1887.5
2007-09-01,United States,13,1840.4
2007-09-01,Uruguay,14,1856.1
2007-09-01,Japan,16,1859.0
2007-09-01,Switzerland,19,1826.6
2007-09-01,Norway,23,1762.6
2007-09-01,Iran,25,1820.4
2007-09-01,Turkey,22,1827.5
2007-09-01,Ecuador,25,1834.4
2007-09-01,Sweden,26,1857.7
2007-09-01,South Korea,23,1820.0
2007-09-01,Nigeria,29,1760.6
2007-09-01,Australia,26,1778.6
2007-09-01,Ivory Coast,29,1797.5
2007-09-01,Algeria,30,1733.8
2007-09-01,Egypt,25,1766.7
2007-09-01,Canada,28,1787.8
2007-09-01,Tunisia,34,1769.8
2007-09-01,Paraguay,35,1763.1
2007-09-01,Peru,30,1676.3
2007-09-01,Ghana,37,1736.4
2007-09-01,Saudi Arabia,34,1654.9
2007-09-01,Cabo Verde,36,1697.9
2007-09-01,Slovakia,39,1642.1
2007-09-01,Scotland,35,1708.6
2007-09-01,Jordan,35,1619.6
2007-09-01,Czechia,41,1713.2
2007-09-01,South Africa,45,1631.5
2007-09-01,Venezuela,43,1692.9
2007-09-01,Chile,45,1640.9
2007-09-01,Bolivia,45,1646.3
2007-09-01,Indonesia,49,1597.5
2007-09-01,New Zealand,49,1691.6
2007-09-01,Costa Rica,47,1569.2
2007-09-01,Curaçao,49,1595.9
2007-09-01,Honduras,51,1553.3
2007-09-01,DR Congo,49,1586.2
2007-09-01,Kenya,49,1623.4
2007-09-01,Panama,51,1616.5
2007-09-01,Bosnia and Herzegovina,47,1520.3
2007-09-01,Qatar,54,1609.6
2007-09-01,Haiti,54,1557.9
2007-09-01,Cuba,52,1627.5
2007-09-01,Iraq,55,1521.9
2007-09-01,Trinidad and Tobago,52,1524.1
2007-09-01,Uzbekistan,65,1485.3
2007-10-01,France,5,2022.8
2007-10-01,Spain,1,2010.0
2007-10-01,Argentina,5,2047.7
2007-10-01,England,4,1975.3
2007-10-01,Portugal,4,2003.1
2007-10-01,Brazil,3,1964.6
2007-10-01,Netherlands,5,1890.9
2007-10-01,Morocco,10,1822.8
2007-10-01,Belgium,11,1933.6
2007-10-01,Germany,6,1929.3
2007-10-01,Croatia,10,1893.7
2007-10-01,Austria,13,1917.9
2007-10-01,Colombia,12,1899.4
2007-10-01,Senegal,15,1911.3
2007-10-01,Mexico,18,1968.0
2007-10-01,United States,14,1829.1
2007-10-01,Uruguay,14,1862.6
2007-10-01,Japan,14,1898.6
2007-10-01,Switzerland,19,1817.6
2007-10-01,Norway,24,1866.6
2007-10-01,Iran,24,1857.2
2007-10-01,Turkey,25,1783.6
2007-10-01,Ecuador,22,1787.4
2007-10-01,Sweden,20,1763.4
2007-10-01,South Korea,23,1845.6
2007-10-01,Nigeria,24,1857.7
2007-10-01,Australia,24,1822.4
2007-10-01,Ivory Coast,26,1789.4
2007-10-01,Algeria,32,1732.5
2007-10-01,Egypt,26,1801.4
2007-10-01,Canada,32,1754.1
2007-10-01,Tunisia,28,1728.0
2007-10-01,Paraguay,30,1785.6
2007-10-01,Peru,32,1674.7
2007-10-01,Ghana,32,1706.7
2007-10-01,Saudi Arabia,36,1743.4
2007-10-01,Cabo Verde,38,1766.7
2007-10-01,Slovakia,41,1709.0
2007-10-01,Scotland,42,1676.5
2007-10-01,Jordan,41,1600.2
2007-10-01,Czechia,44,1689.0
2007-10-01,South Africa,40,1669.5
2007-10-01,Venezuela,39,1712.1
2007-10-01,Chile,39,1609.1
2007-10-01,Bolivia,41,1633.1
2007-10-01,Indonesia,45,1657.0
2007-10-01,New Zealand,47,1652.0
2007-10-01,Costa Rica,43,1648.7
2007-10-01,Curaçao,46,1662.5
2007-10-01,Honduras,47,1575.7
2007-10-01,DR Congo,46,1615.4
2007-10-01,Kenya,48,1633.0
2007-10-01,Panama,50,1577.6
2007-10-01,Bosnia and Herzegovina,48,1600.2
2007-10-01,Qatar,48,1574.7
2007-10-01,Haiti,56,1590.6
2007-10-01,Cuba,57,1575.3
2007-10-01,Iraq,53,1541.0
2007-10-01,Trinidad and Tobago,55,1546.1
2007-10-01,Uzbekistan,66,1498.8
2007-11-01,France,1,1971.3
2007-11-01,Spain,1,1966.4
2007-11-01,Argentina,1,1955.3
2007-11-01,England,5,1930.9
2007-11-01,Portugal,2,1934.1
2007-11-01,Brazil,10,1935.0
2007-11-01,Netherlands,5,1940.8
2007-11-01,Morocco,5,1944.6
2007-11-01,Belgium,12,1942.9
2007-11-01,Germany,6,1908.2
2007-11-01,Croatia,8,1952.9
2007-11-01,Austria,9,1890.5
2007-11-01,Colombia,9,1933.0
2007-11-01,Senegal,14,1864.8
2007-11-01,Mexico,11,1878.8
2007-11-01,United States,17,1885.1
2007-11-01,Uruguay,20,1859.2
2007-11-01,Japan,16,1858.4
2007-11-01,Switzerland,18,1863.3
2007-11-01,Norway,20,1844.3
2007-11-01,Iran,19,1874.8
2007-11-01,Turkey,20,1844.7
2007-11-01,Ecuador,22,1790.3
2007-11-01,Sweden,28,1792.6
2007-11-01,South Korea,25,1736.5
2007-11-01,Nigeria,29,1868.3
2007-11-01,Australia,27,1759.2
2007-11-01,Ivory Coast,25,1814.7
2007-11-01,Algeria,31,1832.2
2007-11-01,Egypt,27,1765.3
2007-11-01,Canada,32,1760.7
2007-11-01,Tunisia,28,1799.8
2007-11-01,Paraguay,29,1732.9
2007-11-01,Peru,36,1733.1
2007-11-01,Ghana,34,1771.5
2007-11-01,Saudi Arabia,32,1733.4
2007-11-01,Cabo Verde,39,1706.2
2007-11-01,Slovakia,34,1672.3
2007-11-01,Scotland,39,1718.6
2007-11-01,Jordan,39,1670.6
2007-11-01,Czechia,39,1707.8
2007-11-01,South Africa,37,1700.6
2007-11-01,Venezuela,45,1641.6
2007-11-01,Chile,40,1697.9
2007-11-01,Bolivia,47,1670.3
2007-11-01,Indonesia,46,1611.6
2007-11-01,New Zealand,49,1713.5
2007-11-01,Costa Rica,47,1579.4
2007-11-01,Curaçao,50,1586.6
2007-11-01,Honduras,46,1631.0
2007-11-01,DR Congo,47,1666.3
2007-11-01,Kenya,49,1602.0
2007-11-01,Panama,50,1633.4
2007-11-01,Bosnia and Herzegovina,55,1585.9
2007-11-01,Qatar,48,1589.9
2007-11-01,Haiti,50,1565.1
2007-11-01,Cuba,51,1591.3
2007-11-01,Iraq,55,1564.7
2007-11-01,Trinidad and Tobago,59,1619.3
2007-11-01,Uzbekistan,66,1493.0
2007-12-01,France,5,2022.5
2007-12-01,Spain,1,2003.6
2007-12-01,Argentina,5,1961.0
2007-12-01,England,7,1931.7
2007-12-01,Portugal,1,1950.6
2007-12-01,Brazil,3,1954.6
2007-12-01,Netherlands,11,1986.5
2007-12-01,Morocco,11,1903.4
2007-12-01,Belgium,13,1962.3
2007-12-01,Germany,13,1915.2
2007-12-01,Croatia,9,1895.9
2007-12-01,Austria,10,1906.3
2007-12-01,Colombia,17,1877.1
2007-12-01,Senegal,16,1855.6
2007-12-01,Mexico,16,1868.0
2007-12-01,United States,20,1888.8
2007-12-01,Uruguay,21,1802.2
2007-12-01,Japan,14,1845.1
2007-12-01,Switzerland,17,1847.6
2007-12-01,Norway,20,1833.2
2007-12-01,Iran,20,1861.2
2007-12-01,Turkey,18,1779.7
2007-12-01,Ecuador,22,1869.5
2007-12-01,Sweden,24,1783.0
2007-12-01,South Korea,27,1792.2
2007-12-01,Nigeria,30,1749.1
2007-12-01,Australia,27,1724.7
2007-12-01,Ivory Coast,27,1774.5
2007-12-01,Algeria,27,1774.4
2007-12-01,Egypt,25,1721.4
2007-12-01,Canada,26,1785.7
2007-12-01,Tunisia,34,1750.7
2007-12-01,Paraguay,35,1735.5
2007-12-01,Peru,33,1735.5
2007-12-01,Ghana,34,1706.3
2007-12-01,Saudi Arabia,36,1717.7
2007-12-01,Cabo Verde,40,1729.3
2007-12-01,Slovakia,33,1672.5
2007-12-01,Scotland,42,1673.9
2007-12-01,Jordan,36,1709.4
2007-12-01,Czechia,41,1688.9
2007-12-01,South Africa,38,1726.8
2007-12-01,Venezuela,40,1684.9
2007-12-01,Chile,42,1680.5
2007-12-01,Bolivia,48,1639.4
2007-12-01,Indonesia,44,1634.3
2007-12-01,New Zealand,48,1590.0
2007-12-01,Costa Rica,48,1629.6
2007-12-01,Curaçao,51,1615.6
2007-12-01,Honduras,45,1571.2
2007-12-01,DR Congo,45,1563.7
2007-12-01,Kenya,53,1659.2
2007-12-01,Panama,52,1612.6
2007-12-01,Bosnia and Herzegovina,49,1622.8
2007-12-01,Qatar,48,1578.8
2007-12-01,Haiti,54,1575.0
2007-12-01,Cuba,55,1572.4
2007-12-01,Iraq,56,1570.0
2007-12-01,Trinidad and Tobago,54,1535.4
2007-12-01,Uzbekistan,66,1512.8
2008-01-01,France,1,1976.0
2008-01-01,Spain,3,1972.7
2008-01-01,Argentina,7,1954.2
2008-01-01,England,4,1939.2
2008-01-01,Portugal,4,1981.5
2008-01-01,Brazil,9,1942.5
2008-01-01,Netherlands,3,1950.0
2008-01-01,Morocco,8,1936.1
2008-01-01,Belgium,5,1917.4
2008-01-01,Germany,8,1935.4
2008-01-01,Croatia,15,1940.8
2008-01-01,Austria,14,1922.6
2008-01-01,Colombia,13,1848.3
2008-01-01,Senegal,16,1936.2
2008-01-01,Mexico,15,1899.9
2008-01-01,United States,20,1919.2
2008-01-01,Uruguay,19,1807.7
2008-01-01,Japan,20,1796.9
2008-01-01,Switzerland,21,1812.1
2008-01-01,Norway,21,1873.8
2008-01-01,Iran,17,1840.7
2008-01-01,Turkey,22,1817.6
2008-01-01,Ecuador,24,1811.4
2008-01-01,Sweden,23,1763.7
2008-01-01,South Korea,24,1821.3
2008-01-01,Nigeria,30,1807.9
2008-01-01,Australia,29,1775.9
2008-01-01,Ivory Coast,26,1822.9
2008-01-01,Algeria,31,1749.4
2008-01-01,Egypt,27,1769.5
2008-01-01,Canada,27,1721.8
2008-01-01,Tunisia,35,1762.5
2008-01-01,Paraguay,29,1694.5
2008-01-01,Peru,35,1732.2
2008-01-01,Ghana,34,1722.3
2008-01-01,Saudi Arabia,37,1692.6
2008-01-01,Cabo Verde,33,1689.3
2008-01-01,Slovakia,41,1744.7
2008-01-01,Scotland,41,1695.5
2008-01-01,Jordan,40,1672.5
2008-01-01,Czechia,37,1674.0
2008-01-01,South Africa,45,1650.3
2008-01-01,Venezuela,41,1705.7
2008-01-01,Chile,40,1639.7
2008-01-01,Bolivia,44,1619.2
2008-01-01,Indonesia,46,1664.5
2008-01-01,New Zealand,49,1629.8
2008-01-01,Costa Rica,49,1583.5
2008-01-01,Curaçao,45,1599.1
2008-01-01,Honduras,47,1646.7
2008-01-01,DR Congo,52,1624.6
2008-01-01,Kenya,49,1656.0
2008-01-01,Panama,51,1578.6
2008-01-01,Bosnia and Herzegovina,52,1577.6
2008-01-01,Qatar,49,1573.2
2008-01-01,Haiti,53,1617.1
2008-01-01,Cuba,51,1527.9
2008-01-01,Iraq,59,1543.9
2008-01-01,Trinidad and Tobago,51,1574.3
2008-01-01,Uzbekistan,59,1515.9
2008-02-01,France,4,1920.9
2008-02-01,Spain,2,1986.6
2008-02-01,Argentina,2,1985.9
2008-02-01,England,3,1981.6
2008-02-01,Portugal,9,1934.6
2008-02-01,Brazil,7,1952.2
2008-02-01,Netherlands,3,1930.8
2008-02-01,Morocco,5,1931.7
2008-02-01,Belgium,12,1899.7
2008-02-01,Germany,11,1916.1
2008-02-01,Croatia,10,1921.2
2008-02-01,Austria,11,1926.8
2008-02-01,Colombia,10,1879.7
2008-02-01,Senegal,10,1894.2
2008-02-01,Mexico,15,1868.1
2008-02-01,United States,20,1900.4
2008-02-01,Uruguay,13,1881.6
2008-02-01,Japan,17,1902.7
2008-02-01,Switzerland,16,1892.4
2008-02-01,Norway,18,1829.4
2008-02-01,Iran,17,1838.0
2008-02-01,Turkey,25,1809.9
2008-02-01,Ecuador,21,1795.3
2008-02-01,Sweden,21,1783.6
2008-02-01,South Korea,26,1850.1
2008-02-01,Nigeria,29,1800.9
2008-02-01,Australia,31,1759.3
2008-02-01,Ivory Coast,27,1755.2
2008-02-01,Algeria,24,1788.8
2008-02-01,Egypt,31,1801.5
2008-02-01,Canada,26,1740.2
2008-02-01,Tunisia,27,1820.4
2008-02-01,Paraguay,33,1766.6
2008-02-01,Peru,36,1699.0
2008-02-01,Ghana,34,1754.6
2008-02-01,Saudi Arabia,40,1734.1
2008-02-01,Cabo Verde,33,1703.6
2008-02-01,Slovakia,35,1673.3
2008-02-01,Scotland,41,1707.7
2008-02-01,Jordan,39,1673.4
2008-02-01,Czechia,40,1683.6
2008-02-01,South Africa,40,1668.7
2008-02-01,Venezuela,38,1613.9
2008-02-01,Chile,46,1620.3
2008-02-01,Bolivia,48,1640.4
2008-02-01,Indonesia,49,1626.2
2008-02-01,New Zealand,43,1647.0
2008-02-01,Costa Rica,45,1564.5
2008-02-01,Curaçao,50,1557.7
2008-02-01,Honduras,52,1614.4
2008-02-01,DR Congo,45,1606.0
2008-02-01,Kenya,47,1604.7
2008-02-01,Panama,48,1553.1
2008-02-01,Bosnia and Herzegovina,49,1583.2
2008-02-01,Qatar,52,1577.7
2008-02-01,Haiti,57,1571.7
2008-02-01,Cuba,51,1523.4
2008-02-01,Iraq,54,1571.9
2008-02-01,Trinidad and Tobago,53,1542.3
2008-02-01,Uzbekistan,63,1502.3
2008-03-01,France,4,2045.1
2008-03-01,Spain,4,1925.7
2008-03-01,Argentina,1,1974.5
2008-03-01,England,3,1907.6
2008-03-01,Portugal,3,1937.5
2008-03-01,Brazil,9,1939.0
2008-03-01,Netherlands,6,1872.8
2008-03-01,Morocco,9,1956.9
2008-03-01,Belgium,9,1931.1
2008-03-01,Germany,8,1909.4
2008-03-01,Croatia,7,1933.2
2008-03-01,Austria,16,1939.9
2008-03-01,Colombia,14,1908.4
2008-03-01,Senegal,10,1852.6
2008-03-01,Mexico,18,1854.1
2008-03-01,United States,18,1856.4
2008-03-01,Uruguay,14,1904.8
2008-03-01,Japan,21,1855.2
2008-03-01,Switzerland,18,1863.6
2008-03-01,Norway,24,1825.8
2008-03-01,Iran,22,1803.9
2008-03-01,Turkey,24,1793.4
2008-03-01,Ecuador,27,1833.5
2008-03-01,Sweden,28,1845.2
2008-03-01,South Korea,22,1797.0
2008-03-01,Nigeria,22,1806.0
2008-03-01,Australia,29,1745.4
2008-03-01,Ivory Coast,28,1789.0
2008-03-01,Algeria,31,1767.8
2008-03-01,Egypt,29,1810.4
2008-03-01,Canada,30,1768.9
2008-03-01,Tunisia,33,1748.8
2008-03-01,Paraguay,36,1692.2
2008-03-01,Peru,35,1750.0
2008-03-01,Ghana,35,1759.5
2008-03-01,Saudi Arabia,37,1705.8
2008-03-01,Cabo Verde,37,1746.4
2008-03-01,Slovakia,40,1699.0
2008-03-01,Scotland,38,1691.3
2008-03-01,Jordan,39,1700.8
2008-03-01,Czechia,38,1663.2
2008-03-01,South Africa,40,1668.1
2008-03-01,Venezuela,46,1645.7
2008-03-01,Chile,42,1671.2
2008-03-01,Bolivia,46,1666.3
2008-03-01,Indonesia,46,1580.6
2008-03-01,New Zealand,43,1606.3
2008-03-01,Costa Rica,44,1649.7
2008-03-01,Curaçao,48,1650.7
2008-03-01,Honduras,49,1572.5
2008-03-01,DR Congo,51,1615.5
2008-03-01,Kenya,48,1613.7
2008-03-01,Panama,49,1622.8
2008-03-01,Bosnia and Herzegovina,55,1599.3
2008-03-01,Qatar,52,1585.4
2008-03-01,Haiti,50,1542.1
2008-03-01,Cuba,57,1541.3
2008-03-01,Iraq,56,1589.0
2008-03-01,Trinidad and Tobago,55,1556.9
2008-03-01,Uzbekistan,62,1523.0
2008-04-01,France,3,1977.9
2008-04-01,Spain,2,1983.5
2008-04-01,Argentina,2,2000.4
2008-04-01,England,4,1981.0
2008-04-01,Portugal,5,1988.7
2008-04-01,Brazil,3,1923.6
2008-04-01,Netherlands,10,1989.6
2008-04-01,Morocco,6,1914.8
2008-04-01,Belgium,12,1922.0
2008-04-01,Germany,9,1873.7
2008-04-01,Croatia,9,1904.2
2008-04-01,Austria,16,1887.3
2008-04-01,Colombia,14,1906.2
2008-04-01,Senegal,12,1867.2
2008-04-01,Mexico,16,1875.1
2008-04-01,United States,19,1861.6
2008-04-01,Uruguay,20,1874.6
2008-04-01,Japan,18,1884.7
2008-04-01,Switzerland,20,1941.8
2008-04-01,Norway,20,1851.5
2008-04-01,Iran,24,1836.8
2008-04-01,Turkey,20,1811.1
2008-04-01,Ecuador,23,1803.9
2008-04-01,Sweden,23,1874.1
2008-04-01,South Korea,25,1840.8
2008-04-01,Nigeria,29,1823.4
2008-04-01,Australia,29,1815.3
2008-04-01,Ivory Coast,32,1790.1
2008-04-01,Algeria,28,1792.2
2008-04-01,Egypt,25,1770.6
2008-04-01,Canada,28,1764.5
2008-04-01,Tunisia,34,1751.0
2008-04-01,Paraguay,28,1823.5
2008-04-01,Peru,32,1786.3
2008-04-01,Ghana,35,1750.6
2008-04-01,Saudi Arabia,36,1699.7
2008-04-01,Cabo Verde,34,1735.5
2008-04-01,Slovakia,34,1694.2
2008-04-01,Scotland,42,1676.2
2008-04-01,Jordan,39,1690.3
2008-04-01,Czechia,41,1712.8
2008-04-01,South Africa,45,1655.7
2008-04-01,Venezuela,46,1675.2
2008-04-01,Chile,44,1658.0
2008-04-01,Bolivia,47,1652.5
2008-04-01,Indonesia,45,1649.4
2008-04-01,New Zealand,45,1634.2
2008-04-01,Costa Rica,46,1668.0
2008-04-01,Curaçao,51,1579.9
2008-04-01,Honduras,52,1667.9
2008-04-01,DR Congo,48,1575.0
2008-04-01,Kenya,49,1580.3
2008-04-01,Panama,46,1613.6
2008-04-01,Bosnia and Herzegovina,55,1498.7
2008-04-01,Qatar,55,1586.7
2008-04-01,Haiti,54,1617.0
2008-04-01,Cuba,56,1538.2
2008-04-01,Iraq,59,1577.5
2008-04-01,Trinidad and Tobago,57,1566.8
2008-04-01,Uzbekistan,62,1532.6
2008-05-01,France,1,2003.5
2008-05-01,Spain,1,2042.5
2008-05-01,Argentina,5,1962.0
2008-05-01,England,1,1990.9
2008-05-01,Portugal,5,1905.5
2008-05-01,Brazil,5,1983.6
2008-05-01,Netherlands,3,1969.0
2008-05-01,Morocco,5,1932.5
2008-05-01,Belgium,9,1930.5
2008-05-01,Germany,8,1894.2
2008-05-01,Croatia,13,1915.6
2008-05-01,Austria,14,1894.3
2008-05-01,Colombia,9,1893.7
2008-05-01,Senegal,11,1862.5
2008-05-01,Mexico,11,1863.0
2008-05-01,United States,18,1922.7
2008-05-01,Uruguay,16,1848.1
2008-05-01,Japan,14,1832.7
2008-05-01,Switzerland,16,1836.5
2008-05-01,Norway,23,1834.8
2008-05-01,Iran,21,1842.0
2008-05-01,Turkey,18,1842.0
2008-05-01,Ecuador,23,1798.6
2008-05-01,Sweden,21,1819.1
2008-05-01,South Korea,25,1811.5
2008-05-01,Nigeria,24,1772.7
2008-05-01,Australia,26,1824.7
2008-05-01,Ivory Coast,24,1780.3
2008-05-01,Algeria,24,1744.4
2008-05-01,Egypt,26,1754.0
2008-05-01,Canada,29,1760.7
2008-05-01,Tunisia,33,1725.6
2008-05-01,Paraguay,34,1775.5
2008-05-01,Peru,34,1727.5
2008-05-01,Ghana,39,1723.9
2008-05-01,Saudi Arabia,38,1697.5
2008-05-01,Cabo Verde,34,1707.5
2008-05-01,Slovakia,39,1658.0
2008-05-01,Scotland,39,1738.6
2008-05-01,Jordan,42,1664.5
2008-05-01,Czechia,42,1664.8
2008-05-01,South Africa,42,1661.3
2008-05-01,Venezuela,43,1643.9
2008-05-01,Chile,44,1674.7
2008-05-01,Bolivia,46,1656.0
2008-05-01,Indonesia,42,1665.0
2008-05-01,New Zealand,48,1584.4
2008-05-01,Costa Rica,48,1586.4
2008-05-01,Curaçao,47,1586.3
2008-05-01,Honduras,45,1661.2
2008-05-01,DR Congo,48,1595.0
2008-05-01,Kenya,47,1584.8
2008-05-01,Panama,48,1632.7
2008-05-01,Bosnia and Herzegovina,49,1578.6
2008-05-01,Qatar,55,1599.0
2008-05-01,Haiti,54,1589.8
2008-05-01,Cuba,58,1599.8
2008-05-01,Iraq,59,1578.9
2008-05-01,Trinidad and Tobago,54,1550.7
2008-05-01,Uzbekistan,67,1451.1
2008-06-01,France,1,1995.6
2008-06-01,Spain,1,1969.8
2008-06-01,Argentina,5,1963.0
2008-06-01,England,5,1943.0
2008-06-01,Portugal,6,1943.7
2008-06-01,Brazil,10,1949.3
2008-06-01,Netherlands,9,1913.6
2008-06-01,Morocco,10,1941.5
2008-06-01,Belgium,10,1946.2
2008-06-01,Germany,13,1985.0
2008-06-01,Croatia,11,1949.7
2008-06-01,Austria,12,1920.5
2008-06-01,Colombia,10,1835.3
2008-06-01,Senegal,15,1897.9
2008-06-01,Mexico,18,1872.0
2008-06-01,United States,20,1891.8
2008-06-01,Uruguay,18,1906.8
2008-06-01,Japan,22,1856.4
2008-06-01,Switzerland,19,1827.9
2008-06-01,Norway,21,1842.9
2008-06-01,Iran,19,1867.4
2008-06-01,Turkey,25,1799.5
2008-06-01,Ecuador,26,1831.1
2008-06-01,Sweden,22,1802.7
2008-06-01,South Korea,25,1836.7
2008-06-01,Nigeria,22,1789.6
2008-06-01,Australia,31,1817.3
2008-06-01,Ivory Coast,26,1799.3
2008-06-01,Algeria,27,1820.0
2008-06-01,Egypt,25,1747.3
2008-06-01,Canada,34,1771.2
2008-06-01,Tunisia,27,1810.2
2008-06-01,Paraguay,35,1718.7
2008-06-01,Peru,35,1720.5
2008-06-01,Ghana,38,1725.0
2008-06-01,Saudi Arabia,40,1734.3
2008-06-01,Cabo Verde,39,1700.2
2008-06-01,Slovakia,36,1745.6
2008-06-01,Scotland,36,1722.5
2008-06-01,Jordan,37,1673.0
2008-06-01,Czechia,43,1697.0
2008-06-01,South Africa,43,1661.7
2008-06-01,Venezuela,45,1596.6
2008-06-01,Chile,44,1708.6
2008-06-01,Bolivia,46,1647.9
2008-06-01,Indonesia,49,1659.8
2008-06-01,New Zealand,50,1638.9
2008-06-01,Costa Rica,50,1592.2
2008-06-01,Curaçao,44,1681.7
2008-06-01,Honduras,48,1615.6
2008-06-01,DR Congo,49,1649.6
2008-06-01,Kenya,52,1588.4
2008-06-01,Panama,47,1590.1
2008-06-01,Bosnia and Herzegovina,51,1577.6
2008-06-01,Qatar,56,1608.9
2008-06-01,Haiti,57,1621.7
2008-06-01,Cuba,52,1630.6
2008-06-01,Iraq,57,1586.1
2008-06-01,Trinidad and Tobago,51,1554.4
2008-06-01,Uzbekistan,61,1500.5
2008-07-01,France,1,2001.7
2008-07-01,Spain,2,2021.4
2008-07-01,Argentina,7,1969.5
2008-07-01,England,3,1982.4
2008-07-01,Portugal,2,1974.5
2008-07-01,Brazil,5,1887.2
2008-07-01,Netherlands,3,1929.5
2008-07-01,Morocco,11,1929.4
2008-07-01,Belgium,13,1928.5
2008-07-01,Germany,6,1894.5
2008-07-01,Croatia,11,1923.1
2008-07-01,Austria,12,1823.8
2008-07-01,Colombia,12,1917.1
2008-07-01,Senegal,12,1867.6
2008-07-01,Mexico,17,1839.3
2008-07-01,United States,12,1837.4
2008-07-01,Uruguay,21,1815.2
2008-07-01,Japan,20,1825.5
2008-07-01,Switzerland,19,1811.9
2008-07-01,Norway,21,1829.0
2008-07-01,Iran,19,1839.3
2008-07-01,Turkey,25,1796.7
2008-07-01,Ecuador,26,1823.3
2008-07-01,Sweden,24,1758.2
2008-07-01,South Korea,24,1796.4
2008-07-01,Nigeria,24,1759.6
2008-07-01,Australia,23,1791.0
2008-07-01,Ivory Coast,30,1790.9
2008-07-01,Algeria,27,1762.1
2008-07-01,Egypt,29,1799.0
2008-07-01,Canada,29,1781.7
2008-07-01,Tunisia,30,1742.4
2008-07-01,Paraguay,36,1794.1
2008-07-01,Peru,37,1770.8
2008-07-01,Ghana,38,1720.1
2008-07-01,Saudi Arabia,35,1627.4
2008-07-01,Cabo Verde,33,1715.5
2008-07-01,Slovakia,38,1731.0
2008-07-01,Scotland,40,1714.3
2008-07-01,Jordan,37,1725.2
2008-07-01,Czechia,40,1697.3
2008-07-01,South Africa,44,1672.2
2008-07-01,Venezuela,46,1672.8
2008-07-01,Chile,45,1693.3
2008-07-01,Bolivia,42,1652.2
2008-07-01,Indonesia,41,1643.2
2008-07-01,New Zealand,47,1594.7
2008-07-01,Costa Rica,44,1636.1
2008-07-01,Curaçao,50,1611.9
2008-07-01,Honduras,52,1574.8
2008-07-01,DR Congo,44,1595.3
2008-07-01,Kenya,51,1565.0
2008-07-01,Panama,49,1560.9
2008-07-01,Bosnia and Herzegovina,51,1550.4
2008-07-01,Qatar,50,1584.5
2008-07-01,Haiti,52,1536.9
2008-07-01,Cuba,54,1642.8
2008-07-01,Iraq,56,1556.2
2008-07-01,Trinidad and Tobago,54,1525.3
2008-07-01,Uzbekistan,67,1496.5
2008-08-01,France,3,1945.0
2008-08-01,Spain,4,1990.5
2008-08-01,Argentina,7,1982.8
2008-08-01,England,2,2021.5
2008-08-01,Portugal,6,1913.4
2008-08-01,Brazil,10,1927.3
2008-08-01,Netherlands,8,1941.3
2008-08-01,Morocco,5,1948.9
2008-08-01,Belgium,9,1929.2
2008-08-01,Germany,11,1954.4
2008-08-01,Croatia,12,1894.7
2008-08-01,Austria,11,1936.0
2008-08-01,Colombia,11,1898.1
2008-08-01,Senegal,14,1879.4
2008-08-01,Mexico,16,1925.2
2008-08-01,United States,18,1845.4
2008-08-01,Uruguay,19,1907.7
2008-08-01,Japan,22,1888.3
2008-08-01,Switzerland,23,1850.8
2008-08-01,Norway,16,1862.4
2008-08-01,Iran,24,1876.7
2008-08-01,Turkey,25,1788.9
2008-08-01,Ecuador,23,1829.8
2008-08-01,Sweden,28,1817.0
2008-08-01,South Korea,29,1766.1
2008-08-01,Nigeria,26,1824.8
2008-08-01,Australia,29,1774.7
2008-08-01,Ivory Coast,30,1784.1
2008-08-01,Algeria,32,1719.7
2008-08-01,Egypt,26,1770.1
2008-08-01,Canada,29,1790.6
2008-08-01,Tunisia,33,1757.4
2008-08-01,Paraguay,36,1757.4
2008-08-01,Peru,32,1745.4
2008-08-01,Ghana,33,1727.7
2008-08-01,Saudi Arabia,37,1736.7
2008-08-01,Cabo Verde,34,1694.3
2008-08-01,Slovakia,40,1696.1
2008-08-01,Scotland,34,1672.3
2008-08-01,Jordan,37,1691.6
2008-08-01,Czechia,39,1723.5
2008-08-01,South Africa,38,1649.6
2008-08-01,Venezuela,41,1727.2
2008-08-01,Chile,42,1629.4
2008-08-01,Bolivia,45,1611.6
2008-08-01,Indonesia,43,1647.6
2008-08-01,New Zealand,48,1650.7
2008-08-01,Costa Rica,43,1618.6
2008-08-01,Curaçao,48,1638.0
2008-08-01,Honduras,46,1676.4
2008-08-01,DR Congo,44,1581.6
2008-08-01,Kenya,47,1604.9
2008-08-01,Panama,49,1623.8
2008-08-01,Bosnia and Herzegovina,51,1575.4
2008-08-01,Qatar,49,1582.5
2008-08-01,Haiti,49,1530.1
2008-08-01,Cuba,54,1567.2
2008-08-01,Iraq,54,1552.9
2008-08-01,Trinidad and Tobago,55,1568.6
2008-08-01,Uzbekistan,63,1471.2
2008-09-01,France,3,1963.7
2008-09-01,Spain,1,2046.2
2008-09-01,Argentina,6,2010.8
2008-09-01,England,1,2003.6
2008-09-01,Portugal,7,1975.5
2008-09-01,Brazil,9,1971.2
2008-09-01,Netherlands,4,1921.1
2008-09-01,Morocco,5,1955.4
2008-09-01,Belgium,11,1862.2
2008-09-01,Germany,12,1901.2
2008-09-01,Croatia,11,1900.7
2008-09-01,Austria,12,1859.5
2008-09-01,Colombia,11,1904.1
2008-09-01,Senegal,17,1884.0
2008-09-01,Mexico,18,1859.5
2008-09-01,United States,20,1881.5
2008-09-01,Uruguay,21,1919.5
2008-09-01,Japan,20,1890.0
2008-09-01,Switzerland,22,1893.8
2008-09-01,Norway,17,1849.8
2008-09-01,Iran,23,1820.6
2008-09-01,Turkey,25,1844.2
2008-09-01,Ecuador,23,1793.4
2008-09-01,Sweden,20,1794.4
2008-09-01,South Korea,29,1798.7
2008-09-01,Nigeria,27,1799.3
2008-09-01,Australia,23,1798.7
2008-09-01,Ivory Coast,30,1771.3
2008-09-01,Algeria,27,1781.5
2008-09-01,Egypt,31,1707.6
2008-09-01,Canada,31,1745.5
2008-09-01,Tunisia,30,1695.4
2008-09-01,Paraguay,32,1708.9
2008-09-01,Peru,29,1754.3
2008-09-01,Ghana,36,1729.3
2008-09-01,Saudi Arabia,36,1732.1
2008-09-01,Cabo Verde,32,1731.0
2008-09-01,Slovakia,40,1689.0
2008-09-01,Scotland,34,1691.2
2008-09-01,Jordan,36,1696.1
2008-09-01,Czechia,40,1669.2
2008-09-01,South Africa,37,1639.5
2008-09-01,Venezuela,39,1661.2
2008-09-01,Chile,39,1637.9
2008-09-01,Bolivia,41,1679.4
2008-09-01,Indonesia,43,1635.6
2008-09-01,New Zealand,45,1596.1
2008-09-01,Costa Rica,47,1628.1
2008-09-01,Curaçao,51,1573.6
2008-09-01,Honduras,44,1618.4
2008-09-01,DR Congo,45,1595.0
2008-09-01,Kenya,49,1584.3
2008-09-01,Panama,54,1681.0
2008-09-01,Bosnia and Herzegovina,54,1584.3
2008-09-01,Qatar,54,1553.8
2008-09-01,Haiti,53,1586.1
2008-09-01,Cuba,54,1632.6
2008-09-01,Iraq,59,1578.6
2008-09-01,Trinidad and Tobago,55,1548.1
2008-09-01,Uzbekistan,59,1503.1
2008-10-01,France,1,1986.0
2008-10-01,Spain,2,1993.0
2008-10-01,Argentina,7,1917.3
2008-10-01,England,6,2006.0
2008-10-01,Portugal,9,1973.2
2008-10-01,Brazil,2,1922.6
2008-10-01,Netherlands,10,1932.8
2008-10-01,Morocco,5,1954.2
2008-10-01,Belgium,5,1933.9
2008-10-01,Germany,13,1880.7
2008-10-01,Croatia,14,1913.7
2008-10-01,Austria,15,1828.1
2008-10-01,Colombia,16,1908.5
2008-10-01,Senegal,15,1935.5
2008-10-01,Mexico,17,1906.5
2008-10-01,United States,13,1896.4
2008-10-01,Uruguay,15,1916.9
2008-10-01,Japan,21,1874.9
2008-10-01,Switzerland,22,1890.0
2008-10-01,Norway,16,1870.1
2008-10-01,Iran,17,1786.7
2008-10-01,Turkey,21,1835.6
2008-10-01,Ecuador,24,1816.0
2008-10-01,Sweden,20,1830.4
2008-10-01,South Korea,24,1828.7
2008-10-01,Nigeria,29,1788.7
2008-10-01,Australia,23,1739.7
2008-10-01,Ivory Coast,29,1782.4
2008-10-01,Algeria,28,1816.0
2008-10-01,Egypt,32,1775.4
2008-10-01,Canada,32,1774.7
2008-10-01,Tunisia,31,1749.0
2008-10-01,Paraguay,29,1737.5
2008-10-01,Peru,35,1721.9
2008-10-01,Ghana,39,1701.5
2008-10-01,Saudi Arabia,35,1703.0
2008-10-01,Cabo Verde,40,1743.7
2008-10-01,Slovakia,39,1718.8
2008-10-01,Scotland,42,1743.9
2008-10-01,Jordan,40,1763.2
2008-10-01,Czechia,42,1704.4
2008-10-01,South Africa,45,1695.6
2008-10-01,Venezuela,43,1647.1
2008-10-01,Chile,45,1680.9
2008-10-01,Bolivia,46,1695.8
2008-10-01,Indonesia,44,1685.4
2008-10-01,New Zealand,49,1562.7
2008-10-01,Costa Rica,48,1626.5
2008-10-01,Curaçao,45,1693.4
2008-10-01,Honduras,46,1620.3
2008-10-01,DR Congo,45,1619.1
2008-10-01,Kenya,46,1625.7
2008-10-01,Panama,53,1596.0
2008-10-01,Bosnia and Herzegovina,55,1591.4
2008-10-01,Qatar,49,1616.7
2008-10-01,Haiti,50,1526.5
2008-10-01,Cuba,53,1556.1
2008-10-01,Iraq,56,1594.9
2008-10-01,Trinidad and Tobago,55,1578.1
2008-10-01,Uzbekistan,66,1476.0
2008-11-01,France,1,1974.9
2008-11-01,Spain,1,2028.0
2008-11-01,Argentina,5,1945.8
2008-11-01,England,4,1949.4
2008-11-01,Portugal,4,1956.4
2008-11-01,Brazil,2,1959.3
2008-11-01,Netherlands,7,2000.8
2008-11-01,Morocco,4,1921.4
2008-11-01,Belgium,5,1896.8
2008-11-01,Germany,6,1889.9
2008-11-01,Croatia,13,1898.5
2008-11-01,Austria,14,1860.7
2008-11-01,Colombia,15,1905.1
2008-11-01,Senegal,17,1910.3
2008-11-01,Mexico,11,1807.9
2008-11-01,United States,17,1837.3
2008-11-01,Uruguay,13,1794.8
2008-11-01,Japan,14,1821.8
2008-11-01,Switzerland,22,1919.5
2008-11-01,Norway,24,1826.1
2008-11-01,Iran,23,1870.0
2008-11-01,Turkey,22,1793.9
2008-11-01,Ecuador,24,1788.4
2008-11-01,Sweden,24,1829.6
2008-11-01,South Korea,23,1780.0
2008-11-01,Nigeria,30,1789.1
2008-11-01,Australia,30,1780.6
2008-11-01,Ivory Coast,24,1762.2
2008-11-01,Algeria,24,1779.3
2008-11-01,Egypt,30,1778.1
2008-11-01,Canada,30,1757.6
2008-11-01,Tunisia,31,1754.9
2008-11-01,Paraguay,35,1733.8
2008-11-01,Peru,36,1758.1
2008-11-01,Ghana,38,1736.6
2008-11-01,Saudi Arabia,40,1723.6
2008-11-01,Cabo Verde,35,1676.3
2008-11-01,Slovakia,35,1705.8
2008-11-01,Scotland,38,1719.9
2008-11-01,Jordan,37,1675.3
2008-11-01,Czechia,37,1620.6
2008-11-01,South Africa,40,1676.2
2008-11-01,Venezuela,40,1663.8
2008-11-01,Chile,44,1643.7
2008-11-01,Bolivia,48,1643.9
2008-11-01,Indonesia,47,1594.4
2008-11-01,New Zealand,48,1607.7
2008-11-01,Costa Rica,46,1645.0
2008-11-01,Curaçao,46,1663.6
2008-11-01,Honduras,46,1632.4
2008-11-01,DR Congo,51,1612.1
2008-11-01,Kenya,51,1642.6
2008-11-01,Panama,49,1629.9
2008-11-01,Bosnia and Herzegovina,50,1617.2
2008-11-01,Qatar,48,1623.6
2008-11-01,Haiti,57,1598.0
2008-11-01,Cuba,52,1610.7
2008-11-01,Iraq,57,1555.8
2008-11-01,Trinidad and Tobago,58,1552.6
2008-11-01,Uzbekistan,59,1519.6
2008-12-01,France,4,1987.7
2008-12-01,Spain,1,1930.5
2008-12-01,Argentina,2,1970.0
2008-12-01,England,3,1935.0
2008-12-01,Portugal,2,1995.0
2008-12-01,Brazil,4,1936.6
2008-12-01,Netherlands,4,1942.0
2008-12-01,Morocco,5,1978.4
2008-12-01,Belgium,10,1921.6
2008-12-01,Germany,8,1959.8
2008-12-01,Croatia,8,1880.5
2008-12-01,Austria,15,1895.9
2008-12-01,Colombia,10,1909.1
2008-12-01,Senegal,18,1824.0
2008-12-01,Mexico,17,1873.1
2008-12-01,United States,16,1884.0
2008-12-01,Uruguay,18,1816.2
2008-12-01,Japan,17,1836.8
2008-12-01,Switzerland,16,1835.4
2008-12-01,Norway,20,1801.6
2008-12-01,Iran,25,1813.6
2008-12-01,Turkey,23,1886.2
2008-12-01,Ecuador,21,1818.1
2008-12-01,Sweden,21,1805.4
2008-12-01,South Korea,29,1801.2
2008-12-01,Nigeria,24,1792.3
2008-12-01,Australia,31,1818.4
2008-12-01,Ivory Coast,28,1760.8
2008-12-01,Algeria,32,1775.8
2008-12-01,Egypt,27,1818.7
2008-12-01,Canada,30,1730.5
2008-12-01,Tunisia,30,1743.8
2008-12-01,Paraguay,35,1765.7
2008-12-01,Peru,34,1724.8
2008-12-01,Ghana,34,1724.0
2008-12-01,Saudi Arabia,32,1726.7
2008-12-01,Cabo Verde,36,1756.5
2008-12-01,Slovakia,41,1754.9
2008-12-01,Scotland,34,1673.0
2008-12-01,Jordan,35,1697.2
2008-12-01,Czechia,43,1674.0
2008-12-01,South Africa,45,1687.2
2008-12-01,Venezuela,39,1670.4
2008-12-01,Chile,46,1618.1
2008-12-01,Bolivia,41,1631.8
2008-12-01,Indonesia,41,1626.0
2008-12-01,New Zealand,49,1640.7
2008-12-01,Costa Rica,46,1594.7
2008-12-01,Curaçao,43,1619.1
2008-12-01,Honduras,48,1595.3
2008-12-01,DR Congo,51,1643.1
2008-12-01,Kenya,53,1669.1
2008-12-01,Panama,50,1636.4
2008-12-01,Bosnia and Herzegovina,55,1578.1
2008-12-01,Qatar,55,1547.9
2008-12-01,Haiti,57,1591.5
2008-12-01,Cuba,55,1568.3
2008-12-01,Iraq,52,1537.9
2008-12-01,Trinidad and Tobago,52,1537.0
2008-12-01,Uzbekistan,59,1551.6
2009-01-01,France,1,2018.4
2009-01-01,Spain,4,1974.9
2009-01-01,Argentina,7,1984.5
2009-01-01,England,1,1996.5
2009-01-01,Portugal,4,2028.0
2009-01-01,Brazil,5,2005.7
2009-01-01,Netherlands,10,1958.2
2009-01-01,Morocco,6,1946.2
2009-01-01,Belgium,7,1949.8
2009-01-01,Germany,7,1899.6
2009-01-01,Croatia,9,1901.8
2009-01-01,Austria,14,1921.5
2009-01-01,Colombia,16,1876.1
2009-01-01,Senegal,15,1854.1
2009-01-01,Mexico,18,1873.6
2009-01-01,United States,19,1904.6
2009-01-01,Uruguay,16,1894.9
2009-01-01,Japan,22,1813.6
2009-01-01,Switzerland,16,1877.2
2009-01-01,Norway,17,1858.5
2009-01-01,Iran,21,1786.6
2009-01-01,Turkey,18,1847.3
2009-01-01,Ecuador,25,1830.7
2009-01-01,Sweden,24,1797.7
2009-01-01,South Korea,23,1786.2
2009-01-01,Nigeria,29,1848.7
2009-01-01,Australia,23,1750.8
2009-01-01,Ivory Coast,26,1790.3
2009-01-01,Algeria,28,1749.0
2009-01-01,Egypt,27,1810.6
2009-01-01,Canada,30,1746.2
2009-01-01,Tunisia,29,1813.1
2009-01-01,Paraguay,31,1722.1
2009-01-01,Peru,30,1753.6
2009-01-01,Ghana,37,1718.0
2009-01-01,Saudi Arabia,38,1707.5
2009-01-01,Cabo Verde,39,1732.0
2009-01-01,Slovakia,39,1768.6
2009-01-01,Scotland,34,1736.6
2009-01-01,Jordan,38,1682.0
2009-01-01,Czechia,36,1689.5
2009-01-01,South Africa,40,1692.2
2009-01-01,Venezuela,44,1639.4
2009-01-01,Chile,39,1646.7
2009-01-01,Bolivia,46,1658.4
2009-01-01,Indonesia,45,1672.6
2009-01-01,New Zealand,48,1637.8
2009-01-01,Costa Rica,51,1620.3
2009-01-01,Curaçao,48,1651.4
2009-01-01,Honduras,47,1594.2
2009-01-01,DR Congo,47,1578.4
2009-01-01,Kenya,45,1610.7
2009-01-01,Panama,46,1573.2
2009-01-01,Bosnia and Herzegovina,51,1599.9
2009-01-01,Qatar,49,1569.7
2009-01-01,Haiti,55,1590.0
2009-01-01,Cuba,56,1580.1
2009-01-01,Iraq,55,1593.0
2009-01-01,Trinidad and Tobago,51,1589.5
2009-01-01,Uzbekistan,63,1465.1
2009-02-01,France,4,2005.7
2009-02-01,Spain,3,1967.8
2009-02-01,Argentina,4,1948.6
2009-02-01,England,6,1919.5
2009-02-01,Portugal,6,1919.5
2009-02-01,Brazil,4,1909.6
2009-02-01,Netherlands,6,1964.7
2009-02-01,Morocco,8,1916.6
2009-02-01,Belgium,10,1891.9
2009-02-01,Germany,8,1955.4
2009-02-01,Croatia,10,1919.0
2009-02-01,Austria,14,1890.0
2009-02-01,Colombia,12,1900.9
2009-02-01,Senegal,16,1872.0
2009-02-01,Mexico,13,1857.0
2009-02-01,United States,15,1833.4
2009-02-01,Uruguay,16,1866.8
2009-02-01,Japan,22,1908.8
2009-02-01,Switzerland,16,1867.7
2009-02-01,Norway,24,1872.4
2009-02-01,Iran,21,1811.2
2009-02-01,Turkey,23,1834.4
2009-02-01,Ecuador,27,1839.6
2009-02-01,Sweden,23,1778.0
2009-02-01,South Korea,24,1795.4
2009-02-01,Nigeria,29,1788.7
2009-02-01,Australia,30,1817.2
2009-02-01,Ivory Coast,27,1849.8
2009-02-01,Algeria,25,1748.0
2009-02-01,Egypt,31,1777.8
2009-02-01,Canada,26,1744.3
2009-02-01,Tunisia,30,1714.8
2009-02-01,Paraguay,30,1781.8
2009-02-01,Peru,34,1742.1
2009-02-01,Ghana,33,1715.7
2009-02-01,Saudi Arabia,39,1674.9
2009-02-01,Cabo Verde,33,1710.9
2009-02-01,Slovakia,39,1769.5
2009-02-01,Scotland,37,1711.9
2009-02-01,Jordan,42,1653.7
2009-02-01,Czechia,37,1713.2
2009-02-01,South Africa,37,1648.8
2009-02-01,Venezuela,42,1611.6
2009-02-01,Chile,43,1671.7
2009-02-01,Bolivia,46,1664.3
2009-02-01,Indonesia,49,1670.9
2009-02-01,New Zealand,42,1645.1
2009-02-01,Costa Rica,43,1591.1
2009-02-01,Curaçao,47,1615.5
2009-02-01,Honduras,46,1650.0
2009-02-01,DR Congo,45,1623.5
2009-02-01,Kenya,48,1531.6
2009-02-01,Panama,50,1610.3
2009-02-01,Bosnia and Herzegovina,47,1576.8
2009-02-01,Qatar,49,1610.6
2009-02-01,Haiti,52,1579.5
2009-02-01,Cuba,52,1552.6
2009-02-01,Iraq,54,1569.6
2009-02-01,Trinidad and Tobago,52,1539.2
2009-02-01,Uzbekistan,62,1524.5
2009-03-01,France,3,1988.4
2009-03-01,Spain,1,1935.9
2009-03-01,Argentina,5,1998.0
2009-03-01,England,8,1954.5
2009-03-01,Portugal,3,1935.7
2009-03-01,Brazil,5,1991.6
2009-03-01,Netherlands,6,1943.1
2009-03-01,Morocco,12,1886.6
2009-03-01,Belgium,5,1908.9
2009-03-01,Germany,7,1909.4
2009-03-01,Croatia,15,1889.0
2009-03-01,Austria,11,1893.6
2009-03-01,Colombia,14,1869.1
2009-03-01,Senegal,11,1942.8
2009-03-01,Mexico,15,1822.5
2009-03-01,United States,14,1888.8
2009-03-01,Uruguay,18,1891.4
2009-03-01,Japan,16,1845.0
2009-03-01,Switzerland,19,1850.0
2009-03-01,Norway,17,1842.3
2009-03-01,Iran,22,1809.7
2009-03-01,Turkey,25,1838.2
2009-03-01,Ecuador,25,1856.3
2009-03-01,Sweden,20,1832.5
2009-03-01,South Korea,27,1770.9
2009-03-01,Nigeria,24,1792.1
2009-03-01,Australia,31,1764.5
2009-03-01,Ivory Coast,27,1826.1
2009-03-01,Algeria,32,1782.9
2009-03-01,Egypt,27,1814.0
2009-03-01,Canada,29,1744.7
2009-03-01,Tunisia,35,1703.1
2009-03-01,Paraguay,36,1756.7
2009-03-01,Peru,35,1700.8
2009-03-01,Ghana,34,1714.5
2009-03-01,Saudi Arabia,38,1734.0
2009-03-01,Cabo Verde,39,1707.6
2009-03-01,Slovakia,36,1686.6
2009-03-01,Scotland,38,1754.1
2009-03-01,Jordan,39,1696.8
2009-03-01,Czechia,43,1621.5
2009-03-01,South Africa,41,1676.7
2009-03-01,Venezuela,41,1621.2
2009-03-01,Chile,47,1689.8
2009-03-01,Bolivia,48,1664.1
2009-03-01,Indonesia,45,1668.7
2009-03-01,New Zealand,45,1627.6
2009-03-01,Costa Rica,44,1598.2
2009-03-01,Curaçao,47,1662.1
2009-03-01,Honduras,51,1622.0
2009-03-01,DR Congo,45,1607.8
2009-03-01,Kenya,46,1625.5
2009-03-01,Panama,46,1541.1
2009-03-01,Bosnia and Herzegovina,52,1613.1
2009-03-01,Qatar,49,1611.3
2009-03-01,Haiti,56,1592.2
2009-03-01,Cuba,58,1535.1
2009-03-01,Iraq,57,1590.0
2009-03-01,Trinidad and Tobago,59,1553.1
2009-03-01,Uzbekistan,59,1465.5
2009-04-01,France,1,1949.5
2009-04-01,Spain,1,2001.0
2009-04-01,Argentina,2,1993.8
2009-04-01,England,5,1985.4
2009-04-01,Portugal,5,2002.8
2009-04-01,Brazil,7,2011.7
2009-04-01,Netherlands,9,1951.8
2009-04-01,Morocco,11,1990.1
2009-04-01,Belgium,13,1911.4
2009-04-01,Germany,10,1948.6
2009-04-01,Croatia,10,1865.3
2009-04-01,Austria,13,1903.0
2009-04-01,Colombia,15,1912.8
2009-04-01,Senegal,17,1922.4
2009-04-01,Mexico,18,1880.3
2009-04-01,United States,17,1842.3
2009-04-01,Uruguay,15,1899.4
2009-04-01,Japan,19,1888.8
2009-04-01,Switzerland,18,1881.8
2009-04-01,Norway,18,1803.2
2009-04-01,Iran,23,1801.5
2009-04-01,Turkey,25,1824.8
2009-04-01,Ecuador,20,1743.0
2009-04-01,Sweden,26,1797.9
2009-04-01,South Korea,22,1765.1
2009-04-01,Nigeria,24,1776.3
2009-04-01,Australia,27,1781.4
2009-04-01,Ivory Coast,31,1760.4
2009-04-01,Algeria,27,1752.3
2009-04-01,Egypt,30,1764.8
2009-04-01,Canada,28,1730.2
2009-04-01,Tunisia,29,1730.9
2009-04-01,Paraguay,32,1787.6
2009-04-01,Peru,35,1776.7
2009-04-01,Ghana,32,1733.2
2009-04-01,Saudi Arabia,38,1757.0
2009-04-01,Cabo Verde,39,1687.5
2009-04-01,Slovakia,41,1714.7
2009-04-01,Scotland,40,1712.4
2009-04-01,Jordan,41,1714.7
2009-04-01,Czechia,40,1596.6
2009-04-01,South Africa,45,1684.4
2009-04-01,Venezuela,41,1679.7
2009-04-01,Chile,45,1629.6
2009-04-01,Bolivia,46,1632.3
2009-04-01,Indonesia,42,1586.8
2009-04-01,New Zealand,43,1657.2
2009-04-01,Costa Rica,50,1612.8
2009-04-01,Curaçao,49,1593.0
2009-04-01,Honduras,50,1598.8
2009-04-01,DR Congo,52,1629.7
2009-04-01,Kenya,49,1568.9
2009-04-01,Panama,53,1655.8
2009-04-01,Bosnia and Herzegovina,47,1567.5
2009-04-01,Qatar,52,1575.0
2009-04-01,Haiti,52,1574.8
2009-04-01,Cuba,55,1577.9
2009-04-01,Iraq,53,1576.8
2009-04-01,Trinidad and Tobago,51,1543.4
2009-04-01,Uzbekistan,60,1523.6
2009-05-01,France,3,2001.2
2009-05-01,Spain,1,2013.1
2009-05-01,Argentina,1,1959.6
2009-05-01,England,5,1961.0
2009-05-01,Portugal,6,1935.8
2009-05-01,Brazil,5,1925.7
2009-05-01,Netherlands,10,1980.3
2009-05-01,Morocco,5,1896.4
2009-05-01,Belgium,9,1938.2
2009-05-01,Germany,13,1971.7
2009-05-01,Croatia,12,1902.4
2009-05-01,Austria,14,1966.0
2009-05-01,Colombia,14,1915.5
2009-05-01,Senegal,13,1871.1
2009-05-01,Mexico,13,1846.6
2009-05-01,United States,15,1882.7
2009-05-01,Uruguay,14,1830.1
2009-05-01,Japan,15,1883.5
2009-05-01,Switzerland,16,1888.6
2009-05-01,Norway,23,1847.1
2009-05-01,Iran,18,1857.5
2009-05-01,Turkey,19,1887.0
2009-05-01,Ecuador,21,1827.3
2009-05-01,Sweden,21,1816.6
2009-05-01,South Korea,23,1778.3
2009-05-01,Nigeria,30,1762.3
2009-05-01,Australia,28,1777.3
2009-05-01,Ivory Coast,24,1767.2
2009-05-01,Algeria,24,1750.7
2009-05-01,Egypt,27,1764.4
2009-05-01,Canada,27,1764.9
2009-05-01,Tunisia,28,1778.5
2009-05-01,Paraguay,30,1750.6
2009-05-01,Peru,35,1737.7
2009-05-01,Ghana,36,1680.9
2009-05-01,Saudi Arabia,38,1695.3
2009-05-01,Cabo Verde,39,1698.8
2009-05-01,Slovakia,34,1764.4
2009-05-01,Scotland,38,1666.4
2009-05-01,Jordan,42,1648.2
2009-05-01,Czechia,39,1674.0
2009-05-01,South Africa,45,1691.7
2009-05-01,Venezuela,45,1685.5
2009-05-01,Chile,44,1689.1
2009-05-01,Bolivia,44,1674.5
2009-05-01,Indonesia,43,1718.1
2009-05-01,New Zealand,45,1633.7
2009-05-01,Costa Rica,47,1624.2
2009-05-01,Curaçao,43,1597.8
2009-05-01,Honduras,52,1570.7
2009-05-01,DR Congo,45,1593.4
2009-05-01,Kenya,46,1632.6
2009-05-01,Panama,49,1598.3
2009-05-01,Bosnia and Herzegovina,51,1601.8
2009-05-01,Qatar,53,1525.1
2009-05-01,Haiti,50,1582.6
2009-05-01,Cuba,58,1588.7
2009-05-01,Iraq,52,1532.8
2009-05-01,Trinidad and Tobago,57,1533.1
2009-05-01,Uzbekistan,64,1408.1
2009-06-01,France,1,1941.3
2009-06-01,Spain,2,2032.9
2009-06-01,Argentina,1,1924.3
2009-06-01,England,3,1993.0
2009-06-01,Portugal,5,1979.5
2009-06-01,Brazil,6,1954.0
2009-06-01,Netherlands,9,1917.1
2009-06-01,Morocco,4,1951.7
2009-06-01,Belgium,8,1869.1
2009-06-01,Germany,11,1901.1
2009-06-01,Croatia,8,1863.4
2009-06-01,Austria,14,1894.3
2009-06-01,Colombia,13,1842.8
2009-06-01,Senegal,14,1922.9
2009-06-01,Mexico,17,1863.9
2009-06-01,United States,12,1901.0
2009-06-01,Uruguay,15,1831.2
2009-06-01,Japan,20,1895.1
2009-06-01,Switzerland,20,1871.4
2009-06-01,Norway,18,1884.7
2009-06-01,Iran,25,1856.0
2009-06-01,Turkey,23,1846.5
2009-06-01,Ecuador,24,1800.5
2009-06-01,Sweden,21,1835.5
2009-06-01,South Korea,23,1841.7
2009-06-01,Nigeria,26,1775.9
2009-06-01,Australia,30,1804.8
2009-06-01,Ivory Coast,25,1774.9
2009-06-01,Algeria,32,1738.5
2009-06-01,Egypt,33,1786.7
2009-06-01,Canada,33,1716.3
2009-06-01,Tunisia,33,1780.3
2009-06-01,Paraguay,32,1786.7
2009-06-01,Peru,32,1762.0
2009-06-01,Ghana,32,1730.5
2009-06-01,Saudi Arabia,33,1725.6
2009-06-01,Cabo Verde,38,1693.6
2009-06-01,Slovakia,33,1700.6
2009-06-01,Scotland,37,1683.7
2009-06-01,Jordan,37,1717.1
2009-06-01,Czechia,43,1678.0
2009-06-01,South Africa,40,1630.4
2009-06-01,Venezuela,39,1704.8
2009-06-01,Chile,47,1658.4
2009-06-01,Bolivia,48,1644.1
2009-06-01,Indonesia,42,1632.6
2009-06-01,New Zealand,49,1645.0
2009-06-01,Costa Rica,43,1612.8
2009-06-01,Curaçao,46,1601.5
2009-06-01,Honduras,49,1639.3
2009-06-01,DR Congo,47,1604.1
2009-06-01,Kenya,49,1607.3
2009-06-01,Panama,54,1602.6
2009-06-01,Bosnia and Herzegovina,55,1609.5
2009-06-01,Qatar,52,1542.8
2009-06-01,Haiti,51,1587.3
2009-06-01,Cuba,58,1614.6
2009-06-01,Iraq,56,1563.8
2009-06-01,Trinidad and Tobago,51,1603.6
2009-06-01,Uzbekistan,65,1534.6
2009-07-01,France,1,2034.5
2009-07-01,Spain,1,1960.0
2009-07-01,Argentina,2,1992.5
2009-07-01,England,2,1966.6
2009-07-01,Portugal,4,1957.1
2009-07-01,Brazil,3,1982.5
2009-07-01,Netherlands,10,1964.9
2009-07-01,Morocco,4,1885.6
2009-07-01,Belgium,13,1924.1
2009-07-01,Germany,11,1903.1
2009-07-01,Croatia,9,1960.9
2009-07-01,Austria,15,1893.7
2009-07-01,Colombia,13,1898.0
2009-07-01,Senegal,11,1889.9
2009-07-01,Mexico,19,1847.0
2009-07-01,United States,17,1860.0
2009-07-01,Uruguay,15,1893.5
2009-07-01,Japan,22,1841.1
2009-07-01,Switzerland,21,1797.3
2009-07-01,Norway,21,1843.2
2009-07-01,Iran,23,1877.9
2009-07-01,Turkey,24,1796.7
2009-07-01,Ecuador,23,1845.0
2009-07-01,Sweden,26,1839.1
2009-07-01,South Korea,23,1730.9
2009-07-01,Nigeria,23,1797.1
2009-07-01,Australia,30,1778.1
2009-07-01,Ivory Coast,26,1755.0
2009-07-01,Algeria,27,1738.6
2009-07-01,Egypt,33,1776.3
2009-07-01,Canada,31,1733.0
2009-07-01,Tunisia,27,1724.3
2009-07-01,Paraguay,35,1690.2
2009-07-01,Peru,34,1730.6
2009-07-01,Ghana,31,1677.4
2009-07-01,Saudi Arabia,33,1718.2
2009-07-01,Cabo Verde,39,1726.5
2009-07-01,Slovakia,35,1742.1
2009-07-01,Scotland,36,1736.7
2009-07-01,Jordan,41,1681.4
2009-07-01,Czechia,42,1698.2
2009-07-01,South Africa,39,1638.0
2009-07-01,Venezuela,45,1672.1
2009-07-01,Chile,45,1679.9
2009-07-01,Bolivia,42,1648.6
2009-07-01,Indonesia,41,1608.1
2009-07-01,New Zealand,48,1597.0
2009-07-01,Costa Rica,43,1622.1
2009-07-01,Curaçao,51,1669.5
2009-07-01,Honduras,47,1559.3
2009-07-01,DR Congo,51,1654.3
2009-07-01,Kenya,48,1606.1
2009-07-01,Panama,52,1587.6
2009-07-01,Bosnia and Herzegovina,48,1553.0
2009-07-01,Qatar,51,1586.9
2009-07-01,Haiti,57,1591.2
2009-07-01,Cuba,57,1571.6
2009-07-01,Iraq,56,1522.7
2009-07-01,Trinidad and Tobago,59,1572.9
2009-07-01,Uzbekistan,65,1515.6
2009-08-01,France,1,2018.3
2009-08-01,Spain,4,1988.1
2009-08-01,Argentina,4,1998.7
2009-08-01,England,7,2015.9
2009-08-01,Portugal,1,1987.0
2009-08-01,Brazil,10,1952.9
2009-08-01,Netherlands,10,1955.5
2009-08-01,Morocco,6,1903.8
2009-08-01,Belgium,10,1906.1
2009-08-01,Germany,8,1911.3
2009-08-01,Croatia,10,1964.3
2009-08-01,Austria,10,1881.3
2009-08-01,Colombia,17,1888.1
2009-08-01,Senegal,16,1888.1
2009-08-01,Mexico,16,1877.5
2009-08-01,United States,13,1877.1
2009-08-01,Uruguay,19,1905.4
2009-08-01,Japan,14,1875.3
2009-08-01,Switzerland,23,1848.8
2009-08-01,Norway,17,1837.9
2009-08-01,Iran,17,1816.8
2009-08-01,Turkey,24,1830.0
2009-08-01,Ecuador,20,1858.8
2009-08-01,Sweden,23,1806.9
2009-08-01,South Korea,24,1766.1
2009-08-01,Nigeria,22,1850.0
2009-08-01,Australia,26,1758.4
2009-08-01,Ivory Coast,29,1830.3
2009-08-01,Algeria,25,1726.7
2009-08-01,Egypt,31,1739.2
2009-08-01,Canada,29,1751.3
2009-08-01,Tunisia,33,1760.5
2009-08-01,Paraguay,34,1733.5
2009-08-01,Peru,30,1736.2
2009-08-01,Ghana,33,1722.7
2009-08-01,Saudi Arabia,34,1788.7
2009-08-01,Cabo Verde,33,1648.7
2009-08-01,Slovakia,34,1670.0
2009-08-01,Scotland,42,1702.1
2009-08-01,Jordan,37,1722.3
2009-08-01,Czechia,43,1698.9
2009-08-01,South Africa,41,1675.1
2009-08-01,Venezuela,40,1671.1
2009-08-01,Chile,45,1614.6
2009-08-01,Bolivia,46,1642.2
2009-08-01,Indonesia,49,1625.6
2009-08-01,New Zealand,43,1631.2
2009-08-01,Costa Rica,51,1636.2
2009-08-01,Curaçao,50,1625.2
2009-08-01,Honduras,48,1597.8
2009-08-01,DR Congo,44,1673.6
2009-08-01,Kenya,46,1595.7
2009-08-01,Panama,51,1588.9
2009-08-01,Bosnia and Herzegovina,49,1590.5
2009-08-01,Qatar,52,1510.7
2009-08-01,Haiti,53,1596.9
2009-08-01,Cuba,54,1566.7
2009-08-01,Iraq,53,1567.6
2009-08-01,Trinidad and Tobago,51,1564.7
2009-08-01,Uzbekistan,64,1505.9
2009-09-01,France,1,1959.1
2009-09-01,Spain,3,1990.5
2009-09-01,Argentina,3,2010.0
2009-09-01,England,8,1980.3
2009-09-01,Portugal,1,1962.8
2009-09-01,Brazil,5,1936.3
2009-09-01,Netherlands,11,1922.3
2009-09-01,Morocco,5,1893.5
2009-09-01,Belgium,10,1881.7
2009-09-01,Germany,12,1943.1
2009-09-01,Croatia,8,1890.2
2009-09-01,Austria,8,1885.9
2009-09-01,Colombia,11,1903.3
2009-09-01,Senegal,15,1894.2
2009-09-01,Mexico,11,1884.9
2009-09-01,United States,16,1857.9
2009-09-01,Uruguay,15,1854.2
2009-09-01,Japan,17,1834.9
2009-09-01,Switzerland,18,1861.7
2009-09-01,Norway,21,1792.9
2009-09-01,Iran,18,1775.2
2009-09-01,Turkey,24,1847.2
2009-09-01,Ecuador,22,1867.7
2009-09-01,Sweden,20,1760.4
2009-09-01,South Korea,22,1829.0
2009-09-01,Nigeria,23,1788.4
2009-09-01,Australia,25,1754.4
2009-09-01,Ivory Coast,28,1789.1
2009-09-01,Algeria,32,1773.2
2009-09-01,Egypt,30,1790.3
2009-09-01,Canada,27,1741.6
2009-09-01,Tunisia,30,1741.2
2009-09-01,Paraguay,30,1741.8
2009-09-01,Peru,31,1751.8
2009-09-01,Ghana,37,1742.7
2009-09-01,Saudi Arabia,34,1712.6
2009-09-01,Cabo Verde,35,1707.9
2009-09-01,Slovakia,39,1727.3
2009-09-01,Scotland,38,1628.3
2009-09-01,Jordan,37,1681.0
2009-09-01,Czechia,36,1669.2
2009-09-01,South Africa,43,1628.5
2009-09-01,Venezuela,45,1668.9
2009-09-01,Chile,43,1669.9
2009-09-01,Bolivia,46,1667.5
2009-09-01,Indonesia,42,1660.6
2009-09-01,New Zealand,47,1607.4
2009-09-01,Costa Rica,47,1670.6
2009-09-01,Curaçao,45,1628.7
2009-09-01,Honduras,48,1624.5
2009-09-01,DR Congo,49,1616.1
2009-09-01,Kenya,49,1611.3
2009-09-01,Panama,52,1559.3
2009-09-01,Bosnia and Herzegovina,51,1546.1
2009-09-01,Qatar,56,1584.8
2009-09-01,Haiti,54,1577.7
2009-09-01,Cuba,55,1562.7
2009-09-01,Iraq,52,1586.8
2009-09-01,Trinidad and Tobago,55,1617.4
2009-09-01,Uzbekistan,66,1565.4
2009-10-01,France,1,2029.6
2009-10-01,Spain,1,1984.8
2009-10-01,Argentina,7,1965.7
2009-10-01,England,8,2008.0
2009-10-01,Portugal,2,1929.8
2009-10-01,Brazil,6,1993.3
2009-10-01,Netherlands,9,1947.6
2009-10-01,Morocco,9,1881.7
2009-10-01,Belgium,7,1899.7
2009-10-01,Germany,14,1892.5
2009-10-01,Croatia,10,1891.1
2009-10-01,Austria,15,1902.0
2009-10-01,Colombia,13,1855.8
2009-10-01,Senegal,15,1908.6
2009-10-01,Mexico,16,1882.5
2009-10-01,United States,15,1910.4
2009-10-01,Uruguay,14,1891.0
2009-10-01,Japan,15,1834.6
2009-10-01,Switzerland,17,1810.1
2009-10-01,Norway,22,1849.6
2009-10-01,Iran,17,1817.9
2009-10-01,Turkey,18,1799.7
2009-10-01,Ecuador,22,1818.5
2009-10-01,Sweden,25,1814.3
2009-10-01,South Korea,23,1794.2
2009-10-01,Nigeria,27,1839.5
2009-10-01,Australia,26,1776.5
2009-10-01,Ivory Coast,30,1779.8
2009-10-01,Algeria,26,1785.5
2009-10-01,Egypt,27,1765.4
2009-10-01,Canada,32,1764.3
2009-10-01,Tunisia,29,1762.6
2009-10-01,Paraguay,35,1743.5
2009-10-01,Peru,32,1723.1
2009-10-01,Ghana,32,1744.1
2009-10-01,Saudi Arabia,35,1665.1
2009-10-01,Cabo Verde,37,1714.9
2009-10-01,Slovakia,37,1703.0
2009-10-01,Scotland,34,1728.6
2009-10-01,Jordan,43,1672.5
2009-10-01,Czechia,37,1685.1
2009-10-01,South Africa,38,1640.8
2009-10-01,Venezuela,40,1687.7
2009-10-01,Chile,46,1657.4
2009-10-01,Bolivia,47,1690.4
2009-10-01,Indonesia,42,1670.3
2009-10-01,New Zealand,46,1624.7
2009-10-01,Costa Rica,50,1650.7
2009-10-01,Curaçao,44,1584.1
2009-10-01,Honduras,52,1612.3
2009-10-01,DR Congo,48,1618.6
2009-10-01,Kenya,51,1539.8
2009-10-01,Panama,48,1536.1
2009-10-01,Bosnia and Herzegovina,51,1604.9
2009-10-01,Qatar,50,1617.9
2009-10-01,Haiti,54,1588.8
2009-10-01,Cuba,51,1569.4
2009-10-01,Iraq,52,1583.6
2009-10-01,Trinidad and Tobago,52,1514.8
2009-10-01,Uzbekistan,59,1441.2
2009-11-01,France,3,1974.4
2009-11-01,Spain,4,1976.3
2009-11-01,Argentina,1,2017.0
2009-11-01,England,4,1987.1
2009-11-01,Portugal,3,1971.0
2009-11-01,Brazil,4,1929.0
2009-11-01,Netherlands,10,1885.9
2009-11-01,Morocco,9,1973.7
2009-11-01,Belgium,10,1952.5
2009-11-01,Germany,12,1911.0
2009-11-01,Croatia,9,1926.3
2009-11-01,Austria,8,1918.1
2009-11-01,Colombia,10,1919.6
2009-11-01,Senegal,18,1896.1
2009-11-01,Mexico,11,1893.3
2009-11-01,United States,15,1873.7
2009-11-01,Uruguay,15,1871.4
2009-11-01,Japan,21,1846.9
2009-11-01,Switzerland,23,1809.5
2009-11-01,Norway,16,1850.2
2009-11-01,Iran,22,1845.9
2009-11-01,Turkey,23,1825.7
2009-11-01,Ecuador,27,1844.4
2009-11-01,Sweden,22,1807.1
2009-11-01,South Korea,21,1804.2
2009-11-01,Nigeria,27,1808.6
2009-11-01,Australia,23,1772.5
2009-11-01,Ivory Coast,31,1850.1
2009-11-01,Algeria,26,1767.3
2009-11-01,Egypt,28,1766.7
2009-11-01,Canada,29,1777.9
2009-11-01,Tunisia,31,1804.6
2009-11-01,Paraguay,31,1744.6
2009-11-01,Peru,35,1770.8
2009-11-01,Ghana,33,1687.3
2009-11-01,Saudi Arabia,33,1762.1
2009-11-01,Cabo Verde,34,1683.2
2009-11-01,Slovakia,33,1761.3
2009-11-01,Scotland,38,1715.2
2009-11-01,Jordan,35,1644.3
2009-11-01,Czechia,42,1637.7
2009-11-01,South Africa,38,1724.1
2009-11-01,Venezuela,42,1627.2
2009-11-01,Chile,46,1701.8
2009-11-01,Bolivia,43,1663.5
2009-11-01,Indonesia,45,1619.9
2009-11-01,New Zealand,49,1618.1
2009-11-01,Costa Rica,45,1631.4
2009-11-01,Curaçao,43,1629.3
2009-11-01,Honduras,44,1660.0
2009-11-01,DR Congo,52,1660.7
2009-11-01,Kenya,48,1662.5
2009-11-01,Panama,50,1598.0
2009-11-01,Bosnia and Herzegovina,52,1577.7
2009-11-01,Qatar,56,1601.4
2009-11-01,Haiti,52,1592.1
2009-11-01,Cuba,55,1592.9
2009-11-01,Iraq,52,1526.2
2009-11-01,Trinidad and Tobago,51,1589.7
2009-11-01,Uzbekistan,64,1455.2
2009-12-01,France,5,2018.5
2009-12-01,Spain,4,1957.1
2009-12-01,Argentina,1,1934.4
2009-12-01,England,2,1945.1
2009-12-01,Portugal,7,1934.3
2009-12-01,Brazil,5,1967.0
2009-12-01,Netherlands,3,1926.5
2009-12-01,Morocco,10,1951.1
2009-12-01,Belgium,9,1984.2
2009-12-01,Germany,7,1901.3
2009-12-01,Croatia,8,1884.7
2009-12-01,Austria,9,1862.0
2009-12-01,Colombia,10,1910.1
2009-12-01,Senegal,18,1869.0
2009-12-01,Mexico,16,1923.4
2009-12-01,United States,15,1860.0
2009-12-01,Uruguay,15,1807.3
2009-12-01,Japan,15,1870.3
2009-12-01,Switzerland,17,1846.9
2009-12-01,Norway,18,1791.4
2009-12-01,Iran,24,1838.0
2009-12-01,Turkey,23,1841.9
2009-12-01,Ecuador,19,1772.7
2009-12-01,Sweden,20,1811.6
2009-12-01,South Korea,22,1854.5
2009-12-01,Nigeria,29,1786.0
2009-12-01,Australia,31,1761.2
2009-12-01,Ivory Coast,28,1767.9
2009-12-01,Algeria,24,1799.8
2009-12-01,Egypt,33,1716.1
2009-12-01,Canada,29,1785.0
2009-12-01,Tunisia,32,1759.0
2009-12-01,Paraguay,36,1733.8
2009-12-01,Peru,37,1773.1
2009-12-01,Ghana,38,1712.6
2009-12-01,Saudi Arabia,33,1681.0
2009-12-01,Cabo Verde,37,1701.1
2009-12-01,Slovakia,36,1690.9
2009-12-01,Scotland,37,1688.8
2009-12-01,Jordan,35,1708.4
2009-12-01,Czechia,38,1679.2
2009-12-01,South Africa,37,1663.2
2009-12-01,Venezuela,38,1654.7
2009-12-01,Chile,39,1658.0
2009-12-01,Bolivia,45,1680.8
2009-12-01,Indonesia,45,1646.6
2009-12-01,New Zealand,47,1650.6
2009-12-01,Costa Rica,46,1605.8
2009-12-01,Curaçao,43,1674.0
2009-12-01,Honduras,50,1625.7
2009-12-01,DR Congo,52,1600.0
2009-12-01,Kenya,48,1634.9
2009-12-01,Panama,54,1631.4
2009-12-01,Bosnia and Herzegovina,47,1619.6
2009-12-01,Qatar,56,1538.5
2009-12-01,Haiti,52,1563.4
2009-12-01,Cuba,53,1554.2
2009-12-01,Iraq,56,1537.0
2009-12-01,Trinidad and Tobago,55,1524.5
2009-12-01,Uzbekistan,62,1441.1
2010-01-01,France,5,2007.1
2010-01-01,Spain,2,1987.5
2010-01-01,Argentina,2,2002.6
2010-01-01,England,3,1981.3
2010-01-01,Portugal,5,1896.6
2010-01-01,Brazil,3,1899.5
2010-01-01,Netherlands,10,1985.0
2010-01-01,Morocco,5,1884.4
2010-01-01,Belgium,12,1950.1
2010-01-01,Germany,12,1920.3
2010-01-01,Croatia,9,1897.1
2010-01-01,Austria,11,1876.9
2010-01-01,Colombia,11,1891.2
2010-01-01,Senegal,13,1844.7
2010-01-01,Mexico,19,1867.2
2010-01-01,United States,12,1924.0
2010-01-01,Uruguay,18,1869.0
2010-01-01,Japan,19,1849.0
2010-01-01,Switzerland,20,1837.2
2010-01-01,Norway,23,1840.0
2010-01-01,Iran,20,1818.2
2010-01-01,Turkey,24,1851.3
2010-01-01,Ecuador,24,1783.1
2010-01-01,Sweden,24,1865.8
2010-01-01,South Korea,23,1772.1
2010-01-01,Nigeria,26,1832.6
2010-01-01,Australia,31,1792.5
2010-01-01,Ivory Coast,30,1724.0
2010-01-01,Algeria,28,1757.1
2010-01-01,Egypt,29,1725.3
2010-01-01,Canada,28,1742.4
2010-01-01,Tunisia,27,1739.0
2010-01-01,Paraguay,30,1744.9
2010-01-01,Peru,30,1738.1
2010-01-01,Ghana,37,1749.1
2010-01-01,Saudi Arabia,40,1707.2
2010-01-01,Cabo Verde,39,1747.6
2010-01-01,Slovakia,37,1697.6
2010-01-01,Scotland,35,1679.2
2010-01-01,Jordan,36,1662.2
2010-01-01,Czechia,42,1721.5
2010-01-01,South Africa,44,1660.2
2010-01-01,Venezuela,40,1695.1
2010-01-01,Chile,44,1698.3
2010-01-01,Bolivia,46,1658.3
2010-01-01,Indonesia,44,1626.0
2010-01-01,New Zealand,42,1637.8
2010-01-01,Costa Rica,43,1638.2
2010-01-01,Curaçao,50,1645.8
2010-01-01,Honduras,44,1582.1
2010-01-01,DR Congo,46,1610.6
2010-01-01,Kenya,50,1621.3
2010-01-01,Panama,47,1614.5
2010-01-01,Bosnia and Herzegovina,52,1575.3
2010-01-01,Qatar,56,1577.8
2010-01-01,Haiti,53,1553.2
2010-01-01,Cuba,51,1544.5
2010-01-01,Iraq,54,1521.3
2010-01-01,Trinidad and Tobago,57,1560.1
2010-01-01,Uzbekistan,65,1475.1
2010-02-01,France,5,1926.0
2010-02-01,Spain,5,2022.0
2010-02-01,Argentina,1,1952.5
2010-02-01,England,7,2007.5
2010-02-01,Portugal,7,1992.8
2010-02-01,Brazil,4,1909.3
2010-02-01,Netherlands,9,1928.6
2010-02-01,Morocco,4,1914.7
2010-02-01,Belgium,9,1946.1
2010-02-01,Germany,9,1947.8
2010-02-01,Croatia,13,1953.6
2010-02-01,Austria,14,1882.3
2010-02-01,Colombia,14,1874.1
2010-02-01,Senegal,15,1865.5
2010-02-01,Mexico,13,1926.3
2010-02-01,United States,12,1910.1
2010-02-01,Uruguay,15,1888.6
2010-02-01,Japan,17,1869.6
2010-02-01,Switzerland,19,1882.7
2010-02-01,Norway,17,1853.2
2010-02-01,Iran,21,1835.7
2010-02-01,Turkey,25,1783.9
2010-02-01,Ecuador,19,1844.3
2010-02-01,Sweden,23,1798.6
2010-02-01,South Korea,25,1858.9
2010-02-01,Nigeria,23,1800.9
2010-02-01,Australia,29,1795.0
2010-02-01,Ivory Coast,27,1806.3
2010-02-01,Algeria,26,1770.1
2010-02-01,Egypt,29,1718.9
2010-02-01,Canada,32,1763.4
2010-02-01,Tunisia,34,1785.1
2010-02-01,Paraguay,31,1737.3
2010-02-01,Peru,37,1794.4
2010-02-01,Ghana,33,1728.1
2010-02-01,Saudi Arabia,33,1721.4
2010-02-01,Cabo Verde,35,1715.5
2010-02-01,Slovakia,33,1707.0
2010-02-01,Scotland,39,1732.1
2010-02-01,Jordan,35,1690.3
2010-02-01,Czechia,37,1656.9
2010-02-01,South Africa,40,1662.7
2010-02-01,Venezuela,39,1667.3
2010-02-01,Chile,41,1684.9
2010-02-01,Bolivia,47,1658.1
2010-02-01,Indonesia,44,1658.5
2010-02-01,New Zealand,44,1575.4
2010-02-01,Costa Rica,48,1655.0
2010-02-01,Curaçao,45,1627.1
2010-02-01,Honduras,51,1559.7
2010-02-01,DR Congo,48,1632.5
2010-02-01,Kenya,51,1653.6
2010-02-01,Panama,54,1646.4
2010-02-01,Bosnia and Herzegovina,54,1507.8
2010-02-01,Qatar,56,1532.1
2010-02-01,Haiti,52,1608.7
2010-02-01,Cuba,53,1568.8
2010-02-01,Iraq,54,1589.6
2010-02-01,Trinidad and Tobago,55,1599.5
2010-02-01,Uzbekistan,66,1545.2
2010-03-01,France,4,2014.6
2010-03-01,Spain,3,2005.7
2010-03-01,Argentina,7,1932.2
2010-03-01,England,5,1965.3
2010-03-01,Portugal,2,1980.7
2010-03-01,Brazil,10,1993.4
2010-03-01,Netherlands,8,1950.8
2010-03-01,Morocco,7,2009.5
2010-03-01,Belgium,10,1911.7
2010-03-01,Germany,6,1941.9
2010-03-01,Croatia,7,1898.9
2010-03-01,Austria,10,1873.2
2010-03-01,Colombia,17,1939.2
2010-03-01,Senegal,18,1903.0
2010-03-01,Mexico,18,1903.4
2010-03-01,United States,13,1917.4
2010-03-01,Uruguay,14,1846.9
2010-03-01,Japan,16,1868.1
2010-03-01,Switzerland,16,1825.8
2010-03-01,Norway,21,1847.7
2010-03-01,Iran,19,1863.2
2010-03-01,Turkey,25,1800.8
2010-03-01,Ecuador,20,1847.6
2010-03-01,Sweden,22,1812.2
2010-03-01,South Korea,28,1856.1
2010-03-01,Nigeria,23,1822.6
2010-03-01,Australia,30,1796.4
2010-03-01,Ivory Coast,32,1842.8
2010-03-01,Algeria,32,1735.8
2010-03-01,Egypt,28,1722.0
2010-03-01,Canada,34,1734.3
2010-03-01,Tunisia,27,1758.6
2010-03-01,Paraguay,30,1734.7
2010-03-01,Peru,37,1703.3
2010-03-01,Ghana,39,1711.5
2010-03-01,Saudi Arabia,39,1727.4
2010-03-01,Cabo Verde,36,1775.5
2010-03-01,Slovakia,41,1721.3
2010-03-01,Scotland,42,1695.1
2010-03-01,Jordan,36,1692.1
2010-03-01,Czechia,40,1685.4
2010-03-01,South Africa,44,1714.4
2010-03-01,Venezuela,40,1672.1
2010-03-01,Chile,46,1636.1
2010-03-01,Bolivia,46,1649.6
2010-03-01,Indonesia,47,1634.6
2010-03-01,New Zealand,42,1685.2
2010-03-01,Costa Rica,48,1635.4
2010-03-01,Curaçao,49,1587.8
2010-03-01,Honduras,52,1613.4
2010-03-01,DR Congo,52,1588.2
2010-03-01,Kenya,49,1609.3
2010-03-01,Panama,53,1588.1
2010-03-01,Bosnia and Herzegovina,52,1588.3
2010-03-01,Qatar,56,1632.6
2010-03-01,Haiti,55,1598.5
2010-03-01,Cuba,54,1612.9
2010-03-01,Iraq,54,1541.6
2010-03-01,Trinidad and Tobago,54,1521.6
2010-03-01,Uzbekistan,60,1481.8
2010-04-01,France,1,1958.1
2010-04-01,Spain,1,1979.9
2010-04-01,Argentina,4,1994.2
2010-04-01,England,5,1955.5
2010-04-01,Portugal,7,1943.6
2010-04-01,Brazil,8,1958.3
2010-04-01,Netherlands,8,1910.8
2010-04-01,Morocco,9,1939.6
2010-04-01,Belgium,10,1876.7
2010-04-01,Germany,10,1887.3
2010-04-01,Croatia,8,1913.2
2010-04-01,Austria,15,1908.7
2010-04-01,Colombia,14,1884.6
2010-04-01,Senegal,18,1858.7
2010-04-01,Mexico,16,1912.8
2010-04-01,United States,18,1819.3
2010-04-01,Uruguay,20,1850.0
2010-04-01,Japan,16,1809.3
2010-04-01,Switzerland,20,1882.1
2010-04-01,Norway,22,1809.5
2010-04-01,Iran,18,1830.8
2010-04-01,Turkey,22,1758.2
2010-04-01,Ecuador,27,1799.4
2010-04-01,Sweden,27,1790.1
2010-04-01,South Korea,27,1822.0
2010-04-01,Nigeria,22,1775.2
2010-04-01,Australia,30,1756.8
2010-04-01,Ivory Coast,31,1794.6
2010-04-01,Algeria,30,1760.6
2010-04-01,Egypt,27,1767.6
2010-04-01,Canada,33,1770.3
2010-04-01,Tunisia,29,1729.7
2010-04-01,Paraguay,35,1773.7
2010-04-01,Peru,29,1733.2
2010-04-01,Ghana,36,1727.4
2010-04-01,Saudi Arabia,38,1720.9
2010-04-01,Cabo Verde,33,1718.8
2010-04-01,Slovakia,39,1724.5
2010-04-01,Scotland,41,1706.0
2010-04-01,Jordan,35,1741.1
2010-04-01,Czechia,38,1645.0
2010-04-01,South Africa,44,1670.5
2010-04-01,Venezuela,44,1608.8
2010-04-01,Chile,41,1706.6
2010-04-01,Bolivia,43,1674.6
2010-04-01,Indonesia,45,1594.2
2010-04-01,New Zealand,45,1621.8
2010-04-01,Costa Rica,45,1648.0
2010-04-01,Curaçao,46,1648.7
2010-04-01,Honduras,44,1619.9
2010-04-01,DR Congo,44,1590.8
2010-04-01,Kenya,51,1631.9
2010-04-01,Panama,46,1595.3
2010-04-01,Bosnia and Herzegovina,52,1556.4
2010-04-01,Qatar,54,1599.5
2010-04-01,Haiti,52,1569.3
2010-04-01,Cuba,56,1591.5
2010-04-01,Iraq,57,1546.6
2010-04-01,Trinidad and Tobago,57,1573.2
2010-04-01,Uzbekistan,64,1523.7
2010-05-01,France,3,1973.7
2010-05-01,Spain,4,2002.2
2010-05-01,Argentina,3,1928.6
2010-05-01,England,1,1933.1
2010-05-01,Portugal,3,1956.6
2010-05-01,Brazil,7,1891.7
2010-05-01,Netherlands,10,1943.8
2010-05-01,Morocco,4,1963.0
2010-05-01,Belgium,10,1907.1
2010-05-01,Germany,10,1924.4
2010-05-01,Croatia,8,1936.3
2010-05-01,Austria,14,1929.7
2010-05-01,Colombia,17,1874.1
2010-05-01,Senegal,11,1858.4
2010-05-01,Mexico,19,1868.3
2010-05-01,United States,15,1835.5
2010-05-01,Uruguay,18,1828.7
2010-05-01,Japan,21,1828.3
2010-05-01,Switzerland,18,1853.8
2010-05-01,Norway,16,1846.6
2010-05-01,Iran,23,1801.7
2010-05-01,Turkey,19,1850.4
2010-05-01,Ecuador,23,1836.8
2010-05-01,Sweden,20,1793.7
2010-05-01,South Korea,26,1843.7
2010-05-01,Nigeria,30,1753.7
2010-05-01,Australia,24,1809.2
2010-05-01,Ivory Coast,31,1801.3
2010-05-01,Algeria,31,1708.6
2010-05-01,Egypt,29,1747.5
2010-05-01,Canada,30,1736.3
2010-05-01,Tunisia,32,1724.2
2010-05-01,Paraguay,36,1772.8
2010-05-01,Peru,37,1710.9
2010-05-01,Ghana,38,1684.5
2010-05-01,Saudi Arabia,35,1747.8
2010-05-01,Cabo Verde,36,1685.1
2010-05-01,Slovakia,38,1751.6
2010-05-01,Scotland,35,1643.0
2010-05-01,Jordan,35,1676.9
2010-05-01,Czechia,38,1623.8
2010-05-01,South Africa,40,1622.6
2010-05-01,Venezuela,43,1692.6
2010-05-01,Chile,45,1693.3
2010-05-01,Bolivia,41,1654.7
2010-05-01,Indonesia,46,1630.7
2010-05-01,New Zealand,43,1641.9
2010-05-01,Costa Rica,51,1599.4
2010-05-01,Curaçao,50,1628.8
2010-05-01,Honduras,45,1669.9
2010-05-01,DR Congo,48,1611.2
2010-05-01,Kenya,51,1569.8
2010-05-01,Panama,46,1592.6
2010-05-01,Bosnia and Herzegovina,49,1636.2
2010-05-01,Qatar,50,1580.2
2010-05-01,Haiti,51,1599.5
2010-05-01,Cuba,50,1554.5
2010-05-01,Iraq,57,1568.9
2010-05-01,Trinidad and Tobago,58,1526.6
2010-05-01,Uzbekistan,65,1458.7
2010-06-01,France,1,2019.1
2010-06-01,Spain,6,1937.3
2010-06-01,Argentina,1,2013.3
2010-06-01,England,7,1993.8
2010-06-01,Portugal,9,1968.1
2010-06-01,Brazil,2,1957.0
2010-06-01,Netherlands,5,1984.7
2010-06-01,Morocco,4,1951.9
2010-06-01,Belgium,6,1902.1
2010-06-01,Germany,9,1924.6
2010-06-01,Croatia,10,1848.1
2010-06-01,Austria,10,1912.7
2010-06-01,Colombia,17,1843.7
2010-06-01,Senegal,17,1874.8
2010-06-01,Mexico,19,1869.0
2010-06-01,United States,18,1844.3
2010-06-01,Uruguay,21,1882.3
2010-06-01,Japan,16,1870.5
2010-06-01,Switzerland,19,1858.3
2010-06-01,Norway,18,1871.2
2010-06-01,Iran,24,1847.2
2010-06-01,Turkey,18,1863.1
2010-06-01,Ecuador,24,1812.1
2010-06-01,Sweden,24,1775.4
2010-06-01,South Korea,28,1770.0
2010-06-01,Nigeria,23,1793.7
2010-06-01,Australia,29,1775.7
2010-06-01,Ivory Coast,29,1780.5
2010-06-01,Algeria,29,1753.9
2010-06-01,Egypt,32,1756.4
2010-06-01,Canada,34,1747.7
2010-06-01,Tunisia,32,1791.8
2010-06-01,Paraguay,33,1736.4
2010-06-01,Peru,30,1771.3
2010-06-01,Ghana,32,1697.9
2010-06-01,Saudi Arabia,38,1698.0
2010-06-01,Cabo Verde,33,1664.2
2010-06-01,Slovakia,35,1742.8
2010-06-01,Scotland,37,1711.3
2010-06-01,Jordan,39,1679.2
2010-06-01,Czechia,38,1686.8
2010-06-01,South Africa,39,1684.4
2010-06-01,Venezuela,39,1679.4
2010-06-01,Chile,46,1669.0
2010-06-01,Bolivia,48,1671.5
2010-06-01,Indonesia,43,1628.9
2010-06-01,New Zealand,48,1634.6
2010-06-01,Costa Rica,43,1590.2
2010-06-01,Curaçao,44,1599.7
2010-06-01,Honduras,47,1690.2
2010-06-01,DR Congo,47,1631.3
2010-06-01,Kenya,53,1557.9
2010-06-01,Panama,50,1568.1
2010-06-01,Bosnia and Herzegovina,49,1526.6
2010-06-01,Qatar,56,1524.4
2010-06-01,Haiti,52,1579.9
2010-06-01,Cuba,51,1513.5
2010-06-01,Iraq,57,1549.4
2010-06-01,Trinidad and Tobago,57,1597.2
2010-06-01,Uzbekistan,63,1471.2
2010-07-01,France,1,2020.5
2010-07-01,Spain,6,1972.5
2010-07-01,Argentina,2,1944.1
2010-07-01,England,7,1973.2
2010-07-01,Portugal,6,1953.6
2010-07-01,Brazil,5,1965.4
2010-07-01,Netherlands,4,1948.5
2010-07-01,Morocco,4,1910.1
2010-07-01,Belgium,9,1890.7
2010-07-01,Germany,12,1958.3
2010-07-01,Croatia,7,1942.3
2010-07-01,Austria,8,1948.2
2010-07-01,Colombia,9,1951.9
2010-07-01,Senegal,11,1915.4
2010-07-01,Mexico,16,1903.6
2010-07-01,United States,17,1901.0
2010-07-01,Uruguay,18,1832.0
2010-07-01,Japan,17,1859.1
2010-07-01,Switzerland,21,1819.1
2010-07-01,Norway,20,1808.3
2010-07-01,Iran,17,1819.4
2010-07-01,Turkey,21,1766.4
2010-07-01,Ecuador,26,1817.1
2010-07-01,Sweden,21,1762.1
2010-07-01,South Korea,21,1810.1
2010-07-01,Nigeria,30,1734.3
2010-07-01,Australia,24,1785.8
2010-07-01,Ivory Coast,31,1807.4
2010-07-01,Algeria,25,1792.5
2010-07-01,Egypt,29,1820.4
2010-07-01,Canada,29,1774.2
2010-07-01,Tunisia,27,1732.3
2010-07-01,Paraguay,35,1744.1
2010-07-01,Peru,31,1754.3
2010-07-01,Ghana,32,1711.0
2010-07-01,Saudi Arabia,40,1720.8
2010-07-01,Cabo Verde,34,1711.9
2010-07-01,Slovakia,36,1669.6
2010-07-01,Scotland,37,1668.1
2010-07-01,Jordan,35,1654.0
2010-07-01,Czechia,42,1624.0
2010-07-01,South Africa,40,1673.9
2010-07-01,Venezuela,38,1692.4
2010-07-01,Chile,47,1663.3
2010-07-01,Bolivia,42,1682.0
2010-07-01,Indonesia,44,1640.5
2010-07-01,New Zealand,46,1669.0
2010-07-01,Costa Rica,49,1618.0
2010-07-01,Curaçao,45,1585.3
2010-07-01,Honduras,49,1641.0
2010-07-01,DR Congo,51,1649.3
2010-07-01,Kenya,49,1680.2
2010-07-01,Panama,52,1607.8
2010-07-01,Bosnia and Herzegovina,49,1642.7
2010-07-01,Qatar,50,1589.2
2010-07-01,Haiti,52,1500.8
2010-07-01,Cuba,50,1541.2
2010-07-01,Iraq,52,1556.2
2010-07-01,Trinidad and Tobago,58,1606.4
2010-07-01,Uzbekistan,62,1510.8
2010-08-01,France,4,2052.6
2010-08-01,Spain,4,1972.8
2010-08-01,Argentina,5,1974.3
2010-08-01,England,1,2014.7
2010-08-01,Portugal,9,2003.6
2010-08-01,Brazil,4,1934.6
2010-08-01,Netherlands,3,1976.4
2010-08-01,Morocco,6,1943.0
2010-08-01,Belgium,5,1920.7
2010-08-01,Germany,10,1890.6
2010-08-01,Croatia,8,1933.3
2010-08-01,Austria,12,1934.3
2010-08-01,Colombia,17,1869.9
2010-08-01,Senegal,11,1849.1
2010-08-01,Mexico,17,1877.3
2010-08-01,United States,17,1901.4
2010-08-01,Uruguay,15,1835.5
2010-08-01,Japan,18,1884.8
2010-08-01,Switzerland,21,1883.3
2010-08-01,Norway,17,1919.1
2010-08-01,Iran,22,1755.3
2010-08-01,Turkey,22,1830.0
2010-08-01,Ecuador,19,1814.9
2010-08-01,Sweden,26,1835.9
2010-08-01,South Korea,27,1769.8
2010-08-01,Nigeria,25,1764.6
2010-08-01,Australia,30,1776.3
2010-08-01,Ivory Coast,27,1761.6
2010-08-01,Algeria,25,1741.8
2010-08-01,Egypt,30,1821.5
2010-08-01,Canada,31,1729.1
2010-08-01,Tunisia,33,1760.2
2010-08-01,Paraguay,34,1733.4
2010-08-01,Peru,29,1743.1
2010-08-01,Ghana,37,1682.7
2010-08-01,Saudi Arabia,36,1731.9
2010-08-01,Cabo Verde,35,1695.4
2010-08-01,Slovakia,34,1749.6
2010-08-01,Scotland,39,1664.5
2010-08-01,Jordan,38,1670.8
2010-08-01,Czechia,39,1707.5
2010-08-01,South Africa,38,1651.3
2010-08-01,Venezuela,41,1631.9
2010-08-01,Chile,44,1678.8
2010-08-01,Bolivia,43,1617.0
2010-08-01,Indonesia,48,1580.7
2010-08-01,New Zealand,48,1607.7
2010-08-01,Costa Rica,48,1613.2
2010-08-01,Curaçao,45,1668.9
2010-08-01,Honduras,49,1587.3
2010-08-01,DR Congo,47,1616.5
2010-08-01,Kenya,50,1626.7
2010-08-01,Panama,51,1648.8
2010-08-01,Bosnia and Herzegovina,54,1595.7
2010-08-01,Qatar,54,1568.9
2010-08-01,Haiti,51,1549.7
2010-08-01,Cuba,58,1630.9
2010-08-01,Iraq,58,1562.1
2010-08-01,Trinidad and Tobago,54,1598.0
2010-08-01,Uzbekistan,60,1430.5
2010-09-01,France,5,1931.5
2010-09-01,Spain,5,2005.9
2010-09-01,Argentina,4,1978.4
2010-09-01,England,7,1943.9
2010-09-01,Portugal,3,2025.7
2010-09-01,Brazil,9,2026.4
2010-09-01,Netherlands,8,1941.8
2010-09-01,Morocco,4,1967.0
2010-09-01,Belgium,6,1913.2
2010-09-01,Germany,6,1949.5
2010-09-01,Croatia,15,1923.8
2010-09-01,Austria,16,1925.5
2010-09-01,Colombia,9,1873.4
2010-09-01,Senegal,13,1888.6
2010-09-01,Mexico,12,1872.2
2010-09-01,United States,13,1881.5
2010-09-01,Uruguay,16,1890.9
2010-09-01,Japan,18,1853.7
2010-09-01,Switzerland,19,1860.1
2010-09-01,Norway,23,1831.1
2010-09-01,Iran,22,1788.6
2010-09-01,Turkey,20,1835.6
2010-09-01,Ecuador,26,1857.9
2010-09-01,Sweden,25,1790.8
2010-09-01,South Korea,24,1847.2
2010-09-01,Nigeria,23,1787.4
2010-09-01,Australia,26,1755.5
2010-09-01,Ivory Coast,29,1811.0
2010-09-01,Algeria,30,1715.5
2010-09-01,Egypt,33,1759.5
2010-09-01,Canada,31,1736.3
2010-09-01,Tunisia,34,1708.3
2010-09-01,Paraguay,34,1802.8
2010-09-01,Peru,33,1778.2
2010-09-01,Ghana,36,1751.1
2010-09-01,Saudi Arabia,32,1706.9
2010-09-01,Cabo Verde,33,1720.2
2010-09-01,Slovakia,34,1728.3
2010-09-01,Scotland,38,1689.8
2010-09-01,Jordan,41,1730.0
2010-09-01,Czechia,40,1709.7
2010-09-01,South Africa,41,1597.4
2010-09-01,Venezuela,44,1667.4
2010-09-01,Chile,41,1620.1
2010-09-01,Bolivia,48,1685.1
2010-09-01,Indonesia,43,1631.6
2010-09-01,New Zealand,50,1619.2
2010-09-01,Costa Rica,50,1634.6
2010-09-01,Curaçao,43,1599.8
2010-09-01,Honduras,51,1593.5
2010-09-01,DR Congo,47,1585.3
2010-09-01,Kenya,49,1630.0
2010-09-01,Panama,47,1614.5
2010-09-01,Bosnia and Herzegovina,54,1602.6
2010-09-01,Qatar,50,1620.1
2010-09-01,Haiti,51,1540.0
2010-09-01,Cuba,53,1529.8
2010-09-01,Iraq,58,1541.8
2010-09-01,Trinidad and Tobago,58,1583.5
2010-09-01,Uzbekistan,63,1490.0
2010-10-01,France,1,1988.7
2010-10-01,Spain,6,2012.2
2010-10-01,Argentina,1,1959.7
2010-10-01,England,7,1998.3
2010-10-01,Portugal,9,1967.4
2010-10-01,Brazil,2,1927.5
2010-10-01,Netherlands,5,1992.9
2010-10-01,Morocco,5,1958.3
2010-10-01,Belgium,10,1943.1
2010-10-01,Germany,13,1907.9
2010-10-01,Croatia,7,1944.6
2010-10-01,Austria,13,1909.5
2010-10-01,Colombia,9,1890.2
2010-10-01,Senegal,12,1886.5
2010-10-01,Mexico,12,1907.8
2010-10-01,United States,12,1880.1
2010-10-01,Uruguay,21,1865.8
2010-10-01,Japan,19,1779.5
2010-10-01,Switzerland,16,1842.6
2010-10-01,Norway,21,1843.1
2010-10-01,Iran,17,1866.9
2010-10-01,Turkey,22,1793.0
2010-10-01,Ecuador,23,1806.3
2010-10-01,Sweden,25,1820.5
2010-10-01,South Korea,25,1782.5
2010-10-01,Nigeria,23,1830.9
2010-10-01,Australia,25,1741.2
2010-10-01,Ivory Coast,29,1781.7
2010-10-01,Algeria,24,1759.0
2010-10-01,Egypt,26,1791.5
2010-10-01,Canada,27,1735.4
2010-10-01,Tunisia,35,1771.5
2010-10-01,Paraguay,33,1719.5
2010-10-01,Peru,29,1822.6
2010-10-01,Ghana,31,1771.8
2010-10-01,Saudi Arabia,40,1711.4
2010-10-01,Cabo Verde,38,1675.8
2010-10-01,Slovakia,40,1698.4
2010-10-01,Scotland,38,1632.0
2010-10-01,Jordan,37,1673.7
2010-10-01,Czechia,43,1671.0
2010-10-01,South Africa,41,1689.5
2010-10-01,Venezuela,44,1680.6
2010-10-01,Chile,42,1657.0
2010-10-01,Bolivia,43,1612.2
2010-10-01,Indonesia,44,1704.8
2010-10-01,New Zealand,50,1622.9
2010-10-01,Costa Rica,51,1658.3
2010-10-01,Curaçao,51,1653.4
2010-10-01,Honduras,45,1597.0
2010-10-01,DR Congo,45,1572.0
2010-10-01,Kenya,45,1547.1
2010-10-01,Panama,50,1581.6
2010-10-01,Bosnia and Herzegovina,47,1610.3
2010-10-01,Qatar,54,1589.2
2010-10-01,Haiti,50,1556.6
2010-10-01,Cuba,58,1521.2
2010-10-01,Iraq,57,1604.3
2010-10-01,Trinidad and Tobago,56,1557.2
2010-10-01,Uzbekistan,63,1511.3
2010-11-01,France,5,1990.3
2010-11-01,Spain,1,2011.4
2010-11-01,Argentina,6,2003.8
2010-11-01,England,7,1955.1
2010-11-01,Portugal,9,1984.8
2010-11-01,Brazil,10,1914.3
2010-11-01,Netherlands,9,1936.8
2010-11-01,Morocco,6,1951.1
2010-11-01,Belgium,7,1945.0
2010-11-01,Germany,13,1906.2
2010-11-01,Croatia,13,1899.7
2010-11-01,Austria,16,1985.0
2010-11-01,Colombia,11,1922.2
2010-11-01,Senegal,12,1858.9
2010-11-01,Mexico,12,1898.7
2010-11-01,United States,17,1775.0
2010-11-01,Uruguay,14,1833.8
2010-11-01,Japan,18,1872.0
2010-11-01,Switzerland,16,1797.9
2010-11-01,Norway,24,1832.5
2010-11-01,Iran,17,1843.3
2010-11-01,Turkey,20,1769.9
2010-11-01,Ecuador,26,1819.1
2010-11-01,Sweden,26,1817.0
2010-11-01,South Korea,28,1811.1
2010-11-01,Nigeria,30,1820.5
2010-11-01,Australia,30,1744.3
2010-11-01,Ivory Coast,32,1783.6
2010-11-01,Algeria,32,1762.3
2010-11-01,Egypt,30,1755.1
2010-11-01,Canada,30,1752.6
2010-11-01,Tunisia,27,1783.8
2010-11-01,Paraguay,35,1784.3
2010-11-01,Peru,30,1777.8
2010-11-01,Ghana,31,1722.7
2010-11-01,Saudi Arabia,34,1710.2
2010-11-01,Cabo Verde,36,1712.0
2010-11-01,Slovakia,37,1699.2
2010-11-01,Scotland,36,1717.6
2010-11-01,Jordan,36,1668.6
2010-11-01,Czechia,36,1665.1
2010-11-01,South Africa,45,1638.7
2010-11-01,Venezuela,42,1695.3
2010-11-01,Chile,39,1612.2
2010-11-01,Bolivia,45,1665.8
2010-11-01,Indonesia,45,1626.9
2010-11-01,New Zealand,47,1620.5
2010-11-01,Costa Rica,46,1603.4
2010-11-01,Curaçao,47,1620.2
2010-11-01,Honduras,46,1558.7
2010-11-01,DR Congo,47,1641.9
2010-11-01,Kenya,53,1607.4
2010-11-01,Panama,48,1600.5
2010-11-01,Bosnia and Herzegovina,47,1581.4
2010-11-01,Qatar,51,1616.0
2010-11-01,Haiti,49,1596.4
2010-11-01,Cuba,55,1607.2
2010-11-01,Iraq,52,1588.9
2010-11-01,Trinidad and Tobago,57,1539.5
2010-11-01,Uzbekistan,67,1514.2
2010-12-01,France,4,2022.4
2010-12-01,Spain,1,1985.4
2010-12-01,Argentina,2,2013.9
2010-12-01,England,3,1931.1
2010-12-01,Portugal,4,1992.1
2010-12-01,Brazil,9,1950.7
2010-12-01,Netherlands,3,1928.8
2010-12-01,Morocco,12,1949.7
2010-12-01,Belgium,10,1915.7
2010-12-01,Germany,11,1938.8
2010-12-01,Croatia,12,1927.9
2010-12-01,Austria,9,1916.5
2010-12-01,Colombia,12,1922.1
2010-12-01,Senegal,15,1956.3
2010-12-01,Mexico,19,1857.1
2010-12-01,United States,18,1863.7
2010-12-01,Uruguay,16,1824.7
2010-12-01,Japan,21,1827.9
2010-12-01,Switzerland,17,1819.8
2010-12-01,Norway,19,1862.3
2010-12-01,Iran,23,1836.6
2010-12-01,Turkey,21,1811.6
2010-12-01,Ecuador,22,1807.9
2010-12-01,Sweden,20,1847.3
2010-12-01,South Korea,28,1797.9
2010-12-01,Nigeria,26,1800.8
2010-12-01,Australia,28,1776.2
2010-12-01,Ivory Coast,24,1759.5
2010-12-01,Algeria,25,1785.3
2010-12-01,Egypt,28,1738.1
2010-12-01,Canada,29,1746.0
2010-12-01,Tunisia,34,1757.8
2010-12-01,Paraguay,28,1777.7
2010-12-01,Peru,31,1756.6
2010-12-01,Ghana,35,1747.8
2010-12-01,Saudi Arabia,35,1713.8
2010-12-01,Cabo Verde,34,1680.4
2010-12-01,Slovakia,41,1651.6
2010-12-01,Scotland,39,1703.6
2010-12-01,Jordan,38,1711.0
2010-12-01,Czechia,42,1734.9
2010-12-01,South Africa,43,1656.5
2010-12-01,Venezuela,42,1596.6
2010-12-01,Chile,39,1624.7
2010-12-01,Bolivia,45,1638.6
2010-12-01,Indonesia,44,1640.5
2010-12-01,New Zealand,46,1613.7
2010-12-01,Costa Rica,49,1612.4
2010-12-01,Curaçao,46,1669.4
2010-12-01,Honduras,44,1597.7
2010-12-01,DR Congo,45,1655.7
2010-12-01,Kenya,48,1598.2
2010-12-01,Panama,46,1638.8
2010-12-01,Bosnia and Herzegovina,50,1555.7
2010-12-01,Qatar,53,1598.2
2010-12-01,Haiti,57,1559.2
2010-12-01,Cuba,51,1531.5
2010-12-01,Iraq,55,1546.9
2010-12-01,Trinidad and Tobago,56,1595.7
2010-12-01,Uzbekistan,62,1472.9
2011-01-01,France,3,1897.6
2011-01-01,Spain,6,1983.7
2011-01-01,Argentina,6,2014.8
2011-01-01,England,7,1972.1
2011-01-01,Portugal,9,1942.5
2011-01-01,Brazil,6,1955.5
2011-01-01,Netherlands,4,1940.0
2011-01-01,Morocco,6,1943.5
2011-01-01,Belgium,11,1950.5
2011-01-01,Germany,8,1889.6
2011-01-01,Croatia,14,1922.8
2011-01-01,Austria,16,1862.5
2011-01-01,Colombia,9,1871.7
2011-01-01,Senegal,15,1870.2
2011-01-01,Mexico,13,1829.4
2011-01-01,United States,13,1869.4
2011-01-01,Uruguay,13,1873.7
2011-01-01,Japan,20,1800.0
2011-01-01,Switzerland,18,1841.2
2011-01-01,Norway,20,1863.7
2011-01-01,Iran,18,1843.6
2011-01-01,Turkey,26,1809.9
2011-01-01,Ecuador,22,1822.6
2011-01-01,Sweden,27,1775.3
2011-01-01,South Korea,27,1769.9
2011-01-01,Nigeria,23,1874.7
2011-01-01,Australia,31,1792.0
2011-01-01,Ivory Coast,24,1715.1
2011-01-01,Algeria,26,1747.7
2011-01-01,Egypt,32,1777.1
2011-01-01,Canada,30,1784.4
2011-01-01,Tunisia,34,1767.9
2011-01-01,Paraguay,36,1770.2
2011-01-01,Peru,34,1738.0
2011-01-01,Ghana,33,1692.7
2011-01-01,Saudi Arabia,32,1744.1
2011-01-01,Cabo Verde,35,1663.1
2011-01-01,Slovakia,36,1690.0
2011-01-01,Scotland,39,1692.5
2011-01-01,Jordan,43,1678.8
2011-01-01,Czechia,41,1709.5
2011-01-01,South Africa,42,1673.0
2011-01-01,Venezuela,41,1685.1
2011-01-01,Chile,41,1663.4
2011-01-01,Bolivia,46,1622.2
2011-01-01,Indonesia,47,1635.3
2011-01-01,New Zealand,48,1599.3
2011-01-01,Costa Rica,45,1648.6
2011-01-01,Curaçao,50,1677.5
2011-01-01,Honduras,45,1612.9
2011-01-01,DR Congo,47,1598.0
2011-01-01,Kenya,48,1603.9
2011-01-01,Panama,48,1631.1
2011-01-01,Bosnia and Herzegovina,54,1584.9
2011-01-01,Qatar,54,1608.1
2011-01-01,Haiti,57,1584.6
2011-01-01,Cuba,53,1540.0
2011-01-01,Iraq,59,1530.8
2011-01-01,Trinidad and Tobago,57,1535.5
2011-01-01,Uzbekistan,63,1470.3
2011-02-01,France,1,2017.3
2011-02-01,Spain,2,1980.8
2011-02-01,Argentina,1,1945.3
2011-02-01,England,2,1959.2
2011-02-01,Portugal,3,1952.4
2011-02-01,Brazil,6,1946.4
2011-02-01,Netherlands,3,1963.7
2011-02-01,Morocco,8,1914.8
2011-02-01,Belgium,7,1900.0
2011-02-01,Germany,9,1937.8
2011-02-01,Croatia,14,1915.0
2011-02-01,Austria,14,1877.6
2011-02-01,Colombia,12,1870.0
2011-02-01,Senegal,10,1871.1
2011-02-01,Mexico,15,1904.4
2011-02-01,United States,18,1891.9
2011-02-01,Uruguay,16,1863.9
2011-02-01,Japan,20,1850.7
2011-02-01,Switzerland,16,1861.6
2011-02-01,Norway,18,1839.7
2011-02-01,Iran,17,1863.0
2011-02-01,Turkey,22,1822.9
2011-02-01,Ecuador,19,1846.2
2011-02-01,Sweden,21,1865.1
2011-02-01,South Korea,23,1791.9
2011-02-01,Nigeria,24,1817.8
2011-02-01,Australia,24,1775.7
2011-02-01,Ivory Coast,24,1845.1
2011-02-01,Algeria,30,1758.7
2011-02-01,Egypt,31,1743.7
2011-02-01,Canada,26,1771.4
2011-02-01,Tunisia,31,1745.4
2011-02-01,Paraguay,36,1755.2
2011-02-01,Peru,36,1732.6
2011-02-01,Ghana,36,1689.5
2011-02-01,Saudi Arabia,37,1748.7
2011-02-01,Cabo Verde,37,1753.8
2011-02-01,Slovakia,34,1740.6
2011-02-01,Scotland,35,1739.2
2011-02-01,Jordan,38,1697.8
2011-02-01,Czechia,40,1695.5
2011-02-01,South Africa,38,1655.6
2011-02-01,Venezuela,39,1653.0
2011-02-01,Chile,40,1669.7
2011-02-01,Bolivia,40,1679.9
2011-02-01,Indonesia,42,1685.3
2011-02-01,New Zealand,43,1665.3
2011-02-01,Costa Rica,47,1628.9
2011-02-01,Curaçao,49,1625.1
2011-02-01,Honduras,45,1626.0
2011-02-01,DR Congo,46,1591.7
2011-02-01,Kenya,51,1604.7
2011-02-01,Panama,53,1622.2
2011-02-01,Bosnia and Herzegovina,51,1585.4
2011-02-01,Qatar,54,1558.1
2011-02-01,Haiti,52,1559.0
2011-02-01,Cuba,56,1563.6
2011-02-01,Iraq,51,1606.8
2011-02-01,Trinidad and Tobago,58,1546.4
2011-02-01,Uzbekistan,64,1540.3
2011-03-01,France,1,1991.0
2011-03-01,Spain,1,1951.6
2011-03-01,Argentina,4,2013.1
2011-03-01,England,1,2000.2
2011-03-01,Portugal,6,1989.5
2011-03-01,Brazil,7,1935.5
2011-03-01,Netherlands,8,1955.4
2011-03-01,Morocco,11,1939.9
2011-03-01,Belgium,5,1938.6
2011-03-01,Germany,8,1874.5
2011-03-01,Croatia,8,1992.9
2011-03-01,Austria,15,1874.0
2011-03-01,Colombia,11,1894.9
2011-03-01,Senegal,16,1906.3
2011-03-01,Mexico,12,1890.8
2011-03-01,United States,14,1835.2
2011-03-01,Uruguay,14,1856.0
2011-03-01,Japan,22,1920.1
2011-03-01,Switzerland,23,1835.5
2011-03-01,Norway,17,1872.3
2011-03-01,Iran,18,1801.8
2011-03-01,Turkey,22,1800.1
2011-03-01,Ecuador,24,1753.6
2011-03-01,Sweden,22,1818.9
2011-03-01,South Korea,28,1811.7
2011-03-01,Nigeria,23,1816.1
2011-03-01,Australia,26,1796.1
2011-03-01,Ivory Coast,30,1714.8
2011-03-01,Algeria,30,1782.7
2011-03-01,Egypt,29,1767.6
2011-03-01,Canada,27,1733.0
2011-03-01,Tunisia,27,1752.5
2011-03-01,Paraguay,31,1717.2
2011-03-01,Peru,30,1772.2
2011-03-01,Ghana,34,1721.7
2011-03-01,Saudi Arabia,39,1735.9
2011-03-01,Cabo Verde,38,1650.7
2011-03-01,Slovakia,36,1694.4
2011-03-01,Scotland,36,1726.0
2011-03-01,Jordan,37,1681.8
2011-03-01,Czechia,37,1725.0
2011-03-01,South Africa,39,1648.6
2011-03-01,Venezuela,44,1699.3
2011-03-01,Chile,47,1632.6
2011-03-01,Bolivia,44,1655.0
2011-03-01,Indonesia,42,1607.4
2011-03-01,New Zealand,45,1620.3
2011-03-01,Costa Rica,51,1595.9
2011-03-01,Curaçao,49,1624.0
2011-03-01,Honduras,44,1658.8
2011-03-01,DR Congo,48,1621.2
2011-03-01,Kenya,53,1567.5
2011-03-01,Panama,50,1587.0
2011-03-01,Bosnia and Herzegovina,50,1613.1
2011-03-01,Qatar,53,1591.6
2011-03-01,Haiti,50,1622.8
2011-03-01,Cuba,52,1574.2
2011-03-01,Iraq,55,1516.5
2011-03-01,Trinidad and Tobago,55,1596.2
2011-03-01,Uzbekistan,59,1481.0
2011-04-01,France,1,1961.6
2011-04-01,Spain,1,2009.1
2011-04-01,Argentina,4,1976.4
2011-04-01,England,1,1969.3
2011-04-01,Portugal,2,1936.9
2011-04-01,Brazil,4,1975.3
2011-04-01,Netherlands,3,1947.4
2011-04-01,Morocco,9,1955.6
2011-04-01,Belgium,10,1975.0
2011-04-01,Germany,11,1876.9
2011-04-01,Croatia,15,1930.5
2011-04-01,Austria,13,1914.2
2011-04-01,Colombia,16,1909.0
2011-04-01,Senegal,15,1869.9
2011-04-01,Mexico,19,1852.1
2011-04-01,United States,19,1892.6
2011-04-01,Uruguay,17,1814.2
2011-04-01,Japan,21,1852.0
2011-04-01,Switzerland,18,1841.3
2011-04-01,Norway,24,1841.7
2011-04-01,Iran,22,1850.2
2011-04-01,Turkey,18,1796.4
2011-04-01,Ecuador,19,1796.5
2011-04-01,Sweden,20,1820.3
2011-04-01,South Korea,24,1774.5
2011-04-01,Nigeria,27,1804.2
2011-04-01,Australia,24,1750.8
2011-04-01,Ivory Coast,24,1816.8
2011-04-01,Algeria,28,1769.7
2011-04-01,Egypt,25,1756.8
2011-04-01,Canada,27,1709.2
2011-04-01,Tunisia,28,1789.2
2011-04-01,Paraguay,29,1685.5
2011-04-01,Peru,37,1739.6
2011-04-01,Ghana,37,1725.5
2011-04-01,Saudi Arabia,34,1731.5
2011-04-01,Cabo Verde,38,1709.6
2011-04-01,Slovakia,33,1711.1
2011-04-01,Scotland,35,1765.4
2011-04-01,Jordan,40,1744.1
2011-04-01,Czechia,44,1679.5
2011-04-01,South Africa,37,1647.4
2011-04-01,Venezuela,39,1677.6
2011-04-01,Chile,44,1654.4
2011-04-01,Bolivia,48,1627.8
2011-04-01,Indonesia,44,1627.2
2011-04-01,New Zealand,45,1666.5
2011-04-01,Costa Rica,46,1602.3
2011-04-01,Curaçao,49,1651.6
2011-04-01,Honduras,44,1545.1
2011-04-01,DR Congo,47,1627.0
2011-04-01,Kenya,46,1624.1
2011-04-01,Panama,51,1622.6
2011-04-01,Bosnia and Herzegovina,52,1526.9
2011-04-01,Qatar,48,1576.1
2011-04-01,Haiti,51,1622.2
2011-04-01,Cuba,53,1613.1
2011-04-01,Iraq,58,1577.5
2011-04-01,Trinidad and Tobago,54,1546.8
2011-04-01,Uzbekistan,62,1489.0
2011-05-01,France,3,2020.8
2011-05-01,Spain,4,2009.1
2011-05-01,Argentina,2,1977.5
2011-05-01,England,3,1925.2
2011-05-01,Portugal,8,1972.3
2011-05-01,Brazil,7,1914.2
2011-05-01,Netherlands,11,1938.6
2011-05-01,Morocco,5,1973.8
2011-05-01,Belgium,13,1906.4
2011-05-01,Germany,9,1945.5
2011-05-01,Croatia,15,1916.6
2011-05-01,Austria,12,1930.7
2011-05-01,Colombia,12,1879.6
2011-05-01,Senegal,14,1861.1
2011-05-01,Mexico,18,1839.3
2011-05-01,United States,14,1861.0
2011-05-01,Uruguay,15,1890.0
2011-05-01,Japan,18,1811.5
2011-05-01,Switzerland,23,1838.2
2011-05-01,Norway,22,1836.4
2011-05-01,Iran,18,1787.0
2011-05-01,Turkey,21,1873.0
2011-05-01,Ecuador,21,1861.6
2011-05-01,Sweden,20,1830.8
2011-05-01,South Korea,27,1778.3
2011-05-01,Nigeria,23,1721.4
2011-05-01,Australia,28,1776.6
2011-05-01,Ivory Coast,24,1756.1
2011-05-01,Algeria,28,1759.0
2011-05-01,Egypt,32,1744.2
2011-05-01,Canada,29,1764.8
2011-05-01,Tunisia,28,1698.4
2011-05-01,Paraguay,35,1739.9
2011-05-01,Peru,34,1746.7
2011-05-01,Ghana,36,1707.8
2011-05-01,Saudi Arabia,36,1659.8
2011-05-01,Cabo Verde,34,1732.3
2011-05-01,Slovakia,39,1699.7
2011-05-01,Scotland,36,1689.4
2011-05-01,Jordan,42,1654.4
2011-05-01,Czechia,40,1726.4
2011-05-01,South Africa,45,1665.1
2011-05-01,Venezuela,43,1687.9
2011-05-01,Chile,39,1648.5
2011-05-01,Bolivia,41,1627.7
2011-05-01,Indonesia,44,1642.3
2011-05-01,New Zealand,49,1663.3
2011-05-01,Costa Rica,50,1581.0
2011-05-01,Curaçao,51,1591.4
2011-05-01,Honduras,51,1656.4
2011-05-01,DR Congo,50,1627.3
2011-05-01,Kenya,45,1608.0
2011-05-01,Panama,47,1656.9
2011-05-01,Bosnia and Herzegovina,50,1628.6
2011-05-01,Qatar,50,1554.9
2011-05-01,Haiti,53,1566.1
2011-05-01,Cuba,55,1556.4
2011-05-01,Iraq,56,1531.7
2011-05-01,Trinidad and Tobago,58,1545.5
2011-05-01,Uzbekistan,65,1444.9
2011-06-01,France,1,1996.4
2011-06-01,Spain,4,1984.8
2011-06-01,Argentina,2,2013.4
2011-06-01,England,7,1918.8
2011-06-01,Portugal,5,1908.7
2011-06-01,Brazil,7,2004.0
2011-06-01,Netherlands,8,1897.1
2011-06-01,Morocco,4,1938.7
2011-06-01,Belgium,10,1953.2
2011-06-01,Germany,13,1898.1
2011-06-01,Croatia,12,1864.8
2011-06-01,Austria,8,1885.9
2011-06-01,Colombia,16,1899.9
2011-06-01,Senegal,11,1944.0
2011-06-01,Mexico,17,1898.2
2011-06-01,United States,16,1853.1
2011-06-01,Uruguay,15,1838.9
2011-06-01,Japan,15,1836.1
2011-06-01,Switzerland,19,1875.8
2011-06-01,Norway,19,1827.9
2011-06-01,Iran,21,1859.7
2011-06-01,Turkey,21,1846.7
2011-06-01,Ecuador,24,1799.9
2011-06-01,Sweden,22,1830.9
2011-06-01,South Korea,26,1815.0
2011-06-01,Nigeria,29,1810.4
2011-06-01,Australia,27,1760.1
2011-06-01,Ivory Coast,32,1786.7
2011-06-01,Algeria,28,1762.3
2011-06-01,Egypt,25,1758.7
2011-06-01,Canada,31,1765.5
2011-06-01,Tunisia,30,1788.5
2011-06-01,Paraguay,31,1739.9
2011-06-01,Peru,35,1755.7
2011-06-01,Ghana,33,1699.4
2011-06-01,Saudi Arabia,37,1708.9
2011-06-01,Cabo Verde,38,1742.6
2011-06-01,Slovakia,40,1714.4
2011-06-01,Scotland,35,1726.1
2011-06-01,Jordan,36,1708.3
2011-06-01,Czechia,42,1675.5
2011-06-01,South Africa,37,1650.6
2011-06-01,Venezuela,45,1620.7
2011-06-01,Chile,44,1706.9
2011-06-01,Bolivia,47,1610.6
2011-06-01,Indonesia,43,1667.4
2011-06-01,New Zealand,44,1638.1
2011-06-01,Costa Rica,45,1594.6
2011-06-01,Curaçao,45,1663.6
2011-06-01,Honduras,51,1610.4
2011-06-01,DR Congo,44,1616.8
2011-06-01,Kenya,53,1604.6
2011-06-01,Panama,46,1563.5
2011-06-01,Bosnia and Herzegovina,52,1605.3
2011-06-01,Qatar,48,1568.7
2011-06-01,Haiti,49,1565.2
2011-06-01,Cuba,58,1590.7
2011-06-01,Iraq,57,1566.9
2011-06-01,Trinidad and Tobago,56,1571.8
2011-06-01,Uzbekistan,64,1474.7
2011-07-01,France,1,2032.1
2011-07-01,Spain,1,1952.3
2011-07-01,Argentina,1,1997.6
2011-07-01,England,1,2000.8
2011-07-01,Portugal,5,1951.4
2011-07-01,Brazil,5,1997.5
2011-07-01,Netherlands,8,1928.7
2011-07-01,Morocco,11,1933.0
2011-07-01,Belgium,9,1955.7
2011-07-01,Germany,12,1907.2
2011-07-01,Croatia,14,2015.1
2011-07-01,Austria,9,1936.2
2011-07-01,Colombia,15,1880.0
2011-07-01,Senegal,13,1895.6
2011-07-01,Mexico,13,1867.7
2011-07-01,United States,15,1852.9
2011-07-01,Uruguay,13,1862.6
2011-07-01,Japan,14,1818.6
2011-07-01,Switzerland,15,1822.5
2011-07-01,Norway,21,1841.6
2011-07-01,Iran,18,1782.1
2011-07-01,Turkey,20,1791.5
2011-07-01,Ecuador,27,1821.4
2011-07-01,Sweden,21,1780.8
2011-07-01,South Korea,24,1798.9
2011-07-01,Nigeria,25,1794.9
2011-07-01,Australia,28,1818.1
2011-07-01,Ivory Coast,27,1767.1
2011-07-01,Algeria,32,1805.9
2011-07-01,Egypt,28,1718.0
2011-07-01,Canada,30,1787.4
2011-07-01,Tunisia,32,1773.8
2011-07-01,Paraguay,33,1731.5
2011-07-01,Peru,35,1721.3
2011-07-01,Ghana,34,1758.5
2011-07-01,Saudi Arabia,38,1693.0
2011-07-01,Cabo Verde,38,1666.3
2011-07-01,Slovakia,41,1701.6
2011-07-01,Scotland,35,1638.9
2011-07-01,Jordan,43,1637.7
2011-07-01,Czechia,40,1681.1
2011-07-01,South Africa,39,1674.6
2011-07-01,Venezuela,41,1682.1
2011-07-01,Chile,45,1660.5
2011-07-01,Bolivia,42,1645.1
2011-07-01,Indonesia,49,1626.3
2011-07-01,New Zealand,43,1679.4
2011-07-01,Costa Rica,43,1577.9
2011-07-01,Curaçao,44,1582.7
2011-07-01,Honduras,44,1658.7
2011-07-01,DR Congo,46,1637.4
2011-07-01,Kenya,53,1626.1
2011-07-01,Panama,53,1621.1
2011-07-01,Bosnia and Herzegovina,55,1615.4
2011-07-01,Qatar,56,1556.4
2011-07-01,Haiti,53,1548.4
2011-07-01,Cuba,56,1532.9
2011-07-01,Iraq,59,1496.8
2011-07-01,Trinidad and Tobago,52,1533.5
2011-07-01,Uzbekistan,62,1517.1
2011-08-01,France,4,2028.3
2011-08-01,Spain,6,2019.7
2011-08-01,Argentina,1,1941.8
2011-08-01,England,1,1993.3
2011-08-01,Portugal,4,1961.3
2011-08-01,Brazil,5,1975.6
2011-08-01,Netherlands,7,1866.9
2011-08-01,Morocco,7,1916.2
2011-08-01,Belgium,7,1919.6
2011-08-01,Germany,10,1948.9
2011-08-01,Croatia,11,1943.8
2011-08-01,Austria,11,1888.2
2011-08-01,Colombia,15,1881.5
2011-08-01,Senegal,11,1852.5
2011-08-01,Mexico,12,1829.2
2011-08-01,United States,15,1796.4
2011-08-01,Uruguay,13,1848.7
2011-08-01,Japan,22,1834.8
2011-08-01,Switzerland,21,1854.5
2011-08-01,Norway,16,1804.8
2011-08-01,Iran,23,1868.3
2011-08-01,Turkey,26,1854.8
2011-08-01,Ecuador,23,1817.5
2011-08-01,Sweden,27,1796.5
2011-08-01,South Korea,29,1855.1
2011-08-01,Nigeria,24,1784.8
2011-08-01,Australia,28,1833.8
2011-08-01,Ivory Coast,30,1771.1
2011-08-01,Algeria,25,1759.8
2011-08-01,Egypt,29,1786.6
2011-08-01,Canada,30,1746.7
2011-08-01,Tunisia,31,1749.8
2011-08-01,Paraguay,35,1730.3
2011-08-01,Peru,34,1747.4
2011-08-01,Ghana,33,1730.3
2011-08-01,Saudi Arabia,40,1742.5
2011-08-01,Cabo Verde,34,1665.2
2011-08-01,Slovakia,39,1678.3
2011-08-01,Scotland,42,1700.0
2011-08-01,Jordan,42,1667.5
2011-08-01,Czechia,42,1657.4
2011-08-01,South Africa,40,1624.9
2011-08-01,Venezuela,43,1680.6
2011-08-01,Chile,40,1605.7
2011-08-01,Bolivia,44,1649.6
2011-08-01,Indonesia,43,1611.8
2011-08-01,New Zealand,43,1602.2
2011-08-01,Costa Rica,44,1671.8
2011-08-01,Curaçao,43,1590.1
2011-08-01,Honduras,44,1696.0
2011-08-01,DR Congo,47,1636.8
2011-08-01,Kenya,52,1612.2
2011-08-01,Panama,52,1621.7
2011-08-01,Bosnia and Herzegovina,51,1617.3
2011-08-01,Qatar,52,1581.1
2011-08-01,Haiti,56,1576.8
2011-08-01,Cuba,54,1607.9
2011-08-01,Iraq,58,1597.3
2011-08-01,Trinidad and Tobago,52,1581.8
2011-08-01,Uzbekistan,62,1511.1
2011-09-01,France,3,2005.6
2011-09-01,Spain,1,1971.4
2011-09-01,Argentina,5,1895.6
2011-09-01,England,3,1909.2
2011-09-01,Portugal,7,1968.8
2011-09-01,Brazil,4,1928.1
2011-09-01,Netherlands,5,1920.3
2011-09-01,Morocco,11,1906.0
2011-09-01,Belgium,7,1943.1
2011-09-01,Germany,8,1986.2
2011-09-01,Croatia,15,1898.4
2011-09-01,Austria,14,1890.6
2011-09-01,Colombia,15,1913.6
2011-09-01,Senegal,14,1892.7
2011-09-01,Mexico,19,1881.8
2011-09-01,United States,16,1842.7
2011-09-01,Uruguay,13,1857.6
2011-09-01,Japan,15,1846.0
2011-09-01,Switzerland,20,1851.0
2011-09-01,Norway,16,1842.5
2011-09-01,Iran,24,1891.9
2011-09-01,Turkey,26,1858.3
2011-09-01,Ecuador,22,1857.1
2011-09-01,Sweden,23,1820.4
2011-09-01,South Korea,23,1835.6
2011-09-01,Nigeria,29,1778.0
2011-09-01,Australia,26,1778.0
2011-09-01,Ivory Coast,32,1780.1
2011-09-01,Algeria,29,1805.0
2011-09-01,Egypt,25,1818.0
2011-09-01,Canada,30,1714.5
2011-09-01,Tunisia,35,1738.5
2011-09-01,Paraguay,30,1727.5
2011-09-01,Peru,37,1694.5
2011-09-01,Ghana,35,1677.4
2011-09-01,Saudi Arabia,32,1677.7
2011-09-01,Cabo Verde,39,1667.5
2011-09-01,Slovakia,34,1666.2
2011-09-01,Scotland,37,1692.7
2011-09-01,Jordan,36,1653.5
2011-09-01,Czechia,36,1761.4
2011-09-01,South Africa,45,1696.4
2011-09-01,Venezuela,39,1689.1
2011-09-01,Chile,43,1645.7
2011-09-01,Bolivia,41,1662.3
2011-09-01,Indonesia,42,1622.9
2011-09-01,New Zealand,44,1665.0
2011-09-01,Costa Rica,51,1670.1
2011-09-01,Curaçao,50,1609.0
2011-09-01,Honduras,52,1597.6
2011-09-01,DR Congo,50,1649.1
2011-09-01,Kenya,50,1563.2
2011-09-01,Panama,53,1577.7
2011-09-01,Bosnia and Herzegovina,49,1606.6
2011-09-01,Qatar,56,1610.6
2011-09-01,Haiti,50,1633.0
2011-09-01,Cuba,51,1504.7
2011-09-01,Iraq,54,1560.2
2011-09-01,Trinidad and Tobago,55,1533.9
2011-09-01,Uzbekistan,60,1498.1
2011-10-01,France,1,1951.6
2011-10-01,Spain,1,1993.3
2011-10-01,Argentina,5,1976.8
2011-10-01,England,4,1922.9
2011-10-01,Portugal,1,1973.6
2011-10-01,Brazil,7,2005.2
2011-10-01,Netherlands,3,1935.8
2011-10-01,Morocco,5,1941.7
2011-10-01,Belgium,13,1938.4
2011-10-01,Germany,12,1933.9
2011-10-01,Croatia,7,1949.3
2011-10-01,Austria,15,1956.0
2011-10-01,Colombia,15,1875.4
2011-10-01,Senegal,12,1909.8
2011-10-01,Mexico,11,1845.4
2011-10-01,United States,20,1824.6
2011-10-01,Uruguay,21,1825.7
2011-10-01,Japan,17,1872.8
2011-10-01,Switzerland,21,1900.5
2011-10-01,Norway,20,1875.6
2011-10-01,Iran,19,1867.1
2011-10-01,Turkey,18,1805.0
2011-10-01,Ecuador,23,1854.0
2011-10-01,Sweden,28,1865.8
2011-10-01,South Korea,29,1763.9
2011-10-01,Nigeria,27,1753.9
2011-10-01,Australia,25,1757.0
2011-10-01,Ivory Coast,32,1750.7
2011-10-01,Algeria,32,1756.0
2011-10-01,Egypt,28,1824.5
2011-10-01,Canada,26,1809.1
2011-10-01,Tunisia,29,1743.2
2011-10-01,Paraguay,36,1740.1
2011-10-01,Peru,34,1758.2
2011-10-01,Ghana,37,1700.5
2011-10-01,Saudi Arabia,38,1736.7
2011-10-01,Cabo Verde,36,1729.4
2011-10-01,Slovakia,35,1681.4
2011-10-01,Scotland,40,1716.3
2011-10-01,Jordan,42,1710.4
2011-10-01,Czechia,41,1722.2
2011-10-01,South Africa,39,1651.4
2011-10-01,Venezuela,39,1698.5
2011-10-01,Chile,45,1701.2
2011-10-01,Bolivia,45,1660.8
2011-10-01,Indonesia,49,1583.9
2011-10-01,New Zealand,47,1660.9
2011-10-01,Costa Rica,43,1626.6
2011-10-01,Curaçao,49,1616.6
2011-10-01,Honduras,50,1635.0
2011-10-01,DR Congo,45,1646.4
2011-10-01,Kenya,51,1621.3
2011-10-01,Panama,51,1545.3
2011-10-01,Bosnia and Herzegovina,52,1565.7
2011-10-01,Qatar,50,1630.7
2011-10-01,Haiti,50,1601.3
2011-10-01,Cuba,56,1588.7
2011-10-01,Iraq,58,1595.9
2011-10-01,Trinidad and Tobago,55,1516.2
2011-10-01,Uzbekistan,60,1538.8
2011-11-01,France,1,1988.6
2011-11-01,Spain,1,1928.7
2011-11-01,Argentina,2,1970.8
2011-11-01,England,4,1905.8
2011-11-01,Portugal,6,1955.7
2011-11-01,Brazil,10,1945.1
2011-11-01,Netherlands,4,1922.5
2011-11-01,Morocco,9,1898.0
2011-11-01,Belgium,10,1954.3
2011-11-01,Germany,6,1888.3
2011-11-01,Croatia,9,1943.5
2011-11-01,Austria,9,1905.8
2011-11-01,Colombia,9,1914.2
2011-11-01,Senegal,10,1887.1
2011-11-01,Mexico,17,1860.5
2011-11-01,United States,16,1874.1
2011-11-01,Uruguay,16,1848.9
2011-11-01,Japan,16,1850.7
2011-11-01,Switzerland,17,1846.1
2011-11-01,Norway,16,1836.3
2011-11-01,Iran,23,1833.8
2011-11-01,Turkey,19,1839.4
2011-11-01,Ecuador,24,1821.8
2011-11-01,Sweden,28,1794.7
2011-11-01,South Korea,28,1739.6
2011-11-01,Nigeria,22,1820.2
2011-11-01,Australia,24,1824.5
2011-11-01,Ivory Coast,31,1753.1
2011-11-01,Algeria,25,1759.1
2011-11-01,Egypt,29,1744.6
2011-11-01,Canada,30,1738.0
2011-11-01,Tunisia,31,1744.1
2011-11-01,Paraguay,34,1724.1
2011-11-01,Peru,32,1781.6
2011-11-01,Ghana,35,1673.9
2011-11-01,Saudi Arabia,34,1725.5
2011-11-01,Cabo Verde,39,1690.6
2011-11-01,Slovakia,36,1692.8
2011-11-01,Scotland,36,1698.8
2011-11-01,Jordan,37,1706.0
2011-11-01,Czechia,41,1636.3
2011-11-01,South Africa,43,1668.1
2011-11-01,Venezuela,40,1689.7
2011-11-01,Chile,41,1587.6
2011-11-01,Bolivia,43,1647.7
2011-11-01,Indonesia,46,1650.3
2011-11-01,New Zealand,48,1622.4
2011-11-01,Costa Rica,48,1591.2
2011-11-01,Curaçao,48,1609.2
2011-11-01,Honduras,51,1611.7
2011-11-01,DR Congo,44,1586.1
2011-11-01,Kenya,47,1629.7
2011-11-01,Panama,52,1605.5
2011-11-01,Bosnia and Herzegovina,55,1576.1
2011-11-01,Qatar,54,1609.8
2011-11-01,Haiti,52,1579.0
2011-11-01,Cuba,52,1595.2
2011-11-01,Iraq,51,1570.3
2011-11-01,Trinidad and Tobago,55,1535.7
2011-11-01,Uzbekistan,67,1474.9
2011-12-01,France,1,1968.5
2011-12-01,Spain,4,1969.4
2011-12-01,Argentina,4,2004.4
2011-12-01,England,1,1883.2
2011-12-01,Portugal,9,1983.8
2011-12-01,Brazil,2,1939.6
2011-12-01,Netherlands,5,1959.7
2011-12-01,Morocco,9,1933.3
2011-12-01,Belgium,8,1894.0
2011-12-01,Germany,11,1873.7
2011-12-01,Croatia,13,1865.2
2011-12-01,Austria,12,1923.9
2011-12-01,Colombia,11,1922.1
2011-12-01,Senegal,13,1870.6
2011-12-01,Mexico,13,1799.2
2011-12-01,United States,18,1853.6
2011-12-01,Uruguay,18,1872.5
2011-12-01,Japan,20,1834.6
2011-12-01,Switzerland,19,1796.9
2011-12-01,Norway,16,1846.4
2011-12-01,Iran,18,1808.0
2011-12-01,Turkey,25,1838.5
2011-12-01,Ecuador,25,1818.5
2011-12-01,Sweden,28,1823.8
2011-12-01,South Korea,27,1847.6
2011-12-01,Nigeria,29,1844.2
2011-12-01,Australia,24,1824.3
2011-12-01,Ivory Coast,32,1757.8
2011-12-01,Algeria,24,1713.4
2011-12-01,Egypt,25,1746.5
2011-12-01,Canada,34,1813.0
2011-12-01,Tunisia,32,1747.7
2011-12-01,Paraguay,30,1753.2
2011-12-01,Peru,36,1693.5
2011-12-01,Ghana,34,1705.6
2011-12-01,Saudi Arabia,34,1724.3
2011-12-01,Cabo Verde,38,1697.7
2011-12-01,Slovakia,34,1708.2
2011-12-01,Scotland,42,1653.8
2011-12-01,Jordan,38,1672.4
2011-12-01,Czechia,36,1685.9
2011-12-01,South Africa,38,1680.6
2011-12-01,Venezuela,38,1655.6
2011-12-01,Chile,47,1684.5
2011-12-01,Bolivia,44,1683.4
2011-12-01,Indonesia,43,1620.5
2011-12-01,New Zealand,47,1623.7
2011-12-01,Costa Rica,48,1625.3
2011-12-01,Curaçao,51,1567.2
2011-12-01,Honduras,48,1587.8
2011-12-01,DR Congo,51,1623.5
2011-12-01,Kenya,53,1568.1
2011-12-01,Panama,49,1560.4
2011-12-01,Bosnia and Herzegovina,52,1567.6
2011-12-01,Qatar,54,1587.8
2011-12-01,Haiti,51,1595.3
2011-12-01,Cuba,56,1575.7
2011-12-01,Iraq,56,1551.7
2011-12-01,Trinidad and Tobago,59,1564.1
2011-12-01,Uzbekistan,66,1561.6
2012-01-01,France,1,2041.7
2012-01-01,Spain,2,2004.0
2012-01-01,Argentina,6,1976.1
2012-01-01,England,6,1915.4
2012-01-01,Portugal,3,1924.8
2012-01-01,Brazil,3,1953.2
2012-01-01,Netherlands,10,1953.6
2012-01-01,Morocco,12,1921.1
2012-01-01,Belgium,9,1915.3
2012-01-01,Germany,7,1909.5
2012-01-01,Croatia,11,1868.1
2012-01-01,Austria,8,1908.7
2012-01-01,Colombia,9,1876.2
2012-01-01,Senegal,17,1843.4
2012-01-01,Mexico,13,1864.7
2012-01-01,United States,18,1868.0
2012-01-01,Uruguay,21,1859.9
2012-01-01,Japan,16,1867.3
2012-01-01,Switzerland,17,1834.5
2012-01-01,Norway,24,1884.6
2012-01-01,Iran,25,1811.8
2012-01-01,Turkey,26,1813.5
2012-01-01,Ecuador,23,1852.2
2012-01-01,Sweden,27,1806.9
2012-01-01,South Korea,22,1793.7
2012-01-01,Nigeria,28,1750.1
2012-01-01,Australia,27,1779.3
2012-01-01,Ivory Coast,26,1760.7
2012-01-01,Algeria,29,1781.4
2012-01-01,Egypt,28,1779.6
2012-01-01,Canada,33,1790.0
2012-01-01,Tunisia,30,1761.4
2012-01-01,Paraguay,31,1782.9
2012-01-01,Peru,31,1797.7
2012-01-01,Ghana,33,1693.4
2012-01-01,Saudi Arabia,39,1742.1
2012-01-01,Cabo Verde,32,1696.5
2012-01-01,Slovakia,40,1658.4
2012-01-01,Scotland,36,1674.6
2012-01-01,Jordan,43,1724.8
2012-01-01,Czechia,43,1665.5
2012-01-01,South Africa,40,1715.5
2012-01-01,Venezuela,43,1649.1
2012-01-01,Chile,40,1617.0
2012-01-01,Bolivia,45,1691.7
2012-01-01,Indonesia,49,1632.7
2012-01-01,New Zealand,42,1619.6
2012-01-01,Costa Rica,45,1632.4
2012-01-01,Curaçao,48,1664.0
2012-01-01,Honduras,51,1643.4
2012-01-01,DR Congo,44,1596.0
2012-01-01,Kenya,48,1611.2
2012-01-01,Panama,54,1574.2
2012-01-01,Bosnia and Herzegovina,52,1612.7
2012-01-01,Qatar,48,1600.3
2012-01-01,Haiti,54,1574.5
2012-01-01,Cuba,57,1573.8
2012-01-01,Iraq,53,1566.8
2012-01-01,Trinidad and Tobago,59,1557.9
2012-01-01,Uzbekistan,64,1520.5
2012-02-01,France,1,2020.4
2012-02-01,Spain,1,1968.7
2012-02-01,Argentina,6,1992.5
2012-02-01,England,2,1995.9
2012-02-01,Portugal,4,1966.8
2012-02-01,Brazil,6,1884.8
2012-02-01,Netherlands,9,1968.1
2012-02-01,Morocco,12,1971.3
2012-02-01,Belgium,6,1894.8
2012-02-01,Germany,11,1943.0
2012-02-01,Croatia,7,1920.5
2012-02-01,Austria,14,1915.5
2012-02-01,Colombia,10,1938.5
2012-02-01,Senegal,10,1860.0
2012-02-01,Mexico,16,1912.0
2012-02-01,United States,20,1869.6
2012-02-01,Uruguay,13,1827.8
2012-02-01,Japan,20,1849.5
2012-02-01,Switzerland,21,1858.2
2012-02-01,Norway,24,1838.5
2012-02-01,Iran,23,1789.2
2012-02-01,Turkey,24,1852.9
2012-02-01,Ecuador,26,1826.3
2012-02-01,Sweden,21,1838.7
2012-02-01,South Korea,24,1774.1
2012-02-01,Nigeria,25,1800.3
2012-02-01,Australia,26,1788.2
2012-02-01,Ivory Coast,32,1788.9
2012-02-01,Algeria,26,1766.0
2012-02-01,Egypt,28,1765.0
2012-02-01,Canada,29,1810.9
2012-02-01,Tunisia,29,1752.8
2012-02-01,Paraguay,31,1760.0
2012-02-01,Peru,31,1797.8
2012-02-01,Ghana,38,1723.0
2012-02-01,Saudi Arabia,34,1700.3
2012-02-01,Cabo Verde,33,1717.9
2012-02-01,Slovakia,37,1712.3
2012-02-01,Scotland,34,1703.9
2012-02-01,Jordan,38,1706.1
2012-02-01,Czechia,43,1649.6
2012-02-01,South Africa,44,1687.6
2012-02-01,Venezuela,43,1649.2
2012-02-01,Chile,46,1717.0
2012-02-01,Bolivia,42,1632.1
2012-02-01,Indonesia,48,1654.9
2012-02-01,New Zealand,42,1649.5
2012-02-01,Costa Rica,50,1610.5
2012-02-01,Curaçao,49,1641.3
2012-02-01,Honduras,47,1630.8
2012-02-01,DR Congo,44,1615.5
2012-02-01,Kenya,53,1633.9
2012-02-01,Panama,49,1536.2
2012-02-01,Bosnia and Herzegovina,54,1582.7
2012-02-01,Qatar,54,1542.6
2012-02-01,Haiti,49,1527.0
2012-02-01,Cuba,53,1568.0
2012-02-01,Iraq,57,1550.1
2012-02-01,Trinidad and Tobago,59,1577.4
2012-02-01,Uzbekistan,67,1511.2
2012-03-01,France,1,2003.5
2012-03-01,Spain,2,2005.1
2012-03-01,Argentina,2,2017.5
2012-03-01,England,8,1976.5
2012-03-01,Portugal,5,2001.4
2012-03-01,Brazil,3,1925.6
2012-03-01,Netherlands,8,1964.2
2012-03-01,Morocco,7,1962.2
2012-03-01,Belgium,9,1942.7
2012-03-01,Germany,9,1915.1
2012-03-01,Croatia,10,1915.9
2012-03-01,Austria,11,1929.7
2012-03-01,Colombia,14,1934.5
2012-03-01,Senegal,11,1899.7
2012-03-01,Mexico,13,1875.9
2012-03-01,United States,19,1868.8
2012-03-01,Uruguay,13,1832.8
2012-03-01,Japan,21,1786.0
2012-03-01,Switzerland,20,1821.0
2012-03-01,Norway,17,1847.2
2012-03-01,Iran,17,1876.1
2012-03-01,Turkey,21,1843.0
2012-03-01,Ecuador,25,1785.0
2012-03-01,Sweden,21,1797.9
2012-03-01,South Korea,24,1787.6
2012-03-01,Nigeria,30,1744.1
2012-03-01,Australia,27,1771.4
2012-03-01,Ivory Coast,28,1745.1
2012-03-01,Algeria,32,1770.4
2012-03-01,Egypt,31,1835.5
2012-03-01,Canada,32,1783.1
2012-03-01,Tunisia,27,1783.6
2012-03-01,Paraguay,28,1748.7
2012-03-01,Peru,30,1701.2
2012-03-01,Ghana,38,1721.4
2012-03-01,Saudi Arabia,35,1711.3
2012-03-01,Cabo Verde,37,1747.5
2012-03-01,Slovakia,41,1715.2
2012-03-01,Scotland,38,1678.7
2012-03-01,Jordan,39,1691.4
2012-03-01,Czechia,40,1691.1
2012-03-01,South Africa,37,1680.6
2012-03-01,Venezuela,42,1617.4
2012-03-01,Chile,45,1650.1
2012-03-01,Bolivia,45,1695.6
2012-03-01,Indonesia,41,1652.9
2012-03-01,New Zealand,45,1650.6
2012-03-01,Costa Rica,46,1618.8
2012-03-01,Curaçao,49,1623.3
2012-03-01,Honduras,46,1629.5
2012-03-01,DR Congo,51,1655.5
2012-03-01,Kenya,49,1581.5
2012-03-01,Panama,52,1625.4
2012-03-01,Bosnia and Herzegovina,54,1555.5
2012-03-01,Qatar,56,1575.2
2012-03-01,Haiti,49,1537.4
2012-03-01,Cuba,57,1562.1
2012-03-01,Iraq,57,1584.1
2012-03-01,Trinidad and Tobago,52,1540.6
2012-03-01,Uzbekistan,64,1481.0
2012-04-01,France,3,2014.0
2012-04-01,Spain,1,1941.5
2012-04-01,Argentina,4,1953.4
2012-04-01,England,1,1921.1
2012-04-01,Portugal,1,2006.6
2012-04-01,Brazil,7,1965.4
2012-04-01,Netherlands,5,1907.5
2012-04-01,Morocco,9,1923.4
2012-04-01,Belgium,6,1947.6
2012-04-01,Germany,7,1908.6
2012-04-01,Croatia,15,1878.5
2012-04-01,Austria,8,1944.4
2012-04-01,Colombia,12,1900.9
2012-04-01,Senegal,13,1877.3
2012-04-01,Mexico,11,1854.6
2012-04-01,United States,20,1871.4
2012-04-01,Uruguay,13,1836.9
2012-04-01,Japan,22,1865.0
2012-04-01,Switzerland,21,1845.9
2012-04-01,Norway,23,1807.4
2012-04-01,Iran,21,1869.6
2012-04-01,Turkey,25,1789.8
2012-04-01,Ecuador,23,1871.1
2012-04-01,Sweden,27,1788.7
2012-04-01,South Korea,24,1823.5
2012-04-01,Nigeria,27,1771.9
2012-04-01,Australia,31,1778.9
2012-04-01,Ivory Coast,32,1788.6
2012-04-01,Algeria,29,1817.7
2012-04-01,Egypt,27,1805.8
2012-04-01,Canada,27,1800.6
2012-04-01,Tunisia,32,1784.0
2012-04-01,Paraguay,30,1772.4
2012-04-01,Peru,31,1818.2
2012-04-01,Ghana,37,1722.2
2012-04-01,Saudi Arabia,37,1638.0
2012-04-01,Cabo Verde,39,1732.9
2012-04-01,Slovakia,36,1711.9
2012-04-01,Scotland,36,1724.2
2012-04-01,Jordan,41,1664.9
2012-04-01,Czechia,40,1700.8
2012-04-01,South Africa,38,1689.0
2012-04-01,Venezuela,44,1673.5
2012-04-01,Chile,40,1649.5
2012-04-01,Bolivia,40,1668.2
2012-04-01,Indonesia,47,1651.6
2012-04-01,New Zealand,45,1600.7
2012-04-01,Costa Rica,47,1645.1
2012-04-01,Curaçao,44,1628.8
2012-04-01,Honduras,48,1581.4
2012-04-01,DR Congo,50,1661.6
2012-04-01,Kenya,47,1650.9
2012-04-01,Panama,46,1589.0
2012-04-01,Bosnia and Herzegovina,47,1577.1
2012-04-01,Qatar,54,1589.6
2012-04-01,Haiti,50,1570.4
2012-04-01,Cuba,52,1579.5
2012-04-01,Iraq,52,1550.8
2012-04-01,Trinidad and Tobago,52,1528.6
2012-04-01,Uzbekistan,64,1494.0
2012-05-01,France,2,1946.7
2012-05-01,Spain,3,1977.5
2012-05-01,Argentina,7,2001.2
2012-05-01,England,2,1981.1
2012-05-01,Portugal,5,1978.6
2012-05-01,Brazil,2,1901.8
2012-05-01,Netherlands,9,1963.3
2012-05-01,Morocco,8,1906.1
2012-05-01,Belgium,5,1877.7
2012-05-01,Germany,9,1961.0
2012-05-01,Croatia,14,1876.5
2012-05-01,Austria,13,1874.9
2012-05-01,Colombia,15,1884.5
2012-05-01,Senegal,13,1942.0
2012-05-01,Mexico,17,1886.6
2012-05-01,United States,16,1919.7
2012-05-01,Uruguay,18,1850.4
2012-05-01,Japan,22,1841.6
2012-05-01,Switzerland,17,1896.1
2012-05-01,Norway,16,1818.9
2012-05-01,Iran,21,1815.7
2012-05-01,Turkey,21,1832.1
2012-05-01,Ecuador,27,1842.9
2012-05-01,Sweden,25,1813.3
2012-05-01,South Korea,22,1816.8
2012-05-01,Nigeria,29,1742.3
2012-05-01,Australia,25,1857.0
2012-05-01,Ivory Coast,31,1756.1
2012-05-01,Algeria,26,1825.4
2012-05-01,Egypt,27,1752.9
2012-05-01,Canada,27,1784.5
2012-05-01,Tunisia,31,1779.1
2012-05-01,Paraguay,33,1761.8
2012-05-01,Peru,30,1748.6
2012-05-01,Ghana,33,1676.7
2012-05-01,Saudi Arabia,34,1762.9
2012-05-01,Cabo Verde,32,1714.7
2012-05-01,Slovakia,39,1712.0
2012-05-01,Scotland,39,1615.5
2012-05-01,Jordan,40,1648.6
2012-05-01,Czechia,41,1724.8
2012-05-01,South Africa,39,1659.2
2012-05-01,Venezuela,38,1652.2
2012-05-01,Chile,47,1688.8
2012-05-01,Bolivia,43,1647.7
2012-05-01,Indonesia,44,1649.6
2012-05-01,New Zealand,45,1631.3
2012-05-01,Costa Rica,45,1637.0
2012-05-01,Curaçao,45,1600.7
2012-05-01,Honduras,48,1640.3
2012-05-01,DR Congo,44,1546.0
2012-05-01,Kenya,52,1639.0
2012-05-01,Panama,48,1650.3
2012-05-01,Bosnia and Herzegovina,52,1560.0
2012-05-01,Qatar,55,1573.7
2012-05-01,Haiti,50,1612.1
2012-05-01,Cuba,51,1559.8
2012-05-01,Iraq,57,1534.6
2012-05-01,Trinidad and Tobago,55,1561.9
2012-05-01,Uzbekistan,59,1480.8
2012-06-01,France,3,2012.2
2012-06-01,Spain,1,1928.2
2012-06-01,Argentina,5,1992.3
2012-06-01,England,1,1949.5
2012-06-01,Portugal,3,1920.0
2012-06-01,Brazil,10,1917.1
2012-06-01,Netherlands,9,1934.4
2012-06-01,Morocco,8,1886.0
2012-06-01,Belgium,5,1913.7
2012-06-01,Germany,7,1932.5
2012-06-01,Croatia,8,1855.2
2012-06-01,Austria,11,1908.8
2012-06-01,Colombia,15,1935.8
2012-06-01,Senegal,12,1922.7
2012-06-01,Mexico,14,1900.1
2012-06-01,United States,18,1892.5
2012-06-01,Uruguay,17,1867.9
2012-06-01,Japan,22,1846.5
2012-06-01,Switzerland,16,1836.5
2012-06-01,Norway,18,1883.2
2012-06-01,Iran,23,1862.7
2012-06-01,Turkey,25,1864.8
2012-06-01,Ecuador,23,1809.4
2012-06-01,Sweden,25,1824.1
2012-06-01,South Korea,23,1836.5
2012-06-01,Nigeria,22,1773.9
2012-06-01,Australia,31,1770.4
2012-06-01,Ivory Coast,31,1763.2
2012-06-01,Algeria,24,1701.2
2012-06-01,Egypt,27,1773.5
2012-06-01,Canada,33,1807.3
2012-06-01,Tunisia,30,1739.1
2012-06-01,Paraguay,34,1736.2
2012-06-01,Peru,32,1735.7
2012-06-01,Ghana,32,1791.3
2012-06-01,Saudi Arabia,39,1701.9
2012-06-01,Cabo Verde,37,1743.8
2012-06-01,Slovakia,39,1684.6
2012-06-01,Scotland,34,1707.3
2012-06-01,Jordan,43,1702.7
2012-06-01,Czechia,40,1685.6
2012-06-01,South Africa,38,1666.2
2012-06-01,Venezuela,44,1617.4
2012-06-01,Chile,41,1684.7
2012-06-01,Bolivia,43,1713.9
2012-06-01,Indonesia,42,1670.4
2012-06-01,New Zealand,44,1643.1
2012-06-01,Costa Rica,51,1677.1
2012-06-01,Curaçao,48,1605.5
2012-06-01,Honduras,45,1648.9
2012-06-01,DR Congo,50,1600.4
2012-06-01,Kenya,50,1567.5
2012-06-01,Panama,54,1556.7
2012-06-01,Bosnia and Herzegovina,54,1620.9
2012-06-01,Qatar,48,1554.6
2012-06-01,Haiti,57,1613.4
2012-06-01,Cuba,50,1547.0
2012-06-01,Iraq,54,1521.7
2012-06-01,Trinidad and Tobago,58,1569.9
2012-06-01,Uzbekistan,59,1490.0
2012-07-01,France,1,1983.8
2012-07-01,Spain,4,2047.4
2012-07-01,Argentina,1,2032.1
2012-07-01,England,3,1955.4
2012-07-01,Portugal,3,1942.2
2012-07-01,Brazil,9,1883.3
2012-07-01,Netherlands,8,1993.1
2012-07-01,Morocco,7,1948.8
2012-07-01,Belgium,8,1892.9
2012-07-01,Germany,10,1920.9
2012-07-01,Croatia,14,1851.8
2012-07-01,Austria,16,1948.8
2012-07-01,Colombia,12,1881.5
2012-07-01,Senegal,10,1930.8
2012-07-01,Mexico,16,1883.8
2012-07-01,United States,18,1868.9
2012-07-01,Uruguay,17,1903.6
2012-07-01,Japan,22,1858.3
2012-07-01,Switzerland,15,1858.3
2012-07-01,Norway,23,1821.3
2012-07-01,Iran,17,1857.8
2012-07-01,Turkey,18,1801.4
2012-07-01,Ecuador,22,1801.9
2012-07-01,Sweden,20,1815.6
2012-07-01,South Korea,22,1860.8
2012-07-01,Nigeria,23,1815.9
2012-07-01,Australia,25,1781.4
2012-07-01,Ivory Coast,28,1752.4
2012-07-01,Algeria,32,1795.8
2012-07-01,Egypt,29,1830.5
2012-07-01,Canada,26,1809.5
2012-07-01,Tunisia,30,1707.7
2012-07-01,Paraguay,29,1740.6
2012-07-01,Peru,35,1727.2
2012-07-01,Ghana,37,1704.6
2012-07-01,Saudi Arabia,35,1718.5
2012-07-01,Cabo Verde,35,1733.8
2012-07-01,Slovakia,33,1705.6
2012-07-01,Scotland,34,1702.0
2012-07-01,Jordan,37,1678.8
2012-07-01,Czechia,38,1679.4
2012-07-01,South Africa,42,1629.8
2012-07-01,Venezuela,44,1618.8
2012-07-01,Chile,47,1638.7
2012-07-01,Bolivia,47,1614.8
2012-07-01,Indonesia,41,1633.0
2012-07-01,New Zealand,42,1638.9
2012-07-01,Costa Rica,43,1633.7
2012-07-01,Curaçao,49,1636.2
2012-07-01,Honduras,45,1611.9
2012-07-01,DR Congo,49,1616.7
2012-07-01,Kenya,50,1628.0
2012-07-01,Panama,52,1590.6
2012-07-01,Bosnia and Herzegovina,52,1569.3
2012-07-01,Qatar,50,1554.4
2012-07-01,Haiti,55,1607.9
2012-07-01,Cuba,58,1596.4
2012-07-01,Iraq,57,1602.3
2012-07-01,Trinidad and Tobago,54,1586.5
2012-07-01,Uzbekistan,62,1451.6
2012-08-01,France,3,1993.7
2012-08-01,Spain,1,1991.1
2012-08-01,Argentina,3,2031.2
2012-08-01,England,2,2013.7
2012-08-01,Portugal,3,1959.5
2012-08-01,Brazil,6,1992.4
2012-08-01,Netherlands,3,1957.1
2012-08-01,Morocco,5,1890.0
2012-08-01,Belgium,12,1998.5
2012-08-01,Germany,12,1956.1
2012-08-01,Croatia,8,1936.0
2012-08-01,Austria,9,1855.2
2012-08-01,Colombia,9,1901.2
2012-08-01,Senegal,18,1926.7
2012-08-01,Mexico,12,1846.3
2012-08-01,United States,13,1921.4
2012-08-01,Uruguay,15,1920.2
2012-08-01,Japan,17,1851.6
2012-08-01,Switzerland,19,1813.9
2012-08-01,Norway,16,1795.7
2012-08-01,Iran,21,1818.7
2012-08-01,Turkey,20,1847.8
2012-08-01,Ecuador,27,1831.9
2012-08-01,Sweden,28,1802.1
2012-08-01,South Korea,27,1819.0
2012-08-01,Nigeria,28,1825.5
2012-08-01,Australia,28,1830.5
2012-08-01,Ivory Coast,24,1727.4
2012-08-01,Algeria,32,1759.8
2012-08-01,Egypt,27,1786.1
2012-08-01,Canada,34,1728.1
2012-08-01,Tunisia,28,1762.7
2012-08-01,Paraguay,29,1690.0
2012-08-01,Peru,31,1748.0
2012-08-01,Ghana,31,1681.0
2012-08-01,Saudi Arabia,34,1716.0
2012-08-01,Cabo Verde,38,1685.3
2012-08-01,Slovakia,39,1757.5
2012-08-01,Scotland,42,1693.2
2012-08-01,Jordan,40,1702.3
2012-08-01,Czechia,41,1727.2
2012-08-01,South Africa,42,1676.1
2012-08-01,Venezuela,39,1667.6
2012-08-01,Chile,42,1656.9
2012-08-01,Bolivia,44,1690.1
2012-08-01,Indonesia,45,1653.0
2012-08-01,New Zealand,43,1626.5
2012-08-01,Costa Rica,47,1660.6
2012-08-01,Curaçao,47,1585.4
2012-08-01,Honduras,50,1621.6
2012-08-01,DR Congo,44,1623.7
2012-08-01,Kenya,53,1588.0
2012-08-01,Panama,49,1639.7
2012-08-01,Bosnia and Herzegovina,52,1626.0
2012-08-01,Qatar,56,1597.5
2012-08-01,Haiti,53,1571.6
2012-08-01,Cuba,51,1593.2
2012-08-01,Iraq,57,1571.1
2012-08-01,Trinidad and Tobago,53,1631.3
2012-08-01,Uzbekistan,66,1494.9
2012-09-01,France,1,1935.9
2012-09-01,Spain,1,2053.3
2012-09-01,Argentina,1,2015.5
2012-09-01,England,4,1937.9
2012-09-01,Portugal,8,1979.6
2012-09-01,Brazil,9,2023.9
2012-09-01,Netherlands,10,1989.2
2012-09-01,Morocco,8,1915.6
2012-09-01,Belgium,11,1895.3
2012-09-01,Germany,6,1925.9
2012-09-01,Croatia,7,1938.3
2012-09-01,Austria,9,1928.7
2012-09-01,Colombia,17,1883.5
2012-09-01,Senegal,13,1920.5
2012-09-01,Mexico,15,1844.6
2012-09-01,United States,16,1868.4
2012-09-01,Uruguay,20,1873.8
2012-09-01,Japan,16,1837.7
2012-09-01,Switzerland,19,1877.8
2012-09-01,Norway,23,1788.7
2012-09-01,Iran,25,1833.1
2012-09-01,Turkey,26,1799.0
2012-09-01,Ecuador,24,1783.6
2012-09-01,Sweden,27,1819.6
2012-09-01,South Korea,29,1776.0
2012-09-01,Nigeria,22,1752.3
2012-09-01,Australia,30,1842.1
2012-09-01,Ivory Coast,24,1798.7
2012-09-01,Algeria,32,1764.5
2012-09-01,Egypt,27,1768.5
2012-09-01,Canada,34,1736.2
2012-09-01,Tunisia,31,1768.4
2012-09-01,Paraguay,35,1738.6
2012-09-01,Peru,32,1711.2
2012-09-01,Ghana,38,1691.8
2012-09-01,Saudi Arabia,32,1652.9
2012-09-01,Cabo Verde,32,1708.5
2012-09-01,Slovakia,40,1716.8
2012-09-01,Scotland,39,1720.0
2012-09-01,Jordan,40,1733.5
2012-09-01,Czechia,36,1704.6
2012-09-01,South Africa,41,1696.3
2012-09-01,Venezuela,39,1615.3
2012-09-01,Chile,46,1708.7
2012-09-01,Bolivia,46,1639.3
2012-09-01,Indonesia,49,1623.5
2012-09-01,New Zealand,45,1611.2
2012-09-01,Costa Rica,46,1594.0
2012-09-01,Curaçao,49,1596.6
2012-09-01,Honduras,44,1593.7
2012-09-01,DR Congo,48,1677.4
2012-09-01,Kenya,51,1583.5
2012-09-01,Panama,47,1630.8
2012-09-01,Bosnia and Herzegovina,47,1595.2
2012-09-01,Qatar,56,1616.3
2012-09-01,Haiti,49,1604.1
2012-09-01,Cuba,51,1595.0
2012-09-01,Iraq,51,1575.1
2012-09-01,Trinidad and Tobago,56,1588.4
2012-09-01,Uzbekistan,65,1477.4
2012-10-01,France,1,1951.2
2012-10-01,Spain,5,2028.4
2012-10-01,Argentina,1,1937.9
2012-10-01,England,1,1898.9
2012-10-01,Portugal,7,1954.7
2012-10-01,Brazil,6,1937.1
2012-10-01,Netherlands,5,1973.3
2012-10-01,Morocco,6,1972.9
2012-10-01,Belgium,11,1929.6
2012-10-01,Germany,9,1971.6
2012-10-01,Croatia,9,1921.8
2012-10-01,Austria,13,1918.7
2012-10-01,Colombia,10,1863.2
2012-10-01,Senegal,15,1913.1
2012-10-01,Mexico,18,1838.0
2012-10-01,United States,14,1876.8
2012-10-01,Uruguay,19,1921.5
2012-10-01,Japan,19,1868.3
2012-10-01,Switzerland,16,1833.2
2012-10-01,Norway,21,1868.5
2012-10-01,Iran,25,1836.2
2012-10-01,Turkey,18,1844.3
2012-10-01,Ecuador,23,1856.0
2012-10-01,Sweden,27,1801.1
2012-10-01,South Korea,21,1790.5
2012-10-01,Nigeria,29,1791.3
2012-10-01,Australia,25,1791.6
2012-10-01,Ivory Coast,27,1784.3
2012-10-01,Algeria,28,1733.0
2012-10-01,Egypt,29,1710.8
2012-10-01,Canada,29,1689.8
2012-10-01,Tunisia,34,1760.5
2012-10-01,Paraguay,28,1762.2
2012-10-01,Peru,33,1749.7
2012-10-01,Ghana,33,1680.8
2012-10-01,Saudi Arabia,33,1692.6
2012-10-01,Cabo Verde,37,1726.7
2012-10-01,Slovakia,36,1670.6
2012-10-01,Scotland,40,1756.4
2012-10-01,Jordan,37,1652.4
2012-10-01,Czechia,44,1685.8
2012-10-01,South Africa,42,1701.7
2012-10-01,Venezuela,38,1682.1
2012-10-01,Chile,39,1659.2
2012-10-01,Bolivia,41,1740.9
2012-10-01,Indonesia,47,1745.3
2012-10-01,New Zealand,50,1620.2
2012-10-01,Costa Rica,45,1624.8
2012-10-01,Curaçao,49,1595.3
2012-10-01,Honduras,48,1637.6
2012-10-01,DR Congo,45,1569.8
2012-10-01,Kenya,48,1619.9
2012-10-01,Panama,47,1632.5
2012-10-01,Bosnia and Herzegovina,50,1586.6
2012-10-01,Qatar,52,1569.9
2012-10-01,Haiti,51,1581.5
2012-10-01,Cuba,58,1587.2
2012-10-01,Iraq,58,1536.2
2012-10-01,Trinidad and Tobago,59,1615.8
2012-10-01,Uzbekistan,60,1531.4
2012-11-01,France,1,2021.8
2012-11-01,Spain,1,2000.5
2012-11-01,Argentina,4,2070.1
2012-11-01,England,5,1996.7
2012-11-01,Portugal,5,1967.7
2012-11-01,Brazil,7,1968.7
2012-11-01,Netherlands,8,1944.8
2012-11-01,Morocco,6,1947.0
2012-11-01,Belgium,9,1937.6
2012-11-01,Germany,12,1977.9
2012-11-01,Croatia,7,1917.4
2012-11-01,Austria,8,1945.1
2012-11-01,Colombia,16,1889.1
2012-11-01,Senegal,14,1853.7
2012-11-01,Mexico,13,1904.3
2012-11-01,United States,15,1956.5
2012-11-01,Uruguay,20,1786.7
2012-11-01,Japan,18,1894.4
2012-11-01,Switzerland,23,1842.8
2012-11-01,Norway,18,1803.2
2012-11-01,Iran,20,1835.0
2012-11-01,Turkey,23,1855.7
2012-11-01,Ecuador,25,1873.9
2012-11-01,Sweden,25,1815.2
2012-11-01,South Korea,26,1817.3
2012-11-01,Nigeria,27,1796.0
2012-11-01,Australia,30,1758.1
2012-11-01,Ivory Coast,30,1779.1
2012-11-01,Algeria,30,1761.0
2012-11-01,Egypt,27,1800.5
2012-11-01,Canada,28,1804.5
2012-11-01,Tunisia,28,1812.3
2012-11-01,Paraguay,28,1726.9
2012-11-01,Peru,36,1718.4
2012-11-01,Ghana,32,1693.4
2012-11-01,Saudi Arabia,40,1661.8
2012-11-01,Cabo Verde,40,1687.4
2012-11-01,Slovakia,37,1664.8
2012-11-01,Scotland,42,1690.9
2012-11-01,Jordan,42,1652.0
2012-11-01,Czechia,44,1688.5
2012-11-01,South Africa,42,1657.4
2012-11-01,Venezuela,42,1683.5
2012-11-01,Chile,43,1639.2
2012-11-01,Bolivia,47,1673.8
2012-11-01,Indonesia,48,1677.2
2012-11-01,New Zealand,46,1588.6
2012-11-01,Costa Rica,50,1631.0
2012-11-01,Curaçao,44,1616.4
2012-11-01,Honduras,46,1605.6
2012-11-01,DR Congo,48,1662.4
2012-11-01,Kenya,47,1577.8
2012-11-01,Panama,47,1598.2
2012-11-01,Bosnia and Herzegovina,51,1619.3
2012-11-01,Qatar,50,1584.9
2012-11-01,Haiti,56,1569.6
2012-11-01,Cuba,54,1605.8
2012-11-01,Iraq,52,1507.8
2012-11-01,Trinidad and Tobago,59,1587.7
2012-11-01,Uzbekistan,63,1466.8
2012-12-01,France,1,2033.7
2012-12-01,Spain,2,2020.5
2012-12-01,Argentina,3,1965.2
2012-12-01,England,2,1937.3
2012-12-01,Portugal,2,2010.2
2012-12-01,Brazil,7,1953.7
2012-12-01,Netherlands,5,1948.9
2012-12-01,Morocco,11,1933.4
2012-12-01,Belgium,7,1883.3
2012-12-01,Germany,10,1924.8
2012-12-01,Croatia,10,1943.4
2012-12-01,Austria,10,1949.6
2012-12-01,Colombia,14,1869.5
2012-12-01,Senegal,17,1876.8
2012-12-01,Mexico,19,1838.6
2012-12-01,United States,20,1879.3
2012-12-01,Uruguay,13,1847.6
2012-12-01,Japan,16,1879.2
2012-12-01,Switzerland,23,1889.9
2012-12-01,Norway,22,1859.1
2012-12-01,Iran,22,1877.5
2012-12-01,Turkey,19,1817.7
2012-12-01,Ecuador,21,1815.8
2012-12-01,Sweden,26,1826.3
2012-12-01,South Korea,21,1742.9
2012-12-01,Nigeria,24,1767.6
2012-12-01,Australia,25,1797.1
2012-12-01,Ivory Coast,30,1767.9
2012-12-01,Algeria,31,1804.7
2012-12-01,Egypt,27,1822.0
2012-12-01,Canada,32,1788.5
2012-12-01,Tunisia,27,1759.3
2012-12-01,Paraguay,31,1740.5
2012-12-01,Peru,37,1740.1
2012-12-01,Ghana,38,1700.2
2012-12-01,Saudi Arabia,36,1704.4
2012-12-01,Cabo Verde,39,1698.0
2012-12-01,Slovakia,39,1746.0
2012-12-01,Scotland,38,1656.8
2012-12-01,Jordan,39,1646.5
2012-12-01,Czechia,44,1652.7
2012-12-01,South Africa,40,1665.1
2012-12-01,Venezuela,43,1642.7
2012-12-01,Chile,39,1626.3
2012-12-01,Bolivia,45,1625.1
2012-12-01,Indonesia,49,1584.0
2012-12-01,New Zealand,44,1584.3
2012-12-01,Costa Rica,48,1597.4
2012-12-01,Curaçao,46,1582.3
2012-12-01,Honduras,46,1645.6
2012-12-01,DR Congo,44,1664.9
2012-12-01,Kenya,53,1610.7
2012-12-01,Panama,47,1603.4
2012-12-01,Bosnia and Herzegovina,52,1610.0
2012-12-01,Qatar,50,1555.0
2012-12-01,Haiti,53,1578.1
2012-12-01,Cuba,51,1604.8
2012-12-01,Iraq,56,1568.4
2012-12-01,Trinidad and Tobago,52,1563.4
2012-12-01,Uzbekistan,67,1452.0
2013-01-01,France,1,1974.5
2013-01-01,Spain,1,1949.3
2013-01-01,Argentina,5,1994.2
2013-01-01,England,1,2027.7
2013-01-01,Portugal,5,1978.0
2013-01-01,Brazil,8,1968.1
2013-01-01,Netherlands,6,1939.6
2013-01-01,Morocco,7,1971.5
2013-01-01,Belgium,8,1931.4
2013-01-01,Germany,14,1855.2
2013-01-01,Croatia,15,1933.6
2013-01-01,Austria,14,1950.6
2013-01-01,Colombia,17,1867.7
2013-01-01,Senegal,14,1894.4
2013-01-01,Mexico,13,1839.8
2013-01-01,United States,14,1876.7
2013-01-01,Uruguay,17,1905.8
2013-01-01,Japan,21,1848.5
2013-01-01,Switzerland,23,1803.7
2013-01-01,Norway,16,1833.7
2013-01-01,Iran,25,1811.0
2013-01-01,Turkey,21,1842.4
2013-01-01,Ecuador,23,1857.2
2013-01-01,Sweden,27,1784.8
2013-01-01,South Korea,22,1768.8
2013-01-01,Nigeria,29,1844.5
2013-01-01,Australia,27,1792.9
2013-01-01,Ivory Coast,32,1770.7
2013-01-01,Algeria,26,1762.7
2013-01-01,Egypt,28,1761.6
2013-01-01,Canada,33,1761.5
2013-01-01,Tunisia,33,1772.9
2013-01-01,Paraguay,29,1714.6
2013-01-01,Peru,34,1723.7
2013-01-01,Ghana,35,1740.6
2013-01-01,Saudi Arabia,36,1766.4
2013-01-01,Cabo Verde,33,1712.8
2013-01-01,Slovakia,40,1714.7
2013-01-01,Scotland,42,1715.7
2013-01-01,Jordan,42,1647.7
2013-01-01,Czechia,40,1691.4
2013-01-01,South Africa,44,1644.4
2013-01-01,Venezuela,40,1654.2
2013-01-01,Chile,40,1601.4
2013-01-01,Bolivia,42,1636.8
2013-01-01,Indonesia,46,1626.4
2013-01-01,New Zealand,48,1680.6
2013-01-01,Costa Rica,44,1662.0
2013-01-01,Curaçao,50,1590.7
2013-01-01,Honduras,50,1629.2
2013-01-01,DR Congo,51,1621.8
2013-01-01,Kenya,51,1616.8
2013-01-01,Panama,51,1598.8
2013-01-01,Bosnia and Herzegovina,53,1648.6
2013-01-01,Qatar,52,1577.2
2013-01-01,Haiti,57,1601.5
2013-01-01,Cuba,58,1587.3
2013-01-01,Iraq,55,1568.2
2013-01-01,Trinidad and Tobago,56,1549.6
2013-01-01,Uzbekistan,60,1484.1
2013-02-01,France,1,1990.3
2013-02-01,Spain,3,1989.9
2013-02-01,Argentina,1,1982.6
2013-02-01,England,7,1959.1
2013-02-01,Portugal,5,1968.9
2013-02-01,Brazil,2,1915.6
2013-02-01,Netherlands,9,1936.6
2013-02-01,Morocco,8,1925.9
2013-02-01,Belgium,12,1933.0
2013-02-01,Germany,7,1914.2
2013-02-01,Croatia,11,1925.3
2013-02-01,Austria,9,1894.2
2013-02-01,Colombia,11,1928.1
2013-02-01,Senegal,15,1888.5
2013-02-01,Mexico,15,1818.9
2013-02-01,United States,15,1889.1
2013-02-01,Uruguay,18,1874.7
2013-02-01,Japan,20,1844.1
2013-02-01,Switzerland,20,1815.6
2013-02-01,Norway,16,1816.1
2013-02-01,Iran,18,1864.9
2013-02-01,Turkey,24,1819.8
2013-02-01,Ecuador,20,1749.6
2013-02-01,Sweden,28,1794.8
2013-02-01,South Korea,22,1733.4
2013-02-01,Nigeria,27,1804.7
2013-02-01,Australia,24,1861.2
2013-02-01,Ivory Coast,30,1770.9
2013-02-01,Algeria,27,1823.7
2013-02-01,Egypt,33,1756.7
2013-02-01,Canada,34,1798.7
2013-02-01,Tunisia,34,1756.3
2013-02-01,Paraguay,31,1783.0
2013-02-01,Peru,29,1764.2
2013-02-01,Ghana,35,1751.7
2013-02-01,Saudi Arabia,36,1714.8
2013-02-01,Cabo Verde,36,1711.5
2013-02-01,Slovakia,36,1677.1
2013-02-01,Scotland,42,1733.9
2013-02-01,Jordan,37,1720.1
2013-02-01,Czechia,44,1661.2
2013-02-01,South Africa,40,1701.1
2013-02-01,Venezuela,39,1640.1
2013-02-01,Chile,47,1631.8
2013-02-01,Bolivia,41,1684.9
2013-02-01,Indonesia,41,1640.3
2013-02-01,New Zealand,48,1577.9
2013-02-01,Costa Rica,49,1612.0
2013-02-01,Curaçao,46,1605.9
2013-02-01,Honduras,48,1588.6
2013-02-01,DR Congo,46,1607.9
2013-02-01,Kenya,49,1617.2
2013-02-01,Panama,49,1567.2
2013-02-01,Bosnia and Herzegovina,50,1583.3
2013-02-01,Qatar,51,1609.6
2013-02-01,Haiti,51,1637.9
2013-02-01,Cuba,53,1487.4
2013-02-01,Iraq,52,1550.3
2013-02-01,Trinidad and Tobago,56,1535.5
2013-02-01,Uzbekistan,67,1493.6
2013-03-01,France,1,1991.8
2013-03-01,Spain,1,1980.3
2013-03-01,Argentina,1,2003.8
2013-03-01,England,3,1991.6
2013-03-01,Portugal,9,1967.9
2013-03-01,Brazil,5,1922.4
2013-03-01,Netherlands,4,1934.4
2013-03-01,Morocco,12,1941.2
2013-03-01,Belgium,12,1935.9
2013-03-01,Germany,13,1890.2
2013-03-01,Croatia,14,1923.7
2013-03-01,Austria,10,1917.7
2013-03-01,Colombia,9,1969.3
2013-03-01,Senegal,11,1905.4
2013-03-01,Mexico,16,1904.4
2013-03-01,United States,18,1800.6
2013-03-01,Uruguay,16,1901.6
2013-03-01,Japan,15,1840.0
2013-03-01,Switzerland,18,1880.7
2013-03-01,Norway,23,1847.1
2013-03-01,Iran,19,1843.6
2013-03-01,Turkey,24,1849.8
2013-03-01,Ecuador,20,1774.6
2013-03-01,Sweden,27,1824.3
2013-03-01,South Korea,28,1736.9
2013-03-01,Nigeria,29,1811.8
2013-03-01,Australia,28,1745.1
2013-03-01,Ivory Coast,32,1767.9
2013-03-01,Algeria,28,1720.0
2013-03-01,Egypt,26,1791.9
2013-03-01,Canada,28,1823.3
2013-03-01,Tunisia,34,1836.2
2013-03-01,Paraguay,36,1741.1
2013-03-01,Peru,30,1759.8
2013-03-01,Ghana,32,1737.1
2013-03-01,Saudi Arabia,36,1667.7
2013-03-01,Cabo Verde,35,1716.3
2013-03-01,Slovakia,41,1688.3
2013-03-01,Scotland,34,1658.1
2013-03-01,Jordan,41,1657.6
2013-03-01,Czechia,39,1698.6
2013-03-01,South Africa,42,1695.6
2013-03-01,Venezuela,40,1612.9
2013-03-01,Chile,43,1664.3
2013-03-01,Bolivia,43,1687.9
2013-03-01,Indonesia,43,1638.2
2013-03-01,New Zealand,46,1634.3
2013-03-01,Costa Rica,51,1605.5
2013-03-01,Curaçao,49,1610.0
2013-03-01,Honduras,44,1605.3
2013-03-01,DR Congo,44,1601.7
2013-03-01,Kenya,48,1631.0
2013-03-01,Panama,54,1602.3
2013-03-01,Bosnia and Herzegovina,47,1574.4
2013-03-01,Qatar,54,1610.0
2013-03-01,Haiti,57,1600.7
2013-03-01,Cuba,56,1596.7
2013-03-01,Iraq,59,1611.9
2013-03-01,Trinidad and Tobago,56,1564.4
2013-03-01,Uzbekistan,63,1524.1
2013-04-01,France,5,1974.5
2013-04-01,Spain,3,1982.7
2013-04-01,Argentina,2,1939.3
2013-04-01,England,8,1921.0
2013-04-01,Portugal,3,1971.0
2013-04-01,Brazil,6,1998.8
2013-04-01,Netherlands,8,1956.3
2013-04-01,Morocco,5,1936.0
2013-04-01,Belgium,12,1941.1
2013-04-01,Germany,10,1889.7
2013-04-01,Croatia,7,1915.5
2013-04-01,Austria,13,1895.2
2013-04-01,Colombia,15,1897.3
2013-04-01,Senegal,12,1876.5
2013-04-01,Mexico,12,1889.1
2013-04-01,United States,12,1889.0
2013-04-01,Uruguay,20,1849.5
2013-04-01,Japan,19,1843.5
2013-04-01,Switzerland,23,1852.3
2013-04-01,Norway,24,1816.7
2013-04-01,Iran,19,1859.7
2013-04-01,Turkey,21,1792.8
2013-04-01,Ecuador,26,1833.5
2013-04-01,Sweden,24,1760.7
2013-04-01,South Korea,27,1824.8
2013-04-01,Nigeria,30,1805.6
2013-04-01,Australia,25,1772.6
2013-04-01,Ivory Coast,27,1751.8
2013-04-01,Algeria,30,1763.2
2013-04-01,Egypt,32,1765.7
2013-04-01,Canada,32,1772.5
2013-04-01,Tunisia,32,1748.9
2013-04-01,Paraguay,36,1767.2
2013-04-01,Peru,32,1768.2
2013-04-01,Ghana,34,1733.9
2013-04-01,Saudi Arabia,39,1640.5
2013-04-01,Cabo Verde,33,1669.3
2013-04-01,Slovakia,35,1708.8
2013-04-01,Scotland,42,1784.1
2013-04-01,Jordan,40,1710.7
2013-04-01,Czechia,39,1664.3
2013-04-01,South Africa,37,1658.7
2013-04-01,Venezuela,44,1725.3
2013-04-01,Chile,43,1679.0
2013-04-01,Bolivia,46,1640.0
2013-04-01,Indonesia,45,1580.6
2013-04-01,New Zealand,42,1617.4
2013-04-01,Costa Rica,45,1617.3
2013-04-01,Curaçao,47,1627.8
2013-04-01,Honduras,45,1591.9
2013-04-01,DR Congo,49,1663.6
2013-04-01,Kenya,45,1597.8
2013-04-01,Panama,52,1567.3
2013-04-01,Bosnia and Herzegovina,54,1556.4
2013-04-01,Qatar,54,1609.8
2013-04-01,Haiti,56,1576.6
2013-04-01,Cuba,57,1528.8
2013-04-01,Iraq,54,1571.6
2013-04-01,Trinidad and Tobago,57,1526.4
2013-04-01,Uzbekistan,61,1453.5
2013-05-01,France,1,1999.6
2013-05-01,Spain,5,2019.9
2013-05-01,Argentina,2,1954.9
2013-05-01,England,5,1907.7
2013-05-01,Portugal,7,1961.7
2013-05-01,Brazil,4,1949.2
2013-05-01,Netherlands,7,1922.5
2013-05-01,Morocco,7,1922.1
2013-05-01,Belgium,10,1943.4
2013-05-01,Germany,11,1897.6
2013-05-01,Croatia,15,1892.5
2013-05-01,Austria,12,1881.6
2013-05-01,Colombia,17,1896.5
2013-05-01,Senegal,11,1904.5
2013-05-01,Mexico,13,1962.8
2013-05-01,United States,17,1901.6
2013-05-01,Uruguay,13,1857.9
2013-05-01,Japan,19,1885.6
2013-05-01,Switzerland,23,1858.4
2013-05-01,Norway,24,1841.3
2013-05-01,Iran,24,1882.2
2013-05-01,Turkey,24,1803.7
2013-05-01,Ecuador,21,1838.0
2013-05-01,Sweden,20,1790.8
2013-05-01,South Korea,25,1810.5
2013-05-01,Nigeria,30,1772.0
2013-05-01,Australia,30,1807.2
2013-05-01,Ivory Coast,27,1735.3
2013-05-01,Algeria,26,1781.2
2013-05-01,Egypt,26,1780.0
2013-05-01,Canada,27,1767.1
2013-05-01,Tunisia,32,1765.7
2013-05-01,Paraguay,29,1789.7
2013-05-01,Peru,29,1755.4
2013-05-01,Ghana,34,1740.4
2013-05-01,Saudi Arabia,36,1660.2
2013-05-01,Cabo Verde,32,1758.1
2013-05-01,Slovakia,41,1748.2
2013-05-01,Scotland,41,1711.5
2013-05-01,Jordan,39,1699.3
2013-05-01,Czechia,43,1655.0
2013-05-01,South Africa,39,1632.7
2013-05-01,Venezuela,43,1655.0
2013-05-01,Chile,39,1604.8
2013-05-01,Bolivia,42,1640.2
2013-05-01,Indonesia,44,1716.7
2013-05-01,New Zealand,43,1639.6
2013-05-01,Costa Rica,43,1632.3
2013-05-01,Curaçao,49,1609.7
2013-05-01,Honduras,51,1621.6
2013-05-01,DR Congo,44,1638.1
2013-05-01,Kenya,46,1608.6
2013-05-01,Panama,48,1627.4
2013-05-01,Bosnia and Herzegovina,53,1603.2
2013-05-01,Qatar,48,1617.5
2013-05-01,Haiti,49,1581.5
2013-05-01,Cuba,50,1547.0
2013-05-01,Iraq,58,1555.0
2013-05-01,Trinidad and Tobago,59,1554.4
2013-05-01,Uzbekistan,60,1483.8
2013-06-01,France,1,2029.9
2013-06-01,Spain,2,1987.7
2013-06-01,Argentina,2,2010.1
2013-06-01,England,8,1907.1
2013-06-01,Portugal,3,2004.6
2013-06-01,Brazil,7,1932.1
2013-06-01,Netherlands,7,1905.1
2013-06-01,Morocco,5,1925.1
2013-06-01,Belgium,11,1928.6
2013-06-01,Germany,6,1846.2
2013-06-01,Croatia,15,1861.3
2013-06-01,Austria,16,1898.4
2013-06-01,Colombia,11,1819.5
2013-06-01,Senegal,18,1865.5
2013-06-01,Mexico,12,1885.5
2013-06-01,United States,12,1849.1
2013-06-01,Uruguay,19,1882.4
2013-06-01,Japan,19,1900.6
2013-06-01,Switzerland,18,1863.1
2013-06-01,Norway,23,1833.5
2013-06-01,Iran,24,1849.0
2013-06-01,Turkey,22,1828.1
2013-06-01,Ecuador,26,1814.3
2013-06-01,Sweden,25,1799.7
2013-06-01,South Korea,26,1798.9
2013-06-01,Nigeria,23,1766.2
2013-06-01,Australia,30,1791.2
2013-06-01,Ivory Coast,24,1692.1
2013-06-01,Algeria,25,1816.9
2013-06-01,Egypt,26,1762.4
2013-06-01,Canada,34,1796.5
2013-06-01,Tunisia,28,1790.5
2013-06-01,Paraguay,28,1768.0
2013-06-01,Peru,29,1771.4
2013-06-01,Ghana,31,1693.5
2013-06-01,Saudi Arabia,35,1731.6
2013-06-01,Cabo Verde,37,1754.3
2013-06-01,Slovakia,37,1726.7
2013-06-01,Scotland,40,1697.6
2013-06-01,Jordan,35,1687.0
2013-06-01,Czechia,42,1660.9
2013-06-01,South Africa,39,1693.2
2013-06-01,Venezuela,39,1689.4
2013-06-01,Chile,47,1641.2
2013-06-01,Bolivia,43,1625.7
2013-06-01,Indonesia,45,1591.4
2013-06-01,New Zealand,46,1661.8
2013-06-01,Costa Rica,43,1614.3
2013-06-01,Curaçao,46,1673.4
2013-06-01,Honduras,45,1633.5
2013-06-01,DR Congo,44,1575.8
2013-06-01,Kenya,46,1613.4
2013-06-01,Panama,49,1651.4
2013-06-01,Bosnia and Herzegovina,51,1599.9
2013-06-01,Qatar,50,1620.1
2013-06-01,Haiti,51,1526.1
2013-06-01,Cuba,58,1581.1
2013-06-01,Iraq,56,1577.6
2013-06-01,Trinidad and Tobago,55,1581.1
2013-06-01,Uzbekistan,64,1520.3
2013-07-01,France,4,2012.0
2013-07-01,Spain,2,1994.6
2013-07-01,Argentina,5,1969.4
2013-07-01,England,6,1945.5
2013-07-01,Portugal,2,1970.0
2013-07-01,Brazil,8,1888.7
2013-07-01,Netherlands,4,1921.4
2013-07-01,Morocco,7,1891.0
2013-07-01,Belgium,8,1857.1
2013-07-01,Germany,10,1932.0
2013-07-01,Croatia,11,1917.8
2013-07-01,Austria,13,1938.1
2013-07-01,Colombia,11,1859.5
2013-07-01,Senegal,18,1860.1
2013-07-01,Mexico,16,1962.2
2013-07-01,United States,20,1819.5
2013-07-01,Uruguay,15,1897.1
2013-07-01,Japan,22,1853.4
2013-07-01,Switzerland,16,1890.1
2013-07-01,Norway,18,1787.1
2013-07-01,Iran,19,1809.4
2013-07-01,Turkey,19,1830.6
2013-07-01,Ecuador,20,1798.2
2013-07-01,Sweden,27,1804.4
2013-07-01,South Korea,25,1752.0
2013-07-01,Nigeria,27,1814.3
2013-07-01,Australia,26,1812.2
2013-07-01,Ivory Coast,32,1770.4
2013-07-01,Algeria,24,1780.9
2013-07-01,Egypt,30,1803.9
2013-07-01,Canada,29,1745.0
2013-07-01,Tunisia,33,1787.4
2013-07-01,Paraguay,32,1733.3
2013-07-01,Peru,32,1726.9
2013-07-01,Ghana,34,1743.6
2013-07-01,Saudi Arabia,40,1683.5
2013-07-01,Cabo Verde,39,1738.9
2013-07-01,Slovakia,35,1718.8
2013-07-01,Scotland,41,1702.6
2013-07-01,Jordan,37,1683.3
2013-07-01,Czechia,40,1727.8
2013-07-01,South Africa,43,1661.0
2013-07-01,Venezuela,45,1610.0
2013-07-01,Chile,42,1651.2
2013-07-01,Bolivia,41,1668.6
2013-07-01,Indonesia,48,1668.3
2013-07-01,New Zealand,42,1654.8
2013-07-01,Costa Rica,50,1633.6
2013-07-01,Curaçao,47,1589.0
2013-07-01,Honduras,44,1607.8
2013-07-01,DR Congo,45,1576.4
2013-07-01,Kenya,51,1631.5
2013-07-01,Panama,54,1617.2
2013-07-01,Bosnia and Herzegovina,50,1602.6
2013-07-01,Qatar,55,1554.9
2013-07-01,Haiti,50,1556.4
2013-07-01,Cuba,56,1611.4
2013-07-01,Iraq,53,1566.8
2013-07-01,Trinidad and Tobago,59,1581.0
2013-07-01,Uzbekistan,59,1541.8
2013-08-01,France,3,1989.9
2013-08-01,Spain,6,1965.5
2013-08-01,Argentina,1,1990.9
2013-08-01,England,4,1975.8
2013-08-01,Portugal,1,1923.0
2013-08-01,Brazil,2,1906.3
2013-08-01,Netherlands,4,1909.6
2013-08-01,Morocco,9,1943.0
2013-08-01,Belgium,9,1912.1
2013-08-01,Germany,6,1906.1
2013-08-01,Croatia,12,1885.4
2013-08-01,Austria,16,1911.9
2013-08-01,Colombia,10,1941.2
2013-08-01,Senegal,13,1894.8
2013-08-01,Mexico,18,1907.0
2013-08-01,United States,13,1841.3
2013-08-01,Uruguay,15,1837.1
2013-08-01,Japan,17,1844.3
2013-08-01,Switzerland,21,1812.3
2013-08-01,Norway,16,1852.7
2013-08-01,Iran,24,1801.1
2013-08-01,Turkey,20,1856.2
2013-08-01,Ecuador,24,1826.9
2013-08-01,Sweden,23,1847.5
2013-08-01,South Korea,26,1793.6
2013-08-01,Nigeria,29,1782.8
2013-08-01,Australia,30,1780.1
2013-08-01,Ivory Coast,29,1767.7
2013-08-01,Algeria,24,1746.7
2013-08-01,Egypt,26,1789.3
2013-08-01,Canada,33,1778.6
2013-08-01,Tunisia,27,1726.3
2013-08-01,Paraguay,30,1757.2
2013-08-01,Peru,33,1716.5
2013-08-01,Ghana,31,1658.3
2013-08-01,Saudi Arabia,33,1759.0
2013-08-01,Cabo Verde,36,1681.6
2013-08-01,Slovakia,40,1730.6
2013-08-01,Scotland,38,1700.9
2013-08-01,Jordan,41,1700.3
2013-08-01,Czechia,40,1668.5
2013-08-01,South Africa,38,1664.5
2013-08-01,Venezuela,39,1672.0
2013-08-01,Chile,42,1674.1
2013-08-01,Bolivia,47,1675.4
2013-08-01,Indonesia,43,1646.7
2013-08-01,New Zealand,44,1580.9
2013-08-01,Costa Rica,50,1606.4
2013-08-01,Curaçao,48,1643.9
2013-08-01,Honduras,46,1556.1
2013-08-01,DR Congo,44,1682.0
2013-08-01,Kenya,52,1614.5
2013-08-01,Panama,53,1585.0
2013-08-01,Bosnia and Herzegovina,55,1546.3
2013-08-01,Qatar,55,1528.7
2013-08-01,Haiti,52,1569.5
2013-08-01,Cuba,52,1589.2
2013-08-01,Iraq,54,1540.4
2013-08-01,Trinidad and Tobago,52,1546.2
2013-08-01,Uzbekistan,63,1522.1
2013-09-01,France,1,2010.8
2013-09-01,Spain,3,2031.6
2013-09-01,Argentina,6,1986.8
2013-09-01,England,5,1958.3
2013-09-01,Portugal,4,1974.8
2013-09-01,Brazil,10,1984.8
2013-09-01,Netherlands,8,1976.1
2013-09-01,Morocco,8,1963.9
2013-09-01,Belgium,9,1924.2
2013-09-01,Germany,13,1929.8
2013-09-01,Croatia,9,1958.5
2013-09-01,Austria,13,1942.9
2013-09-01,Colombia,9,1877.8
2013-09-01,Senegal,10,1899.6
2013-09-01,Mexico,18,1854.6
2013-09-01,United States,17,1851.5
2013-09-01,Uruguay,17,1863.0
2013-09-01,Japan,18,1838.0
2013-09-01,Switzerland,23,1848.8
2013-09-01,Norway,23,1883.3
2013-09-01,Iran,22,1824.3
2013-09-01,Turkey,26,1806.8
2013-09-01,Ecuador,20,1829.4
2013-09-01,Sweden,25,1788.0
2013-09-01,South Korea,29,1793.5
2013-09-01,Nigeria,25,1814.4
2013-09-01,Australia,28,1797.6
2013-09-01,Ivory Coast,26,1792.9
2013-09-01,Algeria,24,1738.4
2013-09-01,Egypt,28,1774.7
2013-09-01,Canada,27,1739.7
2013-09-01,Tunisia,29,1777.3
2013-09-01,Paraguay,28,1746.8
2013-09-01,Peru,30,1737.6
2013-09-01,Ghana,34,1696.5
2013-09-01,Saudi Arabia,37,1694.9
2013-09-01,Cabo Verde,34,1742.0
2013-09-01,Slovakia,36,1700.6
2013-09-01,Scotland,37,1697.8
2013-09-01,Jordan,36,1709.1
2013-09-01,Czechia,37,1722.5
2013-09-01,South Africa,40,1698.6
2013-09-01,Venezuela,38,1675.8
2013-09-01,Chile,45,1663.7
2013-09-01,Bolivia,48,1650.4
2013-09-01,Indonesia,47,1653.2
2013-09-01,New Zealand,45,1615.4
2013-09-01,Costa Rica,51,1625.3
2013-09-01,Curaçao,45,1658.2
2013-09-01,Honduras,50,1561.0
2013-09-01,DR Congo,51,1628.3
2013-09-01,Kenya,47,1654.0
2013-09-01,Panama,50,1632.4
2013-09-01,Bosnia and Herzegovina,47,1595.8
2013-09-01,Qatar,54,1555.0
2013-09-01,Haiti,54,1583.7
2013-09-01,Cuba,52,1526.6
2013-09-01,Iraq,57,1569.9
2013-09-01,Trinidad and Tobago,58,1622.1
2013-09-01,Uzbekistan,67,1516.7
2013-10-01,France,4,2026.3
2013-10-01,Spain,1,1971.6
2013-10-01,Argentina,7,1926.5
2013-10-01,England,3,1951.3
2013-10-01,Portugal,4,2014.6
2013-10-01,Brazil,9,1915.3
2013-10-01,Netherlands,7,1952.2
2013-10-01,Morocco,11,1899.7
2013-10-01,Belgium,10,1944.6
2013-10-01,Germany,11,1903.7
2013-10-01,Croatia,7,1918.6
2013-10-01,Austria,16,1906.8
2013-10-01,Colombia,15,1837.8
2013-10-01,Senegal,12,1832.4
2013-10-01,Mexico,19,1875.5
2013-10-01,United States,19,1854.4
2013-10-01,Uruguay,19,1858.9
2013-10-01,Japan,20,1831.3
2013-10-01,Switzerland,22,1854.4
2013-10-01,Norway,17,1813.8
2013-10-01,Iran,24,1833.3
2013-10-01,Turkey,21,1900.0
2013-10-01,Ecuador,27,1778.7
2013-10-01,Sweden,26,1840.9
2013-10-01,South Korea,22,1832.3
2013-10-01,Nigeria,23,1744.4
2013-10-01,Australia,27,1742.1
2013-10-01,Ivory Coast,24,1808.8
2013-10-01,Algeria,29,1701.9
2013-10-01,Egypt,26,1804.3
2013-10-01,Canada,34,1731.8
2013-10-01,Tunisia,35,1761.9
2013-10-01,Paraguay,28,1722.7
2013-10-01,Peru,34,1787.8
2013-10-01,Ghana,31,1693.9
2013-10-01,Saudi Arabia,36,1686.5
2013-10-01,Cabo Verde,33,1693.7
2013-10-01,Slovakia,34,1708.1
2013-10-01,Scotland,42,1714.7
2013-10-01,Jordan,40,1686.3
2013-10-01,Czechia,40,1707.0
2013-10-01,South Africa,43,1665.7
2013-10-01,Venezuela,42,1636.5
2013-10-01,Chile,40,1695.3
2013-10-01,Bolivia,46,1652.6
2013-10-01,Indonesia,43,1671.5
2013-10-01,New Zealand,47,1670.4
2013-10-01,Costa Rica,50,1686.7
2013-10-01,Curaçao,48,1645.2
2013-10-01,Honduras,49,1574.9
2013-10-01,DR Congo,51,1627.7
2013-10-01,Kenya,45,1628.0
2013-10-01,Panama,48,1568.5
2013-10-01,Bosnia and Herzegovina,52,1639.5
2013-10-01,Qatar,50,1580.3
2013-10-01,Haiti,53,1583.3
2013-10-01,Cuba,56,1620.5
2013-10-01,Iraq,55,1517.1
2013-10-01,Trinidad and Tobago,53,1547.2
2013-10-01,Uzbekistan,59,1495.1
2013-11-01,France,1,2077.3
2013-11-01,Spain,1,2008.9
2013-11-01,Argentina,3,2005.8
2013-11-01,England,6,2014.4
2013-11-01,Portugal,9,1977.2
2013-11-01,Brazil,8,1904.4
2013-11-01,Netherlands,8,1954.5
2013-11-01,Morocco,9,1943.0
2013-11-01,Belgium,9,1875.7
2013-11-01,Germany,8,1851.0
2013-11-01,Croatia,8,1890.7
2013-11-01,Austria,13,1895.5
2013-11-01,Colombia,9,1905.5
2013-11-01,Senegal,10,1900.9
2013-11-01,Mexico,18,1871.5
2013-11-01,United States,20,1894.1
2013-11-01,Uruguay,19,1915.3
2013-11-01,Japan,17,1861.5
2013-11-01,Switzerland,17,1855.0
2013-11-01,Norway,24,1811.3
2013-11-01,Iran,20,1839.5
2013-11-01,Turkey,23,1798.0
2013-11-01,Ecuador,22,1789.5
2013-11-01,Sweden,28,1828.8
2013-11-01,South Korea,28,1825.3
2013-11-01,Nigeria,30,1813.9
2013-11-01,Australia,23,1809.1
2013-11-01,Ivory Coast,30,1788.9
2013-11-01,Algeria,24,1775.6
2013-11-01,Egypt,27,1759.4
2013-11-01,Canada,27,1756.7
2013-11-01,Tunisia,31,1749.2
2013-11-01,Paraguay,35,1713.2
2013-11-01,Peru,34,1772.0
2013-11-01,Ghana,34,1704.4
2013-11-01,Saudi Arabia,34,1660.7
2013-11-01,Cabo Verde,32,1700.9
2013-11-01,Slovakia,41,1738.8
2013-11-01,Scotland,42,1683.9
2013-11-01,Jordan,41,1706.6
2013-11-01,Czechia,43,1681.4
2013-11-01,South Africa,40,1695.2
2013-11-01,Venezuela,46,1688.3
2013-11-01,Chile,39,1655.3
2013-11-01,Bolivia,48,1638.4
2013-11-01,Indonesia,42,1662.2
2013-11-01,New Zealand,49,1659.1
2013-11-01,Costa Rica,45,1622.5
2013-11-01,Curaçao,47,1604.3
2013-11-01,Honduras,51,1651.5
2013-11-01,DR Congo,51,1646.1
2013-11-01,Kenya,53,1577.1
2013-11-01,Panama,46,1630.1
2013-11-01,Bosnia and Herzegovina,53,1607.8
2013-11-01,Qatar,51,1564.7
2013-11-01,Haiti,54,1591.5
2013-11-01,Cuba,50,1580.2
2013-11-01,Iraq,55,1601.1
2013-11-01,Trinidad and Tobago,58,1615.0
2013-11-01,Uzbekistan,63,1514.6
2013-12-01,France,1,2019.2
2013-12-01,Spain,1,2016.7
2013-12-01,Argentina,3,1971.6
2013-12-01,England,1,1939.3
2013-12-01,Portugal,1,1956.3
2013-12-01,Brazil,7,1965.1
2013-12-01,Netherlands,11,1952.7
2013-12-01,Morocco,9,1926.6
2013-12-01,Belgium,8,1938.3
2013-12-01,Germany,13,1889.4
2013-12-01,Croatia,10,1884.3
2013-12-01,Austria,8,1885.7
2013-12-01,Colombia,15,1943.1
2013-12-01,Senegal,16,1891.7
2013-12-01,Mexico,13,1864.3
2013-12-01,United States,15,1895.3
2013-12-01,Uruguay,14,1884.0
2013-12-01,Japan,15,1870.9
2013-12-01,Switzerland,17,1801.3
2013-12-01,Norway,22,1838.7
2013-12-01,Iran,24,1887.1
2013-12-01,Turkey,22,1817.5
2013-12-01,Ecuador,22,1836.1
2013-12-01,Sweden,21,1788.7
2013-12-01,South Korea,26,1794.3
2013-12-01,Nigeria,27,1826.3
2013-12-01,Australia,27,1798.0
2013-12-01,Ivory Coast,31,1772.5
2013-12-01,Algeria,31,1752.7
2013-12-01,Egypt,29,1721.8
2013-12-01,Canada,33,1800.1
2013-12-01,Tunisia,31,1719.5
2013-12-01,Paraguay,30,1732.6
2013-12-01,Peru,36,1764.3
2013-12-01,Ghana,31,1763.7
2013-12-01,Saudi Arabia,34,1670.0
2013-12-01,Cabo Verde,35,1682.5
2013-12-01,Slovakia,39,1726.2
2013-12-01,Scotland,35,1732.6
2013-12-01,Jordan,40,1652.5
2013-12-01,Czechia,37,1690.4
2013-12-01,South Africa,44,1650.0
2013-12-01,Venezuela,46,1618.4
2013-12-01,Chile,39,1718.1
2013-12-01,Bolivia,46,1596.1
2013-12-01,Indonesia,41,1701.6
2013-12-01,New Zealand,47,1655.9
2013-12-01,Costa Rica,46,1609.9
2013-12-01,Curaçao,45,1610.2
2013-12-01,Honduras,51,1650.9
2013-12-01,DR Congo,45,1570.9
2013-12-01,Kenya,52,1624.3
2013-12-01,Panama,48,1628.1
2013-12-01,Bosnia and Herzegovina,48,1540.1
2013-12-01,Qatar,54,1534.4
2013-12-01,Haiti,53,1607.2
2013-12-01,Cuba,58,1641.8
2013-12-01,Iraq,58,1540.1
2013-12-01,Trinidad and Tobago,55,1507.4
2013-12-01,Uzbekistan,65,1529.2
2014-01-01,France,5,2005.3
2014-01-01,Spain,2,1993.3
2014-01-01,Argentina,1,1948.9
2014-01-01,England,4,2007.7
2014-01-01,Portugal,4,1943.7
2014-01-01,Brazil,6,1945.6
2014-01-01,Netherlands,9,1951.4
2014-01-01,Morocco,10,1957.2
2014-01-01,Belgium,5,1956.3
2014-01-01,Germany,11,1960.1
2014-01-01,Croatia,15,1886.7
2014-01-01,Austria,8,1907.7
2014-01-01,Colombia,16,1901.6
2014-01-01,Senegal,14,1901.9
2014-01-01,Mexico,18,1833.9
2014-01-01,United States,12,1873.3
2014-01-01,Uruguay,19,1839.6
2014-01-01,Japan,15,1862.5
2014-01-01,Switzerland,19,1783.0
2014-01-01,Norway,18,1830.6
2014-01-01,Iran,19,1823.7
2014-01-01,Turkey,23,1814.0
2014-01-01,Ecuador,26,1725.6
2014-01-01,Sweden,20,1795.4
2014-01-01,South Korea,27,1786.6
2014-01-01,Nigeria,27,1821.9
2014-01-01,Australia,29,1795.3
2014-01-01,Ivory Coast,26,1796.1
2014-01-01,Algeria,30,1800.7
2014-01-01,Egypt,32,1749.4
2014-01-01,Canada,31,1770.3
2014-01-01,Tunisia,31,1788.4
2014-01-01,Paraguay,32,1755.9
2014-01-01,Peru,34,1724.2
2014-01-01,Ghana,31,1723.4
2014-01-01,Saudi Arabia,37,1728.1
2014-01-01,Cabo Verde,35,1706.1
2014-01-01,Slovakia,36,1683.9
2014-01-01,Scotland,38,1683.1
2014-01-01,Jordan,41,1687.4
2014-01-01,Czechia,41,1727.6
2014-01-01,South Africa,44,1652.0
2014-01-01,Venezuela,46,1630.6
2014-01-01,Chile,47,1710.5
2014-01-01,Bolivia,46,1615.0
2014-01-01,Indonesia,41,1649.2
2014-01-01,New Zealand,48,1678.2
2014-01-01,Costa Rica,45,1621.0
2014-01-01,Curaçao,44,1623.0
2014-01-01,Honduras,50,1573.9
2014-01-01,DR Congo,51,1607.0
2014-01-01,Kenya,51,1611.6
2014-01-01,Panama,47,1646.0
2014-01-01,Bosnia and Herzegovina,48,1567.4
2014-01-01,Qatar,53,1572.1
2014-01-01,Haiti,54,1586.6
2014-01-01,Cuba,53,1563.8
2014-01-01,Iraq,55,1543.8
2014-01-01,Trinidad and Tobago,56,1536.2
2014-01-01,Uzbekistan,67,1479.4
2014-02-01,France,5,1967.3
2014-02-01,Spain,5,2039.2
2014-02-01,Argentina,7,1962.6
2014-02-01,England,6,1969.0
2014-02-01,Portugal,7,1967.8
2014-02-01,Brazil,2,1948.5
2014-02-01,Netherlands,11,1906.3
2014-02-01,Morocco,8,1970.7
2014-02-01,Belgium,9,1907.0
2014-02-01,Germany,8,1915.7
2014-02-01,Croatia,14,1926.2
2014-02-01,Austria,16,1943.0
2014-02-01,Colombia,17,1914.2
2014-02-01,Senegal,13,1858.7
2014-02-01,Mexico,15,1892.4
2014-02-01,United States,12,1859.7
2014-02-01,Uruguay,19,1899.6
2014-02-01,Japan,22,1865.0
2014-02-01,Switzerland,20,1845.4
2014-02-01,Norway,24,1865.2
2014-02-01,Iran,24,1853.4
2014-02-01,Turkey,22,1865.1
2014-02-01,Ecuador,21,1846.3
2014-02-01,Sweden,24,1814.8
2014-02-01,South Korea,28,1811.5
2014-02-01,Nigeria,29,1790.9
2014-02-01,Australia,30,1799.6
2014-02-01,Ivory Coast,30,1785.2
2014-02-01,Algeria,24,1838.5
2014-02-01,Egypt,27,1768.0
2014-02-01,Canada,26,1806.0
2014-02-01,Tunisia,34,1718.7
2014-02-01,Paraguay,28,1720.2
2014-02-01,Peru,30,1739.2
2014-02-01,Ghana,34,1751.3
2014-02-01,Saudi Arabia,40,1697.1
2014-02-01,Cabo Verde,34,1646.1
2014-02-01,Slovakia,36,1752.9
2014-02-01,Scotland,37,1694.3
2014-02-01,Jordan,37,1663.1
2014-02-01,Czechia,39,1656.4
2014-02-01,South Africa,38,1660.9
2014-02-01,Venezuela,38,1672.4
2014-02-01,Chile,47,1632.6
2014-02-01,Bolivia,48,1682.6
2014-02-01,Indonesia,42,1627.2
2014-02-01,New Zealand,47,1665.4
2014-02-01,Costa Rica,50,1607.5
2014-02-01,Curaçao,47,1644.8
2014-02-01,Honduras,45,1630.5
2014-02-01,DR Congo,47,1589.3
2014-02-01,Kenya,47,1622.0
2014-02-01,Panama,52,1607.4
2014-02-01,Bosnia and Herzegovina,54,1561.6
2014-02-01,Qatar,55,1626.9
2014-02-01,Haiti,50,1590.2
2014-02-01,Cuba,51,1528.0
2014-02-01,Iraq,56,1503.8
2014-02-01,Trinidad and Tobago,58,1528.3
2014-02-01,Uzbekistan,63,1499.3
2014-03-01,France,3,1917.4
2014-03-01,Spain,1,1996.9
2014-03-01,Argentina,4,1988.7
2014-03-01,England,7,2012.5
2014-03-01,Portugal,6,1969.7
2014-03-01,Brazil,10,1942.3
2014-03-01,Netherlands,8,1937.7
2014-03-01,Morocco,10,1948.3
2014-03-01,Belgium,12,1929.5
2014-03-01,Germany,12,1935.0
2014-03-01,Croatia,9,1886.5
2014-03-01,Austria,12,1878.0
2014-03-01,Colombia,15,1888.7
2014-03-01,Senegal,18,1938.7
2014-03-01,Mexico,18,1903.4
2014-03-01,United States,12,1856.9
2014-03-01,Uruguay,13,1887.6
2014-03-01,Japan,21,1908.5
2014-03-01,Switzerland,21,1859.6
2014-03-01,Norway,19,1891.0
2014-03-01,Iran,20,1809.7
2014-03-01,Turkey,18,1842.7
2014-03-01,Ecuador,26,1824.1
2014-03-01,Sweden,21,1784.0
2014-03-01,South Korea,23,1828.8
2014-03-01,Nigeria,22,1792.4
2014-03-01,Australia,27,1731.5
2014-03-01,Ivory Coast,26,1791.5
2014-03-01,Algeria,29,1775.5
2014-03-01,Egypt,25,1822.5
2014-03-01,Canada,34,1745.5
2014-03-01,Tunisia,29,1763.6
2014-03-01,Paraguay,35,1731.3
2014-03-01,Peru,30,1711.5
2014-03-01,Ghana,34,1699.5
2014-03-01,Saudi Arabia,38,1728.5
2014-03-01,Cabo Verde,39,1748.7
2014-03-01,Slovakia,40,1689.7
2014-03-01,Scotland,36,1703.6
2014-03-01,Jordan,42,1713.5
2014-03-01,Czechia,43,1676.1
2014-03-01,South Africa,40,1693.2
2014-03-01,Venezuela,38,1687.4
2014-03-01,Chile,43,1632.2
2014-03-01,Bolivia,47,1640.7
2014-03-01,Indonesia,43,1687.3
2014-03-01,New Zealand,49,1561.9
2014-03-01,Costa Rica,51,1676.5
2014-03-01,Curaçao,44,1668.2
2014-03-01,Honduras,52,1649.0
2014-03-01,DR Congo,46,1595.5
2014-03-01,Kenya,45,1576.9
2014-03-01,Panama,53,1546.4
2014-03-01,Bosnia and Herzegovina,49,1602.7
2014-03-01,Qatar,48,1561.7
2014-03-01,Haiti,53,1631.9
2014-03-01,Cuba,50,1475.5
2014-03-01,Iraq,54,1581.6
2014-03-01,Trinidad and Tobago,55,1555.1
2014-03-01,Uzbekistan,66,1524.8
2014-04-01,France,1,1982.3
2014-04-01,Spain,4,1949.5
2014-04-01,Argentina,6,1961.8
2014-04-01,England,1,1984.7
2014-04-01,Portugal,7,2027.3
2014-04-01,Brazil,6,1928.2
2014-04-01,Netherlands,5,1960.7
2014-04-01,Morocco,7,1912.3
2014-04-01,Belgium,10,1892.6
2014-04-01,Germany,11,1969.0
2014-04-01,Croatia,11,1911.3
2014-04-01,Austria,10,1875.7
2014-04-01,Colombia,15,1907.7
2014-04-01,Senegal,17,1901.1
2014-04-01,Mexico,18,1886.3
2014-04-01,United States,19,1875.2
2014-04-01,Uruguay,21,1893.0
2014-04-01,Japan,16,1850.5
2014-04-01,Switzerland,22,1825.4
2014-04-01,Norway,20,1855.3
2014-04-01,Iran,20,1941.5
2014-04-01,Turkey,24,1846.7
2014-04-01,Ecuador,25,1816.5
2014-04-01,Sweden,28,1806.2
2014-04-01,South Korea,28,1775.9
2014-04-01,Nigeria,28,1729.8
2014-04-01,Australia,26,1782.4
2014-04-01,Ivory Coast,29,1800.0
2014-04-01,Algeria,30,1800.3
2014-04-01,Egypt,33,1767.2
2014-04-01,Canada,30,1721.9
2014-04-01,Tunisia,28,1751.5
2014-04-01,Paraguay,34,1742.6
2014-04-01,Peru,33,1792.2
2014-04-01,Ghana,35,1774.4
2014-04-01,Saudi Arabia,36,1690.5
2014-04-01,Cabo Verde,39,1696.5
2014-04-01,Slovakia,40,1681.2
2014-04-01,Scotland,36,1703.5
2014-04-01,Jordan,37,1698.7
2014-04-01,Czechia,42,1686.5
2014-04-01,South Africa,45,1640.9
2014-04-01,Venezuela,42,1647.0
2014-04-01,Chile,44,1634.2
2014-04-01,Bolivia,47,1636.3
2014-04-01,Indonesia,47,1650.7
2014-04-01,New Zealand,45,1634.7
2014-04-01,Costa Rica,51,1637.9
2014-04-01,Curaçao,44,1610.0
2014-04-01,Honduras,47,1582.1
2014-04-01,DR Congo,44,1569.9
2014-04-01,Kenya,48,1629.0
2014-04-01,Panama,46,1560.7
2014-04-01,Bosnia and Herzegovina,49,1576.6
2014-04-01,Qatar,55,1552.3
2014-04-01,Haiti,57,1594.8
2014-04-01,Cuba,50,1599.6
2014-04-01,Iraq,59,1571.8
2014-04-01,Trinidad and Tobago,53,1536.0
2014-04-01,Uzbekistan,62,1523.8
2014-05-01,France,1,2042.5
2014-05-01,Spain,6,1993.8
2014-05-01,Argentina,1,2010.6
2014-05-01,England,1,2001.6
2014-05-01,Portugal,1,1997.9
2014-05-01,Brazil,7,1976.2
2014-05-01,Netherlands,5,1950.7
2014-05-01,Morocco,6,1965.3
2014-05-01,Belgium,10,1948.7
2014-05-01,Germany,12,1930.8
2014-05-01,Croatia,7,1932.4
2014-05-01,Austria,13,1976.2
2014-05-01,Colombia,10,1915.6
2014-05-01,Senegal,16,1862.9
2014-05-01,Mexico,12,1872.8
2014-05-01,United States,14,1866.3
2014-05-01,Uruguay,18,1869.0
2014-05-01,Japan,16,1861.0
2014-05-01,Switzerland,18,1840.1
2014-05-01,Norway,24,1851.5
2014-05-01,Iran,17,1849.4
2014-05-01,Turkey,26,1826.9
2014-05-01,Ecuador,26,1729.8
2014-05-01,Sweden,21,1857.1
2014-05-01,South Korea,29,1836.4
2014-05-01,Nigeria,30,1815.7
2014-05-01,Australia,23,1825.9
2014-05-01,Ivory Coast,25,1777.6
2014-05-01,Algeria,24,1754.1
2014-05-01,Egypt,30,1770.4
2014-05-01,Canada,26,1779.4
2014-05-01,Tunisia,33,1777.9
2014-05-01,Paraguay,28,1744.2
2014-05-01,Peru,33,1714.8
2014-05-01,Ghana,35,1682.1
2014-05-01,Saudi Arabia,40,1694.3
2014-05-01,Cabo Verde,37,1745.2
2014-05-01,Slovakia,39,1731.4
2014-05-01,Scotland,40,1702.7
2014-05-01,Jordan,42,1719.1
2014-05-01,Czechia,42,1652.3
2014-05-01,South Africa,43,1609.3
2014-05-01,Venezuela,43,1680.7
2014-05-01,Chile,45,1710.3
2014-05-01,Bolivia,45,1619.9
2014-05-01,Indonesia,41,1648.2
2014-05-01,New Zealand,42,1658.0
2014-05-01,Costa Rica,51,1621.5
2014-05-01,Curaçao,44,1656.0
2014-05-01,Honduras,52,1578.5
2014-05-01,DR Congo,47,1592.4
2014-05-01,Kenya,50,1531.5
2014-05-01,Panama,49,1611.5
2014-05-01,Bosnia and Herzegovina,55,1589.0
2014-05-01,Qatar,53,1621.0
2014-05-01,Haiti,50,1525.6
2014-05-01,Cuba,55,1587.9
2014-05-01,Iraq,58,1567.5
2014-05-01,Trinidad and Tobago,51,1529.8
2014-05-01,Uzbekistan,59,1491.2
2014-06-01,France,3,1958.9
2014-06-01,Spain,1,1918.7
2014-06-01,Argentina,4,1961.0
2014-06-01,England,6,1911.0
2014-06-01,Portugal,3,2011.3
2014-06-01,Brazil,2,1983.7
2014-06-01,Netherlands,11,1952.7
2014-06-01,Morocco,10,1865.5
2014-06-01,Belgium,10,1885.2
2014-06-01,Germany,14,1897.7
2014-06-01,Croatia,14,1915.9
2014-06-01,Austria,11,1871.7
2014-06-01,Colombia,11,1924.4
2014-06-01,Senegal,11,1946.5
2014-06-01,Mexico,14,1902.9
2014-06-01,United States,14,1866.1
2014-06-01,Uruguay,18,1879.9
2014-06-01,Japan,18,1873.0
2014-06-01,Switzerland,18,1833.0
2014-06-01,Norway,23,1840.7
2014-06-01,Iran,21,1849.5
2014-06-01,Turkey,18,1772.4
2014-06-01,Ecuador,24,1861.4
2014-06-01,Sweden,20,1823.2
2014-06-01,South Korea,22,1790.7
2014-06-01,Nigeria,28,1779.0
2014-06-01,Australia,30,1768.9
2014-06-01,Ivory Coast,26,1762.3
2014-06-01,Algeria,25,1778.4
2014-06-01,Egypt,30,1758.6
2014-06-01,Canada,27,1761.6
2014-06-01,Tunisia,35,1680.0
2014-06-01,Paraguay,34,1751.7
2014-06-01,Peru,37,1715.3
2014-06-01,Ghana,37,1728.8
2014-06-01,Saudi Arabia,38,1687.1
2014-06-01,Cabo Verde,39,1717.2
2014-06-01,Slovakia,40,1700.1
2014-06-01,Scotland,34,1688.2
2014-06-01,Jordan,37,1643.1
2014-06-01,Czechia,40,1650.4
2014-06-01,South Africa,42,1706.1
2014-06-01,Venezuela,40,1709.1
2014-06-01,Chile,39,1697.9
2014-06-01,Bolivia,47,1651.5
2014-06-01,Indonesia,49,1641.0
2014-06-01,New Zealand,44,1666.1
2014-06-01,Costa Rica,51,1621.6
2014-06-01,Curaçao,47,1625.5
2014-06-01,Honduras,44,1617.0
2014-06-01,DR Congo,47,1599.0
2014-06-01,Kenya,47,1539.7
2014-06-01,Panama,52,1604.9
2014-06-01,Bosnia and Herzegovina,53,1599.3
2014-06-01,Qatar,52,1603.3
2014-06-01,Haiti,57,1611.9
2014-06-01,Cuba,54,1619.2
2014-06-01,Iraq,54,1598.7
2014-06-01,Trinidad and Tobago,57,1579.4
2014-06-01,Uzbekistan,64,1517.1
2014-07-01,France,5,2052.9
2014-07-01,Spain,1,1992.2
2014-07-01,Argentina,5,1974.7
2014-07-01,England,7,1963.2
2014-07-01,Portugal,8,1933.5
2014-07-01,Brazil,2,1965.5
2014-07-01,Netherlands,11,1939.3
2014-07-01,Morocco,9,1946.0
2014-07-01,Belgium,7,1875.0
2014-07-01,Germany,6,1920.5
2014-07-01,Croatia,12,1882.8
2014-07-01,Austria,8,1853.7
2014-07-01,Colombia,10,1900.8
2014-07-01,Senegal,12,1944.8
2014-07-01,Mexico,11,1896.1
2014-07-01,United States,19,1843.6
2014-07-01,Uruguay,16,1819.2
2014-07-01,Japan,14,1845.9
2014-07-01,Switzerland,16,1817.6
2014-07-01,Norway,16,1827.3
2014-07-01,Iran,22,1844.5
2014-07-01,Turkey,19,1844.9
2014-07-01,Ecuador,22,1848.3
2014-07-01,Sweden,20,1754.0
2014-07-01,South Korea,23,1795.3
2014-07-01,Nigeria,27,1744.6
2014-07-01,Australia,23,1792.7
2014-07-01,Ivory Coast,27,1759.8
2014-07-01,Algeria,27,1777.1
2014-07-01,Egypt,32,1793.6
2014-07-01,Canada,26,1726.8
2014-07-01,Tunisia,34,1702.4
2014-07-01,Paraguay,32,1752.8
2014-07-01,Peru,29,1719.5
2014-07-01,Ghana,38,1703.0
2014-07-01,Saudi Arabia,39,1659.5
2014-07-01,Cabo Verde,36,1739.1
2014-07-01,Slovakia,40,1698.9
2014-07-01,Scotland,41,1724.4
2014-07-01,Jordan,39,1705.2
2014-07-01,Czechia,44,1709.0
2014-07-01,South Africa,44,1652.5
2014-07-01,Venezuela,41,1664.8
2014-07-01,Chile,45,1649.0
2014-07-01,Bolivia,47,1662.8
2014-07-01,Indonesia,45,1645.5
2014-07-01,New Zealand,48,1599.4
2014-07-01,Costa Rica,45,1629.7
2014-07-01,Curaçao,51,1607.6
2014-07-01,Honduras,46,1591.1
2014-07-01,DR Congo,45,1598.7
2014-07-01,Kenya,51,1640.2
2014-07-01,Panama,46,1556.7
2014-07-01,Bosnia and Herzegovina,49,1594.6
2014-07-01,Qatar,49,1581.5
2014-07-01,Haiti,53,1570.4
2014-07-01,Cuba,54,1562.5
2014-07-01,Iraq,57,1539.4
2014-07-01,Trinidad and Tobago,54,1528.7
2014-07-01,Uzbekistan,61,1532.4
2014-08-01,France,1,2029.7
2014-08-01,Spain,4,1985.2
2014-08-01,Argentina,5,1984.7
2014-08-01,England,7,2038.8
2014-08-01,Portugal,1,1909.2
2014-08-01,Brazil,6,1920.9
2014-08-01,Netherlands,4,1879.5
2014-08-01,Morocco,8,1951.5
2014-08-01,Belgium,10,1925.3
2014-08-01,Germany,7,1933.7
2014-08-01,Croatia,8,1907.9
2014-08-01,Austria,9,1905.3
2014-08-01,Colombia,12,1892.6
2014-08-01,Senegal,14,1839.0
2014-08-01,Mexico,18,1897.4
2014-08-01,United States,16,1944.4
2014-08-01,Uruguay,16,1890.9
2014-08-01,Japan,22,1858.2
2014-08-01,Switzerland,21,1886.1
2014-08-01,Norway,24,1900.8
2014-08-01,Iran,21,1870.9
2014-08-01,Turkey,21,1746.3
2014-08-01,Ecuador,21,1797.4
2014-08-01,Sweden,28,1819.4
2014-08-01,South Korea,28,1786.4
2014-08-01,Nigeria,30,1795.2
2014-08-01,Australia,28,1788.3
2014-08-01,Ivory Coast,29,1795.7
2014-08-01,Algeria,32,1758.1
2014-08-01,Egypt,27,1812.8
2014-08-01,Canada,33,1724.6
2014-08-01,Tunisia,29,1746.0
2014-08-01,Paraguay,28,1704.2
2014-08-01,Peru,33,1707.3
2014-08-01,Ghana,38,1729.8
2014-08-01,Saudi Arabia,36,1695.1
2014-08-01,Cabo Verde,37,1674.8
2014-08-01,Slovakia,33,1736.4
2014-08-01,Scotland,40,1707.0
2014-08-01,Jordan,37,1681.3
2014-08-01,Czechia,38,1702.0
2014-08-01,South Africa,42,1654.5
2014-08-01,Venezuela,45,1650.6
2014-08-01,Chile,45,1632.7
2014-08-01,Bolivia,43,1633.7
2014-08-01,Indonesia,45,1696.4
2014-08-01,New Zealand,47,1591.7
2014-08-01,Costa Rica,43,1626.6
2014-08-01,Curaçao,48,1602.6
2014-08-01,Honduras,50,1588.8
2014-08-01,DR Congo,52,1659.8
2014-08-01,Kenya,48,1621.3
2014-08-01,Panama,50,1559.6
2014-08-01,Bosnia and Herzegovina,50,1483.6
2014-08-01,Qatar,51,1626.2
2014-08-01,Haiti,56,1562.9
2014-08-01,Cuba,55,1589.7
2014-08-01,Iraq,52,1560.9
2014-08-01,Trinidad and Tobago,55,1573.5
2014-08-01,Uzbekistan,59,1512.1
2014-09-01,France,1,2031.2
2014-09-01,Spain,4,1973.5
2014-09-01,Argentina,1,1936.6
2014-09-01,England,2,1961.8
2014-09-01,Portugal,3,1958.9
2014-09-01,Brazil,6,1916.9
2014-09-01,Netherlands,6,1922.7
2014-09-01,Morocco,9,1954.0
2014-09-01,Belgium,7,1930.5
2014-09-01,Germany,8,1934.4
2014-09-01,Croatia,7,1885.8
2014-09-01,Austria,13,1896.5
2014-09-01,Colombia,15,1903.4
2014-09-01,Senegal,13,1870.2
2014-09-01,Mexico,19,1885.6
2014-09-01,United States,12,1816.0
2014-09-01,Uruguay,19,1815.4
2014-09-01,Japan,18,1888.4
2014-09-01,Switzerland,21,1873.0
2014-09-01,Norway,24,1802.4
2014-09-01,Iran,21,1895.0
2014-09-01,Turkey,24,1826.8
2014-09-01,Ecuador,25,1802.7
2014-09-01,Sweden,27,1780.6
2014-09-01,South Korea,21,1765.6
2014-09-01,Nigeria,30,1776.3
2014-09-01,Australia,31,1790.3
2014-09-01,Ivory Coast,32,1761.6
2014-09-01,Algeria,24,1783.0
2014-09-01,Egypt,31,1710.7
2014-09-01,Canada,33,1760.1
2014-09-01,Tunisia,27,1741.3
2014-09-01,Paraguay,33,1753.7
2014-09-01,Peru,33,1742.4
2014-09-01,Ghana,38,1647.0
2014-09-01,Saudi Arabia,35,1712.7
2014-09-01,Cabo Verde,39,1701.7
2014-09-01,Slovakia,41,1692.9
2014-09-01,Scotland,41,1670.1
2014-09-01,Jordan,38,1679.3
2014-09-01,Czechia,40,1685.6
2014-09-01,South Africa,45,1722.3
2014-09-01,Venezuela,39,1681.7
2014-09-01,Chile,39,1639.9
2014-09-01,Bolivia,45,1653.0
2014-09-01,Indonesia,49,1676.2
2014-09-01,New Zealand,43,1658.6
2014-09-01,Costa Rica,43,1661.1
2014-09-01,Curaçao,49,1629.1
2014-09-01,Honduras,48,1627.7
2014-09-01,DR Congo,50,1626.1
2014-09-01,Kenya,46,1623.0
2014-09-01,Panama,51,1560.5
2014-09-01,Bosnia and Herzegovina,50,1581.2
2014-09-01,Qatar,51,1580.6
2014-09-01,Haiti,52,1543.3
2014-09-01,Cuba,58,1636.0
2014-09-01,Iraq,52,1588.1
2014-09-01,Trinidad and Tobago,58,1593.3
2014-09-01,Uzbekistan,61,1505.2
2014-10-01,France,1,1986.4
2014-10-01,Spain,4,2014.3
2014-10-01,Argentina,7,1921.1
2014-10-01,England,2,1949.7
2014-10-01,Portugal,7,1943.0
2014-10-01,Brazil,10,1976.8
2014-10-01,Netherlands,5,1928.7
2014-10-01,Morocco,4,1937.6
2014-10-01,Belgium,11,1904.9
2014-10-01,Germany,14,1938.5
2014-10-01,Croatia,14,1887.7
2014-10-01,Austria,16,1932.8
2014-10-01,Colombia,16,1900.8
2014-10-01,Senegal,18,1877.3
2014-10-01,Mexico,15,1870.0
2014-10-01,United States,16,1818.2
2014-10-01,Uruguay,17,1866.3
2014-10-01,Japan,14,1868.4
2014-10-01,Switzerland,17,1816.7
2014-10-01,Norway,18,1850.5
2014-10-01,Iran,19,1837.1
2014-10-01,Turkey,23,1858.2
2014-10-01,Ecuador,22,1849.1
2014-10-01,Sweden,23,1817.9
2014-10-01,South Korea,21,1816.3
2014-10-01,Nigeria,30,1782.4
2014-10-01,Australia,24,1765.4
2014-10-01,Ivory Coast,25,1751.2
2014-10-01,Algeria,30,1773.1
2014-10-01,Egypt,27,1745.5
2014-10-01,Canada,29,1773.8
2014-10-01,Tunisia,27,1672.3
2014-10-01,Paraguay,36,1721.5
2014-10-01,Peru,33,1766.4
2014-10-01,Ghana,34,1754.5
2014-10-01,Saudi Arabia,34,1731.9
2014-10-01,Cabo Verde,36,1645.6
2014-10-01,Slovakia,37,1654.9
2014-10-01,Scotland,38,1655.0
2014-10-01,Jordan,40,1677.1
2014-10-01,Czechia,44,1756.1
2014-10-01,South Africa,38,1681.2
2014-10-01,Venezuela,39,1602.6
2014-10-01,Chile,45,1667.7
2014-10-01,Bolivia,45,1675.3
2014-10-01,Indonesia,44,1656.8
2014-10-01,New Zealand,45,1599.5
2014-10-01,Costa Rica,49,1647.9
2014-10-01,Curaçao,46,1590.6
2014-10-01,Honduras,46,1605.8
2014-10-01,DR Congo,50,1621.8
2014-10-01,Kenya,49,1569.7
2014-10-01,Panama,48,1624.2
2014-10-01,Bosnia and Herzegovina,53,1625.5
2014-10-01,Qatar,53,1568.2
2014-10-01,Haiti,57,1617.8
2014-10-01,Cuba,56,1577.1
2014-10-01,Iraq,58,1585.1
2014-10-01,Trinidad and Tobago,56,1583.8
2014-10-01,Uzbekistan,60,1472.0
2014-11-01,France,1,2011.1
2014-11-01,Spain,5,1993.6
2014-11-01,Argentina,1,1959.2
2014-11-01,England,1,1955.1
2014-11-01,Portugal,6,2012.3
2014-11-01,Brazil,9,1910.9
2014-11-01,Netherlands,5,1991.2
2014-11-01,Morocco,7,1964.2
2014-11-01,Belgium,5,1940.9
2014-11-01,Germany,6,1939.1
2014-11-01,Croatia,10,1915.0
2014-11-01,Austria,11,1944.5
2014-11-01,Colombia,10,1933.3
2014-11-01,Senegal,18,1849.9
2014-11-01,Mexico,13,1876.1
2014-11-01,United States,16,1864.7
2014-11-01,Uruguay,16,1891.0
2014-11-01,Japan,17,1868.6
2014-11-01,Switzerland,21,1821.5
2014-11-01,Norway,23,1870.6
2014-11-01,Iran,24,1819.4
2014-11-01,Turkey,18,1860.7
2014-11-01,Ecuador,24,1888.7
2014-11-01,Sweden,21,1811.6
2014-11-01,South Korea,28,1816.6
2014-11-01,Nigeria,25,1815.4
2014-11-01,Australia,23,1802.4
2014-11-01,Ivory Coast,28,1807.0
2014-11-01,Algeria,31,1757.9
2014-11-01,Egypt,30,1752.6
2014-11-01,Canada,33,1752.2
2014-11-01,Tunisia,28,1757.6
2014-11-01,Paraguay,36,1757.9
2014-11-01,Peru,29,1766.8
2014-11-01,Ghana,36,1729.0
2014-11-01,Saudi Arabia,40,1717.7
2014-11-01,Cabo Verde,39,1700.6
2014-11-01,Slovakia,37,1720.5
2014-11-01,Scotland,38,1701.3
2014-11-01,Jordan,42,1668.2
2014-11-01,Czechia,39,1725.8
2014-11-01,South Africa,38,1680.8
2014-11-01,Venezuela,39,1619.7
2014-11-01,Chile,39,1707.8
2014-11-01,Bolivia,44,1617.1
2014-11-01,Indonesia,43,1630.7
2014-11-01,New Zealand,49,1678.6
2014-11-01,Costa Rica,51,1620.3
2014-11-01,Curaçao,43,1668.8
2014-11-01,Honduras,48,1645.0
2014-11-01,DR Congo,50,1538.8
2014-11-01,Kenya,47,1613.1
2014-11-01,Panama,50,1593.9
2014-11-01,Bosnia and Herzegovina,53,1571.3
2014-11-01,Qatar,53,1588.9
2014-11-01,Haiti,51,1535.9
2014-11-01,Cuba,52,1527.7
2014-11-01,Iraq,59,1542.7
2014-11-01,Trinidad and Tobago,55,1527.7
2014-11-01,Uzbekistan,62,1458.9
2014-12-01,France,5,1988.2
2014-12-01,Spain,5,1945.7
2014-12-01,Argentina,1,1953.5
2014-12-01,England,1,2009.8
2014-12-01,Portugal,8,1947.8
2014-12-01,Brazil,4,1910.3
2014-12-01,Netherlands,10,1916.1
2014-12-01,Morocco,11,1920.5
2014-12-01,Belgium,10,1894.2
2014-12-01,Germany,7,1933.5
2014-12-01,Croatia,7,1933.2
2014-12-01,Austria,9,1850.9
2014-12-01,Colombia,10,1893.3
2014-12-01,Senegal,13,1861.0
2014-12-01,Mexico,14,1857.9
2014-12-01,United States,17,1920.3
2014-12-01,Uruguay,17,1830.7
2014-12-01,Japan,22,1858.8
2014-12-01,Switzerland,18,1831.2
2014-12-01,Norway,19,1874.8
2014-12-01,Iran,20,1816.1
2014-12-01,Turkey,25,1826.1
2014-12-01,Ecuador,21,1846.6
2014-12-01,Sweden,23,1780.2
2014-12-01,South Korea,24,1809.4
2014-12-01,Nigeria,29,1800.3
2014-12-01,Australia,31,1784.7
2014-12-01,Ivory Coast,29,1809.9
2014-12-01,Algeria,31,1745.1
2014-12-01,Egypt,33,1754.7
2014-12-01,Canada,30,1803.7
2014-12-01,Tunisia,34,1732.8
2014-12-01,Paraguay,35,1727.1
2014-12-01,Peru,31,1745.6
2014-12-01,Ghana,37,1703.8
2014-12-01,Saudi Arabia,40,1704.6
2014-12-01,Cabo Verde,38,1752.6
2014-12-01,Slovakia,33,1691.3
2014-12-01,Scotland,35,1725.0
2014-12-01,Jordan,38,1663.3
2014-12-01,Czechia,41,1701.3
2014-12-01,South Africa,38,1691.1
2014-12-01,Venezuela,41,1679.8
2014-12-01,Chile,39,1657.7
2014-12-01,Bolivia,43,1642.1
2014-12-01,Indonesia,49,1675.3
2014-12-01,New Zealand,42,1627.0
2014-12-01,Costa Rica,48,1601.7
2014-12-01,Curaçao,50,1640.8
2014-12-01,Honduras,47,1577.3
2014-12-01,DR Congo,45,1604.3
2014-12-01,Kenya,52,1626.7
2014-12-01,Panama,52,1644.4
2014-12-01,Bosnia and Herzegovina,53,1570.9
2014-12-01,Qatar,52,1591.9
2014-12-01,Haiti,52,1574.1
2014-12-01,Cuba,57,1528.1
2014-12-01,Iraq,58,1544.2
2014-12-01,Trinidad and Tobago,56,1599.1
2014-12-01,Uzbekistan,62,1522.3
2015-01-01,France,1,1951.7
2015-01-01,Spain,1,2002.0
2015-01-01,Argentina,1,1995.9
2015-01-01,England,1,2021.7
2015-01-01,Portugal,5,1978.1
2015-01-01,Brazil,3,1945.0
2015-01-01,Netherlands,6,1897.5
2015-01-01,Morocco,4,1896.3
2015-01-01,Belgium,10,1970.8
2015-01-01,Germany,6,1912.1
2015-01-01,Croatia,15,1860.5
2015-01-01,Austria,11,1917.3
2015-01-01,Colombia,12,1960.6
2015-01-01,Senegal,15,1892.0
2015-01-01,Mexico,18,1870.9
2015-01-01,United States,17,1846.3
2015-01-01,Uruguay,16,1878.6
2015-01-01,Japan,15,1884.5
2015-01-01,Switzerland,21,1843.1
2015-01-01,Norway,16,1843.7
2015-01-01,Iran,18,1882.8
2015-01-01,Turkey,22,1806.0
2015-01-01,Ecuador,24,1833.2
2015-01-01,Sweden,26,1795.9
2015-01-01,South Korea,24,1813.8
2015-01-01,Nigeria,28,1763.4
2015-01-01,Australia,24,1782.9
2015-01-01,Ivory Coast,27,1819.1
2015-01-01,Algeria,24,1784.9
2015-01-01,Egypt,27,1792.9
2015-01-01,Canada,32,1807.4
2015-01-01,Tunisia,35,1753.4
2015-01-01,Paraguay,33,1674.5
2015-01-01,Peru,31,1703.4
2015-01-01,Ghana,32,1758.4
2015-01-01,Saudi Arabia,34,1656.0
2015-01-01,Cabo Verde,34,1714.9
2015-01-01,Slovakia,35,1718.8
2015-01-01,Scotland,38,1708.2
2015-01-01,Jordan,43,1673.0
2015-01-01,Czechia,38,1727.4
2015-01-01,South Africa,44,1695.2
2015-01-01,Venezuela,40,1644.0
2015-01-01,Chile,40,1653.6
2015-01-01,Bolivia,47,1637.1
2015-01-01,Indonesia,44,1617.3
2015-01-01,New Zealand,49,1615.5
2015-01-01,Costa Rica,44,1612.1
2015-01-01,Curaçao,49,1633.6
2015-01-01,Honduras,45,1661.1
2015-01-01,DR Congo,49,1614.3
2015-01-01,Kenya,52,1609.0
2015-01-01,Panama,46,1595.1
2015-01-01,Bosnia and Herzegovina,54,1599.6
2015-01-01,Qatar,49,1562.5
2015-01-01,Haiti,56,1601.4
2015-01-01,Cuba,58,1572.3
2015-01-01,Iraq,53,1510.3
2015-01-01,Trinidad and Tobago,59,1539.4
2015-01-01,Uzbekistan,60,1454.3
2015-02-01,France,1,2025.1
2015-02-01,Spain,1,1978.5
2015-02-01,Argentina,3,2035.7
2015-02-01,England,6,1975.2
2015-02-01,Portugal,6,1931.1
2015-02-01,Brazil,4,1960.6
2015-02-01,Netherlands,4,1924.4
2015-02-01,Morocco,10,1943.5
2015-02-01,Belgium,11,1938.7
2015-02-01,Germany,10,1910.1
2015-02-01,Croatia,13,1854.1
2015-02-01,Austria,10,1903.0
2015-02-01,Colombia,14,1910.6
2015-02-01,Senegal,13,1881.7
2015-02-01,Mexico,19,1920.1
2015-02-01,United States,20,1841.0
2015-02-01,Uruguay,18,1839.8
2015-02-01,Japan,15,1824.7
2015-02-01,Switzerland,20,1801.1
2015-02-01,Norway,21,1802.7
2015-02-01,Iran,20,1858.0
2015-02-01,Turkey,26,1795.7
2015-02-01,Ecuador,19,1755.4
2015-02-01,Sweden,27,1795.2
2015-02-01,South Korea,21,1844.3
2015-02-01,Nigeria,23,1795.0
2015-02-01,Australia,30,1796.4
2015-02-01,Ivory Coast,26,1760.0
2015-02-01,Algeria,29,1790.7
2015-02-01,Egypt,31,1774.7
2015-02-01,Canada,26,1821.4
2015-02-01,Tunisia,28,1681.0
2015-02-01,Paraguay,33,1730.0
2015-02-01,Peru,36,1762.0
2015-02-01,Ghana,33,1740.9
2015-02-01,Saudi Arabia,39,1707.8
2015-02-01,Cabo Verde,35,1732.1
2015-02-01,Slovakia,40,1693.4
2015-02-01,Scotland,40,1659.4
2015-02-01,Jordan,42,1729.6
2015-02-01,Czechia,40,1672.9
2015-02-01,South Africa,39,1633.6
2015-02-01,Venezuela,38,1657.3
2015-02-01,Chile,44,1688.1
2015-02-01,Bolivia,41,1672.1
2015-02-01,Indonesia,42,1620.9
2015-02-01,New Zealand,50,1628.3
2015-02-01,Costa Rica,46,1701.9
2015-02-01,Curaçao,45,1641.7
2015-02-01,Honduras,49,1629.9
2015-02-01,DR Congo,51,1569.3
2015-02-01,Kenya,45,1536.3
2015-02-01,Panama,46,1589.1
2015-02-01,Bosnia and Herzegovina,50,1568.6
2015-02-01,Qatar,53,1518.7
2015-02-01,Haiti,56,1606.7
2015-02-01,Cuba,58,1533.3
2015-02-01,Iraq,53,1612.2
2015-02-01,Trinidad and Tobago,59,1550.8
2015-02-01,Uzbekistan,59,1490.0
2015-03-01,France,4,1998.1
2015-03-01,Spain,1,1996.6
2015-03-01,Argentina,1,1964.8
2015-03-01,England,7,2023.9
2015-03-01,Portugal,3,1960.0
2015-03-01,Brazil,2,1958.2
2015-03-01,Netherlands,8,1959.6
2015-03-01,Morocco,4,1922.6
2015-03-01,Belgium,9,1922.0
2015-03-01,Germany,10,1950.9
2015-03-01,Croatia,8,1854.7
2015-03-01,Austria,15,1937.4
2015-03-01,Colombia,12,1923.4
2015-03-01,Senegal,13,1989.9
2015-03-01,Mexico,13,1867.8
2015-03-01,United States,12,1879.6
2015-03-01,Uruguay,17,1851.8
2015-03-01,Japan,20,1878.3
2015-03-01,Switzerland,19,1846.0
2015-03-01,Norway,23,1786.1
2015-03-01,Iran,21,1874.3
2015-03-01,Turkey,18,1761.3
2015-03-01,Ecuador,21,1845.7
2015-03-01,Sweden,22,1812.5
2015-03-01,South Korea,27,1842.0
2015-03-01,Nigeria,26,1847.3
2015-03-01,Australia,24,1748.8
2015-03-01,Ivory Coast,32,1767.9
2015-03-01,Algeria,28,1739.2
2015-03-01,Egypt,32,1786.8
2015-03-01,Canada,29,1815.9
2015-03-01,Tunisia,35,1712.6
2015-03-01,Paraguay,34,1709.8
2015-03-01,Peru,37,1676.6
2015-03-01,Ghana,36,1692.3
2015-03-01,Saudi Arabia,37,1722.8
2015-03-01,Cabo Verde,33,1675.0
2015-03-01,Slovakia,35,1631.4
2015-03-01,Scotland,36,1714.1
2015-03-01,Jordan,42,1676.7
2015-03-01,Czechia,44,1697.5
2015-03-01,South Africa,37,1619.3
2015-03-01,Venezuela,42,1704.7
2015-03-01,Chile,45,1639.2
2015-03-01,Bolivia,42,1630.5
2015-03-01,Indonesia,44,1630.6
2015-03-01,New Zealand,46,1592.8
2015-03-01,Costa Rica,43,1669.5
2015-03-01,Curaçao,43,1663.4
2015-03-01,Honduras,47,1611.5
2015-03-01,DR Congo,45,1602.6
2015-03-01,Kenya,50,1622.7
2015-03-01,Panama,49,1598.0
2015-03-01,Bosnia and Herzegovina,47,1555.6
2015-03-01,Qatar,49,1579.2
2015-03-01,Haiti,54,1564.8
2015-03-01,Cuba,50,1577.1
2015-03-01,Iraq,54,1557.0
2015-03-01,Trinidad and Tobago,51,1584.3
2015-03-01,Uzbekistan,59,1514.4
2015-04-01,France,4,1973.4
2015-04-01,Spain,1,1977.6
2015-04-01,Argentina,1,1942.3
2015-04-01,England,2,1977.4
2015-04-01,Portugal,8,1975.2
2015-04-01,Brazil,2,1961.8
2015-04-01,Netherlands,7,1930.5
2015-04-01,Morocco,9,1886.4
2015-04-01,Belgium,12,1946.6
2015-04-01,Germany,6,1959.7
2015-04-01,Croatia,15,1962.3
2015-04-01,Austria,12,1910.5
2015-04-01,Colombia,16,1900.9
2015-04-01,Senegal,12,1884.1
2015-04-01,Mexico,17,1875.4
2015-04-01,United States,13,1867.1
2015-04-01,Uruguay,18,1895.3
2015-04-01,Japan,15,1816.5
2015-04-01,Switzerland,23,1803.3
2015-04-01,Norway,22,1799.7
2015-04-01,Iran,24,1833.6
2015-04-01,Turkey,24,1782.1
2015-04-01,Ecuador,26,1823.1
2015-04-01,Sweden,25,1807.0
2015-04-01,South Korea,23,1825.9
2015-04-01,Nigeria,27,1810.3
2015-04-01,Australia,24,1822.2
2015-04-01,Ivory Coast,31,1809.0
2015-04-01,Algeria,32,1803.6
2015-04-01,Egypt,29,1744.5
2015-04-01,Canada,29,1770.0
2015-04-01,Tunisia,31,1726.9
2015-04-01,Paraguay,33,1752.8
2015-04-01,Peru,35,1777.7
2015-04-01,Ghana,38,1750.7
2015-04-01,Saudi Arabia,40,1699.2
2015-04-01,Cabo Verde,33,1724.8
2015-04-01,Slovakia,35,1696.9
2015-04-01,Scotland,42,1667.9
2015-04-01,Jordan,42,1683.6
2015-04-01,Czechia,36,1698.6
2015-04-01,South Africa,44,1638.7
2015-04-01,Venezuela,44,1648.6
2015-04-01,Chile,44,1659.5
2015-04-01,Bolivia,42,1651.1
2015-04-01,Indonesia,49,1681.4
2015-04-01,New Zealand,46,1629.9
2015-04-01,Costa Rica,43,1642.9
2015-04-01,Curaçao,44,1604.8
2015-04-01,Honduras,44,1600.2
2015-04-01,DR Congo,51,1657.9
2015-04-01,Kenya,50,1636.2
2015-04-01,Panama,54,1561.8
2015-04-01,Bosnia and Herzegovina,50,1573.7
2015-04-01,Qatar,54,1586.0
2015-04-01,Haiti,53,1548.2
2015-04-01,Cuba,53,1519.6
2015-04-01,Iraq,58,1574.8
2015-04-01,Trinidad and Tobago,58,1583.5
2015-04-01,Uzbekistan,60,1493.2
2015-05-01,France,1,1971.4
2015-05-01,Spain,4,1934.2
2015-05-01,Argentina,1,1937.0
2015-05-01,England,6,1963.8
2015-05-01,Portugal,2,1998.5
2015-05-01,Brazil,4,1926.4
2015-05-01,Netherlands,10,1920.3
2015-05-01,Morocco,9,1957.2
2015-05-01,Belgium,8,1873.8
2015-05-01,Germany,9,1987.4
2015-05-01,Croatia,10,1899.1
2015-05-01,Austria,9,1842.6
2015-05-01,Colombia,12,1884.7
2015-05-01,Senegal,18,1873.9
2015-05-01,Mexico,19,1898.8
2015-05-01,United States,18,1935.2
2015-05-01,Uruguay,18,1897.9
2015-05-01,Japan,16,1822.5
2015-05-01,Switzerland,19,1847.6
2015-05-01,Norway,17,1858.5
2015-05-01,Iran,24,1792.7
2015-05-01,Turkey,19,1780.4
2015-05-01,Ecuador,21,1759.4
2015-05-01,Sweden,25,1825.1
2015-05-01,South Korea,24,1751.7
2015-05-01,Nigeria,28,1811.6
2015-05-01,Australia,30,1750.8
2015-05-01,Ivory Coast,31,1796.1
2015-05-01,Algeria,30,1725.2
2015-05-01,Egypt,31,1804.1
2015-05-01,Canada,29,1805.9
2015-05-01,Tunisia,27,1726.6
2015-05-01,Paraguay,29,1753.5
2015-05-01,Peru,30,1768.1
2015-05-01,Ghana,33,1738.2
2015-05-01,Saudi Arabia,33,1687.6
2015-05-01,Cabo Verde,32,1639.3
2015-05-01,Slovakia,41,1741.6
2015-05-01,Scotland,41,1651.1
2015-05-01,Jordan,41,1748.5
2015-05-01,Czechia,41,1677.0
2015-05-01,South Africa,39,1697.0
2015-05-01,Venezuela,44,1683.7
2015-05-01,Chile,42,1663.9
2015-05-01,Bolivia,42,1661.3
2015-05-01,Indonesia,47,1706.1
2015-05-01,New Zealand,50,1622.9
2015-05-01,Costa Rica,46,1613.5
2015-05-01,Curaçao,46,1592.6
2015-05-01,Honduras,49,1651.3
2015-05-01,DR Congo,49,1629.9
2015-05-01,Kenya,52,1691.6
2015-05-01,Panama,48,1586.3
2015-05-01,Bosnia and Herzegovina,50,1603.2
2015-05-01,Qatar,52,1555.4
2015-05-01,Haiti,52,1592.9
2015-05-01,Cuba,51,1531.1
2015-05-01,Iraq,53,1544.1
2015-05-01,Trinidad and Tobago,56,1542.6
2015-05-01,Uzbekistan,66,1443.3
2015-06-01,France,2,2037.5
2015-06-01,Spain,3,1917.1
2015-06-01,Argentina,5,1988.9
2015-06-01,England,4,1966.9
2015-06-01,Portugal,9,1946.7
2015-06-01,Brazil,4,1929.0
2015-06-01,Netherlands,5,1906.5
2015-06-01,Morocco,8,1952.4
2015-06-01,Belgium,12,1946.9
2015-06-01,Germany,14,1905.6
2015-06-01,Croatia,9,1950.3
2015-06-01,Austria,9,1884.9
2015-06-01,Colombia,17,1870.5
2015-06-01,Senegal,15,1884.9
2015-06-01,Mexico,16,1821.1
2015-06-01,United States,15,1861.4
2015-06-01,Uruguay,21,1804.3
2015-06-01,Japan,20,1904.6
2015-06-01,Switzerland,22,1805.4
2015-06-01,Norway,17,1825.2
2015-06-01,Iran,19,1803.4
2015-06-01,Turkey,24,1840.6
2015-06-01,Ecuador,25,1844.2
2015-06-01,Sweden,24,1772.5
2015-06-01,South Korea,21,1778.9
2015-06-01,Nigeria,26,1806.5
2015-06-01,Australia,27,1754.6
2015-06-01,Ivory Coast,29,1786.4
2015-06-01,Algeria,30,1784.5
2015-06-01,Egypt,32,1743.0
2015-06-01,Canada,34,1779.5
2015-06-01,Tunisia,33,1750.1
2015-06-01,Paraguay,34,1773.6
2015-06-01,Peru,31,1808.8
2015-06-01,Ghana,35,1725.3
2015-06-01,Saudi Arabia,33,1668.3
2015-06-01,Cabo Verde,39,1705.3
2015-06-01,Slovakia,38,1703.3
2015-06-01,Scotland,42,1666.4
2015-06-01,Jordan,41,1679.8
2015-06-01,Czechia,41,1702.9
2015-06-01,South Africa,44,1684.9
2015-06-01,Venezuela,45,1660.4
2015-06-01,Chile,41,1701.9
2015-06-01,Bolivia,46,1643.0
2015-06-01,Indonesia,48,1641.6
2015-06-01,New Zealand,45,1609.6
2015-06-01,Costa Rica,48,1573.9
2015-06-01,Curaçao,48,1646.5
2015-06-01,Honduras,52,1618.1
2015-06-01,DR Congo,47,1652.4
2015-06-01,Kenya,53,1621.3
2015-06-01,Panama,49,1622.3
2015-06-01,Bosnia and Herzegovina,55,1608.5
2015-06-01,Qatar,56,1608.9
2015-06-01,Haiti,52,1542.5
2015-06-01,Cuba,54,1565.0
2015-06-01,Iraq,53,1578.7
2015-06-01,Trinidad and Tobago,51,1565.7
2015-06-01,Uzbekistan,60,1534.7
2015-07-01,France,1,2037.6
2015-07-01,Spain,1,2011.8
2015-07-01,Argentina,1,2003.2
2015-07-01,England,4,1982.7
2015-07-01,Portugal,8,1957.8
2015-07-01,Brazil,7,1960.4
2015-07-01,Netherlands,3,1971.6
2015-07-01,Morocco,5,1960.2
2015-07-01,Belgium,11,1932.2
2015-07-01,Germany,8,1893.7
2015-07-01,Croatia,15,1918.8
2015-07-01,Austria,8,1914.7
2015-07-01,Colombia,11,1946.5
2015-07-01,Senegal,11,1878.3
2015-07-01,Mexico,13,1857.1
2015-07-01,United States,19,1841.8
2015-07-01,Uruguay,19,1877.8
2015-07-01,Japan,14,1889.4
2015-07-01,Switzerland,22,1773.8
2015-07-01,Norway,23,1799.2
2015-07-01,Iran,20,1798.5
2015-07-01,Turkey,18,1821.5
2015-07-01,Ecuador,21,1812.5
2015-07-01,Sweden,27,1799.5
2015-07-01,South Korea,22,1786.8
2015-07-01,Nigeria,25,1748.2
2015-07-01,Australia,26,1777.0
2015-07-01,Ivory Coast,32,1801.7
2015-07-01,Algeria,30,1792.8
2015-07-01,Egypt,25,1758.9
2015-07-01,Canada,29,1738.0
2015-07-01,Tunisia,31,1753.1
2015-07-01,Paraguay,36,1707.8
2015-07-01,Peru,33,1744.2
2015-07-01,Ghana,39,1771.3
2015-07-01,Saudi Arabia,38,1711.3
2015-07-01,Cabo Verde,33,1662.0
2015-07-01,Slovakia,33,1691.7
2015-07-01,Scotland,40,1689.1
2015-07-01,Jordan,43,1619.0
2015-07-01,Czechia,41,1677.8
2015-07-01,South Africa,38,1674.1
2015-07-01,Venezuela,45,1681.2
2015-07-01,Chile,42,1631.5
2015-07-01,Bolivia,42,1622.5
2015-07-01,Indonesia,42,1654.8
2015-07-01,New Zealand,49,1638.9
2015-07-01,Costa Rica,50,1609.6
2015-07-01,Curaçao,51,1626.8
2015-07-01,Honduras,48,1627.4
2015-07-01,DR Congo,51,1620.5
2015-07-01,Kenya,53,1598.2
2015-07-01,Panama,47,1594.1
2015-07-01,Bosnia and Herzegovina,53,1576.4
2015-07-01,Qatar,51,1581.7
2015-07-01,Haiti,54,1556.0
2015-07-01,Cuba,53,1569.2
2015-07-01,Iraq,58,1512.4
2015-07-01,Trinidad and Tobago,58,1548.5
2015-07-01,Uzbekistan,66,1495.1
2015-08-01,France,1,1978.8
2015-08-01,Spain,1,1978.0
2015-08-01,Argentina,7,1972.4
2015-08-01,England,4,1947.2
2015-08-01,Portugal,3,2014.2
2015-08-01,Brazil,6,1955.3
2015-08-01,Netherlands,11,1927.3
2015-08-01,Morocco,7,1923.9
2015-08-01,Belgium,6,1923.8
2015-08-01,Germany,11,1941.9
2015-08-01,Croatia,14,1942.7
2015-08-01,Austria,13,1905.3
2015-08-01,Colombia,13,1896.6
2015-08-01,Senegal,17,1861.9
2015-08-01,Mexico,13,1869.6
2015-08-01,United States,16,1925.9
2015-08-01,Uruguay,13,1830.3
2015-08-01,Japan,14,1853.1
2015-08-01,Switzerland,18,1862.6
2015-08-01,Norway,22,1837.7
2015-08-01,Iran,22,1798.8
2015-08-01,Turkey,26,1818.2
2015-08-01,Ecuador,20,1857.4
2015-08-01,Sweden,24,1791.8
2015-08-01,South Korea,26,1775.6
2015-08-01,Nigeria,24,1809.3
2015-08-01,Australia,31,1752.2
2015-08-01,Ivory Coast,30,1742.4
2015-08-01,Algeria,27,1782.1
2015-08-01,Egypt,27,1739.1
2015-08-01,Canada,32,1784.7
2015-08-01,Tunisia,30,1748.4
2015-08-01,Paraguay,32,1705.2
2015-08-01,Peru,34,1749.3
2015-08-01,Ghana,35,1756.8
2015-08-01,Saudi Arabia,33,1744.8
2015-08-01,Cabo Verde,36,1676.7
2015-08-01,Slovakia,40,1704.2
2015-08-01,Scotland,41,1718.3
2015-08-01,Jordan,36,1655.4
2015-08-01,Czechia,38,1657.7
2015-08-01,South Africa,38,1662.4
2015-08-01,Venezuela,41,1677.5
2015-08-01,Chile,43,1646.5
2015-08-01,Bolivia,46,1638.2
2015-08-01,Indonesia,46,1640.9
2015-08-01,New Zealand,45,1619.6
2015-08-01,Costa Rica,45,1599.5
2015-08-01,Curaçao,43,1606.6
2015-08-01,Honduras,44,1558.1
2015-08-01,DR Congo,48,1597.1
2015-08-01,Kenya,51,1617.7
2015-08-01,Panama,50,1599.3
2015-08-01,Bosnia and Herzegovina,53,1557.9
2015-08-01,Qatar,54,1611.4
2015-08-01,Haiti,57,1610.6
2015-08-01,Cuba,55,1480.0
2015-08-01,Iraq,56,1536.1
2015-08-01,Trinidad and Tobago,56,1528.5
2015-08-01,Uzbekistan,65,1537.3
2015-09-01,France,1,1997.6
2015-09-01,Spain,1,1965.9
2015-09-01,Argentina,4,1999.5
2015-09-01,England,7,1973.7
2015-09-01,Portugal,7,1927.9
2015-09-01,Brazil,9,1876.9
2015-09-01,Netherlands,6,1976.7
2015-09-01,Morocco,9,1922.3
2015-09-01,Belgium,9,1919.4
2015-09-01,Germany,13,1964.2
2015-09-01,Croatia,12,1979.2
2015-09-01,Austria,11,1887.0
2015-09-01,Colombia,15,1896.6
2015-09-01,Senegal,15,1898.5
2015-09-01,Mexico,15,1850.5
2015-09-01,United States,20,1815.9
2015-09-01,Uruguay,16,1878.1
2015-09-01,Japan,18,1863.9
2015-09-01,Switzerland,23,1760.4
2015-09-01,Norway,21,1854.3
2015-09-01,Iran,18,1829.6
2015-09-01,Turkey,26,1814.0
2015-09-01,Ecuador,24,1814.5
2015-09-01,Sweden,28,1834.4
2015-09-01,South Korea,23,1758.5
2015-09-01,Nigeria,22,1801.4
2015-09-01,Australia,31,1784.6
2015-09-01,Ivory Coast,31,1776.7
2015-09-01,Algeria,30,1732.7
2015-09-01,Egypt,28,1781.9
2015-09-01,Canada,27,1789.0
2015-09-01,Tunisia,29,1736.2
2015-09-01,Paraguay,29,1710.1
2015-09-01,Peru,32,1709.8
2015-09-01,Ghana,35,1691.5
2015-09-01,Saudi Arabia,39,1724.0
2015-09-01,Cabo Verde,39,1710.0
2015-09-01,Slovakia,34,1703.0
2015-09-01,Scotland,35,1719.5
2015-09-01,Jordan,39,1694.4
2015-09-01,Czechia,39,1659.7
2015-09-01,South Africa,40,1673.1
2015-09-01,Venezuela,43,1658.2
2015-09-01,Chile,46,1677.3
2015-09-01,Bolivia,40,1641.9
2015-09-01,Indonesia,49,1691.8
2015-09-01,New Zealand,44,1612.6
2015-09-01,Costa Rica,50,1618.6
2015-09-01,Curaçao,43,1614.2
2015-09-01,Honduras,48,1631.4
2015-09-01,DR Congo,44,1554.8
2015-09-01,Kenya,46,1646.0
2015-09-01,Panama,51,1577.8
2015-09-01,Bosnia and Herzegovina,53,1604.4
2015-09-01,Qatar,55,1607.0
2015-09-01,Haiti,57,1569.5
2015-09-01,Cuba,56,1564.7
2015-09-01,Iraq,56,1518.9
2015-09-01,Trinidad and Tobago,54,1513.8
2015-09-01,Uzbekistan,61,1563.7
2015-10-01,France,1,1998.0
2015-10-01,Spain,1,2004.8
2015-10-01,Argentina,5,1987.2
2015-10-01,England,7,1951.3
2015-10-01,Portugal,7,1931.5
2015-10-01,Brazil,4,1938.5
2015-10-01,Netherlands,7,1926.7
2015-10-01,Morocco,10,1954.7
2015-10-01,Belgium,9,1975.3
2015-10-01,Germany,9,1962.2
2015-10-01,Croatia,8,1943.3
2015-10-01,Austria,9,1908.4
2015-10-01,Colombia,9,1933.8
2015-10-01,Senegal,17,1846.7
2015-10-01,Mexico,16,1856.7
2015-10-01,United States,12,1906.5
2015-10-01,Uruguay,13,1857.4
2015-10-01,Japan,21,1860.0
2015-10-01,Switzerland,21,1877.7
2015-10-01,Norway,20,1888.6
2015-10-01,Iran,25,1862.6
2015-10-01,Turkey,24,1808.1
2015-10-01,Ecuador,22,1796.5
2015-10-01,Sweden,26,1796.3
2015-10-01,South Korea,25,1857.2
2015-10-01,Nigeria,29,1756.8
2015-10-01,Australia,31,1750.4
2015-10-01,Ivory Coast,28,1798.8
2015-10-01,Algeria,29,1778.6
2015-10-01,Egypt,31,1785.2
2015-10-01,Canada,28,1789.2
2015-10-01,Tunisia,32,1747.6
2015-10-01,Paraguay,36,1716.2
2015-10-01,Peru,37,1795.6
2015-10-01,Ghana,37,1702.0
2015-10-01,Saudi Arabia,36,1715.6
2015-10-01,Cabo Verde,33,1727.2
2015-10-01,Slovakia,37,1762.7
2015-10-01,Scotland,37,1660.2
2015-10-01,Jordan,41,1699.7
2015-10-01,Czechia,36,1702.3
2015-10-01,South Africa,43,1651.3
2015-10-01,Venezuela,42,1659.5
2015-10-01,Chile,40,1640.5
2015-10-01,Bolivia,47,1681.7
2015-10-01,Indonesia,41,1654.0
2015-10-01,New Zealand,49,1654.4
2015-10-01,Costa Rica,45,1670.1
2015-10-01,Curaçao,47,1568.4
2015-10-01,Honduras,50,1584.1
2015-10-01,DR Congo,50,1582.5
2015-10-01,Kenya,50,1610.3
2015-10-01,Panama,46,1573.6
2015-10-01,Bosnia and Herzegovina,55,1608.3
2015-10-01,Qatar,50,1548.0
2015-10-01,Haiti,54,1578.1
2015-10-01,Cuba,52,1567.2
2015-10-01,Iraq,59,1519.0
2015-10-01,Trinidad and Tobago,55,1588.5
2015-10-01,Uzbekistan,67,1481.7
2015-11-01,France,4,1973.8
2015-11-01,Spain,1,1969.8
2015-11-01,Argentina,1,1992.5
2015-11-01,England,5,1984.8
2015-11-01,Portugal,9,2003.3
2015-11-01,Brazil,7,1967.9
2015-11-01,Netherlands,6,1935.4
2015-11-01,Morocco,8,1939.1
2015-11-01,Belgium,13,1914.8
2015-11-01,Germany,14,1960.7
2015-11-01,Croatia,15,1898.5
2015-11-01,Austria,8,1892.4
2015-11-01,Colombia,15,1913.0
2015-11-01,Senegal,13,1878.8
2015-11-01,Mexico,15,1850.4
2015-11-01,United States,15,1845.1
2015-11-01,Uruguay,15,1872.8
2015-11-01,Japan,22,1867.4
2015-11-01,Switzerland,20,1861.4
2015-11-01,Norway,21,1802.1
2015-11-01,Iran,24,1804.7
2015-11-01,Turkey,18,1814.7
2015-11-01,Ecuador,20,1836.8
2015-11-01,Sweden,28,1797.3
2015-11-01,South Korea,25,1799.0
2015-11-01,Nigeria,22,1835.5
2015-11-01,Australia,23,1758.4
2015-11-01,Ivory Coast,27,1756.2
2015-11-01,Algeria,30,1790.1
2015-11-01,Egypt,29,1820.6
2015-11-01,Canada,26,1774.0
2015-11-01,Tunisia,33,1758.1
2015-11-01,Paraguay,31,1739.8
2015-11-01,Peru,30,1726.4
2015-11-01,Ghana,38,1791.7
2015-11-01,Saudi Arabia,32,1754.4
2015-11-01,Cabo Verde,40,1696.1
2015-11-01,Slovakia,39,1678.9
2015-11-01,Scotland,41,1670.7
2015-11-01,Jordan,40,1749.4
2015-11-01,Czechia,41,1736.6
2015-11-01,South Africa,41,1616.1
2015-11-01,Venezuela,39,1706.7
2015-11-01,Chile,47,1647.7
2015-11-01,Bolivia,43,1646.8
2015-11-01,Indonesia,43,1603.0
2015-11-01,New Zealand,48,1672.9
2015-11-01,Costa Rica,44,1575.2
2015-11-01,Curaçao,44,1630.4
2015-11-01,Honduras,50,1592.9
2015-11-01,DR Congo,50,1652.3
2015-11-01,Kenya,47,1625.9
2015-11-01,Panama,51,1581.5
2015-11-01,Bosnia and Herzegovina,52,1587.1
2015-11-01,Qatar,49,1605.0
2015-11-01,Haiti,57,1619.6
2015-11-01,Cuba,57,1542.7
2015-11-01,Iraq,51,1494.6
2015-11-01,Trinidad and Tobago,57,1582.9
2015-11-01,Uzbekistan,61,1470.9
2015-12-01,France,1,1955.4
2015-12-01,Spain,5,1992.2
2015-12-01,Argentina,4,1994.6
2015-12-01,England,7,1950.0
2015-12-01,Portugal,7,1956.6
2015-12-01,Brazil,5,1977.7
2015-12-01,Netherlands,10,1937.3
2015-12-01,Morocco,5,1991.0
2015-12-01,Belgium,6,1871.4
2015-12-01,Germany,7,1899.8
2015-12-01,Croatia,9,1878.8
2015-12-01,Austria,10,1894.6
2015-12-01,Colombia,11,1899.5
2015-12-01,Senegal,16,1869.0
2015-12-01,Mexico,12,1892.4
2015-12-01,United States,13,1816.0
2015-12-01,Uruguay,19,1864.4
2015-12-01,Japan,20,1807.6
2015-12-01,Switzerland,21,1843.2
2015-12-01,Norway,17,1836.1
2015-12-01,Iran,19,1862.8
2015-12-01,Turkey,21,1834.9
2015-12-01,Ecuador,26,1816.1
2015-12-01,Sweden,20,1799.1
2015-12-01,South Korea,29,1801.4
2015-12-01,Nigeria,25,1813.2
2015-12-01,Australia,25,1783.5
2015-12-01,Ivory Coast,31,1820.5
2015-12-01,Algeria,32,1807.6
2015-12-01,Egypt,33,1750.8
2015-12-01,Canada,26,1749.1
2015-12-01,Tunisia,31,1738.4
2015-12-01,Paraguay,28,1672.4
2015-12-01,Peru,33,1795.3
2015-12-01,Ghana,36,1739.0
2015-12-01,Saudi Arabia,36,1766.3
2015-12-01,Cabo Verde,34,1728.2
2015-12-01,Slovakia,39,1712.8
2015-12-01,Scotland,35,1709.4
2015-12-01,Jordan,43,1696.2
2015-12-01,Czechia,43,1661.7
2015-12-01,South Africa,43,1693.7
2015-12-01,Venezuela,39,1664.1
2015-12-01,Chile,39,1673.5
2015-12-01,Bolivia,42,1587.5
2015-12-01,Indonesia,42,1648.2
2015-12-01,New Zealand,47,1634.4
2015-12-01,Costa Rica,51,1609.2
2015-12-01,Curaçao,43,1653.6
2015-12-01,Honduras,48,1575.2
2015-12-01,DR Congo,50,1614.4
2015-12-01,Kenya,48,1628.9
2015-12-01,Panama,46,1612.9
2015-12-01,Bosnia and Herzegovina,49,1585.5
2015-12-01,Qatar,50,1591.0
2015-12-01,Haiti,49,1598.4
2015-12-01,Cuba,52,1586.9
2015-12-01,Iraq,52,1495.0
2015-12-01,Trinidad and Tobago,58,1566.9
2015-12-01,Uzbekistan,66,1525.3
2016-01-01,France,5,1941.8
2016-01-01,Spain,6,1924.2
2016-01-01,Argentina,6,1980.7
2016-01-01,England,1,1933.4
2016-01-01,Portugal,6,1941.8
2016-01-01,Brazil,9,1963.9
2016-01-01,Netherlands,3,1942.1
2016-01-01,Morocco,5,1911.9
2016-01-01,Belgium,6,1911.0
2016-01-01,Germany,12,1897.2
2016-01-01,Croatia,9,1934.4
2016-01-01,Austria,8,1956.8
2016-01-01,Colombia,9,1906.0
2016-01-01,Senegal,15,1882.2
2016-01-01,Mexico,15,1850.5
2016-01-01,United States,20,1901.3
2016-01-01,Uruguay,17,1877.7
2016-01-01,Japan,22,1849.8
2016-01-01,Switzerland,16,1823.7
2016-01-01,Norway,23,1852.5
2016-01-01,Iran,19,1833.5
2016-01-01,Turkey,20,1842.9
2016-01-01,Ecuador,25,1843.2
2016-01-01,Sweden,25,1862.5
2016-01-01,South Korea,22,1791.2
2016-01-01,Nigeria,23,1831.3
2016-01-01,Australia,23,1780.8
2016-01-01,Ivory Coast,28,1794.2
2016-01-01,Algeria,30,1703.3
2016-01-01,Egypt,28,1708.1
2016-01-01,Canada,31,1747.1
2016-01-01,Tunisia,30,1766.2
2016-01-01,Paraguay,28,1707.6
2016-01-01,Peru,29,1778.8
2016-01-01,Ghana,33,1741.8
2016-01-01,Saudi Arabia,39,1704.6
2016-01-01,Cabo Verde,36,1745.9
2016-01-01,Slovakia,40,1677.5
2016-01-01,Scotland,37,1730.4
2016-01-01,Jordan,40,1705.5
2016-01-01,Czechia,40,1726.3
2016-01-01,South Africa,41,1689.0
2016-01-01,Venezuela,42,1620.5
2016-01-01,Chile,45,1628.3
2016-01-01,Bolivia,42,1659.4
2016-01-01,Indonesia,42,1630.3
2016-01-01,New Zealand,50,1652.1
2016-01-01,Costa Rica,51,1625.7
2016-01-01,Curaçao,49,1588.9
2016-01-01,Honduras,51,1690.4
2016-01-01,DR Congo,49,1587.6
2016-01-01,Kenya,46,1586.4
2016-01-01,Panama,49,1592.3
2016-01-01,Bosnia and Herzegovina,55,1623.4
2016-01-01,Qatar,49,1573.3
2016-01-01,Haiti,51,1608.4
2016-01-01,Cuba,50,1565.9
2016-01-01,Iraq,51,1536.6
2016-01-01,Trinidad and Tobago,52,1551.2
2016-01-01,Uzbekistan,60,1503.1
2016-02-01,France,1,1980.8
2016-02-01,Spain,5,1979.7
2016-02-01,Argentina,1,1923.9
2016-02-01,England,1,1943.9
2016-02-01,Portugal,5,1989.2
2016-02-01,Brazil,6,1943.8
2016-02-01,Netherlands,6,1978.0
2016-02-01,Morocco,10,1957.9
2016-02-01,Belgium,11,1963.7
2016-02-01,Germany,11,1883.1
2016-02-01,Croatia,12,1914.0
2016-02-01,Austria,12,1888.2
2016-02-01,Colombia,14,1891.6
2016-02-01,Senegal,14,1951.2
2016-02-01,Mexico,16,1903.4
2016-02-01,United States,20,1907.5
2016-02-01,Uruguay,14,1838.6
2016-02-01,Japan,15,1820.8
2016-02-01,Switzerland,15,1798.5
2016-02-01,Norway,21,1802.3
2016-02-01,Iran,24,1769.5
2016-02-01,Turkey,26,1817.1
2016-02-01,Ecuador,20,1799.4
2016-02-01,Sweden,24,1750.4
2016-02-01,South Korea,29,1833.3
2016-02-01,Nigeria,30,1761.4
2016-02-01,Australia,25,1830.1
2016-02-01,Ivory Coast,30,1823.4
2016-02-01,Algeria,28,1747.6
2016-02-01,Egypt,25,1827.2
2016-02-01,Canada,26,1782.7
2016-02-01,Tunisia,29,1740.9
2016-02-01,Paraguay,35,1722.9
2016-02-01,Peru,37,1746.6
2016-02-01,Ghana,32,1677.9
2016-02-01,Saudi Arabia,36,1710.7
2016-02-01,Cabo Verde,36,1708.0
2016-02-01,Slovakia,34,1718.9
2016-02-01,Scotland,38,1686.8
2016-02-01,Jordan,41,1666.6
2016-02-01,Czechia,36,1677.0
2016-02-01,South Africa,44,1684.0
2016-02-01,Venezuela,40,1719.5
2016-02-01,Chile,46,1668.2
2016-02-01,Bolivia,43,1653.2
2016-02-01,Indonesia,42,1691.1
2016-02-01,New Zealand,48,1673.3
2016-02-01,Costa Rica,48,1623.7
2016-02-01,Curaçao,46,1621.0
2016-02-01,Honduras,51,1636.4
2016-02-01,DR Congo,47,1612.3
2016-02-01,Kenya,49,1597.4
2016-02-01,Panama,54,1628.0
2016-02-01,Bosnia and Herzegovina,48,1620.8
2016-02-01,Qatar,54,1582.5
2016-02-01,Haiti,51,1544.5
2016-02-01,Cuba,54,1578.3
2016-02-01,Iraq,56,1540.7
2016-02-01,Trinidad and Tobago,57,1551.7
2016-02-01,Uzbekistan,65,1547.8
2016-03-01,France,4,2020.8
2016-03-01,Spain,1,1984.9
2016-03-01,Argentina,6,2012.9
2016-03-01,England,8,2016.3
2016-03-01,Portugal,5,1998.4
2016-03-01,Brazil,6,1959.6
2016-03-01,Netherlands,6,1933.8
2016-03-01,Morocco,11,1934.2
2016-03-01,Belgium,10,1942.3
2016-03-01,Germany,7,1910.3
2016-03-01,Croatia,13,1895.0
2016-03-01,Austria,12,1892.4
2016-03-01,Colombia,9,1849.1
2016-03-01,Senegal,12,1913.3
2016-03-01,Mexico,13,1892.5
2016-03-01,United States,16,1875.7
2016-03-01,Uruguay,19,1862.6
2016-03-01,Japan,16,1828.3
2016-03-01,Switzerland,22,1870.6
2016-03-01,Norway,17,1877.6
2016-03-01,Iran,18,1823.5
2016-03-01,Turkey,23,1806.7
2016-03-01,Ecuador,27,1856.3
2016-03-01,Sweden,24,1795.2
2016-03-01,South Korea,21,1762.2
2016-03-01,Nigeria,25,1790.7
2016-03-01,Australia,28,1777.9
2016-03-01,Ivory Coast,28,1762.9
2016-03-01,Algeria,31,1829.6
2016-03-01,Egypt,32,1776.1
2016-03-01,Canada,34,1779.3
2016-03-01,Tunisia,30,1783.2
2016-03-01,Paraguay,36,1747.4
2016-03-01,Peru,30,1740.6
2016-03-01,Ghana,37,1774.2
2016-03-01,Saudi Arabia,36,1708.2
2016-03-01,Cabo Verde,38,1695.9
2016-03-01,Slovakia,36,1713.6
2016-03-01,Scotland,36,1687.4
2016-03-01,Jordan,40,1740.4
2016-03-01,Czechia,42,1651.4
2016-03-01,South Africa,37,1716.9
2016-03-01,Venezuela,42,1696.6
2016-03-01,Chile,42,1689.2
2016-03-01,Bolivia,45,1661.4
2016-03-01,Indonesia,49,1623.0
2016-03-01,New Zealand,50,1672.6
2016-03-01,Costa Rica,47,1618.0
2016-03-01,Curaçao,46,1576.3
2016-03-01,Honduras,47,1621.8
2016-03-01,DR Congo,52,1659.1
2016-03-01,Kenya,45,1622.2
2016-03-01,Panama,53,1606.3
2016-03-01,Bosnia and Herzegovina,54,1591.8
2016-03-01,Qatar,50,1551.1
2016-03-01,Haiti,49,1597.1
2016-03-01,Cuba,54,1577.8
2016-03-01,Iraq,57,1528.4
2016-03-01,Trinidad and Tobago,56,1541.5
2016-03-01,Uzbekistan,65,1495.9
2016-04-01,France,4,1897.2
2016-04-01,Spain,6,2042.6
2016-04-01,Argentina,1,1994.7
2016-04-01,England,6,1993.1
2016-04-01,Portugal,9,1971.6
2016-04-01,Brazil,6,1935.5
2016-04-01,Netherlands,8,1905.0
2016-04-01,Morocco,8,1923.1
2016-04-01,Belgium,8,1971.5
2016-04-01,Germany,13,1904.3
2016-04-01,Croatia,11,1878.3
2016-04-01,Austria,11,1925.3
2016-04-01,Colombia,10,1886.9
2016-04-01,Senegal,15,1870.1
2016-04-01,Mexico,16,1875.0
2016-04-01,United States,15,1889.0
2016-04-01,Uruguay,18,1891.3
2016-04-01,Japan,16,1875.0
2016-04-01,Switzerland,15,1840.8
2016-04-01,Norway,22,1788.0
2016-04-01,Iran,24,1801.6
2016-04-01,Turkey,24,1836.3
2016-04-01,Ecuador,24,1798.6
2016-04-01,Sweden,28,1769.9
2016-04-01,South Korea,21,1813.3
2016-04-01,Nigeria,23,1806.1
2016-04-01,Australia,26,1776.0
2016-04-01,Ivory Coast,32,1792.8
2016-04-01,Algeria,28,1762.7
2016-04-01,Egypt,31,1749.7
2016-04-01,Canada,26,1788.0
2016-04-01,Tunisia,27,1696.0
2016-04-01,Paraguay,33,1669.8
2016-04-01,Peru,37,1761.6
2016-04-01,Ghana,32,1752.2
2016-04-01,Saudi Arabia,40,1679.2
2016-04-01,Cabo Verde,34,1726.7
2016-04-01,Slovakia,34,1691.8
2016-04-01,Scotland,35,1671.2
2016-04-01,Jordan,38,1663.4
2016-04-01,Czechia,42,1672.9
2016-04-01,South Africa,40,1695.5
2016-04-01,Venezuela,42,1602.6
2016-04-01,Chile,43,1662.1
2016-04-01,Bolivia,42,1666.5
2016-04-01,Indonesia,42,1630.8
2016-04-01,New Zealand,43,1594.5
2016-04-01,Costa Rica,48,1596.7
2016-04-01,Curaçao,45,1578.8
2016-04-01,Honduras,48,1581.4
2016-04-01,DR Congo,45,1617.3
2016-04-01,Kenya,50,1592.2
2016-04-01,Panama,50,1585.0
2016-04-01,Bosnia and Herzegovina,53,1581.2
2016-04-01,Qatar,48,1538.0
2016-04-01,Haiti,55,1602.4
2016-04-01,Cuba,51,1519.3
2016-04-01,Iraq,56,1523.3
2016-04-01,Trinidad and Tobago,52,1575.2
2016-04-01,Uzbekistan,63,1531.5
2016-05-01,France,1,2015.5
2016-05-01,Spain,2,1963.3
2016-05-01,Argentina,2,1981.7
2016-05-01,England,5,1933.9
2016-05-01,Portugal,1,1943.6
2016-05-01,Brazil,2,1881.9
2016-05-01,Netherlands,5,1948.8
2016-05-01,Morocco,10,1915.7
2016-05-01,Belgium,10,1932.7
2016-05-01,Germany,6,1915.5
2016-05-01,Croatia,8,1926.4
2016-05-01,Austria,15,1909.1
2016-05-01,Colombia,17,1907.6
2016-05-01,Senegal,12,1885.0
2016-05-01,Mexico,15,1861.5
2016-05-01,United States,12,1894.3
2016-05-01,Uruguay,21,1879.8
2016-05-01,Japan,21,1842.3
2016-05-01,Switzerland,15,1857.3
2016-05-01,Norway,23,1902.8
2016-05-01,Iran,21,1827.2
2016-05-01,Turkey,19,1831.5
2016-05-01,Ecuador,26,1840.6
2016-05-01,Sweden,27,1795.1
2016-05-01,South Korea,26,1769.2
2016-05-01,Nigeria,30,1805.1
2016-05-01,Australia,28,1793.6
2016-05-01,Ivory Coast,29,1779.9
2016-05-01,Algeria,27,1811.5
2016-05-01,Egypt,25,1816.4
2016-05-01,Canada,32,1734.1
2016-05-01,Tunisia,35,1715.2
2016-05-01,Paraguay,36,1710.0
2016-05-01,Peru,35,1721.5
2016-05-01,Ghana,35,1767.4
2016-05-01,Saudi Arabia,39,1737.1
2016-05-01,Cabo Verde,39,1701.4
2016-05-01,Slovakia,36,1734.7
2016-05-01,Scotland,41,1707.9
2016-05-01,Jordan,36,1669.1
2016-05-01,Czechia,39,1693.7
2016-05-01,South Africa,37,1666.7
2016-05-01,Venezuela,41,1716.6
2016-05-01,Chile,39,1669.1
2016-05-01,Bolivia,43,1670.8
2016-05-01,Indonesia,45,1673.4
2016-05-01,New Zealand,50,1574.0
2016-05-01,Costa Rica,50,1633.7
2016-05-01,Curaçao,51,1660.1
2016-05-01,Honduras,49,1632.6
2016-05-01,DR Congo,44,1626.6
2016-05-01,Kenya,49,1627.0
2016-05-01,Panama,54,1621.9
2016-05-01,Bosnia and Herzegovina,49,1552.7
2016-05-01,Qatar,54,1565.8
2016-05-01,Haiti,54,1528.9
2016-05-01,Cuba,52,1589.8
2016-05-01,Iraq,52,1582.9
2016-05-01,Trinidad and Tobago,51,1499.2
2016-05-01,Uzbekistan,60,1465.7
2016-06-01,France,1,1982.2
2016-06-01,Spain,1,1948.9
2016-06-01,Argentina,1,2004.9
2016-06-01,England,8,1969.6
2016-06-01,Portugal,2,1957.9
2016-06-01,Brazil,4,1995.3
2016-06-01,Netherlands,9,1955.3
2016-06-01,Morocco,10,1940.1
2016-06-01,Belgium,13,1961.2
2016-06-01,Germany,13,1911.4
2016-06-01,Croatia,13,1925.4
2016-06-01,Austria,15,1866.8
2016-06-01,Colombia,13,1897.1
2016-06-01,Senegal,11,1855.7
2016-06-01,Mexico,11,1895.1
2016-06-01,United States,18,1866.1
2016-06-01,Uruguay,18,1885.4
2016-06-01,Japan,16,1902.5
2016-06-01,Switzerland,16,1844.4
2016-06-01,Norway,24,1845.1
2016-06-01,Iran,24,1864.1
2016-06-01,Turkey,24,1797.8
2016-06-01,Ecuador,25,1854.6
2016-06-01,Sweden,24,1814.2
2016-06-01,South Korea,24,1845.8
2016-06-01,Nigeria,27,1778.7
2016-06-01,Australia,31,1807.0
2016-06-01,Ivory Coast,24,1752.3
2016-06-01,Algeria,26,1770.8
2016-06-01,Egypt,26,1754.8
2016-06-01,Canada,34,1758.2
2016-06-01,Tunisia,33,1728.5
2016-06-01,Paraguay,34,1779.2
2016-06-01,Peru,36,1765.6
2016-06-01,Ghana,37,1733.0
2016-06-01,Saudi Arabia,39,1716.9
2016-06-01,Cabo Verde,38,1728.6
2016-06-01,Slovakia,38,1723.7
2016-06-01,Scotland,34,1711.9
2016-06-01,Jordan,41,1700.3
2016-06-01,Czechia,38,1731.2
2016-06-01,South Africa,44,1632.1
2016-06-01,Venezuela,43,1681.8
2016-06-01,Chile,40,1658.5
2016-06-01,Bolivia,40,1691.8
2016-06-01,Indonesia,44,1656.8
2016-06-01,New Zealand,48,1632.6
2016-06-01,Costa Rica,45,1651.5
2016-06-01,Curaçao,43,1565.4
2016-06-01,Honduras,49,1627.2
2016-06-01,DR Congo,45,1667.7
2016-06-01,Kenya,53,1643.3
2016-06-01,Panama,49,1638.0
2016-06-01,Bosnia and Herzegovina,47,1603.0
2016-06-01,Qatar,49,1582.7
2016-06-01,Haiti,55,1533.7
2016-06-01,Cuba,56,1638.9
2016-06-01,Iraq,53,1542.3
2016-06-01,Trinidad and Tobago,58,1520.0
2016-06-01,Uzbekistan,66,1504.3
2016-07-01,France,4,1953.1
2016-07-01,Spain,5,2005.8
2016-07-01,Argentina,7,1973.9
2016-07-01,England,4,1968.5
2016-07-01,Portugal,2,1947.2
2016-07-01,Brazil,9,1951.9
2016-07-01,Netherlands,8,1865.0
2016-07-01,Morocco,12,1967.3
2016-07-01,Belgium,7,1944.7
2016-07-01,Germany,14,1922.4
2016-07-01,Croatia,8,1958.9
2016-07-01,Austria,10,1906.7
2016-07-01,Colombia,10,1826.2
2016-07-01,Senegal,16,1865.2
2016-07-01,Mexico,12,1878.2
2016-07-01,United States,14,1870.3
2016-07-01,Uruguay,18,1873.6
2016-07-01,Japan,15,1921.0
2016-07-01,Switzerland,22,1867.3
2016-07-01,Norway,22,1841.4
2016-07-01,Iran,22,1845.7
2016-07-01,Turkey,19,1825.0
2016-07-01,Ecuador,21,1791.9
2016-07-01,Sweden,25,1829.7
2016-07-01,South Korea,27,1812.9
2016-07-01,Nigeria,28,1808.2
2016-07-01,Australia,26,1778.5
2016-07-01,Ivory Coast,27,1739.9
2016-07-01,Algeria,30,1790.4
2016-07-01,Egypt,29,1702.8
2016-07-01,Canada,27,1752.5
2016-07-01,Tunisia,31,1714.6
2016-07-01,Paraguay,28,1791.2
2016-07-01,Peru,29,1770.6
2016-07-01,Ghana,38,1784.8
2016-07-01,Saudi Arabia,38,1729.7
2016-07-01,Cabo Verde,38,1714.7
2016-07-01,Slovakia,35,1694.9
2016-07-01,Scotland,36,1743.6
2016-07-01,Jordan,36,1700.0
2016-07-01,Czechia,40,1714.7
2016-07-01,South Africa,40,1679.6
2016-07-01,Venezuela,38,1664.3
2016-07-01,Chile,39,1641.8
2016-07-01,Bolivia,40,1694.4
2016-07-01,Indonesia,47,1656.3
2016-07-01,New Zealand,44,1669.1
2016-07-01,Costa Rica,50,1645.9
2016-07-01,Curaçao,44,1643.3
2016-07-01,Honduras,48,1621.5
2016-07-01,DR Congo,45,1595.2
2016-07-01,Kenya,49,1599.0
2016-07-01,Panama,46,1607.7
2016-07-01,Bosnia and Herzegovina,54,1572.8
2016-07-01,Qatar,52,1549.5
2016-07-01,Haiti,55,1566.3
2016-07-01,Cuba,56,1567.0
2016-07-01,Iraq,52,1547.3
2016-07-01,Trinidad and Tobago,56,1526.6
2016-07-01,Uzbekistan,59,1452.4
2016-08-01,France,1,1958.0
2016-08-01,Spain,6,1953.2
2016-08-01,Argentina,7,1956.7
2016-08-01,England,8,1916.9
2016-08-01,Portugal,5,1982.0
2016-08-01,Brazil,4,1951.7
2016-08-01,Netherlands,4,1971.4
2016-08-01,Morocco,9,1926.9
2016-08-01,Belgium,6,1950.6
2016-08-01,Germany,9,1940.5
2016-08-01,Croatia,9,1901.4
2016-08-01,Austria,16,1878.1
2016-08-01,Colombia,11,1880.5
2016-08-01,Senegal,10,1936.4
2016-08-01,Mexico,13,1867.8
2016-08-01,United States,14,1848.9
2016-08-01,Uruguay,15,1877.9
2016-08-01,Japan,16,1896.4
2016-08-01,Switzerland,22,1773.9
2016-08-01,Norway,21,1842.5
2016-08-01,Iran,20,1823.2
2016-08-01,Turkey,25,1822.9
2016-08-01,Ecuador,21,1820.9
2016-08-01,Sweden,25,1802.4
2016-08-01,South Korea,24,1772.2
2016-08-01,Nigeria,26,1789.6
2016-08-01,Australia,27,1765.0
2016-08-01,Ivory Coast,25,1763.9
2016-08-01,Algeria,30,1780.9
2016-08-01,Egypt,26,1763.0
2016-08-01,Canada,28,1739.2
2016-08-01,Tunisia,27,1724.1
2016-08-01,Paraguay,29,1737.3
2016-08-01,Peru,36,1743.7
2016-08-01,Ghana,34,1730.8
2016-08-01,Saudi Arabia,40,1698.6
2016-08-01,Cabo Verde,32,1717.8
2016-08-01,Slovakia,40,1749.3
2016-08-01,Scotland,39,1636.7
2016-08-01,Jordan,43,1642.7
2016-08-01,Czechia,43,1697.3
2016-08-01,South Africa,42,1673.3
2016-08-01,Venezuela,46,1597.9
2016-08-01,Chile,46,1627.9
2016-08-01,Bolivia,42,1639.3
2016-08-01,Indonesia,43,1668.2
2016-08-01,New Zealand,44,1656.3
2016-08-01,Costa Rica,51,1564.3
2016-08-01,Curaçao,44,1622.5
2016-08-01,Honduras,48,1595.9
2016-08-01,DR Congo,44,1617.0
2016-08-01,Kenya,51,1559.0
2016-08-01,Panama,53,1556.7
2016-08-01,Bosnia and Herzegovina,47,1580.9
2016-08-01,Qatar,55,1548.1
2016-08-01,Haiti,53,1567.9
2016-08-01,Cuba,51,1563.4
2016-08-01,Iraq,54,1632.5
2016-08-01,Trinidad and Tobago,59,1555.0
2016-08-01,Uzbekistan,67,1529.9
2016-09-01,France,5,2010.9
2016-09-01,Spain,6,1951.7
2016-09-01,Argentina,6,1983.9
2016-09-01,England,3,1943.9
2016-09-01,Portugal,3,1899.3
2016-09-01,Brazil,6,2000.8
2016-09-01,Netherlands,5,1954.4
2016-09-01,Morocco,7,1917.2
2016-09-01,Belgium,6,1939.0
2016-09-01,Germany,13,1930.4
2016-09-01,Croatia,10,1867.1
2016-09-01,Austria,13,1901.4
2016-09-01,Colombia,13,1890.9
2016-09-01,Senegal,17,1805.1
2016-09-01,Mexico,16,1874.9
2016-09-01,United States,20,1828.0
2016-09-01,Uruguay,17,1843.7
2016-09-01,Japan,19,1791.2
2016-09-01,Switzerland,16,1875.2
2016-09-01,Norway,20,1874.6
2016-09-01,Iran,25,1822.0
2016-09-01,Turkey,24,1802.6
2016-09-01,Ecuador,21,1748.1
2016-09-01,Sweden,23,1810.3
2016-09-01,South Korea,23,1785.8
2016-09-01,Nigeria,29,1827.3
2016-09-01,Australia,23,1799.8
2016-09-01,Ivory Coast,30,1753.3
2016-09-01,Algeria,26,1816.2
2016-09-01,Egypt,28,1725.7
2016-09-01,Canada,29,1776.8
2016-09-01,Tunisia,28,1719.1
2016-09-01,Paraguay,36,1779.0
2016-09-01,Peru,35,1713.7
2016-09-01,Ghana,36,1736.3
2016-09-01,Saudi Arabia,34,1761.6
2016-09-01,Cabo Verde,33,1695.1
2016-09-01,Slovakia,34,1690.7
2016-09-01,Scotland,41,1698.2
2016-09-01,Jordan,37,1687.6
2016-09-01,Czechia,42,1686.2
2016-09-01,South Africa,43,1687.2
2016-09-01,Venezuela,44,1679.7
2016-09-01,Chile,46,1685.5
2016-09-01,Bolivia,44,1688.7
2016-09-01,Indonesia,41,1605.9
2016-09-01,New Zealand,48,1681.0
2016-09-01,Costa Rica,47,1665.4
2016-09-01,Curaçao,49,1609.1
2016-09-01,Honduras,51,1622.6
2016-09-01,DR Congo,52,1626.4
2016-09-01,Kenya,51,1556.8
2016-09-01,Panama,51,1580.5
2016-09-01,Bosnia and Herzegovina,53,1573.8
2016-09-01,Qatar,53,1521.3
2016-09-01,Haiti,54,1589.7
2016-09-01,Cuba,52,1580.1
2016-09-01,Iraq,54,1593.2
2016-09-01,Trinidad and Tobago,55,1559.6
2016-09-01,Uzbekistan,67,1506.9
2016-10-01,France,1,1959.8
2016-10-01,Spain,1,1995.4
2016-10-01,Argentina,2,1938.9
2016-10-01,England,4,1947.5
2016-10-01,Portugal,6,1972.2
2016-10-01,Brazil,6,1924.3
2016-10-01,Netherlands,10,1949.1
2016-10-01,Morocco,9,1926.7
2016-10-01,Belgium,8,1914.0
2016-10-01,Germany,9,1886.6
2016-10-01,Croatia,12,1902.3
2016-10-01,Austria,10,1895.8
2016-10-01,Colombia,13,1959.0
2016-10-01,Senegal,11,1898.5
2016-10-01,Mexico,12,1866.9
2016-10-01,United States,17,1929.3
2016-10-01,Uruguay,16,1867.1
2016-10-01,Japan,21,1905.6
2016-10-01,Switzerland,18,1860.8
2016-10-01,Norway,19,1848.1
2016-10-01,Iran,22,1863.0
2016-10-01,Turkey,20,1787.6
2016-10-01,Ecuador,25,1820.1
2016-10-01,Sweden,27,1797.4
2016-10-01,South Korea,27,1748.4
2016-10-01,Nigeria,28,1776.5
2016-10-01,Australia,27,1810.7
2016-10-01,Ivory Coast,28,1806.7
2016-10-01,Algeria,27,1795.3
2016-10-01,Egypt,33,1754.3
2016-10-01,Canada,26,1774.3
2016-10-01,Tunisia,28,1779.6
2016-10-01,Paraguay,35,1772.5
2016-10-01,Peru,35,1774.1
2016-10-01,Ghana,37,1737.8
2016-10-01,Saudi Arabia,35,1717.3
2016-10-01,Cabo Verde,33,1708.4
2016-10-01,Slovakia,41,1679.7
2016-10-01,Scotland,37,1674.4
2016-10-01,Jordan,35,1716.8
2016-10-01,Czechia,37,1650.8
2016-10-01,South Africa,37,1641.1
2016-10-01,Venezuela,46,1673.0
2016-10-01,Chile,47,1647.6
2016-10-01,Bolivia,46,1703.1
2016-10-01,Indonesia,44,1678.5
2016-10-01,New Zealand,47,1612.9
2016-10-01,Costa Rica,51,1664.9
2016-10-01,Curaçao,44,1630.3
2016-10-01,Honduras,44,1598.7
2016-10-01,DR Congo,50,1638.2
2016-10-01,Kenya,47,1631.1
2016-10-01,Panama,53,1645.2
2016-10-01,Bosnia and Herzegovina,53,1656.1
2016-10-01,Qatar,51,1618.5
2016-10-01,Haiti,54,1530.5
2016-10-01,Cuba,52,1615.1
2016-10-01,Iraq,56,1598.2
2016-10-01,Trinidad and Tobago,51,1549.3
2016-10-01,Uzbekistan,61,1499.9
2016-11-01,France,1,2025.4
2016-11-01,Spain,1,1979.3
2016-11-01,Argentina,7,1986.1
2016-11-01,England,4,1927.1
2016-11-01,Portugal,2,1982.4
2016-11-01,Brazil,8,1994.6
2016-11-01,Netherlands,7,1964.5
2016-11-01,Morocco,11,1906.5
2016-11-01,Belgium,9,1905.9
2016-11-01,Germany,12,1907.9
2016-11-01,Croatia,15,1890.5
2016-11-01,Austria,13,1868.4
2016-11-01,Colombia,17,1864.1
2016-11-01,Senegal,12,1903.6
2016-11-01,Mexico,18,1897.3
2016-11-01,United States,19,1863.0
2016-11-01,Uruguay,20,1877.4
2016-11-01,Japan,14,1863.7
2016-11-01,Switzerland,19,1845.8
2016-11-01,Norway,21,1852.6
2016-11-01,Iran,21,1841.7
2016-11-01,Turkey,20,1807.9
2016-11-01,Ecuador,23,1794.2
2016-11-01,Sweden,20,1761.5
2016-11-01,South Korea,25,1820.1
2016-11-01,Nigeria,23,1781.3
2016-11-01,Australia,30,1790.8
2016-11-01,Ivory Coast,31,1742.8
2016-11-01,Algeria,26,1775.2
2016-11-01,Egypt,26,1754.6
2016-11-01,Canada,32,1749.7
2016-11-01,Tunisia,27,1665.5
2016-11-01,Paraguay,31,1763.3
2016-11-01,Peru,36,1713.3
2016-11-01,Ghana,38,1699.6
2016-11-01,Saudi Arabia,32,1708.9
2016-11-01,Cabo Verde,34,1710.6
2016-11-01,Slovakia,36,1717.5
2016-11-01,Scotland,38,1654.5
2016-11-01,Jordan,41,1715.7
2016-11-01,Czechia,44,1677.0
2016-11-01,South Africa,37,1723.6
2016-11-01,Venezuela,46,1672.5
2016-11-01,Chile,39,1637.3
2016-11-01,Bolivia,46,1624.2
2016-11-01,Indonesia,47,1642.3
2016-11-01,New Zealand,45,1673.9
2016-11-01,Costa Rica,50,1618.2
2016-11-01,Curaçao,47,1626.1
2016-11-01,Honduras,50,1643.1
2016-11-01,DR Congo,45,1655.9
2016-11-01,Kenya,45,1625.8
2016-11-01,Panama,48,1570.9
2016-11-01,Bosnia and Herzegovina,53,1552.7
2016-11-01,Qatar,56,1615.7
2016-11-01,Haiti,54,1587.1
2016-11-01,Cuba,53,1589.8
2016-11-01,Iraq,54,1519.1
2016-11-01,Trinidad and Tobago,59,1566.4
2016-11-01,Uzbekistan,64,1450.6
2016-12-01,France,1,2035.0
2016-12-01,Spain,3,2007.2
2016-12-01,Argentina,6,1941.0
2016-12-01,England,8,1953.8
2016-12-01,Portugal,1,1982.6
2016-12-01,Brazil,4,1901.4
2016-12-01,Netherlands,8,1939.8
2016-12-01,Morocco,9,1978.7
2016-12-01,Belgium,13,1874.6
2016-12-01,Germany,14,1917.9
2016-12-01,Croatia,9,1931.4
2016-12-01,Austria,11,1875.7
2016-12-01,Colombia,14,1902.9
2016-12-01,Senegal,10,1894.9
2016-12-01,Mexico,15,1906.6
2016-12-01,United States,19,1877.2
2016-12-01,Uruguay,15,1847.3
2016-12-01,Japan,22,1844.0
2016-12-01,Switzerland,21,1841.5
2016-12-01,Norway,18,1808.0
2016-12-01,Iran,19,1834.2
2016-12-01,Turkey,19,1798.4
2016-12-01,Ecuador,19,1903.5
2016-12-01,Sweden,24,1807.0
2016-12-01,South Korea,24,1869.9
2016-12-01,Nigeria,28,1836.7
2016-12-01,Australia,25,1780.2
2016-12-01,Ivory Coast,31,1818.0
2016-12-01,Algeria,31,1756.4
2016-12-01,Egypt,27,1799.8
2016-12-01,Canada,27,1830.6
2016-12-01,Tunisia,35,1774.8
2016-12-01,Paraguay,33,1746.5
2016-12-01,Peru,32,1754.1
2016-12-01,Ghana,35,1734.2
2016-12-01,Saudi Arabia,39,1690.0
2016-12-01,Cabo Verde,38,1680.5
2016-12-01,Slovakia,36,1726.2
2016-12-01,Scotland,36,1682.1
2016-12-01,Jordan,42,1634.7
2016-12-01,Czechia,38,1654.2
2016-12-01,South Africa,42,1651.1
2016-12-01,Venezuela,44,1670.0
2016-12-01,Chile,44,1665.6
2016-12-01,Bolivia,48,1624.2
2016-12-01,Indonesia,42,1632.6
2016-12-01,New Zealand,42,1649.1
2016-12-01,Costa Rica,47,1605.1
2016-12-01,Curaçao,43,1624.2
2016-12-01,Honduras,51,1583.2
2016-12-01,DR Congo,52,1659.0
2016-12-01,Kenya,47,1575.0
2016-12-01,Panama,48,1601.4
2016-12-01,Bosnia and Herzegovina,54,1573.3
2016-12-01,Qatar,56,1560.0
2016-12-01,Haiti,57,1574.6
2016-12-01,Cuba,51,1605.0
2016-12-01,Iraq,52,1587.8
2016-12-01,Trinidad and Tobago,56,1566.6
2016-12-01,Uzbekistan,59,1474.7
2017-01-01,France,1,2012.2
2017-01-01,Spain,1,2005.6
2017-01-01,Argentina,3,1993.9
2017-01-01,England,4,1925.2
2017-01-01,Portugal,6,1981.2
2017-01-01,Brazil,10,1940.8
2017-01-01,Netherlands,6,1945.4
2017-01-01,Morocco,7,1921.0
2017-01-01,Belgium,9,1969.2
2017-01-01,Germany,10,1920.6
2017-01-01,Croatia,14,1912.3
2017-01-01,Austria,12,1912.5
2017-01-01,Colombia,9,1862.2
2017-01-01,Senegal,13,1955.0
2017-01-01,Mexico,11,1925.5
2017-01-01,United States,18,1920.8
2017-01-01,Uruguay,19,1790.2
2017-01-01,Japan,14,1841.6
2017-01-01,Switzerland,20,1857.1
2017-01-01,Norway,17,1814.3
2017-01-01,Iran,22,1872.7
2017-01-01,Turkey,21,1765.3
2017-01-01,Ecuador,21,1777.3
2017-01-01,Sweden,23,1729.3
2017-01-01,South Korea,25,1765.3
2017-01-01,Nigeria,29,1801.8
2017-01-01,Australia,28,1755.3
2017-01-01,Ivory Coast,24,1768.8
2017-01-01,Algeria,32,1767.2
2017-01-01,Egypt,25,1768.6
2017-01-01,Canada,30,1775.7
2017-01-01,Tunisia,27,1746.4
2017-01-01,Paraguay,31,1746.9
2017-01-01,Peru,29,1737.0
2017-01-01,Ghana,34,1757.4
2017-01-01,Saudi Arabia,35,1715.7
2017-01-01,Cabo Verde,39,1675.8
2017-01-01,Slovakia,33,1671.2
2017-01-01,Scotland,39,1697.6
2017-01-01,Jordan,39,1692.6
2017-01-01,Czechia,38,1651.4
2017-01-01,South Africa,45,1670.4
2017-01-01,Venezuela,41,1649.7
2017-01-01,Chile,42,1660.1
2017-01-01,Bolivia,48,1628.7
2017-01-01,Indonesia,46,1631.7
2017-01-01,New Zealand,45,1621.0
2017-01-01,Costa Rica,44,1638.6
2017-01-01,Curaçao,49,1639.6
2017-01-01,Honduras,45,1580.1
2017-01-01,DR Congo,45,1632.9
2017-01-01,Kenya,48,1589.0
2017-01-01,Panama,50,1667.9
2017-01-01,Bosnia and Herzegovina,50,1620.1
2017-01-01,Qatar,54,1620.4
2017-01-01,Haiti,52,1619.2
2017-01-01,Cuba,54,1590.3
2017-01-01,Iraq,56,1536.8
2017-01-01,Trinidad and Tobago,54,1560.8
2017-01-01,Uzbekistan,63,1459.6
2017-02-01,France,5,1984.7
2017-02-01,Spain,3,1976.1
2017-02-01,Argentina,5,1966.3
2017-02-01,England,1,1956.8
2017-02-01,Portugal,2,1978.4
2017-02-01,Brazil,8,1924.6
2017-02-01,Netherlands,4,1933.3
2017-02-01,Morocco,6,1933.5
2017-02-01,Belgium,8,1907.4
2017-02-01,Germany,7,1901.8
2017-02-01,Croatia,15,1926.0
2017-02-01,Austria,8,1927.9
2017-02-01,Colombia,10,1912.7
2017-02-01,Senegal,17,1865.5
2017-02-01,Mexico,19,1905.7
2017-02-01,United States,13,1874.3
2017-02-01,Uruguay,15,1855.7
2017-02-01,Japan,20,1852.6
2017-02-01,Switzerland,15,1786.3
2017-02-01,Norway,24,1871.2
2017-02-01,Iran,21,1836.3
2017-02-01,Turkey,19,1772.0
2017-02-01,Ecuador,26,1840.3
2017-02-01,Sweden,24,1818.0
2017-02-01,South Korea,22,1812.5
2017-02-01,Nigeria,25,1776.6
2017-02-01,Australia,25,1864.5
2017-02-01,Ivory Coast,29,1758.7
2017-02-01,Algeria,26,1756.7
2017-02-01,Egypt,28,1718.3
2017-02-01,Canada,31,1747.0
2017-02-01,Tunisia,27,1713.8
2017-02-01,Paraguay,31,1735.3
2017-02-01,Peru,36,1748.0
2017-02-01,Ghana,37,1705.8
2017-02-01,Saudi Arabia,39,1709.9
2017-02-01,Cabo Verde,37,1729.8
2017-02-01,Slovakia,39,1683.0
2017-02-01,Scotland,37,1731.4
2017-02-01,Jordan,35,1727.0
2017-02-01,Czechia,39,1725.1
2017-02-01,South Africa,38,1658.2
2017-02-01,Venezuela,40,1689.4
2017-02-01,Chile,47,1666.3
2017-02-01,Bolivia,44,1668.8
2017-02-01,Indonesia,48,1693.1
2017-02-01,New Zealand,43,1677.1
2017-02-01,Costa Rica,47,1599.1
2017-02-01,Curaçao,50,1651.0
2017-02-01,Honduras,49,1628.1
2017-02-01,DR Congo,47,1665.1
2017-02-01,Kenya,45,1600.2
2017-02-01,Panama,50,1578.2
2017-02-01,Bosnia and Herzegovina,54,1596.0
2017-02-01,Qatar,49,1614.9
2017-02-01,Haiti,57,1597.7
2017-02-01,Cuba,54,1552.0
2017-02-01,Iraq,56,1627.3
2017-02-01,Trinidad and Tobago,59,1601.0
2017-02-01,Uzbekistan,66,1516.7
2017-03-01,France,3,1988.2
2017-03-01,Spain,5,1953.7
2017-03-01,Argentina,5,1994.6
2017-03-01,England,8,1929.0
2017-03-01,Portugal,3,1957.2
2017-03-01,Brazil,4,1928.4
2017-03-01,Netherlands,4,1973.9
2017-03-01,Morocco,12,1941.1
2017-03-01,Belgium,10,1945.7
2017-03-01,Germany,8,1930.5
2017-03-01,Croatia,13,1898.5
2017-03-01,Austria,9,1949.6
2017-03-01,Colombia,14,1899.8
2017-03-01,Senegal,12,1906.4
2017-03-01,Mexico,13,1874.9
2017-03-01,United States,20,1865.7
2017-03-01,Uruguay,13,1872.8
2017-03-01,Japan,14,1859.7
2017-03-01,Switzerland,18,1825.2
2017-03-01,Norway,19,1885.8
2017-03-01,Iran,18,1862.2
2017-03-01,Turkey,19,1802.2
2017-03-01,Ecuador,21,1814.5
2017-03-01,Sweden,26,1815.1
2017-03-01,South Korea,24,1777.7
2017-03-01,Nigeria,25,1821.8
2017-03-01,Australia,31,1819.5
2017-03-01,Ivory Coast,26,1737.9
2017-03-01,Algeria,25,1769.4
2017-03-01,Egypt,26,1758.5
2017-03-01,Canada,30,1784.4
2017-03-01,Tunisia,31,1769.0
2017-03-01,Paraguay,32,1738.7
2017-03-01,Peru,29,1774.0
2017-03-01,Ghana,34,1716.9
2017-03-01,Saudi Arabia,35,1758.0
2017-03-01,Cabo Verde,35,1733.2
2017-03-01,Slovakia,37,1713.6
2017-03-01,Scotland,42,1720.1
2017-03-01,Jordan,42,1697.5
2017-03-01,Czechia,41,1680.0
2017-03-01,South Africa,43,1726.4
2017-03-01,Venezuela,46,1650.8
2017-03-01,Chile,43,1662.1
2017-03-01,Bolivia,44,1669.8
2017-03-01,Indonesia,43,1609.2
2017-03-01,New Zealand,43,1658.1
2017-03-01,Costa Rica,44,1614.1
2017-03-01,Curaçao,43,1659.3
2017-03-01,Honduras,51,1652.6
2017-03-01,DR Congo,46,1583.9
2017-03-01,Kenya,51,1601.6
2017-03-01,Panama,53,1555.3
2017-03-01,Bosnia and Herzegovina,54,1622.6
2017-03-01,Qatar,51,1586.9
2017-03-01,Haiti,51,1580.7
2017-03-01,Cuba,57,1567.0
2017-03-01,Iraq,51,1585.8
2017-03-01,Trinidad and Tobago,59,1536.9
2017-03-01,Uzbekistan,60,1525.2
2017-04-01,France,3,2013.1
2017-04-01,Spain,3,1995.8
2017-04-01,Argentina,3,1967.3
2017-04-01,England,3,1955.4
2017-04-01,Portugal,2,1942.2
2017-04-01,Brazil,4,2013.5
2017-04-01,Netherlands,11,1923.7
2017-04-01,Morocco,12,1951.9
2017-04-01,Belgium,11,1907.7
2017-04-01,Germany,12,1940.2
2017-04-01,Croatia,15,1853.4
2017-04-01,Austria,9,1866.7
2017-04-01,Colombia,14,1878.3
2017-04-01,Senegal,13,1860.8
2017-04-01,Mexico,17,1907.2
2017-04-01,United States,12,1848.0
2017-04-01,Uruguay,15,1896.8
2017-04-01,Japan,14,1850.8
2017-04-01,Switzerland,20,1873.9
2017-04-01,Norway,20,1814.0
2017-04-01,Iran,17,1779.0
2017-04-01,Turkey,19,1825.7
2017-04-01,Ecuador,26,1732.5
2017-04-01,Sweden,24,1854.3
2017-04-01,South Korea,25,1784.4
2017-04-01,Nigeria,27,1871.5
2017-04-01,Australia,24,1812.8
2017-04-01,Ivory Coast,29,1791.8
2017-04-01,Algeria,29,1746.1
2017-04-01,Egypt,25,1772.2
2017-04-01,Canada,32,1705.1
2017-04-01,Tunisia,32,1721.4
2017-04-01,Paraguay,35,1742.7
2017-04-01,Peru,32,1708.3
2017-04-01,Ghana,33,1739.4
2017-04-01,Saudi Arabia,34,1680.4
2017-04-01,Cabo Verde,39,1713.9
2017-04-01,Slovakia,38,1700.7
2017-04-01,Scotland,34,1703.0
2017-04-01,Jordan,39,1682.8
2017-04-01,Czechia,39,1625.1
2017-04-01,South Africa,37,1694.4
2017-04-01,Venezuela,41,1696.8
2017-04-01,Chile,43,1675.3
2017-04-01,Bolivia,43,1646.8
2017-04-01,Indonesia,45,1598.8
2017-04-01,New Zealand,43,1622.7
2017-04-01,Costa Rica,51,1637.8
2017-04-01,Curaçao,49,1635.6
2017-04-01,Honduras,49,1574.9
2017-04-01,DR Congo,49,1617.9
2017-04-01,Kenya,49,1628.3
2017-04-01,Panama,51,1597.5
2017-04-01,Bosnia and Herzegovina,53,1608.6
2017-04-01,Qatar,52,1592.6
2017-04-01,Haiti,50,1556.4
2017-04-01,Cuba,52,1558.8
2017-04-01,Iraq,51,1514.1
2017-04-01,Trinidad and Tobago,55,1549.2
2017-04-01,Uzbekistan,65,1479.4
2017-05-01,France,1,2001.7
2017-05-01,Spain,3,1983.3
2017-05-01,Argentina,4,2001.4
2017-05-01,England,4,1934.4
2017-05-01,Portugal,5,1928.4
2017-05-01,Brazil,2,1966.6
2017-05-01,Netherlands,3,1956.1
2017-05-01,Morocco,7,1987.9
2017-05-01,Belgium,9,1929.2
2017-05-01,Germany,11,1935.6
2017-05-01,Croatia,9,1929.5
2017-05-01,Austria,14,1929.9
2017-05-01,Colombia,12,1943.7
2017-05-01,Senegal,16,1937.4
2017-05-01,Mexico,11,1859.5
2017-05-01,United States,17,1969.5
2017-05-01,Uruguay,20,1861.1
2017-05-01,Japan,18,1881.8
2017-05-01,Switzerland,22,1855.2
2017-05-01,Norway,18,1852.9
2017-05-01,Iran,23,1799.1
2017-05-01,Turkey,21,1848.7
2017-05-01,Ecuador,21,1839.2
2017-05-01,Sweden,28,1809.5
2017-05-01,South Korea,29,1818.5
2017-05-01,Nigeria,28,1752.0
2017-05-01,Australia,26,1859.4
2017-05-01,Ivory Coast,28,1758.0
2017-05-01,Algeria,31,1781.3
2017-05-01,Egypt,31,1757.9
2017-05-01,Canada,27,1740.7
2017-05-01,Tunisia,28,1718.7
2017-05-01,Paraguay,29,1709.2
2017-05-01,Peru,35,1740.6
2017-05-01,Ghana,31,1737.0
2017-05-01,Saudi Arabia,37,1731.6
2017-05-01,Cabo Verde,35,1692.1
2017-05-01,Slovakia,35,1645.1
2017-05-01,Scotland,36,1647.3
2017-05-01,Jordan,38,1693.3
2017-05-01,Czechia,44,1739.6
2017-05-01,South Africa,38,1708.6
2017-05-01,Venezuela,44,1646.3
2017-05-01,Chile,39,1611.9
2017-05-01,Bolivia,40,1643.9
2017-05-01,Indonesia,46,1650.9
2017-05-01,New Zealand,43,1682.3
2017-05-01,Costa Rica,44,1596.1
2017-05-01,Curaçao,46,1635.2
2017-05-01,Honduras,52,1645.7
2017-05-01,DR Congo,47,1617.8
2017-05-01,Kenya,50,1588.2
2017-05-01,Panama,46,1615.2
2017-05-01,Bosnia and Herzegovina,52,1636.8
2017-05-01,Qatar,48,1548.4
2017-05-01,Haiti,53,1626.5
2017-05-01,Cuba,52,1580.9
2017-05-01,Iraq,58,1614.8
2017-05-01,Trinidad and Tobago,57,1528.8
2017-05-01,Uzbekistan,65,1490.8
2017-06-01,France,1,1990.4
2017-06-01,Spain,1,1992.1
2017-06-01,Argentina,1,1972.4
2017-06-01,England,3,1953.7
2017-06-01,Portugal,7,2010.2
2017-06-01,Brazil,4,1986.4
2017-06-01,Netherlands,3,1968.8
2017-06-01,Morocco,12,1923.9
2017-06-01,Belgium,11,1903.7
2017-06-01,Germany,11,1953.1
2017-06-01,Croatia,8,1908.6
2017-06-01,Austria,11,1924.3
2017-06-01,Colombia,14,1922.1
2017-06-01,Senegal,16,1840.1
2017-06-01,Mexico,12,1917.0
2017-06-01,United States,14,1853.1
2017-06-01,Uruguay,18,1773.2
2017-06-01,Japan,18,1846.5
2017-06-01,Switzerland,19,1844.8
2017-06-01,Norway,20,1788.4
2017-06-01,Iran,22,1807.7
2017-06-01,Turkey,18,1864.1
2017-06-01,Ecuador,23,1815.4
2017-06-01,Sweden,22,1762.4
2017-06-01,South Korea,28,1766.7
2017-06-01,Nigeria,28,1787.4
2017-06-01,Australia,23,1767.4
2017-06-01,Ivory Coast,26,1779.8
2017-06-01,Algeria,30,1779.8
2017-06-01,Egypt,27,1763.8
2017-06-01,Canada,29,1734.9
2017-06-01,Tunisia,33,1768.9
2017-06-01,Paraguay,28,1810.2
2017-06-01,Peru,33,1711.6
2017-06-01,Ghana,38,1716.6
2017-06-01,Saudi Arabia,32,1705.2
2017-06-01,Cabo Verde,38,1712.4
2017-06-01,Slovakia,41,1701.2
2017-06-01,Scotland,37,1736.2
2017-06-01,Jordan,35,1689.0
2017-06-01,Czechia,41,1683.9
2017-06-01,South Africa,41,1685.7
2017-06-01,Venezuela,39,1705.3
2017-06-01,Chile,45,1683.2
2017-06-01,Bolivia,42,1626.2
2017-06-01,Indonesia,41,1602.6
2017-06-01,New Zealand,45,1688.0
2017-06-01,Costa Rica,48,1547.4
2017-06-01,Curaçao,46,1571.9
2017-06-01,Honduras,45,1601.9
2017-06-01,DR Congo,46,1657.5
2017-06-01,Kenya,46,1613.2
2017-06-01,Panama,50,1583.9
2017-06-01,Bosnia and Herzegovina,51,1599.6
2017-06-01,Qatar,53,1643.3
2017-06-01,Haiti,57,1572.0
2017-06-01,Cuba,58,1602.5
2017-06-01,Iraq,59,1539.0
2017-06-01,Trinidad and Tobago,52,1547.7
2017-06-01,Uzbekistan,61,1515.0
2017-07-01,France,1,1996.4
2017-07-01,Spain,5,1967.6
2017-07-01,Argentina,4,1938.8
2017-07-01,England,3,1988.9
2017-07-01,Portugal,6,2007.2
2017-07-01,Brazil,3,1919.7
2017-07-01,Netherlands,4,1931.1
2017-07-01,Morocco,8,1875.0
2017-07-01,Belgium,12,1962.1
2017-07-01,Germany,9,1905.8
2017-07-01,Croatia,9,1829.8
2017-07-01,Austria,13,1861.9
2017-07-01,Colombia,9,1917.7
2017-07-01,Senegal,10,1896.6
2017-07-01,Mexico,13,1865.9
2017-07-01,United States,15,1870.5
2017-07-01,Uruguay,14,1880.6
2017-07-01,Japan,14,1864.6
2017-07-01,Switzerland,19,1811.0
2017-07-01,Norway,19,1806.9
2017-07-01,Iran,17,1816.2
2017-07-01,Turkey,24,1814.8
2017-07-01,Ecuador,24,1798.4
2017-07-01,Sweden,28,1787.7
2017-07-01,South Korea,28,1802.6
2017-07-01,Nigeria,25,1801.9
2017-07-01,Australia,24,1758.9
2017-07-01,Ivory Coast,25,1751.2
2017-07-01,Algeria,27,1752.3
2017-07-01,Egypt,26,1782.0
2017-07-01,Canada,34,1728.1
2017-07-01,Tunisia,35,1705.0
2017-07-01,Paraguay,32,1710.8
2017-07-01,Peru,36,1728.6
2017-07-01,Ghana,35,1671.2
2017-07-01,Saudi Arabia,35,1688.9
2017-07-01,Cabo Verde,33,1666.2
2017-07-01,Slovakia,35,1695.2
2017-07-01,Scotland,41,1699.3
2017-07-01,Jordan,40,1661.9
2017-07-01,Czechia,40,1679.3
2017-07-01,South Africa,40,1703.5
2017-07-01,Venezuela,43,1672.4
2017-07-01,Chile,41,1653.4
2017-07-01,Bolivia,45,1614.3
2017-07-01,Indonesia,48,1670.8
2017-07-01,New Zealand,50,1621.0
2017-07-01,Costa Rica,45,1655.1
2017-07-01,Curaçao,45,1584.4
2017-07-01,Honduras,49,1615.8
2017-07-01,DR Congo,48,1632.0
2017-07-01,Kenya,49,1572.0
2017-07-01,Panama,51,1613.0
2017-07-01,Bosnia and Herzegovina,51,1583.7
2017-07-01,Qatar,56,1587.0
2017-07-01,Haiti,56,1634.5
2017-07-01,Cuba,55,1515.8
2017-07-01,Iraq,56,1521.1
2017-07-01,Trinidad and Tobago,58,1573.0
2017-07-01,Uzbekistan,59,1506.7
2017-08-01,France,1,2041.2
2017-08-01,Spain,3,2002.3
2017-08-01,Argentina,2,1969.3
2017-08-01,England,6,1980.0
2017-08-01,Portugal,1,2021.5
2017-08-01,Brazil,8,1942.6
2017-08-01,Netherlands,8,1942.7
2017-08-01,Morocco,10,1918.1
2017-08-01,Belgium,12,1929.0
2017-08-01,Germany,7,1929.1
2017-08-01,Croatia,14,1894.2
2017-08-01,Austria,15,1901.3
2017-08-01,Colombia,13,1912.4
2017-08-01,Senegal,14,1853.3
2017-08-01,Mexico,17,1794.4
2017-08-01,United States,16,1853.4
2017-08-01,Uruguay,16,1894.2
2017-08-01,Japan,18,1875.7
2017-08-01,Switzerland,15,1835.3
2017-08-01,Norway,18,1865.5
2017-08-01,Iran,17,1824.5
2017-08-01,Turkey,25,1863.1
2017-08-01,Ecuador,27,1786.6
2017-08-01,Sweden,25,1790.7
2017-08-01,South Korea,27,1810.7
2017-08-01,Nigeria,26,1829.6
2017-08-01,Australia,23,1798.3
2017-08-01,Ivory Coast,29,1795.3
2017-08-01,Algeria,26,1814.2
2017-08-01,Egypt,30,1755.9
2017-08-01,Canada,27,1753.3
2017-08-01,Tunisia,35,1771.7
2017-08-01,Paraguay,36,1685.6
2017-08-01,Peru,35,1744.6
2017-08-01,Ghana,36,1728.2
2017-08-01,Saudi Arabia,37,1702.4
2017-08-01,Cabo Verde,35,1727.4
2017-08-01,Slovakia,33,1689.8
2017-08-01,Scotland,39,1641.2
2017-08-01,Jordan,39,1756.6
2017-08-01,Czechia,42,1698.3
2017-08-01,South Africa,39,1680.1
2017-08-01,Venezuela,46,1656.3
2017-08-01,Chile,42,1661.9
2017-08-01,Bolivia,45,1667.8
2017-08-01,Indonesia,41,1624.8
2017-08-01,New Zealand,48,1650.7
2017-08-01,Costa Rica,46,1621.2
2017-08-01,Curaçao,43,1680.8
2017-08-01,Honduras,48,1591.2
2017-08-01,DR Congo,49,1561.1
2017-08-01,Kenya,50,1605.5
2017-08-01,Panama,51,1574.2
2017-08-01,Bosnia and Herzegovina,49,1585.0
2017-08-01,Qatar,48,1593.8
2017-08-01,Haiti,54,1572.8
2017-08-01,Cuba,56,1578.4
2017-08-01,Iraq,52,1497.6
2017-08-01,Trinidad and Tobago,54,1546.8
2017-08-01,Uzbekistan,59,1534.0
2017-09-01,France,3,2042.7
2017-09-01,Spain,5,2010.2
2017-09-01,Argentina,5,1953.5
2017-09-01,England,3,1972.8
2017-09-01,Portugal,5,1914.4
2017-09-01,Brazil,10,1969.8
2017-09-01,Netherlands,3,1940.3
2017-09-01,Morocco,6,1944.6
2017-09-01,Belgium,7,1978.9
2017-09-01,Germany,13,1872.7
2017-09-01,Croatia,7,1877.5
2017-09-01,Austria,15,1923.9
2017-09-01,Colombia,13,1850.5
2017-09-01,Senegal,18,1957.2
2017-09-01,Mexico,17,1814.6
2017-09-01,United States,16,1839.9
2017-09-01,Uruguay,20,1851.2
2017-09-01,Japan,18,1829.0
2017-09-01,Switzerland,17,1829.2
2017-09-01,Norway,22,1833.9
2017-09-01,Iran,21,1859.1
2017-09-01,Turkey,21,1790.3
2017-09-01,Ecuador,19,1826.5
2017-09-01,Sweden,26,1792.1
2017-09-01,South Korea,29,1829.0
2017-09-01,Nigeria,24,1766.9
2017-09-01,Australia,28,1783.9
2017-09-01,Ivory Coast,32,1813.3
2017-09-01,Algeria,24,1771.0
2017-09-01,Egypt,30,1746.4
2017-09-01,Canada,31,1765.3
2017-09-01,Tunisia,31,1735.7
2017-09-01,Paraguay,28,1716.1
2017-09-01,Peru,29,1748.6
2017-09-01,Ghana,31,1769.2
2017-09-01,Saudi Arabia,35,1712.8
2017-09-01,Cabo Verde,35,1724.0
2017-09-01,Slovakia,40,1718.9
2017-09-01,Scotland,42,1714.2
2017-09-01,Jordan,35,1692.9
2017-09-01,Czechia,41,1638.1
2017-09-01,South Africa,44,1685.0
2017-09-01,Venezuela,39,1633.1
2017-09-01,Chile,39,1658.8
2017-09-01,Bolivia,41,1630.8
2017-09-01,Indonesia,49,1642.0
2017-09-01,New Zealand,42,1587.5
2017-09-01,Costa Rica,45,1616.4
2017-09-01,Curaçao,46,1631.5
2017-09-01,Honduras,51,1677.5
2017-09-01,DR Congo,52,1662.8
2017-09-01,Kenya,51,1568.4
2017-09-01,Panama,47,1566.2
2017-09-01,Bosnia and Herzegovina,49,1568.1
2017-09-01,Qatar,55,1530.5
2017-09-01,Haiti,56,1604.4
2017-09-01,Cuba,58,1587.9
2017-09-01,Iraq,55,1550.4
2017-09-01,Trinidad and Tobago,53,1565.4
2017-09-01,Uzbekistan,61,1513.5
2017-10-01,France,3,1957.3
2017-10-01,Spain,2,1971.1
2017-10-01,Argentina,1,1937.1
2017-10-01,England,4,1914.9
2017-10-01,Portugal,4,1929.1
2017-10-01,Brazil,4,1957.9
2017-10-01,Netherlands,11,1959.6
2017-10-01,Morocco,4,1889.7
2017-10-01,Belgium,11,1915.8
2017-10-01,Germany,6,1945.9
2017-10-01,Croatia,8,1910.3
2017-10-01,Austria,11,1870.2
2017-10-01,Colombia,14,1913.7
2017-10-01,Senegal,12,1882.4
2017-10-01,Mexico,14,1860.2
2017-10-01,United States,16,1861.1
2017-10-01,Uruguay,14,1852.0
2017-10-01,Japan,20,1889.3
2017-10-01,Switzerland,16,1812.6
2017-10-01,Norway,21,1890.7
2017-10-01,Iran,18,1803.3
2017-10-01,Turkey,23,1810.7
2017-10-01,Ecuador,22,1842.1
2017-10-01,Sweden,27,1822.9
2017-10-01,South Korea,24,1808.6
2017-10-01,Nigeria,28,1799.5
2017-10-01,Australia,27,1771.4
2017-10-01,Ivory Coast,27,1749.6
2017-10-01,Algeria,25,1743.6
2017-10-01,Egypt,32,1766.6
2017-10-01,Canada,26,1734.2
2017-10-01,Tunisia,32,1769.2
2017-10-01,Paraguay,30,1778.8
2017-10-01,Peru,32,1723.2
2017-10-01,Ghana,37,1695.2
2017-10-01,Saudi Arabia,33,1719.1
2017-10-01,Cabo Verde,36,1687.1
2017-10-01,Slovakia,38,1714.7
2017-10-01,Scotland,40,1729.7
2017-10-01,Jordan,43,1690.9
2017-10-01,Czechia,42,1687.3
2017-10-01,South Africa,37,1690.0
2017-10-01,Venezuela,38,1619.4
2017-10-01,Chile,45,1636.2
2017-10-01,Bolivia,43,1641.0
2017-10-01,Indonesia,46,1650.8
2017-10-01,New Zealand,47,1644.3
2017-10-01,Costa Rica,45,1621.2
2017-10-01,Curaçao,47,1628.8
2017-10-01,Honduras,46,1582.2
2017-10-01,DR Congo,46,1655.0
2017-10-01,Kenya,51,1598.0
2017-10-01,Panama,53,1632.8
2017-10-01,Bosnia and Herzegovina,55,1594.3
2017-10-01,Qatar,54,1579.1
2017-10-01,Haiti,52,1565.2
2017-10-01,Cuba,51,1636.3
2017-10-01,Iraq,52,1556.3
2017-10-01,Trinidad and Tobago,51,1547.5
2017-10-01,Uzbekistan,67,1446.9
2017-11-01,France,1,1988.4
2017-11-01,Spain,3,1978.0
2017-11-01,Argentina,4,1966.4
2017-11-01,England,8,1914.0
2017-11-01,Portugal,9,1953.1
2017-11-01,Brazil,6,1942.0
2017-11-01,Netherlands,3,1967.0
2017-11-01,Morocco,9,1954.7
2017-11-01,Belgium,6,1958.9
2017-11-01,Germany,6,1938.1
2017-11-01,Croatia,11,1895.0
2017-11-01,Austria,16,1896.1
2017-11-01,Colombia,13,1898.9
2017-11-01,Senegal,16,1853.8
2017-11-01,Mexico,13,1861.7
2017-11-01,United States,17,1940.0
2017-11-01,Uruguay,20,1804.5
2017-11-01,Japan,16,1848.7
2017-11-01,Switzerland,15,1838.5
2017-11-01,Norway,18,1865.2
2017-11-01,Iran,22,1866.6
2017-11-01,Turkey,25,1839.7
2017-11-01,Ecuador,27,1778.7
2017-11-01,Sweden,24,1815.3
2017-11-01,South Korea,27,1812.3
2017-11-01,Nigeria,29,1806.2
2017-11-01,Australia,30,1792.0
2017-11-01,Ivory Coast,29,1762.1
2017-11-01,Algeria,27,1807.0
2017-11-01,Egypt,25,1791.6
2017-11-01,Canada,34,1734.9
2017-11-01,Tunisia,32,1751.8
2017-11-01,Paraguay,35,1770.0
2017-11-01,Peru,30,1763.9
2017-11-01,Ghana,35,1707.6
2017-11-01,Saudi Arabia,39,1738.8
2017-11-01,Cabo Verde,36,1665.8
2017-11-01,Slovakia,34,1671.9
2017-11-01,Scotland,40,1677.4
2017-11-01,Jordan,35,1711.3
2017-11-01,Czechia,40,1671.8
2017-11-01,South Africa,38,1669.3
2017-11-01,Venezuela,41,1669.9
2017-11-01,Chile,45,1637.0
2017-11-01,Bolivia,46,1684.2
2017-11-01,Indonesia,49,1633.8
2017-11-01,New Zealand,50,1630.0
2017-11-01,Costa Rica,43,1612.6
2017-11-01,Curaçao,44,1650.9
2017-11-01,Honduras,47,1582.3
2017-11-01,DR Congo,46,1595.3
2017-11-01,Kenya,49,1621.0
2017-11-01,Panama,53,1651.2
2017-11-01,Bosnia and Herzegovina,48,1611.2
2017-11-01,Qatar,49,1550.5
2017-11-01,Haiti,54,1576.8
2017-11-01,Cuba,58,1563.7
2017-11-01,Iraq,57,1552.3
2017-11-01,Trinidad and Tobago,54,1564.7
2017-11-01,Uzbekistan,62,1542.4
2017-12-01,France,1,2004.7
2017-12-01,Spain,1,1973.9
2017-12-01,Argentina,4,1977.8
2017-12-01,England,2,2008.0
2017-12-01,Portugal,3,1926.0
2017-12-01,Brazil,9,1959.4
2017-12-01,Netherlands,11,1933.0
2017-12-01,Morocco,9,1967.1
2017-12-01,Belgium,12,1911.5
2017-12-01,Germany,9,1976.5
2017-12-01,Croatia,15,1944.3
2017-12-01,Austria,14,1941.6
2017-12-01,Colombia,10,1924.7
2017-12-01,Senegal,13,1886.3
2017-12-01,Mexico,13,1892.3
2017-12-01,United States,18,1900.8
2017-12-01,Uruguay,21,1884.7
2017-12-01,Japan,19,1829.3
2017-12-01,Switzerland,15,1793.5
2017-12-01,Norway,16,1846.1
2017-12-01,Iran,22,1862.6
2017-12-01,Turkey,22,1819.1
2017-12-01,Ecuador,27,1822.6
2017-12-01,Sweden,22,1795.9
2017-12-01,South Korea,27,1795.4
2017-12-01,Nigeria,26,1761.6
2017-12-01,Australia,23,1768.5
2017-12-01,Ivory Coast,32,1759.8
2017-12-01,Algeria,29,1787.0
2017-12-01,Egypt,29,1759.8
2017-12-01,Canada,34,1760.0
2017-12-01,Tunisia,33,1742.7
2017-12-01,Paraguay,36,1695.9
2017-12-01,Peru,33,1722.3
2017-12-01,Ghana,35,1785.5
2017-12-01,Saudi Arabia,35,1688.4
2017-12-01,Cabo Verde,38,1700.2
2017-12-01,Slovakia,33,1721.9
2017-12-01,Scotland,38,1653.9
2017-12-01,Jordan,40,1689.6
2017-12-01,Czechia,39,1677.2
2017-12-01,South Africa,40,1624.4
2017-12-01,Venezuela,39,1657.0
2017-12-01,Chile,39,1654.6
2017-12-01,Bolivia,46,1628.8
2017-12-01,Indonesia,43,1644.8
2017-12-01,New Zealand,49,1597.9
2017-12-01,Costa Rica,47,1569.4
2017-12-01,Curaçao,45,1617.3
2017-12-01,Honduras,51,1598.9
2017-12-01,DR Congo,46,1625.7
2017-12-01,Kenya,50,1589.6
2017-12-01,Panama,53,1579.4
2017-12-01,Bosnia and Herzegovina,52,1645.5
2017-12-01,Qatar,53,1584.8
2017-12-01,Haiti,51,1532.7
2017-12-01,Cuba,50,1575.2
2017-12-01,Iraq,57,1552.9
2017-12-01,Trinidad and Tobago,57,1575.1
2017-12-01,Uzbekistan,64,1495.0
2018-01-01,France,1,1980.5
2018-01-01,Spain,1,1976.9
2018-01-01,Argentina,2,1975.7
2018-01-01,England,1,1968.9
2018-01-01,Portugal,8,1910.0
2018-01-01,Brazil,6,2004.4
2018-01-01,Netherlands,10,1902.1
2018-01-01,Morocco,12,1927.4
2018-01-01,Belgium,13,1983.7
2018-01-01,Germany,12,1891.3
2018-01-01,Croatia,12,1909.0
2018-01-01,Austria,8,1950.9
2018-01-01,Colombia,13,1902.1
2018-01-01,Senegal,12,1850.4
2018-01-01,Mexico,16,1850.5
2018-01-01,United States,13,1812.5
2018-01-01,Uruguay,16,1806.0
2018-01-01,Japan,21,1866.7
2018-01-01,Switzerland,21,1877.3
2018-01-01,Norway,21,1843.7
2018-01-01,Iran,20,1851.7
2018-01-01,Turkey,21,1811.0
2018-01-01,Ecuador,25,1788.2
2018-01-01,Sweden,25,1837.6
2018-01-01,South Korea,27,1786.0
2018-01-01,Nigeria,30,1830.4
2018-01-01,Australia,28,1805.0
2018-01-01,Ivory Coast,25,1773.5
2018-01-01,Algeria,30,1760.9
2018-01-01,Egypt,26,1784.4
2018-01-01,Canada,34,1766.2
2018-01-01,Tunisia,27,1782.1
2018-01-01,Paraguay,34,1767.2
2018-01-01,Peru,36,1769.9
2018-01-01,Ghana,38,1711.3
2018-01-01,Saudi Arabia,38,1689.6
2018-01-01,Cabo Verde,32,1678.4
2018-01-01,Slovakia,34,1729.4
2018-01-01,Scotland,42,1663.0
2018-01-01,Jordan,37,1701.2
2018-01-01,Czechia,40,1678.3
2018-01-01,South Africa,43,1704.8
2018-01-01,Venezuela,43,1694.4
2018-01-01,Chile,46,1647.3
2018-01-01,Bolivia,45,1661.6
2018-01-01,Indonesia,43,1630.7
2018-01-01,New Zealand,44,1591.4
2018-01-01,Costa Rica,47,1621.7
2018-01-01,Curaçao,44,1613.4
2018-01-01,Honduras,49,1616.5
2018-01-01,DR Congo,51,1597.0
2018-01-01,Kenya,49,1604.5
2018-01-01,Panama,47,1611.7
2018-01-01,Bosnia and Herzegovina,54,1611.3
2018-01-01,Qatar,52,1634.9
2018-01-01,Haiti,57,1592.5
2018-01-01,Cuba,54,1590.3
2018-01-01,Iraq,58,1545.7
2018-01-01,Trinidad and Tobago,55,1645.8
2018-01-01,Uzbekistan,63,1557.2
2018-02-01,France,1,2003.6
2018-02-01,Spain,1,1958.0
2018-02-01,Argentina,4,2044.7
2018-02-01,England,1,1962.0
2018-02-01,Portugal,6,1933.9
2018-02-01,Brazil,4,1965.0
2018-02-01,Netherlands,4,1925.0
2018-02-01,Morocco,7,1898.8
2018-02-01,Belgium,5,1955.9
2018-02-01,Germany,13,1962.8
2018-02-01,Croatia,10,1889.4
2018-02-01,Austria,13,1874.1
2018-02-01,Colombia,16,1879.2
2018-02-01,Senegal,16,1843.1
2018-02-01,Mexico,14,1858.2
2018-02-01,United States,15,1913.5
2018-02-01,Uruguay,14,1872.0
2018-02-01,Japan,17,1898.9
2018-02-01,Switzerland,21,1839.1
2018-02-01,Norway,21,1815.2
2018-02-01,Iran,25,1787.2
2018-02-01,Turkey,18,1864.2
2018-02-01,Ecuador,20,1770.2
2018-02-01,Sweden,28,1839.3
2018-02-01,South Korea,25,1743.8
2018-02-01,Nigeria,26,1749.8
2018-02-01,Australia,28,1735.9
2018-02-01,Ivory Coast,24,1764.5
2018-02-01,Algeria,24,1780.9
2018-02-01,Egypt,31,1712.6
2018-02-01,Canada,30,1771.7
2018-02-01,Tunisia,35,1745.5
2018-02-01,Paraguay,33,1747.4
2018-02-01,Peru,37,1703.3
2018-02-01,Ghana,34,1714.6
2018-02-01,Saudi Arabia,33,1691.4
2018-02-01,Cabo Verde,38,1743.7
2018-02-01,Slovakia,38,1736.2
2018-02-01,Scotland,41,1680.7
2018-02-01,Jordan,38,1655.1
2018-02-01,Czechia,36,1689.9
2018-02-01,South Africa,37,1712.6
2018-02-01,Venezuela,42,1651.8
2018-02-01,Chile,39,1642.9
2018-02-01,Bolivia,40,1659.9
2018-02-01,Indonesia,47,1604.8
2018-02-01,New Zealand,50,1625.2
2018-02-01,Costa Rica,45,1588.6
2018-02-01,Curaçao,48,1635.3
2018-02-01,Honduras,46,1578.6
2018-02-01,DR Congo,48,1611.0
2018-02-01,Kenya,49,1681.7
2018-02-01,Panama,51,1617.0
2018-02-01,Bosnia and Herzegovina,52,1549.5
2018-02-01,Qatar,52,1577.7
2018-02-01,Haiti,49,1577.4
2018-02-01,Cuba,55,1556.2
2018-02-01,Iraq,59,1609.4
2018-02-01,Trinidad and Tobago,56,1548.5
2018-02-01,Uzbekistan,64,1499.8
2018-03-01,France,1,1985.5
2018-03-01,Spain,1,1980.2
2018-03-01,Argentina,6,1996.3
2018-03-01,England,8,1953.6
2018-03-01,Portugal,4,1983.0
2018-03-01,Brazil,8,1953.2
2018-03-01,Netherlands,3,1984.5
2018-03-01,Morocco,9,1889.1
2018-03-01,Belgium,11,1923.6
2018-03-01,Germany,9,1967.4
2018-03-01,Croatia,14,1932.8
2018-03-01,Austria,8,1864.6
2018-03-01,Colombia,9,1865.9
2018-03-01,Senegal,13,1898.3
2018-03-01,Mexico,14,1905.0
2018-03-01,United States,20,1890.7
2018-03-01,Uruguay,16,1836.5
2018-03-01,Japan,18,1922.0
2018-03-01,Switzerland,20,1889.7
2018-03-01,Norway,23,1856.0
2018-03-01,Iran,23,1853.9
2018-03-01,Turkey,24,1832.3
2018-03-01,Ecuador,24,1802.4
2018-03-01,Sweden,27,1765.8
2018-03-01,South Korea,27,1817.4
2018-03-01,Nigeria,26,1779.6
2018-03-01,Australia,25,1749.8
2018-03-01,Ivory Coast,29,1745.6
2018-03-01,Algeria,25,1832.5
2018-03-01,Egypt,25,1752.7
2018-03-01,Canada,30,1801.4
2018-03-01,Tunisia,31,1807.8
2018-03-01,Paraguay,33,1718.3
2018-03-01,Peru,35,1799.6
2018-03-01,Ghana,35,1737.6
2018-03-01,Saudi Arabia,37,1706.8
2018-03-01,Cabo Verde,32,1708.6
2018-03-01,Slovakia,41,1692.6
2018-03-01,Scotland,36,1697.2
2018-03-01,Jordan,36,1687.9
2018-03-01,Czechia,36,1673.8
2018-03-01,South Africa,37,1645.6
2018-03-01,Venezuela,38,1656.2
2018-03-01,Chile,45,1608.3
2018-03-01,Bolivia,40,1663.9
2018-03-01,Indonesia,41,1699.1
2018-03-01,New Zealand,46,1619.9
2018-03-01,Costa Rica,44,1600.4
2018-03-01,Curaçao,51,1649.2
2018-03-01,Honduras,51,1621.7
2018-03-01,DR Congo,48,1652.2
2018-03-01,Kenya,50,1599.6
2018-03-01,Panama,48,1616.3
2018-03-01,Bosnia and Herzegovina,48,1567.9
2018-03-01,Qatar,49,1562.4
2018-03-01,Haiti,50,1615.1
2018-03-01,Cuba,55,1607.5
2018-03-01,Iraq,59,1539.3
2018-03-01,Trinidad and Tobago,57,1534.6
2018-03-01,Uzbekistan,62,1447.3
2018-04-01,France,4,1982.0
2018-04-01,Spain,4,1978.9
2018-04-01,Argentina,5,1912.5
2018-04-01,England,2,1994.0
2018-04-01,Portugal,8,1976.7
2018-04-01,Brazil,8,1993.1
2018-04-01,Netherlands,11,1972.6
2018-04-01,Morocco,7,1946.4
2018-04-01,Belgium,6,1965.3
2018-04-01,Germany,10,1915.3
2018-04-01,Croatia,7,1951.3
2018-04-01,Austria,15,1893.8
2018-04-01,Colombia,16,1859.2
2018-04-01,Senegal,14,1871.6
2018-04-01,Mexico,19,1869.1
2018-04-01,United States,20,1905.2
2018-04-01,Uruguay,20,1882.7
2018-04-01,Japan,19,1850.0
2018-04-01,Switzerland,21,1851.7
2018-04-01,Norway,23,1901.2
2018-04-01,Iran,19,1838.7
2018-04-01,Turkey,23,1840.8
2018-04-01,Ecuador,21,1809.1
2018-04-01,Sweden,28,1832.3
2018-04-01,South Korea,27,1796.7
2018-04-01,Nigeria,29,1815.8
2018-04-01,Australia,23,1776.6
2018-04-01,Ivory Coast,25,1746.3
2018-04-01,Algeria,31,1779.5
2018-04-01,Egypt,28,1769.4
2018-04-01,Canada,32,1735.9
2018-04-01,Tunisia,29,1786.8
2018-04-01,Paraguay,32,1733.3
2018-04-01,Peru,30,1760.0
2018-04-01,Ghana,34,1677.0
2018-04-01,Saudi Arabia,32,1781.6
2018-04-01,Cabo Verde,39,1744.9
2018-04-01,Slovakia,38,1695.9
2018-04-01,Scotland,34,1771.5
2018-04-01,Jordan,41,1717.7
2018-04-01,Czechia,39,1747.4
2018-04-01,South Africa,42,1722.7
2018-04-01,Venezuela,38,1642.1
2018-04-01,Chile,40,1634.4
2018-04-01,Bolivia,44,1614.3
2018-04-01,Indonesia,42,1647.5
2018-04-01,New Zealand,49,1675.7
2018-04-01,Costa Rica,45,1677.2
2018-04-01,Curaçao,51,1643.6
2018-04-01,Honduras,50,1646.1
2018-04-01,DR Congo,50,1593.4
2018-04-01,Kenya,46,1623.8
2018-04-01,Panama,53,1609.8
2018-04-01,Bosnia and Herzegovina,51,1628.3
2018-04-01,Qatar,53,1613.4
2018-04-01,Haiti,49,1591.3
2018-04-01,Cuba,54,1544.6
2018-04-01,Iraq,56,1560.0
2018-04-01,Trinidad and Tobago,54,1566.2
2018-04-01,Uzbekistan,65,1486.0
2018-05-01,France,2,1989.1
2018-05-01,Spain,1,1995.6
2018-05-01,Argentina,3,2000.9
2018-05-01,England,2,1936.6
2018-05-01,Portugal,3,1988.6
2018-05-01,Brazil,9,1990.4
2018-05-01,Netherlands,11,2031.0
2018-05-01,Morocco,9,1950.1
2018-05-01,Belgium,13,1885.9
2018-05-01,Germany,6,1948.4
2018-05-01,Croatia,10,1871.8
2018-05-01,Austria,14,1900.7
2018-05-01,Colombia,17,1891.6
2018-05-01,Senegal,13,1872.5
2018-05-01,Mexico,12,1900.3
2018-05-01,United States,16,1848.1
2018-05-01,Uruguay,15,1851.9
2018-05-01,Japan,14,1858.0
2018-05-01,Switzerland,23,1800.6
2018-05-01,Norway,18,1815.2
2018-05-01,Iran,25,1814.9
2018-05-01,Turkey,19,1815.3
2018-05-01,Ecuador,26,1864.5
2018-05-01,Sweden,24,1761.4
2018-05-01,South Korea,27,1838.4
2018-05-01,Nigeria,26,1785.7
2018-05-01,Australia,25,1819.6
2018-05-01,Ivory Coast,31,1783.4
2018-05-01,Algeria,27,1757.3
2018-05-01,Egypt,29,1760.0
2018-05-01,Canada,31,1730.7
2018-05-01,Tunisia,32,1773.7
2018-05-01,Paraguay,34,1691.9
2018-05-01,Peru,35,1762.3
2018-05-01,Ghana,33,1715.7
2018-05-01,Saudi Arabia,36,1717.5
2018-05-01,Cabo Verde,38,1737.4
2018-05-01,Slovakia,35,1705.4
2018-05-01,Scotland,37,1696.3
2018-05-01,Jordan,38,1694.4
2018-05-01,Czechia,40,1701.1
2018-05-01,South Africa,45,1647.4
2018-05-01,Venezuela,42,1678.7
2018-05-01,Chile,44,1617.1
2018-05-01,Bolivia,46,1642.4
2018-05-01,Indonesia,45,1661.6
2018-05-01,New Zealand,45,1654.5
2018-05-01,Costa Rica,47,1657.1
2018-05-01,Curaçao,46,1640.9
2018-05-01,Honduras,50,1662.4
2018-05-01,DR Congo,46,1629.0
2018-05-01,Kenya,46,1604.5
2018-05-01,Panama,47,1607.5
2018-05-01,Bosnia and Herzegovina,54,1639.0
2018-05-01,Qatar,54,1536.7
2018-05-01,Haiti,57,1590.3
2018-05-01,Cuba,52,1567.6
2018-05-01,Iraq,57,1519.1
2018-05-01,Trinidad and Tobago,54,1562.0
2018-05-01,Uzbekistan,63,1553.2
2018-06-01,France,2,1961.1
2018-06-01,Spain,1,1984.5
2018-06-01,Argentina,6,1981.2
2018-06-01,England,8,1921.7
2018-06-01,Portugal,8,1933.7
2018-06-01,Brazil,6,1949.9
2018-06-01,Netherlands,4,1980.9
2018-06-01,Morocco,10,1916.8
2018-06-01,Belgium,5,1944.9
2018-06-01,Germany,7,1974.7
2018-06-01,Croatia,11,1865.7
2018-06-01,Austria,16,1971.7
2018-06-01,Colombia,11,1926.1
2018-06-01,Senegal,10,1899.2
2018-06-01,Mexico,18,1894.9
2018-06-01,United States,20,1882.4
2018-06-01,Uruguay,21,1884.9
2018-06-01,Japan,16,1847.0
2018-06-01,Switzerland,22,1898.5
2018-06-01,Norway,16,1797.8
2018-06-01,Iran,23,1818.8
2018-06-01,Turkey,25,1802.9
2018-06-01,Ecuador,25,1858.9
2018-06-01,Sweden,28,1788.7
2018-06-01,South Korea,21,1794.0
2018-06-01,Nigeria,22,1818.9
2018-06-01,Australia,29,1823.5
2018-06-01,Ivory Coast,31,1743.1
2018-06-01,Algeria,30,1781.1
2018-06-01,Egypt,31,1748.0
2018-06-01,Canada,32,1731.8
2018-06-01,Tunisia,27,1760.4
2018-06-01,Paraguay,35,1754.2
2018-06-01,Peru,36,1767.8
2018-06-01,Ghana,31,1742.3
2018-06-01,Saudi Arabia,34,1705.5
2018-06-01,Cabo Verde,34,1711.3
2018-06-01,Slovakia,37,1730.6
2018-06-01,Scotland,39,1683.1
2018-06-01,Jordan,37,1654.1
2018-06-01,Czechia,39,1687.8
2018-06-01,South Africa,38,1649.6
2018-06-01,Venezuela,44,1624.0
2018-06-01,Chile,43,1634.8
2018-06-01,Bolivia,45,1638.6
2018-06-01,Indonesia,42,1653.9
2018-06-01,New Zealand,42,1589.4
2018-06-01,Costa Rica,44,1609.6
2018-06-01,Curaçao,49,1630.9
2018-06-01,Honduras,50,1550.5
2018-06-01,DR Congo,50,1589.0
2018-06-01,Kenya,46,1583.4
2018-06-01,Panama,47,1540.0
2018-06-01,Bosnia and Herzegovina,48,1571.6
2018-06-01,Qatar,49,1621.1
2018-06-01,Haiti,51,1668.0
2018-06-01,Cuba,51,1578.2
2018-06-01,Iraq,57,1592.5
2018-06-01,Trinidad and Tobago,59,1560.1
2018-06-01,Uzbekistan,63,1476.3
2018-07-01,France,5,1966.9
2018-07-01,Spain,2,1999.0
2018-07-01,Argentina,1,1983.1
2018-07-01,England,8,1970.6
2018-07-01,Portugal,4,2003.3
2018-07-01,Brazil,10,1923.8
2018-07-01,Netherlands,5,1970.9
2018-07-01,Morocco,5,1919.7
2018-07-01,Belgium,9,1902.5
2018-07-01,Germany,9,1959.5
2018-07-01,Croatia,15,1901.2
2018-07-01,Austria,14,1961.4
2018-07-01,Colombia,10,1907.4
2018-07-01,Senegal,12,1847.4
2018-07-01,Mexico,18,1867.2
2018-07-01,United States,13,1851.1
2018-07-01,Uruguay,21,1870.7
2018-07-01,Japan,18,1871.3
2018-07-01,Switzerland,15,1817.3
2018-07-01,Norway,18,1863.7
2018-07-01,Iran,24,1827.2
2018-07-01,Turkey,24,1858.6
2018-07-01,Ecuador,20,1860.5
2018-07-01,Sweden,22,1820.0
2018-07-01,South Korea,22,1766.4
2018-07-01,Nigeria,28,1815.8
2018-07-01,Australia,31,1808.3
2018-07-01,Ivory Coast,27,1748.2
2018-07-01,Algeria,27,1761.7
2018-07-01,Egypt,28,1736.5
2018-07-01,Canada,32,1735.5
2018-07-01,Tunisia,35,1727.1
2018-07-01,Paraguay,31,1729.9
2018-07-01,Peru,36,1762.1
2018-07-01,Ghana,34,1718.9
2018-07-01,Saudi Arabia,40,1709.0
2018-07-01,Cabo Verde,40,1694.5
2018-07-01,Slovakia,40,1713.4
2018-07-01,Scotland,42,1716.5
2018-07-01,Jordan,41,1732.0
2018-07-01,Czechia,44,1731.7
2018-07-01,South Africa,37,1674.2
2018-07-01,Venezuela,40,1740.7
2018-07-01,Chile,41,1688.2
2018-07-01,Bolivia,44,1672.7
2018-07-01,Indonesia,44,1650.6
2018-07-01,New Zealand,44,1624.3
2018-07-01,Costa Rica,46,1587.9
2018-07-01,Curaçao,47,1612.0
2018-07-01,Honduras,47,1604.8
2018-07-01,DR Congo,47,1650.1
2018-07-01,Kenya,46,1630.1
2018-07-01,Panama,54,1616.7
2018-07-01,Bosnia and Herzegovina,51,1625.0
2018-07-01,Qatar,49,1570.2
2018-07-01,Haiti,50,1552.0
2018-07-01,Cuba,55,1592.8
2018-07-01,Iraq,55,1580.7
2018-07-01,Trinidad and Tobago,51,1612.4
2018-07-01,Uzbekistan,64,1489.5
2018-08-01,France,5,1982.6
2018-08-01,Spain,2,1993.9
2018-08-01,Argentina,2,1981.8
2018-08-01,England,1,1966.5
2018-08-01,Portugal,3,2010.8
2018-08-01,Brazil,7,1910.6
2018-08-01,Netherlands,5,1960.8
2018-08-01,Morocco,7,1932.8
2018-08-01,Belgium,12,1926.5
2018-08-01,Germany,14,1876.9
2018-08-01,Croatia,11,1861.0
2018-08-01,Austria,8,1973.0
2018-08-01,Colombia,9,1883.0
2018-08-01,Senegal,18,1920.9
2018-08-01,Mexico,11,1857.3
2018-08-01,United States,12,1855.4
2018-08-01,Uruguay,18,1844.2
2018-08-01,Japan,16,1876.4
2018-08-01,Switzerland,17,1834.9
2018-08-01,Norway,16,1821.8
2018-08-01,Iran,17,1757.1
2018-08-01,Turkey,21,1830.5
2018-08-01,Ecuador,27,1864.0
2018-08-01,Sweden,23,1781.7
2018-08-01,South Korea,25,1795.9
2018-08-01,Nigeria,25,1803.1
2018-08-01,Australia,27,1798.5
2018-08-01,Ivory Coast,29,1743.6
2018-08-01,Algeria,27,1807.8
2018-08-01,Egypt,33,1747.8
2018-08-01,Canada,28,1780.9
2018-08-01,Tunisia,35,1717.4
2018-08-01,Paraguay,29,1761.1
2018-08-01,Peru,36,1699.8
2018-08-01,Ghana,31,1715.7
2018-08-01,Saudi Arabia,38,1696.1
2018-08-01,Cabo Verde,37,1686.4
2018-08-01,Slovakia,38,1709.9
2018-08-01,Scotland,42,1711.2
2018-08-01,Jordan,40,1728.4
2018-08-01,Czechia,40,1685.6
2018-08-01,South Africa,43,1655.1
2018-08-01,Venezuela,45,1680.6
2018-08-01,Chile,39,1628.8
2018-08-01,Bolivia,46,1622.0
2018-08-01,Indonesia,43,1653.0
2018-08-01,New Zealand,42,1646.8
2018-08-01,Costa Rica,47,1616.4
2018-08-01,Curaçao,47,1634.6
2018-08-01,Honduras,49,1633.8
2018-08-01,DR Congo,44,1583.8
2018-08-01,Kenya,46,1637.3
2018-08-01,Panama,52,1643.2
2018-08-01,Bosnia and Herzegovina,54,1564.1
2018-08-01,Qatar,53,1554.4
2018-08-01,Haiti,50,1513.1
2018-08-01,Cuba,56,1524.7
2018-08-01,Iraq,53,1579.7
2018-08-01,Trinidad and Tobago,55,1509.7
2018-08-01,Uzbekistan,66,1483.4
2018-09-01,France,1,1939.0
2018-09-01,Spain,5,1967.7
2018-09-01,Argentina,1,1997.0
2018-09-01,England,1,1967.7
2018-09-01,Portugal,2,1986.5
2018-09-01,Brazil,6,1945.2
2018-09-01,Netherlands,6,1992.3
2018-09-01,Morocco,5,1937.1
2018-09-01,Belgium,12,1941.7
2018-09-01,Germany,10,1894.6
2018-09-01,Croatia,9,1891.7
2018-09-01,Austria,13,1909.8
2018-09-01,Colombia,13,1890.5
2018-09-01,Senegal,17,1907.2
2018-09-01,Mexico,19,1905.0
2018-09-01,United States,18,1864.9
2018-09-01,Uruguay,20,1900.3
2018-09-01,Japan,14,1896.8
2018-09-01,Switzerland,16,1891.2
2018-09-01,Norway,22,1795.2
2018-09-01,Iran,18,1851.1
2018-09-01,Turkey,19,1838.4
2018-09-01,Ecuador,24,1840.7
2018-09-01,Sweden,23,1777.5
2018-09-01,South Korea,23,1830.6
2018-09-01,Nigeria,26,1743.1
2018-09-01,Australia,27,1791.4
2018-09-01,Ivory Coast,31,1746.0
2018-09-01,Algeria,27,1783.5
2018-09-01,Egypt,28,1783.5
2018-09-01,Canada,33,1747.8
2018-09-01,Tunisia,28,1765.4
2018-09-01,Paraguay,36,1783.6
2018-09-01,Peru,31,1802.7
2018-09-01,Ghana,37,1760.5
2018-09-01,Saudi Arabia,38,1738.9
2018-09-01,Cabo Verde,38,1640.1
2018-09-01,Slovakia,37,1723.6
2018-09-01,Scotland,42,1667.5
2018-09-01,Jordan,42,1686.0
2018-09-01,Czechia,38,1715.8
2018-09-01,South Africa,41,1725.3
2018-09-01,Venezuela,39,1741.6
2018-09-01,Chile,45,1620.2
2018-09-01,Bolivia,45,1614.4
2018-09-01,Indonesia,47,1671.5
2018-09-01,New Zealand,50,1586.1
2018-09-01,Costa Rica,50,1598.6
2018-09-01,Curaçao,46,1604.2
2018-09-01,Honduras,49,1598.3
2018-09-01,DR Congo,51,1607.4
2018-09-01,Kenya,46,1579.3
2018-09-01,Panama,53,1649.4
2018-09-01,Bosnia and Herzegovina,55,1549.1
2018-09-01,Qatar,48,1603.4
2018-09-01,Haiti,56,1548.4
2018-09-01,Cuba,57,1562.6
2018-09-01,Iraq,58,1542.5
2018-09-01,Trinidad and Tobago,52,1577.9
2018-09-01,Uzbekistan,60,1531.5
2018-10-01,France,1,2004.1
2018-10-01,Spain,6,1981.7
2018-10-01,Argentina,1,1991.5
2018-10-01,England,5,1974.1
2018-10-01,Portugal,9,1964.5
2018-10-01,Brazil,6,1897.4
2018-10-01,Netherlands,8,1978.1
2018-10-01,Morocco,8,1876.1
2018-10-01,Belgium,6,1894.6
2018-10-01,Germany,13,1932.3
2018-10-01,Croatia,11,1910.7
2018-10-01,Austria,13,1883.2
2018-10-01,Colombia,14,1863.4
2018-10-01,Senegal,10,1911.1
2018-10-01,Mexico,18,1859.6
2018-10-01,United States,15,1871.0
2018-10-01,Uruguay,13,1849.6
2018-10-01,Japan,17,1852.9
2018-10-01,Switzerland,15,1869.9
2018-10-01,Norway,16,1791.5
2018-10-01,Iran,22,1812.6
2018-10-01,Turkey,20,1866.3
2018-10-01,Ecuador,21,1812.3
2018-10-01,Sweden,26,1852.8
2018-10-01,South Korea,29,1804.5
2018-10-01,Nigeria,24,1778.1
2018-10-01,Australia,24,1758.2
2018-10-01,Ivory Coast,28,1779.0
2018-10-01,Algeria,29,1775.5
2018-10-01,Egypt,28,1809.7
2018-10-01,Canada,27,1763.4
2018-10-01,Tunisia,30,1775.1
2018-10-01,Paraguay,35,1703.4
2018-10-01,Peru,29,1745.8
2018-10-01,Ghana,37,1744.8
2018-10-01,Saudi Arabia,39,1684.3
2018-10-01,Cabo Verde,34,1687.0
2018-10-01,Slovakia,37,1678.4
2018-10-01,Scotland,37,1744.8
2018-10-01,Jordan,36,1665.2
2018-10-01,Czechia,37,1705.8
2018-10-01,South Africa,45,1666.9
2018-10-01,Venezuela,39,1654.0
2018-10-01,Chile,45,1649.4
2018-10-01,Bolivia,46,1650.5
2018-10-01,Indonesia,48,1596.1
2018-10-01,New Zealand,45,1647.0
2018-10-01,Costa Rica,43,1608.9
2018-10-01,Curaçao,48,1647.9
2018-10-01,Honduras,47,1625.1
2018-10-01,DR Congo,49,1579.6
2018-10-01,Kenya,46,1627.8
2018-10-01,Panama,52,1659.1
2018-10-01,Bosnia and Herzegovina,54,1546.4
2018-10-01,Qatar,53,1620.6
2018-10-01,Haiti,57,1584.7
2018-10-01,Cuba,57,1572.9
2018-10-01,Iraq,56,1567.2
2018-10-01,Trinidad and Tobago,53,1550.1
2018-10-01,Uzbekistan,62,1513.0
2018-11-01,France,1,1969.8
2018-11-01,Spain,1,1976.7
2018-11-01,Argentina,2,1989.2
2018-11-01,England,1,2005.5
2018-11-01,Portugal,2,1954.2
2018-11-01,Brazil,8,1939.9
2018-11-01,Netherlands,9,1923.2
2018-11-01,Morocco,12,1956.8
2018-11-01,Belgium,11,1976.0
2018-11-01,Germany,13,1895.5
2018-11-01,Croatia,14,1913.9
2018-11-01,Austria,11,1857.6
2018-11-01,Colombia,15,1895.5
2018-11-01,Senegal,14,1882.3
2018-11-01,Mexico,17,1871.6
2018-11-01,United States,19,1855.8
2018-11-01,Uruguay,19,1863.1
2018-11-01,Japan,15,1891.1
2018-11-01,Switzerland,15,1870.3
2018-11-01,Norway,21,1798.0
2018-11-01,Iran,20,1857.4
2018-11-01,Turkey,22,1863.3
2018-11-01,Ecuador,24,1783.3
2018-11-01,Sweden,22,1849.7
2018-11-01,South Korea,26,1749.7
2018-11-01,Nigeria,27,1793.8
2018-11-01,Australia,27,1821.0
2018-11-01,Ivory Coast,26,1808.6
2018-11-01,Algeria,29,1745.8
2018-11-01,Egypt,30,1758.9
2018-11-01,Canada,28,1774.5
2018-11-01,Tunisia,31,1758.3
2018-11-01,Paraguay,36,1733.1
2018-11-01,Peru,30,1757.1
2018-11-01,Ghana,37,1770.3
2018-11-01,Saudi Arabia,35,1722.4
2018-11-01,Cabo Verde,35,1693.3
2018-11-01,Slovakia,40,1681.8
2018-11-01,Scotland,40,1662.7
2018-11-01,Jordan,39,1678.2
2018-11-01,Czechia,39,1689.5
2018-11-01,South Africa,40,1659.7
2018-11-01,Venezuela,38,1653.9
2018-11-01,Chile,47,1621.7
2018-11-01,Bolivia,48,1655.4
2018-11-01,Indonesia,44,1626.2
2018-11-01,New Zealand,48,1633.4
2018-11-01,Costa Rica,49,1602.2
2018-11-01,Curaçao,49,1601.2
2018-11-01,Honduras,44,1664.6
2018-11-01,DR Congo,47,1624.2
2018-11-01,Kenya,46,1627.2
2018-11-01,Panama,46,1605.5
2018-11-01,Bosnia and Herzegovina,54,1553.9
2018-11-01,Qatar,55,1550.2
2018-11-01,Haiti,51,1540.4
2018-11-01,Cuba,58,1597.6
2018-11-01,Iraq,51,1527.4
2018-11-01,Trinidad and Tobago,53,1525.7
2018-11-01,Uzbekistan,66,1522.7
2018-12-01,France,1,2060.9
2018-12-01,Spain,6,2000.7
2018-12-01,Argentina,1,1986.3
2018-12-01,England,7,2003.6
2018-12-01,Portugal,3,1954.7
2018-12-01,Brazil,7,1965.5
2018-12-01,Netherlands,11,1958.9
2018-12-01,Morocco,10,1899.5
2018-12-01,Belgium,10,1944.8
2018-12-01,Germany,6,1931.0
2018-12-01,Croatia,11,1902.2
2018-12-01,Austria,10,1921.6
2018-12-01,Colombia,11,1932.0
2018-12-01,Senegal,18,1954.0
2018-12-01,Mexico,13,1871.1
2018-12-01,United States,20,1896.6
2018-12-01,Uruguay,14,1887.1
2018-12-01,Japan,17,1840.9
2018-12-01,Switzerland,19,1824.5
2018-12-01,Norway,22,1822.4
2018-12-01,Iran,21,1836.4
2018-12-01,Turkey,22,1799.7
2018-12-01,Ecuador,23,1873.0
2018-12-01,Sweden,22,1825.9
2018-12-01,South Korea,21,1726.3
2018-12-01,Nigeria,22,1772.6
2018-12-01,Australia,31,1838.4
2018-12-01,Ivory Coast,27,1776.8
2018-12-01,Algeria,30,1791.9
2018-12-01,Egypt,26,1766.3
2018-12-01,Canada,28,1766.0
2018-12-01,Tunisia,31,1819.4
2018-12-01,Paraguay,32,1776.7
2018-12-01,Peru,35,1673.0
2018-12-01,Ghana,35,1714.1
2018-12-01,Saudi Arabia,36,1702.5
2018-12-01,Cabo Verde,40,1733.3
2018-12-01,Slovakia,38,1704.5
2018-12-01,Scotland,42,1713.4
2018-12-01,Jordan,35,1720.1
2018-12-01,Czechia,41,1684.0
2018-12-01,South Africa,44,1629.1
2018-12-01,Venezuela,46,1664.4
2018-12-01,Chile,46,1682.6
2018-12-01,Bolivia,45,1650.4
2018-12-01,Indonesia,46,1639.2
2018-12-01,New Zealand,47,1685.0
2018-12-01,Costa Rica,47,1555.1
2018-12-01,Curaçao,44,1653.5
2018-12-01,Honduras,45,1614.7
2018-12-01,DR Congo,48,1579.3
2018-12-01,Kenya,52,1602.9
2018-12-01,Panama,50,1609.6
2018-12-01,Bosnia and Herzegovina,53,1571.5
2018-12-01,Qatar,49,1617.7
2018-12-01,Haiti,50,1555.2
2018-12-01,Cuba,50,1599.5
2018-12-01,Iraq,55,1554.8
2018-12-01,Trinidad and Tobago,52,1590.5
2018-12-01,Uzbekistan,59,1450.5
2019-01-01,France,3,1998.5
2019-01-01,Spain,1,1963.1
2019-01-01,Argentina,6,1960.8
2019-01-01,England,7,1915.6
2019-01-01,Portugal,3,1994.5
2019-01-01,Brazil,4,1927.6
2019-01-01,Netherlands,11,1942.4
2019-01-01,Morocco,12,1917.1
2019-01-01,Belgium,13,1963.9
2019-01-01,Germany,13,1984.9
2019-01-01,Croatia,15,1869.4
2019-01-01,Austria,9,1894.6
2019-01-01,Colombia,16,1888.4
2019-01-01,Senegal,16,1877.7
2019-01-01,Mexico,13,1924.8
2019-01-01,United States,17,1827.0
2019-01-01,Uruguay,14,1805.2
2019-01-01,Japan,18,1889.5
2019-01-01,Switzerland,16,1831.8
2019-01-01,Norway,23,1862.0
2019-01-01,Iran,25,1795.2
2019-01-01,Turkey,19,1879.0
2019-01-01,Ecuador,24,1820.2
2019-01-01,Sweden,23,1841.0
2019-01-01,South Korea,23,1802.1
2019-01-01,Nigeria,25,1854.8
2019-01-01,Australia,31,1837.1
2019-01-01,Ivory Coast,32,1758.6
2019-01-01,Algeria,25,1783.7
2019-01-01,Egypt,28,1744.4
2019-01-01,Canada,28,1701.1
2019-01-01,Tunisia,28,1796.6
2019-01-01,Paraguay,28,1725.8
2019-01-01,Peru,29,1686.5
2019-01-01,Ghana,31,1650.5
2019-01-01,Saudi Arabia,34,1698.5
2019-01-01,Cabo Verde,36,1682.8
2019-01-01,Slovakia,37,1682.1
2019-01-01,Scotland,41,1709.6
2019-01-01,Jordan,42,1688.9
2019-01-01,Czechia,40,1705.3
2019-01-01,South Africa,42,1686.6
2019-01-01,Venezuela,38,1704.8
2019-01-01,Chile,46,1659.1
2019-01-01,Bolivia,40,1655.5
2019-01-01,Indonesia,42,1652.5
2019-01-01,New Zealand,44,1669.8
2019-01-01,Costa Rica,46,1628.4
2019-01-01,Curaçao,50,1584.2
2019-01-01,Honduras,45,1575.3
2019-01-01,DR Congo,46,1618.2
2019-01-01,Kenya,48,1623.2
2019-01-01,Panama,48,1623.7
2019-01-01,Bosnia and Herzegovina,48,1588.1
2019-01-01,Qatar,56,1579.5
2019-01-01,Haiti,53,1538.5
2019-01-01,Cuba,55,1620.1
2019-01-01,Iraq,58,1569.8
2019-01-01,Trinidad and Tobago,51,1535.0
2019-01-01,Uzbekistan,62,1488.2
2019-02-01,France,2,1942.2
2019-02-01,Spain,5,1975.0
2019-02-01,Argentina,4,1983.8
2019-02-01,England,7,2003.4
2019-02-01,Portugal,8,1937.2
2019-02-01,Brazil,6,1968.0
2019-02-01,Netherlands,5,1937.1
2019-02-01,Morocco,4,1937.1
2019-02-01,Belgium,10,1922.7
2019-02-01,Germany,10,1868.1
2019-02-01,Croatia,14,1886.6
2019-02-01,Austria,12,1881.6
2019-02-01,Colombia,12,1890.1
2019-02-01,Senegal,10,1900.2
2019-02-01,Mexico,16,1862.2
2019-02-01,United States,12,1823.7
2019-02-01,Uruguay,19,1900.4
2019-02-01,Japan,21,1875.1
2019-02-01,Switzerland,21,1850.0
2019-02-01,Norway,16,1828.9
2019-02-01,Iran,17,1858.2
2019-02-01,Turkey,19,1831.8
2019-02-01,Ecuador,23,1761.2
2019-02-01,Sweden,26,1844.6
2019-02-01,South Korea,21,1786.9
2019-02-01,Nigeria,23,1788.5
2019-02-01,Australia,31,1777.6
2019-02-01,Ivory Coast,24,1707.9
2019-02-01,Algeria,29,1760.5
2019-02-01,Egypt,29,1757.9
2019-02-01,Canada,34,1751.4
2019-02-01,Tunisia,27,1765.1
2019-02-01,Paraguay,35,1743.1
2019-02-01,Peru,32,1737.6
2019-02-01,Ghana,39,1755.5
2019-02-01,Saudi Arabia,38,1711.7
2019-02-01,Cabo Verde,35,1765.8
2019-02-01,Slovakia,34,1703.5
2019-02-01,Scotland,41,1725.2
2019-02-01,Jordan,42,1631.9
2019-02-01,Czechia,36,1673.8
2019-02-01,South Africa,37,1597.2
2019-02-01,Venezuela,44,1677.5
2019-02-01,Chile,44,1617.7
2019-02-01,Bolivia,48,1726.6
2019-02-01,Indonesia,44,1640.6
2019-02-01,New Zealand,44,1623.1
2019-02-01,Costa Rica,48,1655.8
2019-02-01,Curaçao,44,1618.1
2019-02-01,Honduras,45,1587.6
2019-02-01,DR Congo,48,1604.5
2019-02-01,Kenya,52,1598.0
2019-02-01,Panama,49,1546.3
2019-02-01,Bosnia and Herzegovina,49,1591.8
2019-02-01,Qatar,55,1560.4
2019-02-01,Haiti,49,1608.9
2019-02-01,Cuba,52,1549.2
2019-02-01,Iraq,53,1518.2
2019-02-01,Trinidad and Tobago,52,1526.7
2019-02-01,Uzbekistan,62,1479.9
2019-03-01,France,4,1997.5
2019-03-01,Spain,4,1977.4
2019-03-01,Argentina,6,1924.6
2019-03-01,England,4,1929.5
2019-03-01,Portugal,5,1947.9
2019-03-01,Brazil,4,1936.8
2019-03-01,Netherlands,10,1950.1
2019-03-01,Morocco,12,1905.8
2019-03-01,Belgium,6,1917.4
2019-03-01,Germany,6,1917.5
2019-03-01,Croatia,7,1878.7
2019-03-01,Austria,8,1930.8
2019-03-01,Colombia,11,1926.9
2019-03-01,Senegal,12,1892.9
2019-03-01,Mexico,14,1866.3
2019-03-01,United States,18,1900.5
2019-03-01,Uruguay,20,1852.7
2019-03-01,Japan,16,1856.1
2019-03-01,Switzerland,20,1838.6
2019-03-01,Norway,19,1835.4
2019-03-01,Iran,17,1751.3
2019-03-01,Turkey,22,1823.3
2019-03-01,Ecuador,23,1844.3
2019-03-01,Sweden,25,1810.0
2019-03-01,South Korea,26,1739.7
2019-03-01,Nigeria,22,1786.8
2019-03-01,Australia,29,1806.1
2019-03-01,Ivory Coast,27,1797.4
2019-03-01,Algeria,28,1763.5
2019-03-01,Egypt,31,1723.3
2019-03-01,Canada,31,1749.5
2019-03-01,Tunisia,27,1739.9
2019-03-01,Paraguay,33,1762.7
2019-03-01,Peru,29,1736.0
2019-03-01,Ghana,35,1756.8
2019-03-01,Saudi Arabia,35,1718.8
2019-03-01,Cabo Verde,40,1703.1
2019-03-01,Slovakia,35,1672.3
2019-03-01,Scotland,35,1689.2
2019-03-01,Jordan,40,1635.3
2019-03-01,Czechia,38,1681.7
2019-03-01,South Africa,45,1605.5
2019-03-01,Venezuela,45,1725.9
2019-03-01,Chile,39,1698.2
2019-03-01,Bolivia,45,1667.9
2019-03-01,Indonesia,42,1653.1
2019-03-01,New Zealand,48,1608.6
2019-03-01,Costa Rica,51,1671.3
2019-03-01,Curaçao,51,1617.9
2019-03-01,Honduras,47,1582.3
2019-03-01,DR Congo,47,1655.8
2019-03-01,Kenya,53,1658.5
2019-03-01,Panama,47,1602.1
2019-03-01,Bosnia and Herzegovina,53,1639.1
2019-03-01,Qatar,48,1583.1
2019-03-01,Haiti,49,1574.3
2019-03-01,Cuba,51,1580.8
2019-03-01,Iraq,57,1562.3
2019-03-01,Trinidad and Tobago,57,1528.0
2019-03-01,Uzbekistan,62,1535.8
2019-04-01,France,3,2057.2
2019-04-01,Spain,4,1991.3
2019-04-01,Argentina,5,1969.0
2019-04-01,England,4,1989.8
2019-04-01,Portugal,1,1930.2
2019-04-01,Brazil,2,1947.8
2019-04-01,Netherlands,3,1917.5
2019-04-01,Morocco,6,1898.9
2019-04-01,Belgium,13,1923.4
2019-04-01,Germany,13,1889.6
2019-04-01,Croatia,13,1967.3
2019-04-01,Austria,13,1932.9
2019-04-01,Colombia,15,1845.3
2019-04-01,Senegal,10,1878.7
2019-04-01,Mexico,16,1865.5
2019-04-01,United States,13,1862.4
2019-04-01,Uruguay,16,1876.6
2019-04-01,Japan,16,1830.4
2019-04-01,Switzerland,21,1836.2
2019-04-01,Norway,20,1860.4
2019-04-01,Iran,18,1796.9
2019-04-01,Turkey,20,1782.2
2019-04-01,Ecuador,25,1798.7
2019-04-01,Sweden,25,1841.4
2019-04-01,South Korea,28,1862.5
2019-04-01,Nigeria,22,1778.1
2019-04-01,Australia,23,1759.4
2019-04-01,Ivory Coast,32,1796.9
2019-04-01,Algeria,29,1726.7
2019-04-01,Egypt,29,1766.3
2019-04-01,Canada,26,1772.8
2019-04-01,Tunisia,27,1729.5
2019-04-01,Paraguay,28,1753.8
2019-04-01,Peru,37,1689.0
2019-04-01,Ghana,32,1722.9
2019-04-01,Saudi Arabia,39,1702.4
2019-04-01,Cabo Verde,38,1703.9
2019-04-01,Slovakia,33,1655.4
2019-04-01,Scotland,40,1714.1
2019-04-01,Jordan,39,1655.9
2019-04-01,Czechia,42,1655.2
2019-04-01,South Africa,40,1652.2
2019-04-01,Venezuela,45,1685.8
2019-04-01,Chile,43,1641.6
2019-04-01,Bolivia,44,1584.0
2019-04-01,Indonesia,46,1600.8
2019-04-01,New Zealand,42,1600.9
2019-04-01,Costa Rica,45,1646.1
2019-04-01,Curaçao,46,1608.0
2019-04-01,Honduras,45,1615.2
2019-04-01,DR Congo,46,1636.5
2019-04-01,Kenya,52,1537.5
2019-04-01,Panama,47,1612.5
2019-04-01,Bosnia and Herzegovina,52,1634.2
2019-04-01,Qatar,53,1614.2
2019-04-01,Haiti,51,1617.5
2019-04-01,Cuba,51,1501.6
2019-04-01,Iraq,53,1573.8
2019-04-01,Trinidad and Tobago,52,1559.1
2019-04-01,Uzbekistan,59,1485.2
2019-05-01,France,1,2023.9
2019-05-01,Spain,6,1942.0
2019-05-01,Argentina,2,1982.5
2019-05-01,England,3,1944.3
2019-05-01,Portugal,6,1998.1
2019-05-01,Brazil,10,1890.6
2019-05-01,Netherlands,11,1957.1
2019-05-01,Morocco,4,1981.6
2019-05-01,Belgium,8,1985.1
2019-05-01,Germany,13,1973.6
2019-05-01,Croatia,13,1925.8
2019-05-01,Austria,8,1930.7
2019-05-01,Colombia,10,1944.9
2019-05-01,Senegal,18,1924.8
2019-05-01,Mexico,11,1900.9
2019-05-01,United States,20,1821.2
2019-05-01,Uruguay,21,1836.8
2019-05-01,Japan,21,1814.5
2019-05-01,Switzerland,16,1867.2
2019-05-01,Norway,18,1847.6
2019-05-01,Iran,23,1862.4
2019-05-01,Turkey,24,1874.1
2019-05-01,Ecuador,26,1833.2
2019-05-01,Sweden,26,1803.3
2019-05-01,South Korea,21,1777.1
2019-05-01,Nigeria,23,1765.4
2019-05-01,Australia,29,1815.7
2019-05-01,Ivory Coast,27,1734.8
2019-05-01,Algeria,26,1767.5
2019-05-01,Egypt,25,1781.4
2019-05-01,Canada,34,1781.6
2019-05-01,Tunisia,29,1718.3
2019-05-01,Paraguay,31,1752.6
2019-05-01,Peru,37,1696.0
2019-05-01,Ghana,34,1743.6
2019-05-01,Saudi Arabia,33,1651.2
2019-05-01,Cabo Verde,35,1667.7
2019-05-01,Slovakia,33,1724.4
2019-05-01,Scotland,39,1680.4
2019-05-01,Jordan,36,1682.1
2019-05-01,Czechia,42,1668.3
2019-05-01,South Africa,37,1703.1
2019-05-01,Venezuela,40,1701.9
2019-05-01,Chile,39,1595.4
2019-05-01,Bolivia,43,1654.4
2019-05-01,Indonesia,41,1659.2
2019-05-01,New Zealand,42,1576.8
2019-05-01,Costa Rica,48,1570.2
2019-05-01,Curaçao,46,1643.9
2019-05-01,Honduras,45,1604.7
2019-05-01,DR Congo,47,1634.7
2019-05-01,Kenya,51,1544.9
2019-05-01,Panama,53,1621.9
2019-05-01,Bosnia and Herzegovina,52,1658.0
2019-05-01,Qatar,49,1551.0
2019-05-01,Haiti,56,1612.3
2019-05-01,Cuba,56,1557.9
2019-05-01,Iraq,54,1518.8
2019-05-01,Trinidad and Tobago,55,1520.1
2019-05-01,Uzbekistan,62,1483.4
2019-06-01,France,1,1984.7
2019-06-01,Spain,6,2016.4
2019-06-01,Argentina,3,2009.3
2019-06-01,England,4,1974.1
2019-06-01,Portugal,5,1984.3
2019-06-01,Brazil,10,1953.3
2019-06-01,Netherlands,10,1979.7
2019-06-01,Morocco,12,1901.5
2019-06-01,Belgium,9,1998.4
2019-06-01,Germany,6,1905.7
2019-06-01,Croatia,9,1887.8
2019-06-01,Austria,9,1908.1
2019-06-01,Colombia,14,1935.6
2019-06-01,Senegal,15,1903.3
2019-06-01,Mexico,12,1886.7
2019-06-01,United States,16,1877.5
2019-06-01,Uruguay,16,1917.8
2019-06-01,Japan,19,1834.5
2019-06-01,Switzerland,17,1767.5
2019-06-01,Norway,17,1879.4
2019-06-01,Iran,23,1806.0
2019-06-01,Turkey,21,1823.9
2019-06-01,Ecuador,19,1786.3
2019-06-01,Sweden,26,1858.3
2019-06-01,South Korea,26,1835.8
2019-06-01,Nigeria,28,1763.2
2019-06-01,Australia,29,1782.7
2019-06-01,Ivory Coast,32,1774.5
2019-06-01,Algeria,26,1770.3
2019-06-01,Egypt,27,1795.2
2019-06-01,Canada,32,1768.9
2019-06-01,Tunisia,32,1758.1
2019-06-01,Paraguay,31,1740.7
2019-06-01,Peru,30,1713.9
2019-06-01,Ghana,36,1646.0
2019-06-01,Saudi Arabia,35,1668.5
2019-06-01,Cabo Verde,33,1709.8
2019-06-01,Slovakia,38,1745.1
2019-06-01,Scotland,42,1707.3
2019-06-01,Jordan,35,1666.3
2019-06-01,Czechia,41,1664.8
2019-06-01,South Africa,45,1667.1
2019-06-01,Venezuela,45,1667.3
2019-06-01,Chile,42,1652.1
2019-06-01,Bolivia,42,1645.4
2019-06-01,Indonesia,45,1586.8
2019-06-01,New Zealand,49,1634.5
2019-06-01,Costa Rica,47,1661.7
2019-06-01,Curaçao,44,1616.4
2019-06-01,Honduras,45,1652.4
2019-06-01,DR Congo,45,1648.6
2019-06-01,Kenya,50,1646.6
2019-06-01,Panama,50,1575.1
2019-06-01,Bosnia and Herzegovina,50,1563.8
2019-06-01,Qatar,55,1608.1
2019-06-01,Haiti,55,1637.1
2019-06-01,Cuba,54,1543.5
2019-06-01,Iraq,59,1598.7
2019-06-01,Trinidad and Tobago,51,1573.1
2019-06-01,Uzbekistan,65,1515.4
2019-07-01,France,3,1906.0
2019-07-01,Spain,1,1990.2
2019-07-01,Argentina,3,1945.8
2019-07-01,England,5,1981.8
2019-07-01,Portugal,7,1973.4
2019-07-01,Brazil,3,1966.0
2019-07-01,Netherlands,9,1956.1
2019-07-01,Morocco,8,1932.1
2019-07-01,Belgium,5,2007.0
2019-07-01,Germany,11,1952.0
2019-07-01,Croatia,14,1927.3
2019-07-01,Austria,11,1934.0
2019-07-01,Colombia,12,1918.6
2019-07-01,Senegal,12,1826.1
2019-07-01,Mexico,15,1882.5
2019-07-01,United States,18,1858.2
2019-07-01,Uruguay,15,1878.3
2019-07-01,Japan,20,1883.5
2019-07-01,Switzerland,15,1896.7
2019-07-01,Norway,20,1822.2
2019-07-01,Iran,23,1833.0
2019-07-01,Turkey,19,1773.9
2019-07-01,Ecuador,25,1816.1
2019-07-01,Sweden,20,1833.7
2019-07-01,South Korea,22,1787.9
2019-07-01,Nigeria,24,1852.1
2019-07-01,Australia,28,1739.1
2019-07-01,Ivory Coast,26,1753.2
2019-07-01,Algeria,32,1764.2
2019-07-01,Egypt,25,1790.6
2019-07-01,Canada,27,1776.1
2019-07-01,Tunisia,30,1707.7
2019-07-01,Paraguay,35,1723.1
2019-07-01,Peru,37,1744.7
2019-07-01,Ghana,38,1708.8
2019-07-01,Saudi Arabia,36,1715.6
2019-07-01,Cabo Verde,36,1769.6
2019-07-01,Slovakia,33,1719.1
2019-07-01,Scotland,35,1718.7
2019-07-01,Jordan,42,1655.6
2019-07-01,Czechia,38,1662.7
2019-07-01,South Africa,45,1739.3
2019-07-01,Venezuela,42,1627.1
2019-07-01,Chile,43,1637.2
2019-07-01,Bolivia,44,1657.2
2019-07-01,Indonesia,45,1637.4
2019-07-01,New Zealand,48,1616.4
2019-07-01,Costa Rica,44,1615.4
2019-07-01,Curaçao,43,1640.7
2019-07-01,Honduras,44,1589.9
2019-07-01,DR Congo,46,1574.4
2019-07-01,Kenya,50,1623.2
2019-07-01,Panama,51,1582.6
2019-07-01,Bosnia and Herzegovina,50,1544.9
2019-07-01,Qatar,49,1601.5
2019-07-01,Haiti,50,1564.2
2019-07-01,Cuba,52,1530.1
2019-07-01,Iraq,59,1546.8
2019-07-01,Trinidad and Tobago,59,1582.7
2019-07-01,Uzbekistan,60,1541.5
2019-08-01,France,1,2020.7
2019-08-01,Spain,5,2020.9
2019-08-01,Argentina,5,1911.0
2019-08-01,England,3,1950.8
2019-08-01,Portugal,3,1985.6
2019-08-01,Brazil,5,1962.9
2019-08-01,Netherlands,10,1955.9
2019-08-01,Morocco,9,1923.8
2019-08-01,Belgium,12,1951.6
2019-08-01,Germany,12,1968.8
2019-08-01,Croatia,15,1921.8
2019-08-01,Austria,10,1941.5
2019-08-01,Colombia,15,1905.4
2019-08-01,Senegal,13,1916.7
2019-08-01,Mexico,13,1903.3
2019-08-01,United States,14,1873.0
2019-08-01,Uruguay,15,1909.0
2019-08-01,Japan,19,1853.8
2019-08-01,Switzerland,21,1838.5
2019-08-01,Norway,16,1848.2
2019-08-01,Iran,22,1848.6
2019-08-01,Turkey,18,1804.2
2019-08-01,Ecuador,25,1821.9
2019-08-01,Sweden,25,1806.2
2019-08-01,South Korea,22,1793.9
2019-08-01,Nigeria,27,1794.5
2019-08-01,Australia,27,1760.1
2019-08-01,Ivory Coast,28,1803.0
2019-08-01,Algeria,31,1772.7
2019-08-01,Egypt,31,1785.8
2019-08-01,Canada,34,1779.0
2019-08-01,Tunisia,32,1749.7
2019-08-01,Paraguay,36,1743.0
2019-08-01,Peru,36,1738.3
2019-08-01,Ghana,33,1714.4
2019-08-01,Saudi Arabia,36,1686.7
2019-08-01,Cabo Verde,32,1730.6
2019-08-01,Slovakia,33,1718.8
2019-08-01,Scotland,38,1713.4
2019-08-01,Jordan,35,1645.3
2019-08-01,Czechia,40,1681.7
2019-08-01,South Africa,44,1647.8
2019-08-01,Venezuela,43,1626.4
2019-08-01,Chile,46,1715.1
2019-08-01,Bolivia,42,1653.7
2019-08-01,Indonesia,48,1666.3
2019-08-01,New Zealand,46,1603.2
2019-08-01,Costa Rica,51,1611.6
2019-08-01,Curaçao,51,1612.3
2019-08-01,Honduras,52,1601.9
2019-08-01,DR Congo,44,1634.7
2019-08-01,Kenya,47,1570.0
2019-08-01,Panama,46,1625.9
2019-08-01,Bosnia and Herzegovina,53,1574.9
2019-08-01,Qatar,53,1530.1
2019-08-01,Haiti,50,1559.2
2019-08-01,Cuba,58,1566.1
2019-08-01,Iraq,54,1541.6
2019-08-01,Trinidad and Tobago,53,1603.0
2019-08-01,Uzbekistan,62,1473.2
2019-09-01,France,1,1946.7
2019-09-01,Spain,5,2041.5
2019-09-01,Argentina,1,1991.3
2019-09-01,England,2,1958.3
2019-09-01,Portugal,8,1959.3
2019-09-01,Brazil,10,1966.9
2019-09-01,Netherlands,9,1994.0
2019-09-01,Morocco,11,1970.0
2019-09-01,Belgium,8,1903.5
2019-09-01,Germany,8,1923.4
2019-09-01,Croatia,10,1899.7
2019-09-01,Austria,8,1900.5
2019-09-01,Colombia,9,1929.5
2019-09-01,Senegal,12,1864.0
2019-09-01,Mexico,15,1868.0
2019-09-01,United States,20,1817.2
2019-09-01,Uruguay,19,1785.0
2019-09-01,Japan,19,1898.5
2019-09-01,Switzerland,21,1910.7
2019-09-01,Norway,18,1784.5
2019-09-01,Iran,22,1818.7
2019-09-01,Turkey,26,1849.1
2019-09-01,Ecuador,26,1808.2
2019-09-01,Sweden,23,1830.6
2019-09-01,South Korea,28,1849.7
2019-09-01,Nigeria,24,1749.0
2019-09-01,Australia,24,1839.0
2019-09-01,Ivory Coast,24,1786.4
2019-09-01,Algeria,31,1775.3
2019-09-01,Egypt,25,1774.3
2019-09-01,Canada,26,1776.7
2019-09-01,Tunisia,33,1739.7
2019-09-01,Paraguay,35,1681.1
2019-09-01,Peru,35,1751.5
2019-09-01,Ghana,35,1710.6
2019-09-01,Saudi Arabia,33,1726.3
2019-09-01,Cabo Verde,38,1676.5
2019-09-01,Slovakia,37,1706.3
2019-09-01,Scotland,41,1706.3
2019-09-01,Jordan,43,1643.6
2019-09-01,Czechia,36,1704.1
2019-09-01,South Africa,45,1664.8
2019-09-01,Venezuela,43,1639.8
2019-09-01,Chile,41,1676.0
2019-09-01,Bolivia,44,1640.3
2019-09-01,Indonesia,48,1630.4
2019-09-01,New Zealand,45,1630.7
2019-09-01,Costa Rica,44,1623.1
2019-09-01,Curaçao,47,1571.2
2019-09-01,Honduras,52,1612.5
2019-09-01,DR Congo,51,1627.3
2019-09-01,Kenya,46,1580.1
2019-09-01,Panama,47,1645.1
2019-09-01,Bosnia and Herzegovina,51,1600.2
2019-09-01,Qatar,51,1581.2
2019-09-01,Haiti,50,1517.7
2019-09-01,Cuba,54,1577.9
2019-09-01,Iraq,57,1593.2
2019-09-01,Trinidad and Tobago,57,1582.1
2019-09-01,Uzbekistan,59,1420.5
2019-10-01,France,1,1995.8
2019-10-01,Spain,1,1993.6
2019-10-01,Argentina,4,2016.7
2019-10-01,England,7,1921.3
2019-10-01,Portugal,6,1953.1
2019-10-01,Brazil,2,1936.5
2019-10-01,Netherlands,3,1949.5
2019-10-01,Morocco,5,1952.8
2019-10-01,Belgium,5,1847.3
2019-10-01,Germany,14,1918.5
2019-10-01,Croatia,14,1867.1
2019-10-01,Austria,11,1926.2
2019-10-01,Colombia,11,1852.0
2019-10-01,Senegal,11,1893.0
2019-10-01,Mexico,16,1885.1
2019-10-01,United States,12,1894.8
2019-10-01,Uruguay,21,1876.8
2019-10-01,Japan,15,1825.8
2019-10-01,Switzerland,23,1864.0
2019-10-01,Norway,23,1821.2
2019-10-01,Iran,21,1811.6
2019-10-01,Turkey,23,1785.5
2019-10-01,Ecuador,20,1782.3
2019-10-01,Sweden,23,1797.4
2019-10-01,South Korea,26,1804.4
2019-10-01,Nigeria,24,1824.5
2019-10-01,Australia,31,1766.1
2019-10-01,Ivory Coast,32,1754.3
2019-10-01,Algeria,24,1840.1
2019-10-01,Egypt,28,1765.4
2019-10-01,Canada,30,1759.2
2019-10-01,Tunisia,30,1693.4
2019-10-01,Paraguay,32,1711.2
2019-10-01,Peru,33,1731.2
2019-10-01,Ghana,36,1678.5
2019-10-01,Saudi Arabia,37,1702.0
2019-10-01,Cabo Verde,40,1770.1
2019-10-01,Slovakia,35,1659.3
2019-10-01,Scotland,35,1729.1
2019-10-01,Jordan,37,1652.7
2019-10-01,Czechia,43,1714.9
2019-10-01,South Africa,44,1713.5
2019-10-01,Venezuela,40,1668.5
2019-10-01,Chile,45,1717.8
2019-10-01,Bolivia,48,1680.6
2019-10-01,Indonesia,47,1680.6
2019-10-01,New Zealand,47,1595.5
2019-10-01,Costa Rica,51,1615.2
2019-10-01,Curaçao,48,1640.6
2019-10-01,Honduras,50,1555.7
2019-10-01,DR Congo,52,1593.9
2019-10-01,Kenya,52,1575.6
2019-10-01,Panama,53,1588.2
2019-10-01,Bosnia and Herzegovina,54,1647.3
2019-10-01,Qatar,52,1584.0
2019-10-01,Haiti,51,1567.0
2019-10-01,Cuba,56,1589.5
2019-10-01,Iraq,58,1588.4
2019-10-01,Trinidad and Tobago,54,1578.7
2019-10-01,Uzbekistan,66,1533.2
2019-11-01,France,3,2026.5
2019-11-01,Spain,1,2006.5
2019-11-01,Argentina,1,1958.8
2019-11-01,England,1,1959.6
2019-11-01,Portugal,1,1981.5
2019-11-01,Brazil,7,1960.5
2019-11-01,Netherlands,8,1953.1
2019-11-01,Morocco,9,1983.0
2019-11-01,Belgium,13,1959.9
2019-11-01,Germany,12,1948.7
2019-11-01,Croatia,13,1945.9
2019-11-01,Austria,16,1915.1
2019-11-01,Colombia,13,1889.8
2019-11-01,Senegal,15,1840.8
2019-11-01,Mexico,11,1840.2
2019-11-01,United States,17,1883.5
2019-11-01,Uruguay,16,1834.3
2019-11-01,Japan,20,1857.6
2019-11-01,Switzerland,16,1879.4
2019-11-01,Norway,21,1875.4
2019-11-01,Iran,23,1849.4
2019-11-01,Turkey,20,1794.5
2019-11-01,Ecuador,20,1819.7
2019-11-01,Sweden,20,1821.9
2019-11-01,South Korea,27,1812.3
2019-11-01,Nigeria,24,1789.9
2019-11-01,Australia,31,1750.9
2019-11-01,Ivory Coast,29,1779.4
2019-11-01,Algeria,26,1752.2
2019-11-01,Egypt,29,1747.2
2019-11-01,Canada,31,1780.3
2019-11-01,Tunisia,28,1722.7
2019-11-01,Paraguay,29,1708.6
2019-11-01,Peru,30,1736.0
2019-11-01,Ghana,39,1706.2
2019-11-01,Saudi Arabia,39,1723.7
2019-11-01,Cabo Verde,37,1769.8
2019-11-01,Slovakia,34,1695.4
2019-11-01,Scotland,38,1704.9
2019-11-01,Jordan,42,1675.6
2019-11-01,Czechia,44,1688.9
2019-11-01,South Africa,44,1689.9
2019-11-01,Venezuela,38,1659.9
2019-11-01,Chile,42,1698.5
2019-11-01,Bolivia,44,1636.8
2019-11-01,Indonesia,42,1648.9
2019-11-01,New Zealand,44,1630.6
2019-11-01,Costa Rica,46,1607.4
2019-11-01,Curaçao,48,1647.6
2019-11-01,Honduras,51,1626.2
2019-11-01,DR Congo,45,1578.0
2019-11-01,Kenya,51,1616.7
2019-11-01,Panama,51,1611.1
2019-11-01,Bosnia and Herzegovina,50,1573.0
2019-11-01,Qatar,50,1639.1
2019-11-01,Haiti,54,1584.0
2019-11-01,Cuba,52,1616.7
2019-11-01,Iraq,52,1599.2
2019-11-01,Trinidad and Tobago,52,1535.1
2019-11-01,Uzbekistan,61,1493.5
2019-12-01,France,1,2000.2
2019-12-01,Spain,4,1934.3
2019-12-01,Argentina,1,1962.4
2019-12-01,England,3,1960.4
2019-12-01,Portugal,5,1931.2
2019-12-01,Brazil,8,1923.5
2019-12-01,Netherlands,3,1919.6
2019-12-01,Morocco,8,1898.2
2019-12-01,Belgium,7,1922.5
2019-12-01,Germany,10,1898.3
2019-12-01,Croatia,15,1926.5
2019-12-01,Austria,9,1913.5
2019-12-01,Colombia,10,1870.3
2019-12-01,Senegal,10,1856.3
2019-12-01,Mexico,18,1896.4
2019-12-01,United States,16,1887.8
2019-12-01,Uruguay,20,1875.0
2019-12-01,Japan,17,1858.5
2019-12-01,Switzerland,22,1901.3
2019-12-01,Norway,20,1796.5
2019-12-01,Iran,19,1846.5
2019-12-01,Turkey,18,1833.8
2019-12-01,Ecuador,22,1824.8
2019-12-01,Sweden,26,1811.2
2019-12-01,South Korea,25,1873.9
2019-12-01,Nigeria,30,1810.0
2019-12-01,Australia,25,1847.8
2019-12-01,Ivory Coast,32,1779.5
2019-12-01,Algeria,27,1710.5
2019-12-01,Egypt,27,1745.7
2019-12-01,Canada,32,1745.8
2019-12-01,Tunisia,29,1777.3
2019-12-01,Paraguay,32,1679.6
2019-12-01,Peru,34,1781.4
2019-12-01,Ghana,34,1715.9
2019-12-01,Saudi Arabia,39,1730.2
2019-12-01,Cabo Verde,34,1680.0
2019-12-01,Slovakia,35,1664.9
2019-12-01,Scotland,41,1697.8
2019-12-01,Jordan,35,1662.3
2019-12-01,Czechia,42,1702.8
2019-12-01,South Africa,43,1624.5
2019-12-01,Venezuela,43,1658.3
2019-12-01,Chile,44,1639.2
2019-12-01,Bolivia,46,1635.2
2019-12-01,Indonesia,46,1581.3
2019-12-01,New Zealand,45,1607.2
2019-12-01,Costa Rica,51,1613.8
2019-12-01,Curaçao,43,1597.0
2019-12-01,Honduras,52,1653.8
2019-12-01,DR Congo,50,1631.3
2019-12-01,Kenya,47,1591.1
2019-12-01,Panama,49,1625.0
2019-12-01,Bosnia and Herzegovina,55,1551.7
2019-12-01,Qatar,56,1654.8
2019-12-01,Haiti,49,1627.0
2019-12-01,Cuba,58,1602.8
2019-12-01,Iraq,59,1548.2
2019-12-01,Trinidad and Tobago,51,1523.9
2019-12-01,Uzbekistan,61,1450.3
2020-01-01,France,3,2009.3
2020-01-01,Spain,2,1962.5
2020-01-01,Argentina,1,1989.6
2020-01-01,England,8,1917.2
2020-01-01,Portugal,8,1982.7
2020-01-01,Brazil,5,2004.7
2020-01-01,Netherlands,11,1885.9
2020-01-01,Morocco,7,1909.7
2020-01-01,Belgium,6,1913.2
2020-01-01,Germany,6,1921.2
2020-01-01,Croatia,15,1970.8
2020-01-01,Austria,15,1843.1
2020-01-01,Colombia,14,1882.7
2020-01-01,Senegal,14,1848.2
2020-01-01,Mexico,18,1823.6
2020-01-01,United States,18,1918.6
2020-01-01,Uruguay,15,1862.5
2020-01-01,Japan,19,1911.8
2020-01-01,Switzerland,21,1843.5
2020-01-01,Norway,19,1855.6
2020-01-01,Iran,22,1812.7
2020-01-01,Turkey,22,1865.1
2020-01-01,Ecuador,20,1815.4
2020-01-01,Sweden,24,1819.4
2020-01-01,South Korea,28,1836.4
2020-01-01,Nigeria,29,1784.7
2020-01-01,Australia,25,1788.8
2020-01-01,Ivory Coast,31,1747.0
2020-01-01,Algeria,27,1800.5
2020-01-01,Egypt,30,1780.8
2020-01-01,Canada,29,1746.9
2020-01-01,Tunisia,33,1800.6
2020-01-01,Paraguay,32,1724.6
2020-01-01,Peru,31,1692.0
2020-01-01,Ghana,33,1738.4
2020-01-01,Saudi Arabia,38,1713.6
2020-01-01,Cabo Verde,32,1709.3
2020-01-01,Slovakia,35,1696.8
2020-01-01,Scotland,37,1733.5
2020-01-01,Jordan,36,1710.4
2020-01-01,Czechia,39,1697.2
2020-01-01,South Africa,45,1653.6
2020-01-01,Venezuela,44,1706.4
2020-01-01,Chile,39,1662.3
2020-01-01,Bolivia,42,1664.9
2020-01-01,Indonesia,42,1606.8
2020-01-01,New Zealand,48,1635.4
2020-01-01,Costa Rica,50,1658.4
2020-01-01,Curaçao,49,1637.2
2020-01-01,Honduras,45,1669.8
2020-01-01,DR Congo,46,1638.7
2020-01-01,Kenya,49,1630.7
2020-01-01,Panama,53,1603.8
2020-01-01,Bosnia and Herzegovina,51,1587.5
2020-01-01,Qatar,52,1578.9
2020-01-01,Haiti,52,1549.5
2020-01-01,Cuba,54,1603.5
2020-01-01,Iraq,51,1619.9
2020-01-01,Trinidad and Tobago,51,1566.5
2020-01-01,Uzbekistan,63,1480.8
2020-02-01,France,1,1995.3
2020-02-01,Spain,1,1921.6
2020-02-01,Argentina,1,1960.9
2020-02-01,England,8,1953.8
2020-02-01,Portugal,6,1927.9
2020-02-01,Brazil,9,1972.6
2020-02-01,Netherlands,5,1935.3
2020-02-01,Morocco,12,1940.1
2020-02-01,Belgium,5,1868.0
2020-02-01,Germany,11,1945.7
2020-02-01,Croatia,12,1904.1
2020-02-01,Austria,12,1941.8
2020-02-01,Colombia,14,1922.1
2020-02-01,Senegal,11,1866.2
2020-02-01,Mexico,17,1844.8
2020-02-01,United States,17,1901.8
2020-02-01,Uruguay,13,1855.8
2020-02-01,Japan,22,1847.1
2020-02-01,Switzerland,23,1851.6
2020-02-01,Norway,23,1832.9
2020-02-01,Iran,23,1869.5
2020-02-01,Turkey,24,1791.1
2020-02-01,Ecuador,25,1777.8
2020-02-01,Sweden,22,1821.2
2020-02-01,South Korea,22,1775.8
2020-02-01,Nigeria,27,1731.8
2020-02-01,Australia,28,1729.0
2020-02-01,Ivory Coast,24,1780.6
2020-02-01,Algeria,24,1783.0
2020-02-01,Egypt,29,1748.5
2020-02-01,Canada,26,1780.4
2020-02-01,Tunisia,31,1820.2
2020-02-01,Paraguay,30,1763.4
2020-02-01,Peru,31,1723.6
2020-02-01,Ghana,35,1700.0
2020-02-01,Saudi Arabia,33,1727.9
2020-02-01,Cabo Verde,33,1718.6
2020-02-01,Slovakia,38,1626.0
2020-02-01,Scotland,37,1728.0
2020-02-01,Jordan,38,1709.1
2020-02-01,Czechia,42,1737.4
2020-02-01,South Africa,40,1715.8
2020-02-01,Venezuela,43,1650.1
2020-02-01,Chile,44,1603.1
2020-02-01,Bolivia,41,1698.7
2020-02-01,Indonesia,43,1674.3
2020-02-01,New Zealand,47,1633.2
2020-02-01,Costa Rica,45,1610.9
2020-02-01,Curaçao,51,1648.5
2020-02-01,Honduras,46,1611.5
2020-02-01,DR Congo,46,1599.7
2020-02-01,Kenya,49,1610.6
2020-02-01,Panama,50,1603.4
2020-02-01,Bosnia and Herzegovina,49,1600.0
2020-02-01,Qatar,55,1560.1
2020-02-01,Haiti,51,1533.9
2020-02-01,Cuba,51,1589.4
2020-02-01,Iraq,59,1554.2
2020-02-01,Trinidad and Tobago,57,1561.2
2020-02-01,Uzbekistan,61,1538.2
2020-03-01,France,1,1959.5
2020-03-01,Spain,2,1948.2
2020-03-01,Argentina,1,1914.9
2020-03-01,England,3,1963.9
2020-03-01,Portugal,4,1947.0
2020-03-01,Brazil,7,1967.8
2020-03-01,Netherlands,8,1894.1
2020-03-01,Morocco,12,1965.9
2020-03-01,Belgium,9,1863.7
2020-03-01,Germany,8,1854.1
2020-03-01,Croatia,11,1922.9
2020-03-01,Austria,15,1935.3
2020-03-01,Colombia,10,1884.6
2020-03-01,Senegal,12,1927.1
2020-03-01,Mexico,17,1862.4
2020-03-01,United States,14,1898.0
2020-03-01,Uruguay,19,1811.7
2020-03-01,Japan,17,1816.5
2020-03-01,Switzerland,15,1814.4
2020-03-01,Norway,23,1818.2
2020-03-01,Iran,19,1843.9
2020-03-01,Turkey,25,1811.4
2020-03-01,Ecuador,24,1865.8
2020-03-01,Sweden,26,1822.2
2020-03-01,South Korea,22,1791.9
2020-03-01,Nigeria,24,1813.5
2020-03-01,Australia,23,1718.5
2020-03-01,Ivory Coast,32,1848.6
2020-03-01,Algeria,24,1759.0
2020-03-01,Egypt,30,1765.3
2020-03-01,Canada,26,1706.2
2020-03-01,Tunisia,27,1773.7
2020-03-01,Paraguay,35,1763.0
2020-03-01,Peru,29,1716.7
2020-03-01,Ghana,31,1699.3
2020-03-01,Saudi Arabia,38,1716.1
2020-03-01,Cabo Verde,36,1714.7
2020-03-01,Slovakia,41,1716.7
2020-03-01,Scotland,41,1701.6
2020-03-01,Jordan,43,1672.4
2020-03-01,Czechia,41,1653.9
2020-03-01,South Africa,45,1656.1
2020-03-01,Venezuela,38,1700.8
2020-03-01,Chile,46,1656.3
2020-03-01,Bolivia,44,1652.9
2020-03-01,Indonesia,43,1672.3
2020-03-01,New Zealand,49,1627.9
2020-03-01,Costa Rica,44,1676.8
2020-03-01,Curaçao,50,1599.1
2020-03-01,Honduras,45,1635.6
2020-03-01,DR Congo,47,1601.9
2020-03-01,Kenya,53,1614.8
2020-03-01,Panama,47,1617.2
2020-03-01,Bosnia and Herzegovina,54,1658.2
2020-03-01,Qatar,51,1551.9
2020-03-01,Haiti,54,1634.7
2020-03-01,Cuba,58,1562.5
2020-03-01,Iraq,53,1515.8
2020-03-01,Trinidad and Tobago,51,1582.5
2020-03-01,Uzbekistan,61,1503.4
2020-04-01,France,1,1974.6
2020-04-01,Spain,1,1977.6
2020-04-01,Argentina,4,1943.9
2020-04-01,England,7,2014.5
2020-04-01,Portugal,8,1985.2
2020-04-01,Brazil,3,1965.8
2020-04-01,Netherlands,3,1999.2
2020-04-01,Morocco,12,1916.7
2020-04-01,Belgium,12,1885.4
2020-04-01,Germany,14,1928.0
2020-04-01,Croatia,7,1931.7
2020-04-01,Austria,9,1866.6
2020-04-01,Colombia,17,1909.0
2020-04-01,Senegal,10,1901.4
2020-04-01,Mexico,13,1889.2
2020-04-01,United States,18,1874.9
2020-04-01,Uruguay,20,1858.9
2020-04-01,Japan,20,1814.4
2020-04-01,Switzerland,23,1836.3
2020-04-01,Norway,19,1813.1
2020-04-01,Iran,21,1819.8
2020-04-01,Turkey,18,1856.5
2020-04-01,Ecuador,21,1746.1
2020-04-01,Sweden,26,1798.9
2020-04-01,South Korea,22,1802.3
2020-04-01,Nigeria,26,1787.2
2020-04-01,Australia,26,1809.4
2020-04-01,Ivory Coast,28,1792.0
2020-04-01,Algeria,28,1758.6
2020-04-01,Egypt,25,1727.9
2020-04-01,Canada,31,1767.4
2020-04-01,Tunisia,33,1732.9
2020-04-01,Paraguay,36,1700.9
2020-04-01,Peru,31,1729.7
2020-04-01,Ghana,33,1664.7
2020-04-01,Saudi Arabia,32,1668.2
2020-04-01,Cabo Verde,36,1731.9
2020-04-01,Slovakia,37,1647.5
2020-04-01,Scotland,38,1710.0
2020-04-01,Jordan,40,1739.3
2020-04-01,Czechia,38,1670.0
2020-04-01,South Africa,38,1692.6
2020-04-01,Venezuela,44,1616.5
2020-04-01,Chile,44,1646.7
2020-04-01,Bolivia,47,1676.6
2020-04-01,Indonesia,47,1614.9
2020-04-01,New Zealand,44,1624.0
2020-04-01,Costa Rica,48,1634.3
2020-04-01,Curaçao,44,1676.3
2020-04-01,Honduras,51,1666.9
2020-04-01,DR Congo,50,1626.2
2020-04-01,Kenya,47,1568.8
2020-04-01,Panama,53,1639.1
2020-04-01,Bosnia and Herzegovina,47,1535.7
2020-04-01,Qatar,51,1593.1
2020-04-01,Haiti,49,1617.8
2020-04-01,Cuba,50,1574.6
2020-04-01,Iraq,55,1576.3
2020-04-01,Trinidad and Tobago,55,1528.1
2020-04-01,Uzbekistan,60,1488.9
2020-05-01,France,5,1992.4
2020-05-01,Spain,1,2070.8
2020-05-01,Argentina,2,1952.8
2020-05-01,England,5,1949.1
2020-05-01,Portugal,6,1958.2
2020-05-01,Brazil,8,1981.3
2020-05-01,Netherlands,10,1935.9
2020-05-01,Morocco,10,1927.1
2020-05-01,Belgium,11,1934.8
2020-05-01,Germany,10,1933.0
2020-05-01,Croatia,14,1909.6
2020-05-01,Austria,16,1922.4
2020-05-01,Colombia,12,1940.0
2020-05-01,Senegal,14,1867.9
2020-05-01,Mexico,15,1870.7
2020-05-01,United States,19,1841.7
2020-05-01,Uruguay,13,1858.7
2020-05-01,Japan,18,1905.9
2020-05-01,Switzerland,17,1854.2
2020-05-01,Norway,17,1830.4
2020-05-01,Iran,18,1793.8
2020-05-01,Turkey,26,1788.7
2020-05-01,Ecuador,27,1829.1
2020-05-01,Sweden,24,1778.6
2020-05-01,South Korea,24,1800.1
2020-05-01,Nigeria,23,1838.5
2020-05-01,Australia,28,1801.3
2020-05-01,Ivory Coast,29,1803.2
2020-05-01,Algeria,32,1736.2
2020-05-01,Egypt,29,1734.4
2020-05-01,Canada,28,1718.4
2020-05-01,Tunisia,27,1786.4
2020-05-01,Paraguay,36,1746.7
2020-05-01,Peru,30,1750.1
2020-05-01,Ghana,36,1644.8
2020-05-01,Saudi Arabia,37,1725.2
2020-05-01,Cabo Verde,33,1730.2
2020-05-01,Slovakia,35,1657.5
2020-05-01,Scotland,42,1666.4
2020-05-01,Jordan,36,1726.6
2020-05-01,Czechia,40,1674.5
2020-05-01,South Africa,44,1682.0
2020-05-01,Venezuela,46,1704.2
2020-05-01,Chile,43,1696.3
2020-05-01,Bolivia,42,1684.0
2020-05-01,Indonesia,41,1690.8
2020-05-01,New Zealand,48,1604.4
2020-05-01,Costa Rica,46,1596.6
2020-05-01,Curaçao,47,1678.2
2020-05-01,Honduras,51,1599.5
2020-05-01,DR Congo,52,1633.8
2020-05-01,Kenya,51,1590.8
2020-05-01,Panama,48,1600.1
2020-05-01,Bosnia and Herzegovina,50,1596.7
2020-05-01,Qatar,55,1574.9
2020-05-01,Haiti,51,1586.2
2020-05-01,Cuba,55,1635.3
2020-05-01,Iraq,58,1534.6
2020-05-01,Trinidad and Tobago,53,1574.8
2020-05-01,Uzbekistan,67,1493.1
2020-06-01,France,5,2001.7
2020-06-01,Spain,4,1948.4
2020-06-01,Argentina,3,2014.5
2020-06-01,England,1,1984.1
2020-06-01,Portugal,1,1951.7
2020-06-01,Brazil,10,1950.4
2020-06-01,Netherlands,4,1920.5
2020-06-01,Morocco,4,1949.9
2020-06-01,Belgium,12,1909.2
2020-06-01,Germany,6,1906.6
2020-06-01,Croatia,13,1882.8
2020-06-01,Austria,12,1882.5
2020-06-01,Colombia,10,1879.8
2020-06-01,Senegal,11,1886.1
2020-06-01,Mexico,16,1875.3
2020-06-01,United States,12,1893.2
2020-06-01,Uruguay,16,1832.8
2020-06-01,Japan,22,1811.4
2020-06-01,Switzerland,20,1831.7
2020-06-01,Norway,20,1905.4
2020-06-01,Iran,23,1852.3
2020-06-01,Turkey,20,1772.3
2020-06-01,Ecuador,20,1820.6
2020-06-01,Sweden,24,1813.0
2020-06-01,South Korea,25,1769.9
2020-06-01,Nigeria,25,1758.5
2020-06-01,Australia,23,1794.5
2020-06-01,Ivory Coast,28,1788.7
2020-06-01,Algeria,30,1781.6
2020-06-01,Egypt,30,1772.5
2020-06-01,Canada,33,1776.8
2020-06-01,Tunisia,30,1787.2
2020-06-01,Paraguay,36,1721.6
2020-06-01,Peru,30,1734.0
2020-06-01,Ghana,35,1706.2
2020-06-01,Saudi Arabia,40,1760.1
2020-06-01,Cabo Verde,33,1662.5
2020-06-01,Slovakia,40,1713.0
2020-06-01,Scotland,40,1671.8
2020-06-01,Jordan,38,1684.8
2020-06-01,Czechia,36,1671.3
2020-06-01,South Africa,42,1707.3
2020-06-01,Venezuela,43,1665.1
2020-06-01,Chile,47,1655.8
2020-06-01,Bolivia,47,1602.4
2020-06-01,Indonesia,45,1650.6
2020-06-01,New Zealand,42,1586.5
2020-06-01,Costa Rica,44,1622.8
2020-06-01,Curaçao,44,1624.4
2020-06-01,Honduras,50,1646.2
2020-06-01,DR Congo,46,1656.1
2020-06-01,Kenya,48,1618.2
2020-06-01,Panama,46,1540.4
2020-06-01,Bosnia and Herzegovina,53,1577.3
2020-06-01,Qatar,55,1583.8
2020-06-01,Haiti,54,1542.8
2020-06-01,Cuba,53,1605.6
2020-06-01,Iraq,51,1562.9
2020-06-01,Trinidad and Tobago,56,1590.0
2020-06-01,Uzbekistan,61,1505.8
2020-07-01,France,3,1974.4
2020-07-01,Spain,4,2016.4
2020-07-01,Argentina,3,1997.6
2020-07-01,England,3,1997.0
2020-07-01,Portugal,7,1969.1
2020-07-01,Brazil,4,1916.7
2020-07-01,Netherlands,7,1963.0
2020-07-01,Morocco,8,1901.1
2020-07-01,Belgium,5,1928.3
2020-07-01,Germany,7,1945.2
2020-07-01,Croatia,10,1916.4
2020-07-01,Austria,12,1908.4
2020-07-01,Colombia,11,1917.3
2020-07-01,Senegal,15,1888.5
2020-07-01,Mexico,12,1855.9
2020-07-01,United States,14,1885.8
2020-07-01,Uruguay,18,1845.9
2020-07-01,Japan,21,1839.9
2020-07-01,Switzerland,23,1819.4
2020-07-01,Norway,24,1822.9
2020-07-01,Iran,18,1848.4
2020-07-01,Turkey,22,1835.0
2020-07-01,Ecuador,23,1800.5
2020-07-01,Sweden,24,1769.6
2020-07-01,South Korea,28,1832.9
2020-07-01,Nigeria,28,1731.0
2020-07-01,Australia,23,1746.2
2020-07-01,Ivory Coast,27,1782.9
2020-07-01,Algeria,30,1780.5
2020-07-01,Egypt,30,1774.5
2020-07-01,Canada,28,1769.5
2020-07-01,Tunisia,34,1770.7
2020-07-01,Paraguay,32,1740.4
2020-07-01,Peru,37,1818.3
2020-07-01,Ghana,31,1732.3
2020-07-01,Saudi Arabia,36,1702.0
2020-07-01,Cabo Verde,32,1674.7
2020-07-01,Slovakia,35,1730.2
2020-07-01,Scotland,41,1707.0
2020-07-01,Jordan,36,1710.0
2020-07-01,Czechia,36,1647.4
2020-07-01,South Africa,37,1696.3
2020-07-01,Venezuela,42,1705.2
2020-07-01,Chile,40,1670.6
2020-07-01,Bolivia,48,1636.5
2020-07-01,Indonesia,48,1674.4
2020-07-01,New Zealand,42,1634.5
2020-07-01,Costa Rica,46,1596.4
2020-07-01,Curaçao,47,1621.2
2020-07-01,Honduras,47,1621.3
2020-07-01,DR Congo,47,1627.1
2020-07-01,Kenya,52,1581.6
2020-07-01,Panama,50,1615.4
2020-07-01,Bosnia and Herzegovina,51,1604.5
2020-07-01,Qatar,50,1587.3
2020-07-01,Haiti,52,1592.6
2020-07-01,Cuba,58,1608.6
2020-07-01,Iraq,53,1488.2
2020-07-01,Trinidad and Tobago,51,1549.4
2020-07-01,Uzbekistan,62,1560.4
2020-08-01,France,5,2015.8
2020-08-01,Spain,2,1935.5
2020-08-01,Argentina,1,1977.5
2020-08-01,England,7,1994.4
2020-08-01,Portugal,1,1999.5
2020-08-01,Brazil,2,1956.7
2020-08-01,Netherlands,10,1931.6
2020-08-01,Morocco,10,1975.8
2020-08-01,Belgium,7,1935.2
2020-08-01,Germany,10,1905.6
2020-08-01,Croatia,9,1887.3
2020-08-01,Austria,8,1904.3
2020-08-01,Colombia,13,1924.2
2020-08-01,Senegal,11,1879.2
2020-08-01,Mexico,18,1906.2
2020-08-01,United States,19,1904.3
2020-08-01,Uruguay,20,1910.1
2020-08-01,Japan,21,1877.5
2020-08-01,Switzerland,19,1844.9
2020-08-01,Norway,21,1846.8
2020-08-01,Iran,19,1896.7
2020-08-01,Turkey,26,1800.5
2020-08-01,Ecuador,25,1787.7
2020-08-01,Sweden,25,1799.2
2020-08-01,South Korea,23,1857.2
2020-08-01,Nigeria,23,1797.6
2020-08-01,Australia,27,1806.3
2020-08-01,Ivory Coast,28,1788.4
2020-08-01,Algeria,28,1797.7
2020-08-01,Egypt,26,1775.8
2020-08-01,Canada,28,1766.7
2020-08-01,Tunisia,29,1770.2
2020-08-01,Paraguay,35,1749.1
2020-08-01,Peru,36,1726.0
2020-08-01,Ghana,32,1725.8
2020-08-01,Saudi Arabia,34,1752.7
2020-08-01,Cabo Verde,32,1740.8
2020-08-01,Slovakia,40,1731.0
2020-08-01,Scotland,34,1681.2
2020-08-01,Jordan,38,1681.5
2020-08-01,Czechia,37,1704.2
2020-08-01,South Africa,45,1697.3
2020-08-01,Venezuela,38,1730.3
2020-08-01,Chile,41,1683.7
2020-08-01,Bolivia,48,1612.3
2020-08-01,Indonesia,49,1622.8
2020-08-01,New Zealand,46,1611.2
2020-08-01,Costa Rica,50,1656.2
2020-08-01,Curaçao,46,1634.7
2020-08-01,Honduras,46,1598.0
2020-08-01,DR Congo,51,1598.1
2020-08-01,Kenya,49,1621.0
2020-08-01,Panama,53,1586.6
2020-08-01,Bosnia and Herzegovina,52,1553.6
2020-08-01,Qatar,48,1582.6
2020-08-01,Haiti,57,1562.6
2020-08-01,Cuba,54,1553.8
2020-08-01,Iraq,56,1503.5
2020-08-01,Trinidad and Tobago,51,1562.0
2020-08-01,Uzbekistan,59,1480.2
2020-09-01,France,4,1969.8
2020-09-01,Spain,5,2007.8
2020-09-01,Argentina,1,1948.6
2020-09-01,England,2,1943.7
2020-09-01,Portugal,7,2009.0
2020-09-01,Brazil,9,1981.1
2020-09-01,Netherlands,4,1961.8
2020-09-01,Morocco,11,1939.8
2020-09-01,Belgium,12,1955.9
2020-09-01,Germany,10,1871.7
2020-09-01,Croatia,10,1931.8
2020-09-01,Austria,13,1879.9
2020-09-01,Colombia,13,1877.2
2020-09-01,Senegal,11,1917.2
2020-09-01,Mexico,16,1850.8
2020-09-01,United States,16,1890.0
2020-09-01,Uruguay,13,1831.6
2020-09-01,Japan,18,1881.7
2020-09-01,Switzerland,18,1846.9
2020-09-01,Norway,19,1891.8
2020-09-01,Iran,17,1798.6
2020-09-01,Turkey,22,1838.9
2020-09-01,Ecuador,22,1841.2
2020-09-01,Sweden,21,1824.8
2020-09-01,South Korea,26,1758.5
2020-09-01,Nigeria,26,1791.8
2020-09-01,Australia,31,1769.0
2020-09-01,Ivory Coast,28,1769.5
2020-09-01,Algeria,31,1804.6
2020-09-01,Egypt,32,1719.6
2020-09-01,Canada,26,1756.4
2020-09-01,Tunisia,34,1734.6
2020-09-01,Paraguay,31,1731.7
2020-09-01,Peru,31,1714.3
2020-09-01,Ghana,31,1737.6
2020-09-01,Saudi Arabia,37,1737.1
2020-09-01,Cabo Verde,35,1776.6
2020-09-01,Slovakia,36,1720.3
2020-09-01,Scotland,36,1729.9
2020-09-01,Jordan,43,1657.3
2020-09-01,Czechia,40,1686.4
2020-09-01,South Africa,37,1609.9
2020-09-01,Venezuela,44,1676.9
2020-09-01,Chile,39,1693.6
2020-09-01,Bolivia,41,1686.4
2020-09-01,Indonesia,47,1600.7
2020-09-01,New Zealand,48,1662.0
2020-09-01,Costa Rica,50,1668.0
2020-09-01,Curaçao,44,1654.2
2020-09-01,Honduras,47,1666.7
2020-09-01,DR Congo,48,1639.1
2020-09-01,Kenya,45,1589.8
2020-09-01,Panama,46,1643.6
2020-09-01,Bosnia and Herzegovina,52,1560.3
2020-09-01,Qatar,54,1558.3
2020-09-01,Haiti,52,1648.9
2020-09-01,Cuba,57,1571.9
2020-09-01,Iraq,54,1586.5
2020-09-01,Trinidad and Tobago,59,1544.6
2020-09-01,Uzbekistan,61,1512.6
2020-10-01,France,4,1973.5
2020-10-01,Spain,1,1980.6
2020-10-01,Argentina,2,2001.2
2020-10-01,England,8,1964.6
2020-10-01,Portugal,9,1919.8
2020-10-01,Brazil,7,1929.8
2020-10-01,Netherlands,8,1946.0
2020-10-01,Morocco,6,1933.5
2020-10-01,Belgium,13,1936.4
2020-10-01,Germany,8,1939.1
2020-10-01,Croatia,10,1848.7
2020-10-01,Austria,15,1892.3
2020-10-01,Colombia,13,1856.8
2020-10-01,Senegal,10,1883.3
2020-10-01,Mexico,11,1936.1
2020-10-01,United States,14,1860.0
2020-10-01,Uruguay,19,1926.5
2020-10-01,Japan,16,1885.3
2020-10-01,Switzerland,20,1839.0
2020-10-01,Norway,17,1841.4
2020-10-01,Iran,23,1825.3
2020-10-01,Turkey,24,1861.6
2020-10-01,Ecuador,24,1829.3
2020-10-01,Sweden,25,1821.0
2020-10-01,South Korea,29,1787.7
2020-10-01,Nigeria,28,1839.5
2020-10-01,Australia,27,1825.6
2020-10-01,Ivory Coast,29,1784.4
2020-10-01,Algeria,27,1783.5
2020-10-01,Egypt,25,1784.5
2020-10-01,Canada,28,1824.2
2020-10-01,Tunisia,33,1714.1
2020-10-01,Paraguay,31,1747.3
2020-10-01,Peru,31,1775.7
2020-10-01,Ghana,37,1718.7
2020-10-01,Saudi Arabia,33,1764.4
2020-10-01,Cabo Verde,32,1681.0
2020-10-01,Slovakia,34,1765.6
2020-10-01,Scotland,37,1680.6
2020-10-01,Jordan,40,1712.9
2020-10-01,Czechia,39,1674.6
2020-10-01,South Africa,43,1630.4
2020-10-01,Venezuela,46,1635.4
2020-10-01,Chile,39,1652.3
2020-10-01,Bolivia,41,1637.7
2020-10-01,Indonesia,44,1627.3
2020-10-01,New Zealand,45,1706.5
2020-10-01,Costa Rica,50,1610.2
2020-10-01,Curaçao,51,1589.3
2020-10-01,Honduras,49,1648.0
2020-10-01,DR Congo,47,1568.3
2020-10-01,Kenya,46,1585.6
2020-10-01,Panama,54,1608.9
2020-10-01,Bosnia and Herzegovina,53,1599.3
2020-10-01,Qatar,54,1549.7
2020-10-01,Haiti,49,1517.4
2020-10-01,Cuba,52,1563.2
2020-10-01,Iraq,58,1609.1
2020-10-01,Trinidad and Tobago,57,1540.6
2020-10-01,Uzbekistan,64,1538.8
2020-11-01,France,1,1987.5
2020-11-01,Spain,5,1930.7
2020-11-01,Argentina,6,1976.9
2020-11-01,England,1,1956.3
2020-11-01,Portugal,9,1968.2
2020-11-01,Brazil,2,1881.9
2020-11-01,Netherlands,7,1954.2
2020-11-01,Morocco,9,1979.4
2020-11-01,Belgium,11,1901.9
2020-11-01,Germany,10,1929.7
2020-11-01,Croatia,14,1928.0
2020-11-01,Austria,12,1908.7
2020-11-01,Colombia,9,1968.0
2020-11-01,Senegal,17,1878.3
2020-11-01,Mexico,18,1910.8
2020-11-01,United States,20,1929.1
2020-11-01,Uruguay,16,1899.2
2020-11-01,Japan,19,1851.6
2020-11-01,Switzerland,17,1839.8
2020-11-01,Norway,16,1797.6
2020-11-01,Iran,21,1836.7
2020-11-01,Turkey,24,1817.7
2020-11-01,Ecuador,21,1836.6
2020-11-01,Sweden,22,1822.8
2020-11-01,South Korea,22,1800.9
2020-11-01,Nigeria,29,1777.5
2020-11-01,Australia,28,1776.8
2020-11-01,Ivory Coast,25,1784.8
2020-11-01,Algeria,31,1749.1
2020-11-01,Egypt,25,1769.4
2020-11-01,Canada,33,1780.0
2020-11-01,Tunisia,30,1719.1
2020-11-01,Paraguay,31,1697.5
2020-11-01,Peru,30,1718.3
2020-11-01,Ghana,36,1740.1
2020-11-01,Saudi Arabia,39,1738.2
2020-11-01,Cabo Verde,33,1723.4
2020-11-01,Slovakia,38,1692.6
2020-11-01,Scotland,42,1682.3
2020-11-01,Jordan,36,1661.5
2020-11-01,Czechia,37,1697.0
2020-11-01,South Africa,45,1695.5
2020-11-01,Venezuela,44,1652.3
2020-11-01,Chile,43,1657.9
2020-11-01,Bolivia,45,1670.8
2020-11-01,Indonesia,47,1688.7
2020-11-01,New Zealand,50,1641.6
2020-11-01,Costa Rica,46,1594.0
2020-11-01,Curaçao,43,1633.8
2020-11-01,Honduras,46,1655.8
2020-11-01,DR Congo,48,1616.8
2020-11-01,Kenya,51,1584.6
2020-11-01,Panama,46,1616.5
2020-11-01,Bosnia and Herzegovina,48,1613.0
2020-11-01,Qatar,52,1554.3
2020-11-01,Haiti,57,1615.7
2020-11-01,Cuba,50,1552.5
2020-11-01,Iraq,56,1602.8
2020-11-01,Trinidad and Tobago,51,1569.1
2020-11-01,Uzbekistan,62,1483.9
2020-12-01,France,1,1991.6
2020-12-01,Spain,6,1922.8
2020-12-01,Argentina,3,1978.0
2020-12-01,England,1,1958.9
2020-12-01,Portugal,9,1984.3
2020-12-01,Brazil,2,1923.0
2020-12-01,Netherlands,6,1937.7
2020-12-01,Morocco,12,1959.6
2020-12-01,Belgium,10,1964.1
2020-12-01,Germany,9,1914.9
2020-12-01,Croatia,14,1873.8
2020-12-01,Austria,13,1930.1
2020-12-01,Colombia,13,1873.6
2020-12-01,Senegal,12,1968.0
2020-12-01,Mexico,16,1828.3
2020-12-01,United States,15,1866.1
2020-12-01,Uruguay,13,1843.7
2020-12-01,Japan,22,1797.4
2020-12-01,Switzerland,23,1803.1
2020-12-01,Norway,20,1839.1
2020-12-01,Iran,20,1865.3
2020-12-01,Turkey,24,1802.3
2020-12-01,Ecuador,19,1846.1
2020-12-01,Sweden,26,1882.3
2020-12-01,South Korea,28,1805.3
2020-12-01,Nigeria,22,1756.4
2020-12-01,Australia,26,1797.6
2020-12-01,Ivory Coast,27,1779.1
2020-12-01,Algeria,27,1784.0
2020-12-01,Egypt,29,1768.0
2020-12-01,Canada,33,1714.6
2020-12-01,Tunisia,28,1787.7
2020-12-01,Paraguay,36,1755.8
2020-12-01,Peru,34,1736.4
2020-12-01,Ghana,38,1719.0
2020-12-01,Saudi Arabia,35,1763.6
2020-12-01,Cabo Verde,34,1737.8
2020-12-01,Slovakia,37,1703.2
2020-12-01,Scotland,35,1698.2
2020-12-01,Jordan,37,1691.9
2020-12-01,Czechia,40,1713.2
2020-12-01,South Africa,43,1648.0
2020-12-01,Venezuela,39,1650.3
2020-12-01,Chile,47,1660.7
2020-12-01,Bolivia,40,1658.5
2020-12-01,Indonesia,43,1626.8
2020-12-01,New Zealand,44,1623.5
2020-12-01,Costa Rica,48,1638.0
2020-12-01,Curaçao,48,1578.5
2020-12-01,Honduras,44,1588.5
2020-12-01,DR Congo,46,1611.7
2020-12-01,Kenya,51,1639.2
2020-12-01,Panama,51,1615.5
2020-12-01,Bosnia and Herzegovina,54,1571.7
2020-12-01,Qatar,54,1647.3
2020-12-01,Haiti,50,1577.6
2020-12-01,Cuba,57,1535.2
2020-12-01,Iraq,56,1578.4
2020-12-01,Trinidad and Tobago,58,1515.1
2020-12-01,Uzbekistan,63,1457.7
2021-01-01,France,3,2030.1
2021-01-01,Spain,4,2005.4
2021-01-01,Argentina,1,1993.8
2021-01-01,England,1,1927.7
2021-01-01,Portugal,8,2006.3
2021-01-01,Brazil,4,2006.0
2021-01-01,Netherlands,4,1907.1
2021-01-01,Morocco,4,1946.4
2021-01-01,Belgium,5,1915.6
2021-01-01,Germany,7,1895.2
2021-01-01,Croatia,10,1922.5
2021-01-01,Austria,16,1891.8
2021-01-01,Colombia,16,1900.8
2021-01-01,Senegal,12,1854.0
2021-01-01,Mexico,12,1913.5
2021-01-01,United States,17,1920.8
2021-01-01,Uruguay,16,1843.6
2021-01-01,Japan,22,1863.2
2021-01-01,Switzerland,22,1844.3
2021-01-01,Norway,21,1829.9
2021-01-01,Iran,23,1852.3
2021-01-01,Turkey,23,1785.5
2021-01-01,Ecuador,22,1798.2
2021-01-01,Sweden,26,1842.4
2021-01-01,South Korea,25,1802.0
2021-01-01,Nigeria,24,1791.4
2021-01-01,Australia,28,1832.0
2021-01-01,Ivory Coast,29,1916.4
2021-01-01,Algeria,31,1766.4
2021-01-01,Egypt,33,1746.7
2021-01-01,Canada,29,1766.7
2021-01-01,Tunisia,27,1778.9
2021-01-01,Paraguay,33,1772.5
2021-01-01,Peru,31,1677.3
2021-01-01,Ghana,34,1698.1
2021-01-01,Saudi Arabia,38,1671.6
2021-01-01,Cabo Verde,39,1693.0
2021-01-01,Slovakia,40,1747.8
2021-01-01,Scotland,42,1685.8
2021-01-01,Jordan,42,1674.1
2021-01-01,Czechia,41,1739.0
2021-01-01,South Africa,42,1619.7
2021-01-01,Venezuela,43,1707.6
2021-01-01,Chile,41,1621.0
2021-01-01,Bolivia,40,1670.6
2021-01-01,Indonesia,42,1629.1
2021-01-01,New Zealand,47,1571.6
2021-01-01,Costa Rica,45,1635.6
2021-01-01,Curaçao,46,1628.6
2021-01-01,Honduras,49,1638.2
2021-01-01,DR Congo,48,1611.7
2021-01-01,Kenya,51,1569.4
2021-01-01,Panama,49,1604.0
2021-01-01,Bosnia and Herzegovina,53,1556.2
2021-01-01,Qatar,50,1616.4
2021-01-01,Haiti,52,1562.7
2021-01-01,Cuba,52,1592.9
2021-01-01,Iraq,57,1549.6
2021-01-01,Trinidad and Tobago,55,1561.6
2021-01-01,Uzbekistan,65,1506.8
2021-02-01,France,1,1986.9
2021-02-01,Spain,4,2003.2
2021-02-01,Argentina,7,1936.9
2021-02-01,England,1,1932.7
2021-02-01,Portugal,6,1926.9
2021-02-01,Brazil,8,1900.9
2021-02-01,Netherlands,5,1959.7
2021-02-01,Morocco,5,1913.2
2021-02-01,Belgium,9,1998.9
2021-02-01,Germany,10,1939.9
2021-02-01,Croatia,12,1915.0
2021-02-01,Austria,12,1910.3
2021-02-01,Colombia,16,1893.0
2021-02-01,Senegal,14,1907.2
2021-02-01,Mexico,11,1891.6
2021-02-01,United States,15,1912.0
2021-02-01,Uruguay,20,1896.9
2021-02-01,Japan,21,1870.3
2021-02-01,Switzerland,23,1802.1
2021-02-01,Norway,16,1818.2
2021-02-01,Iran,18,1818.7
2021-02-01,Turkey,20,1835.4
2021-02-01,Ecuador,27,1849.0
2021-02-01,Sweden,21,1809.3
2021-02-01,South Korea,24,1808.4
2021-02-01,Nigeria,23,1831.8
2021-02-01,Australia,28,1754.0
2021-02-01,Ivory Coast,32,1821.4
2021-02-01,Algeria,25,1768.7
2021-02-01,Egypt,33,1764.3
2021-02-01,Canada,29,1755.2
2021-02-01,Tunisia,35,1779.4
2021-02-01,Paraguay,35,1755.9
2021-02-01,Peru,29,1743.9
2021-02-01,Ghana,34,1715.9
2021-02-01,Saudi Arabia,32,1697.0
2021-02-01,Cabo Verde,34,1699.5
2021-02-01,Slovakia,36,1733.2
2021-02-01,Scotland,42,1702.7
2021-02-01,Jordan,37,1699.5
2021-02-01,Czechia,38,1639.0
2021-02-01,South Africa,45,1625.4
2021-02-01,Venezuela,42,1639.3
2021-02-01,Chile,44,1638.7
2021-02-01,Bolivia,40,1660.7
2021-02-01,Indonesia,41,1624.9
2021-02-01,New Zealand,45,1599.7
2021-02-01,Costa Rica,47,1582.3
2021-02-01,Curaçao,46,1673.1
2021-02-01,Honduras,45,1589.2
2021-02-01,DR Congo,48,1607.3
2021-02-01,Kenya,47,1629.3
2021-02-01,Panama,49,1557.0
2021-02-01,Bosnia and Herzegovina,49,1579.9
2021-02-01,Qatar,48,1613.8
2021-02-01,Haiti,57,1576.4
2021-02-01,Cuba,50,1572.3
2021-02-01,Iraq,59,1585.1
2021-02-01,Trinidad and Tobago,59,1515.9
2021-02-01,Uzbekistan,63,1516.7
2021-03-01,France,3,1994.3
2021-03-01,Spain,1,2002.4
2021-03-01,Argentina,3,1972.5
2021-03-01,England,1,1976.5
2021-03-01,Portugal,4,1914.2
2021-03-01,Brazil,2,1936.2
2021-03-01,Netherlands,8,1896.6
2021-03-01,Morocco,10,1933.8
2021-03-01,Belgium,6,1915.2
2021-03-01,Germany,14,1880.8
2021-03-01,Croatia,14,1913.9
2021-03-01,Austria,13,1942.7
2021-03-01,Colombia,11,1854.9
2021-03-01,Senegal,17,1866.0
2021-03-01,Mexico,15,1907.0
2021-03-01,United States,15,1864.6
2021-03-01,Uruguay,19,1867.1
2021-03-01,Japan,15,1872.3
2021-03-01,Switzerland,22,1869.6
2021-03-01,Norway,22,1881.4
2021-03-01,Iran,21,1859.2
2021-03-01,Turkey,26,1821.3
2021-03-01,Ecuador,19,1818.3
2021-03-01,Sweden,28,1834.5
2021-03-01,South Korea,29,1786.7
2021-03-01,Nigeria,30,1801.9
2021-03-01,Australia,26,1840.3
2021-03-01,Ivory Coast,31,1807.2
2021-03-01,Algeria,32,1856.9
2021-03-01,Egypt,29,1710.9
2021-03-01,Canada,26,1750.3
2021-03-01,Tunisia,35,1697.9
2021-03-01,Paraguay,32,1713.4
2021-03-01,Peru,33,1697.4
2021-03-01,Ghana,37,1700.9
2021-03-01,Saudi Arabia,39,1747.2
2021-03-01,Cabo Verde,36,1721.6
2021-03-01,Slovakia,37,1754.4
2021-03-01,Scotland,42,1689.9
2021-03-01,Jordan,40,1666.7
2021-03-01,Czechia,39,1687.0
2021-03-01,South Africa,43,1657.4
2021-03-01,Venezuela,46,1632.9
2021-03-01,Chile,40,1651.1
2021-03-01,Bolivia,44,1624.6
2021-03-01,Indonesia,48,1619.1
2021-03-01,New Zealand,49,1649.4
2021-03-01,Costa Rica,49,1635.9
2021-03-01,Curaçao,48,1565.7
2021-03-01,Honduras,51,1621.6
2021-03-01,DR Congo,45,1628.6
2021-03-01,Kenya,53,1568.9
2021-03-01,Panama,52,1595.3
2021-03-01,Bosnia and Herzegovina,55,1598.3
2021-03-01,Qatar,56,1586.8
2021-03-01,Haiti,52,1552.3
2021-03-01,Cuba,52,1621.5
2021-03-01,Iraq,56,1535.1
2021-03-01,Trinidad and Tobago,58,1548.0
2021-03-01,Uzbekistan,61,1572.0
2021-04-01,France,1,1996.7
2021-04-01,Spain,4,1966.7
2021-04-01,Argentina,1,2009.2
2021-04-01,England,1,1944.4
2021-04-01,Portugal,9,1946.5
2021-04-01,Brazil,4,2011.1
2021-04-01,Netherlands,5,1949.8
2021-04-01,Morocco,11,1961.1
2021-04-01,Belgium,7,1911.2
2021-04-01,Germany,6,1896.3
2021-04-01,Croatia,13,1874.4
2021-04-01,Austria,13,1887.3
2021-04-01,Colombia,9,1851.8
2021-04-01,Senegal,15,1857.3
2021-04-01,Mexico,16,1840.9
2021-04-01,United States,12,1808.6
2021-04-01,Uruguay,19,1833.4
2021-04-01,Japan,16,1917.1
2021-04-01,Switzerland,19,1846.0
2021-04-01,Norway,24,1832.6
2021-04-01,Iran,23,1821.2
2021-04-01,Turkey,19,1829.9
2021-04-01,Ecuador,27,1792.5
2021-04-01,Sweden,21,1806.1
2021-04-01,South Korea,29,1786.8
2021-04-01,Nigeria,29,1764.1
2021-04-01,Australia,24,1801.2
2021-04-01,Ivory Coast,25,1759.8
2021-04-01,Algeria,27,1731.7
2021-04-01,Egypt,27,1761.1
2021-04-01,Canada,27,1790.8
2021-04-01,Tunisia,34,1745.0
2021-04-01,Paraguay,29,1764.3
2021-04-01,Peru,29,1716.9
2021-04-01,Ghana,33,1763.8
2021-04-01,Saudi Arabia,32,1744.3
2021-04-01,Cabo Verde,35,1671.9
2021-04-01,Slovakia,41,1702.1
2021-04-01,Scotland,35,1702.3
2021-04-01,Jordan,38,1723.5
2021-04-01,Czechia,42,1680.0
2021-04-01,South Africa,40,1683.2
2021-04-01,Venezuela,42,1682.1
2021-04-01,Chile,46,1638.2
2021-04-01,Bolivia,42,1680.3
2021-04-01,Indonesia,48,1684.0
2021-04-01,New Zealand,44,1667.1
2021-04-01,Costa Rica,47,1608.1
2021-04-01,Curaçao,43,1637.5
2021-04-01,Honduras,51,1619.8
2021-04-01,DR Congo,52,1590.1
2021-04-01,Kenya,46,1611.0
2021-04-01,Panama,48,1551.8
2021-04-01,Bosnia and Herzegovina,49,1574.5
2021-04-01,Qatar,51,1549.3
2021-04-01,Haiti,54,1567.1
2021-04-01,Cuba,56,1589.5
2021-04-01,Iraq,56,1544.1
2021-04-01,Trinidad and Tobago,55,1594.8
2021-04-01,Uzbekistan,62,1467.2
2021-05-01,France,5,1995.4
2021-05-01,Spain,1,1981.9
2021-05-01,Argentina,5,1995.7
2021-05-01,England,1,1953.0
2021-05-01,Portugal,8,1899.0
2021-05-01,Brazil,7,1937.8
2021-05-01,Netherlands,7,1933.9
2021-05-01,Morocco,8,1900.2
2021-05-01,Belgium,11,1960.2
2021-05-01,Germany,13,1895.0
2021-05-01,Croatia,11,1915.2
2021-05-01,Austria,14,1892.6
2021-05-01,Colombia,13,1862.1
2021-05-01,Senegal,10,1874.8
2021-05-01,Mexico,11,1885.9
2021-05-01,United States,16,1867.2
2021-05-01,Uruguay,18,1828.7
2021-05-01,Japan,15,1837.5
2021-05-01,Switzerland,22,1826.3
2021-05-01,Norway,19,1822.5
2021-05-01,Iran,24,1836.8
2021-05-01,Turkey,20,1793.9
2021-05-01,Ecuador,23,1775.5
2021-05-01,Sweden,20,1807.6
2021-05-01,South Korea,21,1807.9
2021-05-01,Nigeria,27,1746.3
2021-05-01,Australia,25,1856.1
2021-05-01,Ivory Coast,28,1797.0
2021-05-01,Algeria,24,1801.7
2021-05-01,Egypt,30,1763.0
2021-05-01,Canada,31,1734.5
2021-05-01,Tunisia,32,1744.5
2021-05-01,Paraguay,32,1736.6
2021-05-01,Peru,35,1730.3
2021-05-01,Ghana,39,1746.3
2021-05-01,Saudi Arabia,37,1728.2
2021-05-01,Cabo Verde,35,1692.1
2021-05-01,Slovakia,37,1656.5
2021-05-01,Scotland,42,1739.1
2021-05-01,Jordan,36,1692.9
2021-05-01,Czechia,42,1701.6
2021-05-01,South Africa,43,1696.6
2021-05-01,Venezuela,43,1701.8
2021-05-01,Chile,42,1672.5
2021-05-01,Bolivia,44,1633.4
2021-05-01,Indonesia,48,1663.8
2021-05-01,New Zealand,45,1637.8
2021-05-01,Costa Rica,44,1604.8
2021-05-01,Curaçao,45,1631.6
2021-05-01,Honduras,49,1643.3
2021-05-01,DR Congo,48,1593.0
2021-05-01,Kenya,52,1619.4
2021-05-01,Panama,52,1570.4
2021-05-01,Bosnia and Herzegovina,50,1597.3
2021-05-01,Qatar,56,1631.6
2021-05-01,Haiti,57,1609.4
2021-05-01,Cuba,57,1599.4
2021-05-01,Iraq,55,1572.5
2021-05-01,Trinidad and Tobago,56,1587.0
2021-05-01,Uzbekistan,60,1436.7
2021-06-01,France,2,2037.4
2021-06-01,Spain,1,1995.9
2021-06-01,Argentina,1,2003.1
2021-06-01,England,5,1933.4
2021-06-01,Portugal,1,1976.5
2021-06-01,Brazil,5,2014.5
2021-06-01,Netherlands,5,1946.5
2021-06-01,Morocco,9,1950.5
2021-06-01,Belgium,5,1924.2
2021-06-01,Germany,9,1885.4
2021-06-01,Croatia,12,1897.2
2021-06-01,Austria,12,1879.2
2021-06-01,Colombia,13,1928.6
2021-06-01,Senegal,13,1882.8
2021-06-01,Mexico,13,1879.2
2021-06-01,United States,14,1887.7
2021-06-01,Uruguay,15,1890.4
2021-06-01,Japan,21,1878.6
2021-06-01,Switzerland,22,1831.3
2021-06-01,Norway,19,1839.1
2021-06-01,Iran,22,1870.8
2021-06-01,Turkey,26,1868.8
2021-06-01,Ecuador,27,1815.2
2021-06-01,Sweden,25,1800.6
2021-06-01,South Korea,22,1796.8
2021-06-01,Nigeria,23,1817.7
2021-06-01,Australia,23,1736.1
2021-06-01,Ivory Coast,31,1768.0
2021-06-01,Algeria,32,1752.6
2021-06-01,Egypt,26,1743.8
2021-06-01,Canada,28,1741.0
2021-06-01,Tunisia,28,1728.3
2021-06-01,Paraguay,32,1725.8
2021-06-01,Peru,29,1741.0
2021-06-01,Ghana,32,1698.8
2021-06-01,Saudi Arabia,32,1779.8
2021-06-01,Cabo Verde,35,1720.2
2021-06-01,Slovakia,37,1714.5
2021-06-01,Scotland,36,1674.7
2021-06-01,Jordan,39,1674.9
2021-06-01,Czechia,36,1662.8
2021-06-01,South Africa,38,1677.3
2021-06-01,Venezuela,43,1665.9
2021-06-01,Chile,39,1648.4
2021-06-01,Bolivia,45,1715.7
2021-06-01,Indonesia,48,1598.8
2021-06-01,New Zealand,43,1628.6
2021-06-01,Costa Rica,43,1683.4
2021-06-01,Curaçao,46,1621.1
2021-06-01,Honduras,47,1595.3
2021-06-01,DR Congo,44,1578.1
2021-06-01,Kenya,47,1598.3
2021-06-01,Panama,48,1582.7
2021-06-01,Bosnia and Herzegovina,55,1613.2
2021-06-01,Qatar,54,1604.9
2021-06-01,Haiti,50,1609.8
2021-06-01,Cuba,55,1557.6
2021-06-01,Iraq,52,1500.2
2021-06-01,Trinidad and Tobago,51,1589.7
2021-06-01,Uzbekistan,63,1460.2
2021-07-01,France,1,1992.9
2021-07-01,Spain,2,1952.7
2021-07-01,Argentina,1,1991.8
2021-07-01,England,4,2014.2
2021-07-01,Portugal,8,1985.6
2021-07-01,Brazil,5,1897.9
2021-07-01,Netherlands,3,1944.7
2021-07-01,Morocco,8,1930.5
2021-07-01,Belgium,12,1926.3
2021-07-01,Germany,14,2000.2
2021-07-01,Croatia,12,1904.6
2021-07-01,Austria,15,1904.1
2021-07-01,Colombia,9,1910.2
2021-07-01,Senegal,12,1891.5
2021-07-01,Mexico,16,1858.0
2021-07-01,United States,12,1868.6
2021-07-01,Uruguay,16,1831.8
2021-07-01,Japan,19,1816.3
2021-07-01,Switzerland,23,1810.8
2021-07-01,Norway,20,1847.9
2021-07-01,Iran,18,1775.7
2021-07-01,Turkey,23,1822.1
2021-07-01,Ecuador,19,1809.7
2021-07-01,Sweden,27,1770.5
2021-07-01,South Korea,23,1829.3
2021-07-01,Nigeria,23,1823.2
2021-07-01,Australia,25,1750.9
2021-07-01,Ivory Coast,29,1768.0
2021-07-01,Algeria,30,1761.2
2021-07-01,Egypt,26,1844.9
2021-07-01,Canada,26,1757.3
2021-07-01,Tunisia,28,1749.4
2021-07-01,Paraguay,29,1733.9
2021-07-01,Peru,30,1766.4
2021-07-01,Ghana,32,1691.2
2021-07-01,Saudi Arabia,39,1718.5
2021-07-01,Cabo Verde,34,1680.8
2021-07-01,Slovakia,40,1714.3
2021-07-01,Scotland,41,1720.6
2021-07-01,Jordan,35,1691.2
2021-07-01,Czechia,42,1619.0
2021-07-01,South Africa,42,1674.3
2021-07-01,Venezuela,42,1623.4
2021-07-01,Chile,44,1651.6
2021-07-01,Bolivia,47,1675.6
2021-07-01,Indonesia,41,1694.8
2021-07-01,New Zealand,45,1589.5
2021-07-01,Costa Rica,46,1582.6
2021-07-01,Curaçao,44,1586.3
2021-07-01,Honduras,50,1614.4
2021-07-01,DR Congo,51,1573.3
2021-07-01,Kenya,46,1611.1
2021-07-01,Panama,49,1551.9
2021-07-01,Bosnia and Herzegovina,47,1571.9
2021-07-01,Qatar,56,1581.9
2021-07-01,Haiti,53,1544.6
2021-07-01,Cuba,54,1582.0
2021-07-01,Iraq,59,1551.4
2021-07-01,Trinidad and Tobago,56,1548.4
2021-07-01,Uzbekistan,65,1483.2
2021-08-01,France,4,1983.9
2021-08-01,Spain,2,1992.1
2021-08-01,Argentina,3,1932.4
2021-08-01,England,2,1991.9
2021-08-01,Portugal,2,1954.2
2021-08-01,Brazil,4,1953.2
2021-08-01,Netherlands,3,1938.8
2021-08-01,Morocco,6,1965.5
2021-08-01,Belgium,11,1954.2
2021-08-01,Germany,14,1904.6
2021-08-01,Croatia,13,1895.0
2021-08-01,Austria,9,1863.4
2021-08-01,Colombia,14,1911.3
2021-08-01,Senegal,12,1856.2
2021-08-01,Mexico,17,1870.5
2021-08-01,United States,18,1865.9
2021-08-01,Uruguay,13,1867.9
2021-08-01,Japan,14,1852.5
2021-08-01,Switzerland,20,1863.2
2021-08-01,Norway,19,1854.8
2021-08-01,Iran,19,1857.9
2021-08-01,Turkey,26,1854.6
2021-08-01,Ecuador,27,1763.1
2021-08-01,Sweden,20,1773.2
2021-08-01,South Korea,26,1787.2
2021-08-01,Nigeria,22,1804.4
2021-08-01,Australia,31,1753.3
2021-08-01,Ivory Coast,30,1770.9
2021-08-01,Algeria,27,1760.6
2021-08-01,Egypt,27,1722.6
2021-08-01,Canada,26,1807.6
2021-08-01,Tunisia,32,1775.8
2021-08-01,Paraguay,33,1720.2
2021-08-01,Peru,37,1680.4
2021-08-01,Ghana,35,1743.3
2021-08-01,Saudi Arabia,39,1715.8
2021-08-01,Cabo Verde,33,1716.8
2021-08-01,Slovakia,37,1659.3
2021-08-01,Scotland,36,1712.5
2021-08-01,Jordan,36,1706.7
2021-08-01,Czechia,39,1625.7
2021-08-01,South Africa,43,1634.0
2021-08-01,Venezuela,39,1694.5
2021-08-01,Chile,41,1644.7
2021-08-01,Bolivia,48,1658.2
2021-08-01,Indonesia,46,1637.1
2021-08-01,New Zealand,49,1604.3
2021-08-01,Costa Rica,50,1602.6
2021-08-01,Curaçao,47,1669.6
2021-08-01,Honduras,52,1589.6
2021-08-01,DR Congo,47,1623.9
2021-08-01,Kenya,49,1655.8
2021-08-01,Panama,52,1560.9
2021-08-01,Bosnia and Herzegovina,49,1578.4
2021-08-01,Qatar,49,1548.7
2021-08-01,Haiti,56,1574.0
2021-08-01,Cuba,53,1571.9
2021-08-01,Iraq,54,1566.2
2021-08-01,Trinidad and Tobago,53,1588.6
2021-08-01,Uzbekistan,59,1506.4
2021-09-01,France,1,2018.1
2021-09-01,Spain,1,1965.6
2021-09-01,Argentina,1,1983.0
2021-09-01,England,4,1961.1
2021-09-01,Portugal,3,2006.3
2021-09-01,Brazil,4,1984.9
2021-09-01,Netherlands,7,1913.7
2021-09-01,Morocco,4,2049.4
2021-09-01,Belgium,13,1926.8
2021-09-01,Germany,8,1901.2
2021-09-01,Croatia,11,1884.2
2021-09-01,Austria,9,1868.0
2021-09-01,Colombia,11,1925.8
2021-09-01,Senegal,18,1885.6
2021-09-01,Mexico,12,1928.1
2021-09-01,United States,14,1829.2
2021-09-01,Uruguay,14,1892.9
2021-09-01,Japan,21,1874.2
2021-09-01,Switzerland,15,1871.3
2021-09-01,Norway,24,1867.0
2021-09-01,Iran,21,1814.3
2021-09-01,Turkey,25,1832.5
2021-09-01,Ecuador,23,1821.3
2021-09-01,Sweden,21,1846.0
2021-09-01,South Korea,24,1840.2
2021-09-01,Nigeria,28,1787.1
2021-09-01,Australia,29,1812.2
2021-09-01,Ivory Coast,25,1703.8
2021-09-01,Algeria,32,1767.5
2021-09-01,Egypt,31,1754.5
2021-09-01,Canada,30,1767.2
2021-09-01,Tunisia,34,1774.8
2021-09-01,Paraguay,32,1701.2
2021-09-01,Peru,37,1776.4
2021-09-01,Ghana,32,1734.7
2021-09-01,Saudi Arabia,38,1688.3
2021-09-01,Cabo Verde,35,1656.1
2021-09-01,Slovakia,34,1659.9
2021-09-01,Scotland,39,1695.5
2021-09-01,Jordan,36,1684.7
2021-09-01,Czechia,42,1705.1
2021-09-01,South Africa,39,1672.6
2021-09-01,Venezuela,45,1669.6
2021-09-01,Chile,39,1652.3
2021-09-01,Bolivia,41,1668.6
2021-09-01,Indonesia,41,1620.1
2021-09-01,New Zealand,48,1660.9
2021-09-01,Costa Rica,44,1653.5
2021-09-01,Curaçao,44,1658.9
2021-09-01,Honduras,50,1641.3
2021-09-01,DR Congo,45,1601.1
2021-09-01,Kenya,53,1666.6
2021-09-01,Panama,52,1646.5
2021-09-01,Bosnia and Herzegovina,49,1624.2
2021-09-01,Qatar,51,1599.3
2021-09-01,Haiti,55,1573.3
2021-09-01,Cuba,52,1554.9
2021-09-01,Iraq,53,1588.3
2021-09-01,Trinidad and Tobago,52,1528.8
2021-09-01,Uzbekistan,59,1529.4
2021-10-01,France,5,2033.6
2021-10-01,Spain,6,1952.4
2021-10-01,Argentina,5,1990.7
2021-10-01,England,8,1990.4
2021-10-01,Portugal,1,1955.3
2021-10-01,Brazil,10,1914.4
2021-10-01,Netherlands,5,1973.7
2021-10-01,Morocco,6,1933.2
2021-10-01,Belgium,9,1936.5
2021-10-01,Germany,13,1920.4
2021-10-01,Croatia,7,1946.0
2021-10-01,Austria,8,1878.6
2021-10-01,Colombia,12,1918.7
2021-10-01,Senegal,13,1813.2
2021-10-01,Mexico,17,1856.9
2021-10-01,United States,17,1888.9
2021-10-01,Uruguay,17,1889.3
2021-10-01,Japan,20,1809.5
2021-10-01,Switzerland,19,1850.4
2021-10-01,Norway,22,1812.0
2021-10-01,Iran,25,1799.0
2021-10-01,Turkey,19,1810.6
2021-10-01,Ecuador,26,1823.9
2021-10-01,Sweden,27,1849.8
2021-10-01,South Korea,28,1825.1
2021-10-01,Nigeria,25,1808.6
2021-10-01,Australia,28,1869.4
2021-10-01,Ivory Coast,27,1791.2
2021-10-01,Algeria,24,1757.6
2021-10-01,Egypt,25,1794.7
2021-10-01,Canada,28,1767.0
2021-10-01,Tunisia,32,1717.7
2021-10-01,Paraguay,30,1738.4
2021-10-01,Peru,34,1728.6
2021-10-01,Ghana,39,1733.5
2021-10-01,Saudi Arabia,38,1735.7
2021-10-01,Cabo Verde,32,1671.8
2021-10-01,Slovakia,35,1722.7
2021-10-01,Scotland,40,1676.7
2021-10-01,Jordan,36,1669.5
2021-10-01,Czechia,44,1686.4
2021-10-01,South Africa,38,1680.9
2021-10-01,Venezuela,41,1647.3
2021-10-01,Chile,40,1698.1
2021-10-01,Bolivia,41,1643.7
2021-10-01,Indonesia,46,1624.8
2021-10-01,New Zealand,46,1627.9
2021-10-01,Costa Rica,46,1653.3
2021-10-01,Curaçao,44,1566.3
2021-10-01,Honduras,48,1656.0
2021-10-01,DR Congo,48,1610.0
2021-10-01,Kenya,46,1605.6
2021-10-01,Panama,49,1621.6
2021-10-01,Bosnia and Herzegovina,47,1573.6
2021-10-01,Qatar,56,1580.5
2021-10-01,Haiti,54,1556.6
2021-10-01,Cuba,51,1540.1
2021-10-01,Iraq,57,1569.4
2021-10-01,Trinidad and Tobago,57,1573.3
2021-10-01,Uzbekistan,59,1527.1
2021-11-01,France,1,1984.7
2021-11-01,Spain,2,1940.2
2021-11-01,Argentina,4,2005.0
2021-11-01,England,3,1963.1
2021-11-01,Portugal,6,1955.5
2021-11-01,Brazil,7,1957.3
2021-11-01,Netherlands,10,1942.2
2021-11-01,Morocco,12,1934.6
2021-11-01,Belgium,7,1945.0
2021-11-01,Germany,9,1973.0
2021-11-01,Croatia,15,1875.5
2021-11-01,Austria,15,1900.3
2021-11-01,Colombia,10,1867.5
2021-11-01,Senegal,16,1890.3
2021-11-01,Mexico,11,1871.9
2021-11-01,United States,17,1878.0
2021-11-01,Uruguay,20,1873.8
2021-11-01,Japan,20,1825.0
2021-11-01,Switzerland,18,1862.4
2021-11-01,Norway,21,1822.6
2021-11-01,Iran,17,1818.7
2021-11-01,Turkey,21,1808.2
2021-11-01,Ecuador,26,1826.9
2021-11-01,Sweden,23,1839.1
2021-11-01,South Korea,22,1806.3
2021-11-01,Nigeria,22,1803.3
2021-11-01,Australia,27,1834.6
2021-11-01,Ivory Coast,32,1751.5
2021-11-01,Algeria,32,1807.8
2021-11-01,Egypt,30,1749.8
2021-11-01,Canada,30,1742.6
2021-11-01,Tunisia,33,1765.0
2021-11-01,Paraguay,31,1693.6
2021-11-01,Peru,35,1740.7
2021-11-01,Ghana,38,1771.0
2021-11-01,Saudi Arabia,40,1708.0
2021-11-01,Cabo Verde,38,1706.8
2021-11-01,Slovakia,38,1681.9
2021-11-01,Scotland,40,1610.4
2021-11-01,Jordan,38,1703.9
2021-11-01,Czechia,40,1636.6
2021-11-01,South Africa,39,1669.4
2021-11-01,Venezuela,42,1659.3
2021-11-01,Chile,41,1651.5
2021-11-01,Bolivia,43,1632.4
2021-11-01,Indonesia,43,1660.3
2021-11-01,New Zealand,49,1611.8
2021-11-01,Costa Rica,47,1621.3
2021-11-01,Curaçao,46,1613.8
2021-11-01,Honduras,44,1615.7
2021-11-01,DR Congo,45,1608.6
2021-11-01,Kenya,48,1568.3
2021-11-01,Panama,54,1616.9
2021-11-01,Bosnia and Herzegovina,50,1564.9
2021-11-01,Qatar,50,1613.1
2021-11-01,Haiti,55,1571.2
2021-11-01,Cuba,56,1556.2
2021-11-01,Iraq,55,1587.2
2021-11-01,Trinidad and Tobago,51,1533.0
2021-11-01,Uzbekistan,62,1455.7
2021-12-01,France,1,2067.3
2021-12-01,Spain,1,1952.1
2021-12-01,Argentina,1,1954.0
2021-12-01,England,4,1955.5
2021-12-01,Portugal,8,2021.1
2021-12-01,Brazil,5,1943.3
2021-12-01,Netherlands,9,1933.8
2021-12-01,Morocco,6,1943.2
2021-12-01,Belgium,11,1918.3
2021-12-01,Germany,6,1948.9
2021-12-01,Croatia,14,1902.8
2021-12-01,Austria,13,1874.0
2021-12-01,Colombia,14,1879.4
2021-12-01,Senegal,11,1934.4
2021-12-01,Mexico,11,1858.6
2021-12-01,United States,13,1877.0
2021-12-01,Uruguay,16,1856.9
2021-12-01,Japan,22,1799.3
2021-12-01,Switzerland,19,1862.0
2021-12-01,Norway,24,1853.3
2021-12-01,Iran,24,1827.2
2021-12-01,Turkey,26,1783.9
2021-12-01,Ecuador,25,1854.6
2021-12-01,Sweden,21,1761.9
2021-12-01,South Korea,28,1752.7
2021-12-01,Nigeria,25,1829.8
2021-12-01,Australia,26,1791.0
2021-12-01,Ivory Coast,28,1746.7
2021-12-01,Algeria,32,1783.6
2021-12-01,Egypt,25,1786.6
2021-12-01,Canada,33,1747.0
2021-12-01,Tunisia,28,1780.6
2021-12-01,Paraguay,35,1725.1
2021-12-01,Peru,36,1789.6
2021-12-01,Ghana,34,1669.5
2021-12-01,Saudi Arabia,35,1686.3
2021-12-01,Cabo Verde,38,1742.5
2021-12-01,Slovakia,34,1721.7
2021-12-01,Scotland,36,1714.5
2021-12-01,Jordan,40,1663.6
2021-12-01,Czechia,41,1660.2
2021-12-01,South Africa,40,1686.4
2021-12-01,Venezuela,43,1696.5
2021-12-01,Chile,47,1709.2
2021-12-01,Bolivia,47,1685.7
2021-12-01,Indonesia,44,1652.0
2021-12-01,New Zealand,48,1637.2
2021-12-01,Costa Rica,46,1602.7
2021-12-01,Curaçao,45,1675.6
2021-12-01,Honduras,45,1602.3
2021-12-01,DR Congo,47,1620.2
2021-12-01,Kenya,52,1607.5
2021-12-01,Panama,54,1572.0
2021-12-01,Bosnia and Herzegovina,50,1534.1
2021-12-01,Qatar,55,1630.2
2021-12-01,Haiti,54,1584.8
2021-12-01,Cuba,57,1559.3
2021-12-01,Iraq,56,1575.3
2021-12-01,Trinidad and Tobago,53,1537.9
2021-12-01,Uzbekistan,62,1460.4
2022-01-01,France,1,2006.3
2022-01-01,Spain,1,1942.3
2022-01-01,Argentina,1,1964.0
2022-01-01,England,6,1965.3
2022-01-01,Portugal,1,1943.1
2022-01-01,Brazil,10,1975.5
2022-01-01,Netherlands,3,1935.5
2022-01-01,Morocco,10,1883.3
2022-01-01,Belgium,13,1906.3
2022-01-01,Germany,8,1925.9
2022-01-01,Croatia,8,1953.5
2022-01-01,Austria,14,1894.5
2022-01-01,Colombia,10,1881.3
2022-01-01,Senegal,10,1891.9
2022-01-01,Mexico,14,1855.3
2022-01-01,United States,16,1865.8
2022-01-01,Uruguay,20,1907.3
2022-01-01,Japan,17,1884.1
2022-01-01,Switzerland,19,1885.8
2022-01-01,Norway,19,1802.1
2022-01-01,Iran,20,1835.1
2022-01-01,Turkey,24,1806.6
2022-01-01,Ecuador,22,1841.6
2022-01-01,Sweden,24,1795.5
2022-01-01,South Korea,21,1813.0
2022-01-01,Nigeria,22,1818.3
2022-01-01,Australia,26,1774.4
2022-01-01,Ivory Coast,31,1800.0
2022-01-01,Algeria,30,1757.0
2022-01-01,Egypt,32,1819.2
2022-01-01,Canada,34,1719.6
2022-01-01,Tunisia,34,1765.4
2022-01-01,Paraguay,33,1720.7
2022-01-01,Peru,29,1689.5
2022-01-01,Ghana,34,1732.8
2022-01-01,Saudi Arabia,35,1720.1
2022-01-01,Cabo Verde,40,1672.6
2022-01-01,Slovakia,33,1738.7
2022-01-01,Scotland,40,1591.2
2022-01-01,Jordan,35,1667.6
2022-01-01,Czechia,44,1717.1
2022-01-01,South Africa,43,1700.5
2022-01-01,Venezuela,40,1639.6
2022-01-01,Chile,46,1694.7
2022-01-01,Bolivia,40,1645.9
2022-01-01,Indonesia,43,1648.1
2022-01-01,New Zealand,49,1615.4
2022-01-01,Costa Rica,44,1617.5
2022-01-01,Curaçao,43,1623.6
2022-01-01,Honduras,51,1618.6
2022-01-01,DR Congo,50,1644.4
2022-01-01,Kenya,45,1623.5
2022-01-01,Panama,46,1605.5
2022-01-01,Bosnia and Herzegovina,53,1587.2
2022-01-01,Qatar,50,1564.2
2022-01-01,Haiti,57,1558.9
2022-01-01,Cuba,58,1626.5
2022-01-01,Iraq,59,1609.5
2022-01-01,Trinidad and Tobago,54,1544.3
2022-01-01,Uzbekistan,65,1440.4
2022-02-01,France,3,1924.9
2022-02-01,Spain,4,1941.9
2022-02-01,Argentina,6,1985.2
2022-02-01,England,8,1976.9
2022-02-01,Portugal,5,1995.9
2022-02-01,Brazil,7,1938.1
2022-02-01,Netherlands,8,1899.3
2022-02-01,Morocco,12,1889.8
2022-02-01,Belgium,6,1893.5
2022-02-01,Germany,13,1857.2
2022-02-01,Croatia,15,1894.7
2022-02-01,Austria,8,1902.3
2022-02-01,Colombia,13,1859.5
2022-02-01,Senegal,18,1941.7
2022-02-01,Mexico,17,1815.3
2022-02-01,United States,15,1913.0
2022-02-01,Uruguay,14,1803.0
2022-02-01,Japan,18,1805.8
2022-02-01,Switzerland,23,1823.9
2022-02-01,Norway,18,1801.8
2022-02-01,Iran,20,1883.8
2022-02-01,Turkey,23,1779.8
2022-02-01,Ecuador,20,1844.8
2022-02-01,Sweden,26,1771.3
2022-02-01,South Korea,21,1755.5
2022-02-01,Nigeria,30,1780.5
2022-02-01,Australia,26,1790.5
2022-02-01,Ivory Coast,26,1752.4
2022-02-01,Algeria,29,1707.2
2022-02-01,Egypt,27,1740.9
2022-02-01,Canada,32,1774.4
2022-02-01,Tunisia,32,1815.9
2022-02-01,Paraguay,29,1775.7
2022-02-01,Peru,36,1708.0
2022-02-01,Ghana,31,1690.8
2022-02-01,Saudi Arabia,37,1714.1
2022-02-01,Cabo Verde,36,1729.5
2022-02-01,Slovakia,33,1700.3
2022-02-01,Scotland,42,1747.6
2022-02-01,Jordan,39,1658.4
2022-02-01,Czechia,37,1695.3
2022-02-01,South Africa,44,1719.7
2022-02-01,Venezuela,41,1712.9
2022-02-01,Chile,47,1665.7
2022-02-01,Bolivia,41,1663.4
2022-02-01,Indonesia,49,1650.6
2022-02-01,New Zealand,44,1620.1
2022-02-01,Costa Rica,49,1651.8
2022-02-01,Curaçao,44,1632.7
2022-02-01,Honduras,47,1628.4
2022-02-01,DR Congo,52,1567.1
2022-02-01,Kenya,47,1647.1
2022-02-01,Panama,54,1607.4
2022-02-01,Bosnia and Herzegovina,52,1585.4
2022-02-01,Qatar,50,1565.3
2022-02-01,Haiti,57,1556.7
2022-02-01,Cuba,55,1616.5
2022-02-01,Iraq,54,1546.9
2022-02-01,Trinidad and Tobago,55,1504.9
2022-02-01,Uzbekistan,66,1470.6
2022-03-01,France,1,1993.2
2022-03-01,Spain,1,1976.3
2022-03-01,Argentina,4,1982.8
2022-03-01,England,1,1982.3
2022-03-01,Portugal,9,1949.1
2022-03-01,Brazil,3,1956.2
2022-03-01,Netherlands,5,1943.6
2022-03-01,Morocco,5,1945.0
2022-03-01,Belgium,11,1940.0
2022-03-01,Germany,13,1892.6
2022-03-01,Croatia,14,1894.2
2022-03-01,Austria,13,1877.7
2022-03-01,Colombia,12,1857.8
2022-03-01,Senegal,10,1913.1
2022-03-01,Mexico,13,1869.5
2022-03-01,United States,19,1905.6
2022-03-01,Uruguay,20,1873.1
2022-03-01,Japan,20,1898.2
2022-03-01,Switzerland,23,1855.2
2022-03-01,Norway,22,1864.7
2022-03-01,Iran,23,1806.4
2022-03-01,Turkey,23,1787.2
2022-03-01,Ecuador,23,1853.7
2022-03-01,Sweden,24,1782.0
2022-03-01,South Korea,28,1780.5
2022-03-01,Nigeria,24,1832.3
2022-03-01,Australia,27,1746.6
2022-03-01,Ivory Coast,30,1777.5
2022-03-01,Algeria,32,1770.9
2022-03-01,Egypt,31,1781.6
2022-03-01,Canada,29,1775.8
2022-03-01,Tunisia,32,1800.2
2022-03-01,Paraguay,35,1743.1
2022-03-01,Peru,37,1741.6
2022-03-01,Ghana,38,1746.2
2022-03-01,Saudi Arabia,37,1702.7
2022-03-01,Cabo Verde,39,1724.1
2022-03-01,Slovakia,33,1703.4
2022-03-01,Scotland,35,1695.4
2022-03-01,Jordan,42,1687.6
2022-03-01,Czechia,43,1623.2
2022-03-01,South Africa,43,1664.9
2022-03-01,Venezuela,41,1590.3
2022-03-01,Chile,40,1660.0
2022-03-01,Bolivia,47,1583.8
2022-03-01,Indonesia,42,1620.0
2022-03-01,New Zealand,45,1614.5
2022-03-01,Costa Rica,48,1605.6
2022-03-01,Curaçao,43,1651.4
2022-03-01,Honduras,52,1660.9
2022-03-01,DR Congo,49,1629.9
2022-03-01,Kenya,52,1650.0
2022-03-01,Panama,47,1630.0
2022-03-01,Bosnia and Herzegovina,51,1620.8
2022-03-01,Qatar,56,1601.2
2022-03-01,Haiti,56,1637.0
2022-03-01,Cuba,55,1612.3
2022-03-01,Iraq,51,1561.0
2022-03-01,Trinidad and Tobago,59,1559.7
2022-03-01,Uzbekistan,63,1499.8
2022-04-01,France,1,1995.5
2022-04-01,Spain,1,1992.0
2022-04-01,Argentina,6,2034.8
2022-04-01,England,8,1995.8
2022-04-01,Portugal,9,1963.0
2022-04-01,Brazil,8,1991.8
2022-04-01,Netherlands,4,1905.7
2022-04-01,Morocco,4,1921.3
2022-04-01,Belgium,5,1907.6
2022-04-01,Germany,12,1917.3
2022-04-01,Croatia,9,1911.3
2022-04-01,Austria,8,1854.1
2022-04-01,Colombia,15,1890.2
2022-04-01,Senegal,15,1864.9
2022-04-01,Mexico,18,1871.9
2022-04-01,United States,20,1853.7
2022-04-01,Uruguay,17,1836.1
2022-04-01,Japan,17,1859.7
2022-04-01,Switzerland,21,1829.0
2022-04-01,Norway,24,1820.9
2022-04-01,Iran,21,1811.6
2022-04-01,Turkey,19,1815.3
2022-04-01,Ecuador,21,1854.0
2022-04-01,Sweden,23,1815.4
2022-04-01,South Korea,26,1808.9
2022-04-01,Nigeria,25,1792.8
2022-04-01,Australia,28,1761.5
2022-04-01,Ivory Coast,32,1769.4
2022-04-01,Algeria,31,1772.9
2022-04-01,Egypt,33,1753.0
2022-04-01,Canada,27,1764.9
2022-04-01,Tunisia,35,1804.4
2022-04-01,Paraguay,31,1794.6
2022-04-01,Peru,29,1782.1
2022-04-01,Ghana,34,1753.2
2022-04-01,Saudi Arabia,38,1734.3
2022-04-01,Cabo Verde,32,1680.2
2022-04-01,Slovakia,33,1682.9
2022-04-01,Scotland,34,1697.5
2022-04-01,Jordan,38,1691.9
2022-04-01,Czechia,41,1639.7
2022-04-01,South Africa,44,1684.8
2022-04-01,Venezuela,42,1628.9
2022-04-01,Chile,47,1650.3
2022-04-01,Bolivia,41,1642.7
2022-04-01,Indonesia,41,1615.1
2022-04-01,New Zealand,45,1592.3
2022-04-01,Costa Rica,49,1639.3
2022-04-01,Curaçao,45,1643.4
2022-04-01,Honduras,46,1625.4
2022-04-01,DR Congo,52,1617.6
2022-04-01,Kenya,53,1581.4
2022-04-01,Panama,50,1619.9
2022-04-01,Bosnia and Herzegovina,53,1597.7
2022-04-01,Qatar,55,1581.9
2022-04-01,Haiti,57,1581.7
2022-04-01,Cuba,51,1579.3
2022-04-01,Iraq,59,1599.1
2022-04-01,Trinidad and Tobago,57,1579.7
2022-04-01,Uzbekistan,60,1478.8
2022-05-01,France,4,1931.4
2022-05-01,Spain,5,1946.6
2022-05-01,Argentina,1,1929.9
2022-05-01,England,6,1975.2
2022-05-01,Portugal,6,1992.5
2022-05-01,Brazil,9,1993.0
2022-05-01,Netherlands,9,1970.6
2022-05-01,Morocco,12,1996.1
2022-05-01,Belgium,7,1935.1
2022-05-01,Germany,7,1934.6
2022-05-01,Croatia,10,1884.3
2022-05-01,Austria,12,1918.8
2022-05-01,Colombia,15,1952.1
2022-05-01,Senegal,15,1892.3
2022-05-01,Mexico,17,1855.7
2022-05-01,United States,17,1848.9
2022-05-01,Uruguay,20,1897.1
2022-05-01,Japan,14,1914.3
2022-05-01,Switzerland,20,1859.2
2022-05-01,Norway,18,1773.6
2022-05-01,Iran,21,1800.7
2022-05-01,Turkey,23,1836.2
2022-05-01,Ecuador,20,1777.8
2022-05-01,Sweden,25,1794.5
2022-05-01,South Korea,21,1774.3
2022-05-01,Nigeria,23,1761.6
2022-05-01,Australia,25,1797.3
2022-05-01,Ivory Coast,25,1757.9
2022-05-01,Algeria,28,1712.1
2022-05-01,Egypt,31,1722.5
2022-05-01,Canada,31,1715.7
2022-05-01,Tunisia,28,1740.4
2022-05-01,Paraguay,30,1695.8
2022-05-01,Peru,32,1752.3
2022-05-01,Ghana,36,1724.5
2022-05-01,Saudi Arabia,33,1801.1
2022-05-01,Cabo Verde,32,1728.1
2022-05-01,Slovakia,38,1718.5
2022-05-01,Scotland,36,1723.6
2022-05-01,Jordan,39,1699.6
2022-05-01,Czechia,43,1676.0
2022-05-01,South Africa,43,1658.6
2022-05-01,Venezuela,42,1668.4
2022-05-01,Chile,40,1636.5
2022-05-01,Bolivia,45,1644.1
2022-05-01,Indonesia,46,1628.2
2022-05-01,New Zealand,49,1643.6
2022-05-01,Costa Rica,43,1638.0
2022-05-01,Curaçao,46,1564.0
2022-05-01,Honduras,46,1624.6
2022-05-01,DR Congo,49,1628.0
2022-05-01,Kenya,50,1626.7
2022-05-01,Panama,48,1491.6
2022-05-01,Bosnia and Herzegovina,48,1639.1
2022-05-01,Qatar,51,1539.6
2022-05-01,Haiti,57,1549.0
2022-05-01,Cuba,53,1585.8
2022-05-01,Iraq,59,1593.7
2022-05-01,Trinidad and Tobago,54,1582.9
2022-05-01,Uzbekistan,60,1506.2
2022-06-01,France,1,1940.6
2022-06-01,Spain,2,1995.7
2022-06-01,Argentina,4,1956.6
2022-06-01,England,1,2006.9
2022-06-01,Portugal,7,2021.9
2022-06-01,Brazil,4,1941.7
2022-06-01,Netherlands,3,1970.7
2022-06-01,Morocco,8,1917.8
2022-06-01,Belgium,8,1908.9
2022-06-01,Germany,6,1951.1
2022-06-01,Croatia,14,1927.8
2022-06-01,Austria,10,1922.5
2022-06-01,Colombia,9,1879.5
2022-06-01,Senegal,17,1913.2
2022-06-01,Mexico,18,1873.8
2022-06-01,United States,17,1861.3
2022-06-01,Uruguay,13,1849.4
2022-06-01,Japan,15,1845.0
2022-06-01,Switzerland,15,1843.8
2022-06-01,Norway,18,1805.9
2022-06-01,Iran,19,1769.7
2022-06-01,Turkey,25,1838.3
2022-06-01,Ecuador,24,1794.7
2022-06-01,Sweden,25,1784.0
2022-06-01,South Korea,22,1776.2
2022-06-01,Nigeria,28,1749.1
2022-06-01,Australia,31,1750.7
2022-06-01,Ivory Coast,27,1792.9
2022-06-01,Algeria,31,1705.5
2022-06-01,Egypt,29,1797.0
2022-06-01,Canada,30,1768.1
2022-06-01,Tunisia,27,1744.0
2022-06-01,Paraguay,31,1737.9
2022-06-01,Peru,29,1724.1
2022-06-01,Ghana,31,1706.0
2022-06-01,Saudi Arabia,38,1716.4
2022-06-01,Cabo Verde,35,1693.3
2022-06-01,Slovakia,37,1710.8
2022-06-01,Scotland,36,1686.2
2022-06-01,Jordan,37,1747.9
2022-06-01,Czechia,40,1705.2
2022-06-01,South Africa,39,1693.6
2022-06-01,Venezuela,42,1688.9
2022-06-01,Chile,41,1710.2
2022-06-01,Bolivia,43,1641.7
2022-06-01,Indonesia,48,1593.7
2022-06-01,New Zealand,45,1593.8
2022-06-01,Costa Rica,48,1627.9
2022-06-01,Curaçao,43,1622.8
2022-06-01,Honduras,49,1643.2
2022-06-01,DR Congo,45,1644.6
2022-06-01,Kenya,52,1573.8
2022-06-01,Panama,54,1606.5
2022-06-01,Bosnia and Herzegovina,53,1612.6
2022-06-01,Qatar,52,1551.3
2022-06-01,Haiti,50,1525.2
2022-06-01,Cuba,52,1548.7
2022-06-01,Iraq,56,1594.5
2022-06-01,Trinidad and Tobago,55,1586.7
2022-06-01,Uzbekistan,61,1505.7
2022-07-01,France,4,2028.2
2022-07-01,Spain,3,1956.0
2022-07-01,Argentina,6,1957.0
2022-07-01,England,1,1985.7
2022-07-01,Portugal,8,1960.6
2022-07-01,Brazil,3,1911.0
2022-07-01,Netherlands,10,1921.3
2022-07-01,Morocco,10,1924.3
2022-07-01,Belgium,11,1966.8
2022-07-01,Germany,13,1922.6
2022-07-01,Croatia,8,1945.6
2022-07-01,Austria,8,1874.2
2022-07-01,Colombia,16,1896.4
2022-07-01,Senegal,10,1840.0
2022-07-01,Mexico,11,1890.2
2022-07-01,United States,17,1847.4
2022-07-01,Uruguay,17,1814.5
2022-07-01,Japan,19,1866.1
2022-07-01,Switzerland,17,1883.2
2022-07-01,Norway,17,1866.2
2022-07-01,Iran,23,1805.2
2022-07-01,Turkey,19,1847.9
2022-07-01,Ecuador,19,1836.4
2022-07-01,Sweden,21,1801.3
2022-07-01,South Korea,29,1854.7
2022-07-01,Nigeria,22,1755.3
2022-07-01,Australia,25,1800.0
2022-07-01,Ivory Coast,25,1753.1
2022-07-01,Algeria,27,1681.5
2022-07-01,Egypt,26,1726.8
2022-07-01,Canada,30,1781.6
2022-07-01,Tunisia,34,1740.4
2022-07-01,Paraguay,28,1787.2
2022-07-01,Peru,34,1766.7
2022-07-01,Ghana,35,1726.9
2022-07-01,Saudi Arabia,36,1699.8
2022-07-01,Cabo Verde,32,1675.7
2022-07-01,Slovakia,41,1688.2
2022-07-01,Scotland,39,1698.0
2022-07-01,Jordan,39,1732.3
2022-07-01,Czechia,39,1691.9
2022-07-01,South Africa,42,1662.8
2022-07-01,Venezuela,40,1625.0
2022-07-01,Chile,45,1582.8
2022-07-01,Bolivia,41,1695.9
2022-07-01,Indonesia,46,1610.5
2022-07-01,New Zealand,47,1649.9
2022-07-01,Costa Rica,50,1587.9
2022-07-01,Curaçao,45,1623.9
2022-07-01,Honduras,47,1671.1
2022-07-01,DR Congo,51,1665.1
2022-07-01,Kenya,53,1532.4
2022-07-01,Panama,46,1533.6
2022-07-01,Bosnia and Herzegovina,47,1530.7
2022-07-01,Qatar,49,1534.0
2022-07-01,Haiti,53,1524.9
2022-07-01,Cuba,51,1582.7
2022-07-01,Iraq,59,1575.3
2022-07-01,Trinidad and Tobago,55,1564.3
2022-07-01,Uzbekistan,63,1460.2
2022-08-01,France,1,2026.7
2022-08-01,Spain,5,1984.0
2022-08-01,Argentina,1,1966.2
2022-08-01,England,7,1967.6
2022-08-01,Portugal,1,1962.2
2022-08-01,Brazil,2,1918.9
2022-08-01,Netherlands,6,1885.2
2022-08-01,Morocco,10,1951.1
2022-08-01,Belgium,10,1930.9
2022-08-01,Germany,6,1893.4
2022-08-01,Croatia,8,1963.1
2022-08-01,Austria,12,1890.2
2022-08-01,Colombia,15,1925.5
2022-08-01,Senegal,16,1914.8
2022-08-01,Mexico,18,1918.4
2022-08-01,United States,17,1899.1
2022-08-01,Uruguay,21,1794.9
2022-08-01,Japan,15,1880.5
2022-08-01,Switzerland,21,1886.6
2022-08-01,Norway,17,1870.0
2022-08-01,Iran,22,1792.4
2022-08-01,Turkey,23,1759.8
2022-08-01,Ecuador,27,1844.0
2022-08-01,Sweden,21,1790.2
2022-08-01,South Korea,23,1776.7
2022-08-01,Nigeria,24,1779.7
2022-08-01,Australia,29,1796.7
2022-08-01,Ivory Coast,25,1763.5
2022-08-01,Algeria,24,1801.5
2022-08-01,Egypt,32,1772.0
2022-08-01,Canada,27,1770.4
2022-08-01,Tunisia,31,1743.6
2022-08-01,Paraguay,36,1799.1
2022-08-01,Peru,34,1744.0
2022-08-01,Ghana,34,1689.9
2022-08-01,Saudi Arabia,35,1667.7
2022-08-01,Cabo Verde,40,1759.4
2022-08-01,Slovakia,37,1735.4
2022-08-01,Scotland,35,1669.1
2022-08-01,Jordan,39,1671.5
2022-08-01,Czechia,40,1694.3
2022-08-01,South Africa,37,1628.8
2022-08-01,Venezuela,43,1634.9
2022-08-01,Chile,43,1645.2
2022-08-01,Bolivia,47,1659.1
2022-08-01,Indonesia,42,1631.4
2022-08-01,New Zealand,45,1626.6
2022-08-01,Costa Rica,51,1637.3
2022-08-01,Curaçao,50,1646.0
2022-08-01,Honduras,46,1662.5
2022-08-01,DR Congo,48,1630.3
2022-08-01,Kenya,53,1598.7
2022-08-01,Panama,51,1591.4
2022-08-01,Bosnia and Herzegovina,54,1593.1
2022-08-01,Qatar,50,1561.8
2022-08-01,Haiti,50,1630.4
2022-08-01,Cuba,51,1584.8
2022-08-01,Iraq,59,1537.2
2022-08-01,Trinidad and Tobago,53,1619.5
2022-08-01,Uzbekistan,60,1479.1
2022-09-01,France,1,1992.2
2022-09-01,Spain,6,1999.7
2022-09-01,Argentina,2,1983.1
2022-09-01,England,8,1977.2
2022-09-01,Portugal,7,1936.7
2022-09-01,Brazil,4,1910.7
2022-09-01,Netherlands,10,1923.6
2022-09-01,Morocco,11,1912.4
2022-09-01,Belgium,5,1915.9
2022-09-01,Germany,7,1925.6
2022-09-01,Croatia,12,1915.4
2022-09-01,Austria,10,1921.3
2022-09-01,Colombia,15,1836.5
2022-09-01,Senegal,15,1916.1
2022-09-01,Mexico,18,1867.7
2022-09-01,United States,17,1922.1
2022-09-01,Uruguay,20,1871.9
2022-09-01,Japan,20,1840.3
2022-09-01,Switzerland,16,1893.0
2022-09-01,Norway,24,1826.4
2022-09-01,Iran,21,1875.7
2022-09-01,Turkey,23,1804.3
2022-09-01,Ecuador,25,1812.9
2022-09-01,Sweden,25,1803.1
2022-09-01,South Korea,28,1789.5
2022-09-01,Nigeria,24,1815.3
2022-09-01,Australia,25,1743.6
2022-09-01,Ivory Coast,27,1786.4
2022-09-01,Algeria,30,1731.1
2022-09-01,Egypt,29,1747.4
2022-09-01,Canada,33,1759.3
2022-09-01,Tunisia,32,1703.8
2022-09-01,Paraguay,35,1763.1
2022-09-01,Peru,32,1686.5
2022-09-01,Ghana,38,1750.8
2022-09-01,Saudi Arabia,32,1735.4
2022-09-01,Cabo Verde,38,1632.9
2022-09-01,Slovakia,36,1737.0
2022-09-01,Scotland,39,1756.8
2022-09-01,Jordan,39,1678.9
2022-09-01,Czechia,37,1731.9
2022-09-01,South Africa,41,1689.8
2022-09-01,Venezuela,45,1686.0
2022-09-01,Chile,45,1629.2
2022-09-01,Bolivia,41,1664.3
2022-09-01,Indonesia,44,1633.6
2022-09-01,New Zealand,45,1656.5
2022-09-01,Costa Rica,47,1610.4
2022-09-01,Curaçao,44,1655.2
2022-09-01,Honduras,51,1643.5
2022-09-01,DR Congo,44,1670.3
2022-09-01,Kenya,47,1663.3
2022-09-01,Panama,53,1520.2
2022-09-01,Bosnia and Herzegovina,49,1580.1
2022-09-01,Qatar,50,1581.6
2022-09-01,Haiti,50,1599.6
2022-09-01,Cuba,58,1552.1
2022-09-01,Iraq,58,1595.2
2022-09-01,Trinidad and Tobago,57,1582.9
2022-09-01,Uzbekistan,59,1561.6
2022-10-01,France,1,1998.6
2022-10-01,Spain,1,1958.6
2022-10-01,Argentina,3,1949.0
2022-10-01,England,4,1952.6
2022-10-01,Portugal,6,1992.9
2022-10-01,Brazil,6,1959.9
2022-10-01,Netherlands,10,1952.8
2022-10-01,Morocco,6,1937.3
2022-10-01,Belgium,13,1947.3
2022-10-01,Germany,7,1920.8
2022-10-01,Croatia,7,1922.7
2022-10-01,Austria,13,1844.8
2022-10-01,Colombia,17,1913.2
2022-10-01,Senegal,12,1835.8
2022-10-01,Mexico,17,1883.2
2022-10-01,United States,15,1835.6
2022-10-01,Uruguay,19,1868.9
2022-10-01,Japan,14,1856.1
2022-10-01,Switzerland,16,1855.8
2022-10-01,Norway,20,1783.8
2022-10-01,Iran,23,1810.4
2022-10-01,Turkey,18,1810.6
2022-10-01,Ecuador,25,1833.8
2022-10-01,Sweden,23,1836.9
2022-10-01,South Korea,29,1806.5
2022-10-01,Nigeria,28,1754.2
2022-10-01,Australia,25,1785.0
2022-10-01,Ivory Coast,29,1771.2
2022-10-01,Algeria,30,1751.7
2022-10-01,Egypt,27,1738.2
2022-10-01,Canada,33,1746.7
2022-10-01,Tunisia,27,1705.3
2022-10-01,Paraguay,31,1739.6
2022-10-01,Peru,35,1736.3
2022-10-01,Ghana,31,1722.6
2022-10-01,Saudi Arabia,34,1745.6
2022-10-01,Cabo Verde,33,1715.4
2022-10-01,Slovakia,36,1720.1
2022-10-01,Scotland,34,1661.9
2022-10-01,Jordan,38,1665.7
2022-10-01,Czechia,41,1668.4
2022-10-01,South Africa,40,1669.0
2022-10-01,Venezuela,41,1668.4
2022-10-01,Chile,42,1682.7
2022-10-01,Bolivia,47,1590.2
2022-10-01,Indonesia,41,1631.8
2022-10-01,New Zealand,44,1656.5
2022-10-01,Costa Rica,45,1656.3
2022-10-01,Curaçao,50,1573.3
2022-10-01,Honduras,47,1658.2
2022-10-01,DR Congo,52,1618.6
2022-10-01,Kenya,49,1629.1
2022-10-01,Panama,51,1619.2
2022-10-01,Bosnia and Herzegovina,50,1530.8
2022-10-01,Qatar,49,1611.6
2022-10-01,Haiti,54,1586.6
2022-10-01,Cuba,51,1566.1
2022-10-01,Iraq,51,1591.0
2022-10-01,Trinidad and Tobago,55,1573.9
2022-10-01,Uzbekistan,60,1515.5
2022-11-01,France,1,1975.4
2022-11-01,Spain,1,1982.8
2022-11-01,Argentina,5,1977.3
2022-11-01,England,4,1934.8
2022-11-01,Portugal,6,1935.8
2022-11-01,Brazil,6,1916.7
2022-11-01,Netherlands,11,1999.3
2022-11-01,Morocco,5,1931.6
2022-11-01,Belgium,11,1960.3
2022-11-01,Germany,13,1885.1
2022-11-01,Croatia,15,1885.4
2022-11-01,Austria,10,1922.1
2022-11-01,Colombia,16,1850.3
2022-11-01,Senegal,15,1879.3
2022-11-01,Mexico,11,1888.8
2022-11-01,United States,14,1840.0
2022-11-01,Uruguay,19,1866.8
2022-11-01,Japan,19,1860.0
2022-11-01,Switzerland,21,1844.8
2022-11-01,Norway,22,1827.4
2022-11-01,Iran,23,1823.2
2022-11-01,Turkey,18,1840.3
2022-11-01,Ecuador,26,1835.2
2022-11-01,Sweden,20,1834.3
2022-11-01,South Korea,26,1763.7
2022-11-01,Nigeria,30,1755.9
2022-11-01,Australia,29,1843.6
2022-11-01,Ivory Coast,26,1756.5
2022-11-01,Algeria,32,1734.5
2022-11-01,Egypt,25,1770.8
2022-11-01,Canada,32,1738.3
2022-11-01,Tunisia,30,1718.7
2022-11-01,Paraguay,31,1800.2
2022-11-01,Peru,30,1683.4
2022-11-01,Ghana,33,1788.8
2022-11-01,Saudi Arabia,32,1764.9
2022-11-01,Cabo Verde,35,1702.8
2022-11-01,Slovakia,38,1674.8
2022-11-01,Scotland,35,1675.6
2022-11-01,Jordan,40,1717.4
2022-11-01,Czechia,42,1685.0
2022-11-01,South Africa,37,1749.1
2022-11-01,Venezuela,39,1661.6
2022-11-01,Chile,40,1691.1
2022-11-01,Bolivia,42,1661.0
2022-11-01,Indonesia,47,1587.4
2022-11-01,New Zealand,44,1654.5
2022-11-01,Costa Rica,44,1646.0
2022-11-01,Curaçao,49,1657.5
2022-11-01,Honduras,50,1610.3
2022-11-01,DR Congo,45,1598.3
2022-11-01,Kenya,50,1547.2
2022-11-01,Panama,48,1560.9
2022-11-01,Bosnia and Herzegovina,49,1602.0
2022-11-01,Qatar,49,1590.1
2022-11-01,Haiti,54,1566.9
2022-11-01,Cuba,52,1544.0
2022-11-01,Iraq,54,1542.8
2022-11-01,Trinidad and Tobago,54,1554.8
2022-11-01,Uzbekistan,60,1506.0
2022-12-01,France,5,2012.5
2022-12-01,Spain,3,1963.2
2022-12-01,Argentina,5,1956.9
2022-12-01,England,7,1952.9
2022-12-01,Portugal,2,1967.4
2022-12-01,Brazil,7,1954.5
2022-12-01,Netherlands,9,2012.7
2022-12-01,Morocco,5,1900.0
2022-12-01,Belgium,5,1942.7
2022-12-01,Germany,12,1902.4
2022-12-01,Croatia,10,1913.0
2022-12-01,Austria,13,1914.2
2022-12-01,Colombia,17,1887.1
2022-12-01,Senegal,15,1852.0
2022-12-01,Mexico,16,1937.7
2022-12-01,United States,17,1855.4
2022-12-01,Uruguay,15,1847.0
2022-12-01,Japan,15,1804.8
2022-12-01,Switzerland,20,1847.0
2022-12-01,Norway,16,1871.0
2022-12-01,Iran,23,1840.3
2022-12-01,Turkey,20,1839.0
2022-12-01,Ecuador,24,1905.1
2022-12-01,Sweden,21,1754.9
2022-12-01,South Korea,28,1768.6
2022-12-01,Nigeria,28,1793.1
2022-12-01,Australia,24,1835.5
2022-12-01,Ivory Coast,28,1774.5
2022-12-01,Algeria,26,1745.2
2022-12-01,Egypt,32,1754.4
2022-12-01,Canada,27,1805.8
2022-12-01,Tunisia,31,1722.6
2022-12-01,Paraguay,30,1724.6
2022-12-01,Peru,29,1791.3
2022-12-01,Ghana,38,1737.4
2022-12-01,Saudi Arabia,39,1735.2
2022-12-01,Cabo Verde,34,1713.5
2022-12-01,Slovakia,38,1706.7
2022-12-01,Scotland,35,1721.8
2022-12-01,Jordan,36,1668.7
2022-12-01,Czechia,40,1678.2
2022-12-01,South Africa,39,1751.8
2022-12-01,Venezuela,38,1659.3
2022-12-01,Chile,45,1661.5
2022-12-01,Bolivia,43,1669.6
2022-12-01,Indonesia,45,1613.4
2022-12-01,New Zealand,45,1597.3
2022-12-01,Costa Rica,48,1586.7
2022-12-01,Curaçao,43,1609.3
2022-12-01,Honduras,48,1618.6
2022-12-01,DR Congo,45,1663.6
2022-12-01,Kenya,52,1587.0
2022-12-01,Panama,51,1554.4
2022-12-01,Bosnia and Herzegovina,49,1577.6
2022-12-01,Qatar,53,1594.8
2022-12-01,Haiti,49,1517.8
2022-12-01,Cuba,58,1532.1
2022-12-01,Iraq,54,1537.5
2022-12-01,Trinidad and Tobago,51,1557.9
2022-12-01,Uzbekistan,67,1503.1
2023-01-01,France,5,1990.2
2023-01-01,Spain,1,1979.5
2023-01-01,Argentina,4,1989.9
2023-01-01,England,6,1954.5
2023-01-01,Portugal,9,1936.6
2023-01-01,Brazil,10,1917.3
2023-01-01,Netherlands,6,1958.1
2023-01-01,Morocco,5,1905.9
2023-01-01,Belgium,10,1957.3
2023-01-01,Germany,6,1897.2
2023-01-01,Croatia,12,1909.6
2023-01-01,Austria,16,1905.1
2023-01-01,Colombia,11,1908.0
2023-01-01,Senegal,13,1884.2
2023-01-01,Mexico,16,1878.4
2023-01-01,United States,16,1875.9
2023-01-01,Uruguay,13,1853.8
2023-01-01,Japan,21,1854.1
2023-01-01,Switzerland,22,1917.5
2023-01-01,Norway,21,1841.2
2023-01-01,Iran,24,1849.8
2023-01-01,Turkey,21,1830.4
2023-01-01,Ecuador,22,1781.0
2023-01-01,Sweden,26,1796.4
2023-01-01,South Korea,29,1775.0
2023-01-01,Nigeria,29,1752.3
2023-01-01,Australia,27,1722.6
2023-01-01,Ivory Coast,30,1797.8
2023-01-01,Algeria,28,1797.9
2023-01-01,Egypt,26,1738.5
2023-01-01,Canada,27,1773.0
2023-01-01,Tunisia,27,1706.3
2023-01-01,Paraguay,31,1744.5
2023-01-01,Peru,37,1766.2
2023-01-01,Ghana,37,1748.0
2023-01-01,Saudi Arabia,34,1737.8
2023-01-01,Cabo Verde,38,1689.3
2023-01-01,Slovakia,41,1629.2
2023-01-01,Scotland,38,1667.5
2023-01-01,Jordan,36,1715.6
2023-01-01,Czechia,39,1701.1
2023-01-01,South Africa,39,1659.0
2023-01-01,Venezuela,40,1675.1
2023-01-01,Chile,39,1677.1
2023-01-01,Bolivia,43,1663.0
2023-01-01,Indonesia,46,1605.4
2023-01-01,New Zealand,48,1632.1
2023-01-01,Costa Rica,43,1639.3
2023-01-01,Curaçao,43,1650.1
2023-01-01,Honduras,45,1623.1
2023-01-01,DR Congo,44,1590.1
2023-01-01,Kenya,50,1636.1
2023-01-01,Panama,53,1552.2
2023-01-01,Bosnia and Herzegovina,47,1570.4
2023-01-01,Qatar,48,1608.0
2023-01-01,Haiti,55,1599.2
2023-01-01,Cuba,54,1571.9
2023-01-01,Iraq,59,1531.7
2023-01-01,Trinidad and Tobago,57,1536.7
2023-01-01,Uzbekistan,60,1508.2
2023-02-01,France,1,2040.1
2023-02-01,Spain,1,1991.4
2023-02-01,Argentina,7,1923.9
2023-02-01,England,6,1985.4
2023-02-01,Portugal,5,2002.0
2023-02-01,Brazil,2,1938.9
2023-02-01,Netherlands,3,1955.1
2023-02-01,Morocco,11,1937.9
2023-02-01,Belgium,13,1888.5
2023-02-01,Germany,7,1949.6
2023-02-01,Croatia,11,1894.0
2023-02-01,Austria,16,1933.5
2023-02-01,Colombia,9,1890.9
2023-02-01,Senegal,11,1893.2
2023-02-01,Mexico,19,1862.8
2023-02-01,United States,12,1867.0
2023-02-01,Uruguay,14,1817.2
2023-02-01,Japan,17,1883.1
2023-02-01,Switzerland,16,1855.6
2023-02-01,Norway,24,1860.2
2023-02-01,Iran,22,1848.2
2023-02-01,Turkey,25,1806.6
2023-02-01,Ecuador,20,1796.0
2023-02-01,Sweden,25,1880.4
2023-02-01,South Korea,22,1772.6
2023-02-01,Nigeria,30,1776.2
2023-02-01,Australia,29,1770.3
2023-02-01,Ivory Coast,30,1834.3
2023-02-01,Algeria,28,1795.3
2023-02-01,Egypt,30,1764.2
2023-02-01,Canada,29,1732.7
2023-02-01,Tunisia,33,1764.8
2023-02-01,Paraguay,31,1653.1
2023-02-01,Peru,33,1755.0
2023-02-01,Ghana,37,1755.9
2023-02-01,Saudi Arabia,35,1702.8
2023-02-01,Cabo Verde,36,1716.5
2023-02-01,Slovakia,34,1681.4
2023-02-01,Scotland,38,1698.1
2023-02-01,Jordan,37,1722.8
2023-02-01,Czechia,43,1653.5
2023-02-01,South Africa,38,1707.2
2023-02-01,Venezuela,45,1635.0
2023-02-01,Chile,44,1645.9
2023-02-01,Bolivia,40,1602.0
2023-02-01,Indonesia,41,1623.9
2023-02-01,New Zealand,48,1630.3
2023-02-01,Costa Rica,50,1629.3
2023-02-01,Curaçao,49,1651.6
2023-02-01,Honduras,50,1610.5
2023-02-01,DR Congo,48,1636.3
2023-02-01,Kenya,51,1634.2
2023-02-01,Panama,50,1645.1
2023-02-01,Bosnia and Herzegovina,50,1556.3
2023-02-01,Qatar,51,1560.5
2023-02-01,Haiti,50,1617.1
2023-02-01,Cuba,54,1599.3
2023-02-01,Iraq,59,1602.8
2023-02-01,Trinidad and Tobago,59,1549.9
2023-02-01,Uzbekistan,67,1457.9
2023-03-01,France,1,1979.9
2023-03-01,Spain,1,1978.0
2023-03-01,Argentina,2,1965.9
2023-03-01,England,6,2001.7
2023-03-01,Portugal,4,1937.2
2023-03-01,Brazil,7,1970.2
2023-03-01,Netherlands,4,1960.4
2023-03-01,Morocco,7,1927.9
2023-03-01,Belgium,13,1957.2
2023-03-01,Germany,14,1875.4
2023-03-01,Croatia,7,1943.0
2023-03-01,Austria,9,1925.9
2023-03-01,Colombia,16,1901.0
2023-03-01,Senegal,15,1942.1
2023-03-01,Mexico,19,1850.1
2023-03-01,United States,16,1871.2
2023-03-01,Uruguay,14,1893.1
2023-03-01,Japan,22,1866.0
2023-03-01,Switzerland,15,1885.9
2023-03-01,Norway,24,1846.4
2023-03-01,Iran,21,1815.9
2023-03-01,Turkey,22,1869.5
2023-03-01,Ecuador,21,1827.7
2023-03-01,Sweden,25,1840.2
2023-03-01,South Korea,21,1794.5
2023-03-01,Nigeria,26,1848.1
2023-03-01,Australia,26,1778.4
2023-03-01,Ivory Coast,30,1750.3
2023-03-01,Algeria,30,1729.0
2023-03-01,Egypt,25,1787.9
2023-03-01,Canada,29,1781.4
2023-03-01,Tunisia,32,1761.4
2023-03-01,Paraguay,34,1794.8
2023-03-01,Peru,37,1765.1
2023-03-01,Ghana,39,1679.8
2023-03-01,Saudi Arabia,34,1668.8
2023-03-01,Cabo Verde,38,1737.6
2023-03-01,Slovakia,39,1703.7
2023-03-01,Scotland,38,1657.2
2023-03-01,Jordan,37,1732.3
2023-03-01,Czechia,40,1655.7
2023-03-01,South Africa,38,1667.1
2023-03-01,Venezuela,42,1666.2
2023-03-01,Chile,43,1671.8
2023-03-01,Bolivia,43,1687.6
2023-03-01,Indonesia,43,1673.6
2023-03-01,New Zealand,46,1653.1
2023-03-01,Costa Rica,43,1663.8
2023-03-01,Curaçao,48,1628.5
2023-03-01,Honduras,49,1600.4
2023-03-01,DR Congo,46,1582.9
2023-03-01,Kenya,46,1628.7
2023-03-01,Panama,51,1565.4
2023-03-01,Bosnia and Herzegovina,54,1624.1
2023-03-01,Qatar,50,1591.9
2023-03-01,Haiti,53,1602.1
2023-03-01,Cuba,53,1520.6
2023-03-01,Iraq,59,1497.2
2023-03-01,Trinidad and Tobago,53,1528.9
2023-03-01,Uzbekistan,60,1481.9
2023-04-01,France,1,1937.5
2023-04-01,Spain,4,1951.4
2023-04-01,Argentina,1,2028.1
2023-04-01,England,1,1979.1
2023-04-01,Portugal,4,1939.3
2023-04-01,Brazil,3,1931.0
2023-04-01,Netherlands,3,1934.3
2023-04-01,Morocco,9,2005.0
2023-04-01,Belgium,8,1925.4
2023-04-01,Germany,12,1921.7
2023-04-01,Croatia,10,1859.9
2023-04-01,Austria,14,1969.5
2023-04-01,Colombia,17,1830.8
2023-04-01,Senegal,14,1912.8
2023-04-01,Mexico,18,1935.4
2023-04-01,United States,20,1872.3
2023-04-01,Uruguay,16,1868.2
2023-04-01,Japan,14,1854.0
2023-04-01,Switzerland,22,1790.5
2023-04-01,Norway,21,1814.9
2023-04-01,Iran,22,1779.7
2023-04-01,Turkey,19,1778.6
2023-04-01,Ecuador,19,1837.8
2023-04-01,Sweden,22,1789.4
2023-04-01,South Korea,21,1782.2
2023-04-01,Nigeria,22,1794.9
2023-04-01,Australia,27,1765.8
2023-04-01,Ivory Coast,28,1835.6
2023-04-01,Algeria,25,1770.7
2023-04-01,Egypt,26,1753.7
2023-04-01,Canada,34,1788.4
2023-04-01,Tunisia,35,1760.8
2023-04-01,Paraguay,34,1729.3
2023-04-01,Peru,34,1735.1
2023-04-01,Ghana,31,1741.4
2023-04-01,Saudi Arabia,34,1761.3
2023-04-01,Cabo Verde,35,1732.0
2023-04-01,Slovakia,38,1650.5
2023-04-01,Scotland,40,1694.5
2023-04-01,Jordan,39,1696.3
2023-04-01,Czechia,41,1715.4
2023-04-01,South Africa,43,1652.7
2023-04-01,Venezuela,43,1626.7
2023-04-01,Chile,39,1648.1
2023-04-01,Bolivia,41,1668.3
2023-04-01,Indonesia,48,1652.5
2023-04-01,New Zealand,44,1585.1
2023-04-01,Costa Rica,44,1643.5
2023-04-01,Curaçao,51,1604.8
2023-04-01,Honduras,48,1640.4
2023-04-01,DR Congo,51,1636.8
2023-04-01,Kenya,51,1611.8
2023-04-01,Panama,46,1583.3
2023-04-01,Bosnia and Herzegovina,53,1592.0
2023-04-01,Qatar,51,1557.8
2023-04-01,Haiti,50,1597.5
2023-04-01,Cuba,58,1656.2
2023-04-01,Iraq,53,1587.9
2023-04-01,Trinidad and Tobago,55,1551.4
2023-04-01,Uzbekistan,61,1514.8
2023-05-01,France,3,1940.4
2023-05-01,Spain,3,1993.2
2023-05-01,Argentina,3,1919.6
2023-05-01,England,5,2017.0
2023-05-01,Portugal,5,1923.5
2023-05-01,Brazil,9,1925.2
2023-05-01,Netherlands,11,1882.8
2023-05-01,Morocco,10,1947.8
2023-05-01,Belgium,5,1953.3
2023-05-01,Germany,11,1908.5
2023-05-01,Croatia,9,1920.1
2023-05-01,Austria,11,1908.3
2023-05-01,Colombia,13,1942.8
2023-05-01,Senegal,14,1871.9
2023-05-01,Mexico,12,1938.9
2023-05-01,United States,14,1843.4
2023-05-01,Uruguay,20,1799.2
2023-05-01,Japan,20,1804.2
2023-05-01,Switzerland,22,1829.9
2023-05-01,Norway,21,1851.0
2023-05-01,Iran,24,1816.4
2023-05-01,Turkey,20,1877.3
2023-05-01,Ecuador,21,1825.7
2023-05-01,Sweden,24,1874.7
2023-05-01,South Korea,23,1787.5
2023-05-01,Nigeria,30,1816.8
2023-05-01,Australia,29,1789.2
2023-05-01,Ivory Coast,32,1756.5
2023-05-01,Algeria,30,1783.4
2023-05-01,Egypt,27,1738.4
2023-05-01,Canada,31,1740.3
2023-05-01,Tunisia,28,1735.5
2023-05-01,Paraguay,35,1732.9
2023-05-01,Peru,32,1699.1
2023-05-01,Ghana,31,1734.6
2023-05-01,Saudi Arabia,34,1729.0
2023-05-01,Cabo Verde,32,1695.6
2023-05-01,Slovakia,38,1685.0
2023-05-01,Scotland,40,1698.7
2023-05-01,Jordan,42,1706.3
2023-05-01,Czechia,41,1705.8
2023-05-01,South Africa,44,1697.2
2023-05-01,Venezuela,39,1676.3
2023-05-01,Chile,45,1645.7
2023-05-01,Bolivia,45,1671.1
2023-05-01,Indonesia,48,1695.5
2023-05-01,New Zealand,43,1623.8
2023-05-01,Costa Rica,48,1624.7
2023-05-01,Curaçao,46,1626.1
2023-05-01,Honduras,47,1632.9
2023-05-01,DR Congo,48,1607.4
2023-05-01,Kenya,51,1616.7
2023-05-01,Panama,50,1657.8
2023-05-01,Bosnia and Herzegovina,48,1618.7
2023-05-01,Qatar,49,1593.0
2023-05-01,Haiti,53,1569.8
2023-05-01,Cuba,53,1557.4
2023-05-01,Iraq,54,1561.1
2023-05-01,Trinidad and Tobago,54,1541.8
2023-05-01,Uzbekistan,66,1465.0
2023-06-01,France,5,1963.3
2023-06-01,Spain,5,1997.1
2023-06-01,Argentina,4,1945.7
2023-06-01,England,3,2009.6
2023-06-01,Portugal,1,1940.6
2023-06-01,Brazil,9,1912.7
2023-06-01,Netherlands,3,1970.3
2023-06-01,Morocco,9,1927.2
2023-06-01,Belgium,11,1926.0
2023-06-01,Germany,14,1942.0
2023-06-01,Croatia,9,1861.0
2023-06-01,Austria,13,1901.0
2023-06-01,Colombia,16,1893.3
2023-06-01,Senegal,12,1834.2
2023-06-01,Mexico,11,1833.5
2023-06-01,United States,12,1861.7
2023-06-01,Uruguay,13,1830.3
2023-06-01,Japan,21,1872.5
2023-06-01,Switzerland,22,1838.4
2023-06-01,Norway,22,1863.1
2023-06-01,Iran,20,1833.8
2023-06-01,Turkey,22,1827.7
2023-06-01,Ecuador,19,1815.5
2023-06-01,Sweden,27,1814.3
2023-06-01,South Korea,23,1760.6
2023-06-01,Nigeria,25,1803.0
2023-06-01,Australia,31,1806.3
2023-06-01,Ivory Coast,25,1744.8
2023-06-01,Algeria,29,1771.0
2023-06-01,Egypt,26,1716.4
2023-06-01,Canada,33,1783.0
2023-06-01,Tunisia,27,1706.9
2023-06-01,Paraguay,29,1677.7
2023-06-01,Peru,36,1779.4
2023-06-01,Ghana,32,1754.8
2023-06-01,Saudi Arabia,34,1727.8
2023-06-01,Cabo Verde,32,1680.6
2023-06-01,Slovakia,34,1675.7
2023-06-01,Scotland,42,1700.0
2023-06-01,Jordan,37,1659.2
2023-06-01,Czechia,42,1697.2
2023-06-01,South Africa,42,1642.2
2023-06-01,Venezuela,39,1707.7
2023-06-01,Chile,45,1675.7
2023-06-01,Bolivia,41,1680.7
2023-06-01,Indonesia,44,1625.4
2023-06-01,New Zealand,47,1586.3
2023-06-01,Costa Rica,45,1643.9
2023-06-01,Curaçao,44,1626.9
2023-06-01,Honduras,47,1601.4
2023-06-01,DR Congo,45,1643.9
2023-06-01,Kenya,50,1586.6
2023-06-01,Panama,48,1607.6
2023-06-01,Bosnia and Herzegovina,47,1555.3
2023-06-01,Qatar,54,1579.5
2023-06-01,Haiti,55,1581.7
2023-06-01,Cuba,54,1577.8
2023-06-01,Iraq,55,1550.8
2023-06-01,Trinidad and Tobago,53,1560.0
2023-06-01,Uzbekistan,62,1493.3
2023-07-01,France,4,1945.3
2023-07-01,Spain,2,1960.6
2023-07-01,Argentina,1,1981.9
2023-07-01,England,5,1965.0
2023-07-01,Portugal,7,2049.8
2023-07-01,Brazil,5,1945.6
2023-07-01,Netherlands,10,1958.8
2023-07-01,Morocco,9,2029.0
2023-07-01,Belgium,7,1878.3
2023-07-01,Germany,6,1917.7
2023-07-01,Croatia,8,1891.0
2023-07-01,Austria,13,1892.7
2023-07-01,Colombia,10,1963.5
2023-07-01,Senegal,15,1951.3
2023-07-01,Mexico,13,1938.3
2023-07-01,United States,13,1887.0
2023-07-01,Uruguay,17,1835.5
2023-07-01,Japan,20,1859.1
2023-07-01,Switzerland,22,1902.1
2023-07-01,Norway,24,1878.0
2023-07-01,Iran,21,1851.3
2023-07-01,Turkey,21,1812.7
2023-07-01,Ecuador,25,1833.2
2023-07-01,Sweden,24,1828.4
2023-07-01,South Korea,23,1797.5
2023-07-01,Nigeria,30,1790.2
2023-07-01,Australia,25,1721.8
2023-07-01,Ivory Coast,26,1754.6
2023-07-01,Algeria,26,1808.5
2023-07-01,Egypt,31,1771.1
2023-07-01,Canada,31,1747.8
2023-07-01,Tunisia,29,1768.5
2023-07-01,Paraguay,32,1781.7
2023-07-01,Peru,36,1687.2
2023-07-01,Ghana,39,1644.7
2023-07-01,Saudi Arabia,34,1685.3
2023-07-01,Cabo Verde,39,1751.9
2023-07-01,Slovakia,38,1737.4
2023-07-01,Scotland,41,1756.5
2023-07-01,Jordan,36,1669.2
2023-07-01,Czechia,42,1664.2
2023-07-01,South Africa,45,1709.0
2023-07-01,Venezuela,46,1661.2
2023-07-01,Chile,42,1613.1
2023-07-01,Bolivia,47,1657.1
2023-07-01,Indonesia,43,1574.8
2023-07-01,New Zealand,48,1649.4
2023-07-01,Costa Rica,46,1665.0
2023-07-01,Curaçao,48,1582.3
2023-07-01,Honduras,46,1610.1
2023-07-01,DR Congo,50,1600.1
2023-07-01,Kenya,51,1604.2
2023-07-01,Panama,53,1572.0
2023-07-01,Bosnia and Herzegovina,49,1591.9
2023-07-01,Qatar,49,1567.5
2023-07-01,Haiti,56,1561.9
2023-07-01,Cuba,57,1578.9
2023-07-01,Iraq,55,1546.6
2023-07-01,Trinidad and Tobago,51,1539.8
2023-07-01,Uzbekistan,62,1512.7
2023-08-01,France,1,2005.1
2023-08-01,Spain,6,1973.1
2023-08-01,Argentina,1,1963.3
2023-08-01,England,6,1941.6
2023-08-01,Portugal,3,1969.1
2023-08-01,Brazil,2,1919.4
2023-08-01,Netherlands,9,1948.8
2023-08-01,Morocco,7,1921.1
2023-08-01,Belgium,11,1952.6
2023-08-01,Germany,13,1897.9
2023-08-01,Croatia,9,1890.4
2023-08-01,Austria,9,1931.1
2023-08-01,Colombia,15,1918.8
2023-08-01,Senegal,14,1839.8
2023-08-01,Mexico,15,1910.0
2023-08-01,United States,15,1872.1
2023-08-01,Uruguay,14,1864.5
2023-08-01,Japan,22,1827.3
2023-08-01,Switzerland,16,1886.8
2023-08-01,Norway,23,1824.4
2023-08-01,Iran,25,1785.0
2023-08-01,Turkey,25,1849.0
2023-08-01,Ecuador,20,1823.7
2023-08-01,Sweden,24,1810.0
2023-08-01,South Korea,26,1811.5
2023-08-01,Nigeria,23,1822.8
2023-08-01,Australia,30,1800.0
2023-08-01,Ivory Coast,31,1755.6
2023-08-01,Algeria,24,1733.5
2023-08-01,Egypt,31,1792.8
2023-08-01,Canada,33,1748.7
2023-08-01,Tunisia,27,1770.0
2023-08-01,Paraguay,30,1783.0
2023-08-01,Peru,32,1726.4
2023-08-01,Ghana,34,1683.0
2023-08-01,Saudi Arabia,34,1732.4
2023-08-01,Cabo Verde,36,1749.6
2023-08-01,Slovakia,33,1719.5
2023-08-01,Scotland,36,1687.4
2023-08-01,Jordan,37,1739.7
2023-08-01,Czechia,37,1696.4
2023-08-01,South Africa,44,1678.6
2023-08-01,Venezuela,44,1653.5
2023-08-01,Chile,39,1658.9
2023-08-01,Bolivia,43,1640.1
2023-08-01,Indonesia,48,1665.9
2023-08-01,New Zealand,48,1602.6
2023-08-01,Costa Rica,47,1612.3
2023-08-01,Curaçao,46,1598.8
2023-08-01,Honduras,45,1608.3
2023-08-01,DR Congo,51,1603.3
2023-08-01,Kenya,45,1578.0
2023-08-01,Panama,52,1596.6
2023-08-01,Bosnia and Herzegovina,53,1582.9
2023-08-01,Qatar,48,1572.5
2023-08-01,Haiti,55,1535.2
2023-08-01,Cuba,58,1531.2
2023-08-01,Iraq,55,1602.7
2023-08-01,Trinidad and Tobago,57,1551.3
2023-08-01,Uzbekistan,64,1524.1
2023-09-01,France,5,1921.9
2023-09-01,Spain,1,2015.6
2023-09-01,Argentina,3,1955.2
2023-09-01,England,2,1961.3
2023-09-01,Portugal,1,1955.9
2023-09-01,Brazil,2,2017.5
2023-09-01,Netherlands,5,1899.0
2023-09-01,Morocco,6,1984.1
2023-09-01,Belgium,9,1929.6
2023-09-01,Germany,11,1885.3
2023-09-01,Croatia,8,1893.2
2023-09-01,Austria,14,1910.1
2023-09-01,Colombia,10,1897.7
2023-09-01,Senegal,15,1882.1
2023-09-01,Mexico,12,1889.6
2023-09-01,United States,17,1900.5
2023-09-01,Uruguay,15,1881.1
2023-09-01,Japan,18,1843.9
2023-09-01,Switzerland,17,1808.5
2023-09-01,Norway,19,1870.1
2023-09-01,Iran,25,1772.3
2023-09-01,Turkey,20,1843.9
2023-09-01,Ecuador,20,1810.8
2023-09-01,Sweden,21,1828.8
2023-09-01,South Korea,24,1823.0
2023-09-01,Nigeria,24,1784.2
2023-09-01,Australia,26,1808.3
2023-09-01,Ivory Coast,26,1839.6
2023-09-01,Algeria,30,1724.5
2023-09-01,Egypt,25,1752.2
2023-09-01,Canada,26,1728.6
2023-09-01,Tunisia,27,1724.6
2023-09-01,Paraguay,35,1747.5
2023-09-01,Peru,36,1760.9
2023-09-01,Ghana,31,1738.0
2023-09-01,Saudi Arabia,35,1675.9
2023-09-01,Cabo Verde,36,1698.8
2023-09-01,Slovakia,35,1677.4
2023-09-01,Scotland,35,1706.9
2023-09-01,Jordan,39,1624.4
2023-09-01,Czechia,43,1673.6
2023-09-01,South Africa,43,1636.3
2023-09-01,Venezuela,41,1657.5
2023-09-01,Chile,40,1570.5
2023-09-01,Bolivia,41,1638.0
2023-09-01,Indonesia,48,1670.1
2023-09-01,New Zealand,48,1615.8
2023-09-01,Costa Rica,44,1614.0
2023-09-01,Curaçao,47,1634.7
2023-09-01,Honduras,46,1575.7
2023-09-01,DR Congo,45,1610.4
2023-09-01,Kenya,50,1601.6
2023-09-01,Panama,49,1676.2
2023-09-01,Bosnia and Herzegovina,50,1591.7
2023-09-01,Qatar,52,1574.1
2023-09-01,Haiti,53,1576.3
2023-09-01,Cuba,56,1585.6
2023-09-01,Iraq,51,1561.2
2023-09-01,Trinidad and Tobago,57,1553.5
2023-09-01,Uzbekistan,66,1475.2
2023-10-01,France,1,1991.6
2023-10-01,Spain,2,1971.6
2023-10-01,Argentina,4,1984.2
2023-10-01,England,4,1967.7
2023-10-01,Portugal,4,1902.9
2023-10-01,Brazil,4,1972.0
2023-10-01,Netherlands,3,1965.9
2023-10-01,Morocco,8,1952.4
2023-10-01,Belgium,9,1843.8
2023-10-01,Germany,13,1923.4
2023-10-01,Croatia,13,1925.0
2023-10-01,Austria,11,1947.5
2023-10-01,Colombia,15,1855.1
2023-10-01,Senegal,12,1864.4
2023-10-01,Mexico,18,1935.4
2023-10-01,United States,17,1842.1
2023-10-01,Uruguay,20,1842.1
2023-10-01,Japan,19,1843.8
2023-10-01,Switzerland,20,1812.9
2023-10-01,Norway,21,1861.2
2023-10-01,Iran,19,1807.6
2023-10-01,Turkey,21,1866.7
2023-10-01,Ecuador,21,1846.3
2023-10-01,Sweden,20,1785.7
2023-10-01,South Korea,26,1794.3
2023-10-01,Nigeria,30,1818.3
2023-10-01,Australia,30,1739.0
2023-10-01,Ivory Coast,29,1814.0
2023-10-01,Algeria,32,1746.0
2023-10-01,Egypt,31,1834.7
2023-10-01,Canada,31,1705.5
2023-10-01,Tunisia,32,1757.9
2023-10-01,Paraguay,32,1774.1
2023-10-01,Peru,33,1771.8
2023-10-01,Ghana,35,1733.7
2023-10-01,Saudi Arabia,37,1718.5
2023-10-01,Cabo Verde,35,1719.8
2023-10-01,Slovakia,41,1748.7
2023-10-01,Scotland,36,1680.7
2023-10-01,Jordan,42,1698.8
2023-10-01,Czechia,36,1646.2
2023-10-01,South Africa,44,1676.8
2023-10-01,Venezuela,43,1611.6
2023-10-01,Chile,39,1633.5
2023-10-01,Bolivia,43,1641.5
2023-10-01,Indonesia,45,1636.9
2023-10-01,New Zealand,46,1659.7
2023-10-01,Costa Rica,48,1637.4
2023-10-01,Curaçao,48,1625.9
2023-10-01,Honduras,46,1576.9
2023-10-01,DR Congo,52,1586.1
2023-10-01,Kenya,46,1563.1
2023-10-01,Panama,49,1542.8
2023-10-01,Bosnia and Herzegovina,50,1543.3
2023-10-01,Qatar,56,1582.7
2023-10-01,Haiti,53,1539.8
2023-10-01,Cuba,57,1571.9
2023-10-01,Iraq,53,1513.7
2023-10-01,Trinidad and Tobago,59,1574.4
2023-10-01,Uzbekistan,60,1515.9
2023-11-01,France,1,1986.8
2023-11-01,Spain,1,2010.0
2023-11-01,Argentina,5,2010.1
2023-11-01,England,7,2015.7
2023-11-01,Portugal,8,2010.4
2023-11-01,Brazil,9,1953.6
2023-11-01,Netherlands,11,2003.8
2023-11-01,Morocco,5,1947.1
2023-11-01,Belgium,13,1967.4
2023-11-01,Germany,6,1962.2
2023-11-01,Croatia,14,1904.5
2023-11-01,Austria,11,1848.1
2023-11-01,Colombia,15,1913.4
2023-11-01,Senegal,10,1892.0
2023-11-01,Mexico,13,1939.3
2023-11-01,United States,16,1902.5
2023-11-01,Uruguay,20,1833.4
2023-11-01,Japan,22,1892.4
2023-11-01,Switzerland,21,1808.3
2023-11-01,Norway,21,1839.6
2023-11-01,Iran,20,1825.2
2023-11-01,Turkey,18,1844.1
2023-11-01,Ecuador,24,1796.4
2023-11-01,Sweden,22,1799.8
2023-11-01,South Korea,29,1824.4
2023-11-01,Nigeria,28,1817.0
2023-11-01,Australia,27,1745.8
2023-11-01,Ivory Coast,28,1786.0
2023-11-01,Algeria,31,1744.7
2023-11-01,Egypt,32,1790.9
2023-11-01,Canada,34,1746.1
2023-11-01,Tunisia,29,1759.8
2023-11-01,Paraguay,36,1803.2
2023-11-01,Peru,35,1754.6
2023-11-01,Ghana,35,1715.1
2023-11-01,Saudi Arabia,33,1741.3
2023-11-01,Cabo Verde,34,1670.6
2023-11-01,Slovakia,35,1713.0
2023-11-01,Scotland,37,1699.0
2023-11-01,Jordan,38,1656.7
2023-11-01,Czechia,42,1652.0
2023-11-01,South Africa,38,1661.0
2023-11-01,Venezuela,39,1650.9
2023-11-01,Chile,43,1681.3
2023-11-01,Bolivia,42,1637.5
2023-11-01,Indonesia,41,1564.2
2023-11-01,New Zealand,44,1666.1
2023-11-01,Costa Rica,43,1640.2
2023-11-01,Curaçao,44,1605.6
2023-11-01,Honduras,46,1650.7
2023-11-01,DR Congo,49,1630.2
2023-11-01,Kenya,49,1638.9
2023-11-01,Panama,52,1619.4
2023-11-01,Bosnia and Herzegovina,51,1578.5
2023-11-01,Qatar,51,1578.3
2023-11-01,Haiti,50,1603.7
2023-11-01,Cuba,52,1552.8
2023-11-01,Iraq,52,1520.6
2023-11-01,Trinidad and Tobago,54,1519.9
2023-11-01,Uzbekistan,63,1462.7
2023-12-01,France,2,1994.4
2023-12-01,Spain,6,2001.5
2023-12-01,Argentina,5,1971.3
2023-12-01,England,1,2008.6
2023-12-01,Portugal,2,1976.1
2023-12-01,Brazil,7,2009.5
2023-12-01,Netherlands,10,1963.6
2023-12-01,Morocco,9,1975.2
2023-12-01,Belgium,10,1969.5
2023-12-01,Germany,10,1990.1
2023-12-01,Croatia,7,1949.7
2023-12-01,Austria,9,1920.5
2023-12-01,Colombia,10,1933.3
2023-12-01,Senegal,14,1898.4
2023-12-01,Mexico,12,1849.8
2023-12-01,United States,14,1878.2
2023-12-01,Uruguay,13,1869.8
2023-12-01,Japan,21,1891.6
2023-12-01,Switzerland,23,1811.6
2023-12-01,Norway,22,1876.8
2023-12-01,Iran,18,1819.8
2023-12-01,Turkey,23,1809.3
2023-12-01,Ecuador,25,1817.9
2023-12-01,Sweden,23,1819.0
2023-12-01,South Korea,21,1776.4
2023-12-01,Nigeria,30,1808.0
2023-12-01,Australia,29,1839.8
2023-12-01,Ivory Coast,28,1785.5
2023-12-01,Algeria,30,1860.5
2023-12-01,Egypt,33,1771.3
2023-12-01,Canada,27,1767.3
2023-12-01,Tunisia,34,1782.6
2023-12-01,Paraguay,36,1721.5
2023-12-01,Peru,34,1727.3
2023-12-01,Ghana,36,1717.5
2023-12-01,Saudi Arabia,38,1690.5
2023-12-01,Cabo Verde,32,1687.4
2023-12-01,Slovakia,34,1738.6
2023-12-01,Scotland,36,1781.7
2023-12-01,Jordan,37,1674.8
2023-12-01,Czechia,39,1683.4
2023-12-01,South Africa,42,1688.0
2023-12-01,Venezuela,42,1685.7
2023-12-01,Chile,42,1627.5
2023-12-01,Bolivia,47,1644.1
2023-12-01,Indonesia,44,1697.7
2023-12-01,New Zealand,44,1640.9
2023-12-01,Costa Rica,45,1576.7
2023-12-01,Curaçao,43,1624.2
2023-12-01,Honduras,45,1640.1
2023-12-01,DR Congo,49,1644.5
2023-12-01,Kenya,48,1575.6
2023-12-01,Panama,48,1593.1
2023-12-01,Bosnia and Herzegovina,50,1598.5
2023-12-01,Qatar,50,1612.5
2023-12-01,Haiti,51,1548.4
2023-12-01,Cuba,54,1548.8
2023-12-01,Iraq,57,1546.0
2023-12-01,Trinidad and Tobago,54,1613.4
2023-12-01,Uzbekistan,66,1484.0
2024-01-01,France,1,1984.0
2024-01-01,Spain,4,2005.0
2024-01-01,Argentina,2,1953.2
2024-01-01,England,1,1953.4
2024-01-01,Portugal,1,1902.1
2024-01-01,Brazil,8,1948.0
2024-01-01,Netherlands,10,1971.6
2024-01-01,Morocco,12,1885.6
2024-01-01,Belgium,13,1923.6
2024-01-01,Germany,14,1906.3
2024-01-01,Croatia,7,1900.9
2024-01-01,Austria,14,1843.4
2024-01-01,Colombia,9,1885.7
2024-01-01,Senegal,12,1959.1
2024-01-01,Mexico,19,1946.7
2024-01-01,United States,17,1860.6
2024-01-01,Uruguay,20,1871.9
2024-01-01,Japan,16,1867.4
2024-01-01,Switzerland,21,1823.6
2024-01-01,Norway,19,1837.8
2024-01-01,Iran,20,1835.4
2024-01-01,Turkey,22,1801.3
2024-01-01,Ecuador,23,1784.6
2024-01-01,Sweden,25,1760.1
2024-01-01,South Korea,24,1836.4
2024-01-01,Nigeria,29,1788.0
2024-01-01,Australia,24,1758.7
2024-01-01,Ivory Coast,30,1751.2
2024-01-01,Algeria,24,1816.4
2024-01-01,Egypt,29,1771.1
2024-01-01,Canada,33,1734.0
2024-01-01,Tunisia,34,1732.4
2024-01-01,Paraguay,32,1729.6
2024-01-01,Peru,31,1720.7
2024-01-01,Ghana,32,1678.8
2024-01-01,Saudi Arabia,36,1736.0
2024-01-01,Cabo Verde,32,1710.9
2024-01-01,Slovakia,33,1748.5
2024-01-01,Scotland,34,1675.5
2024-01-01,Jordan,40,1662.6
2024-01-01,Czechia,42,1625.4
2024-01-01,South Africa,45,1723.9
2024-01-01,Venezuela,40,1671.8
2024-01-01,Chile,42,1628.1
2024-01-01,Bolivia,44,1663.3
2024-01-01,Indonesia,46,1611.1
2024-01-01,New Zealand,45,1672.5
2024-01-01,Costa Rica,46,1621.9
2024-01-01,Curaçao,47,1643.0
2024-01-01,Honduras,47,1653.8
2024-01-01,DR Congo,46,1610.5
2024-01-01,Kenya,53,1577.8
2024-01-01,Panama,47,1587.0
2024-01-01,Bosnia and Herzegovina,50,1522.0
2024-01-01,Qatar,49,1566.6
2024-01-01,Haiti,49,1526.6
2024-01-01,Cuba,54,1610.1
2024-01-01,Iraq,51,1623.2
2024-01-01,Trinidad and Tobago,53,1518.1
2024-01-01,Uzbekistan,65,1514.2
2024-02-01,France,1,1975.9
2024-02-01,Spain,2,2013.1
2024-02-01,Argentina,5,1942.7
2024-02-01,England,4,1937.2
2024-02-01,Portugal,9,1921.7
2024-02-01,Brazil,4,1942.5
2024-02-01,Netherlands,7,1932.8
2024-02-01,Morocco,10,1964.2
2024-02-01,Belgium,10,2003.1
2024-02-01,Germany,7,1957.8
2024-02-01,Croatia,14,1931.4
2024-02-01,Austria,16,1990.3
2024-02-01,Colombia,16,1910.3
2024-02-01,Senegal,15,1881.7
2024-02-01,Mexico,19,1861.0
2024-02-01,United States,15,1865.4
2024-02-01,Uruguay,14,1871.6
2024-02-01,Japan,22,1886.5
2024-02-01,Switzerland,20,1917.8
2024-02-01,Norway,24,1790.1
2024-02-01,Iran,20,1867.0
2024-02-01,Turkey,26,1807.4
2024-02-01,Ecuador,22,1863.4
2024-02-01,Sweden,25,1859.7
2024-02-01,South Korea,29,1795.7
2024-02-01,Nigeria,28,1808.4
2024-02-01,Australia,29,1794.0
2024-02-01,Ivory Coast,32,1719.0
2024-02-01,Algeria,28,1746.4
2024-02-01,Egypt,27,1785.2
2024-02-01,Canada,26,1762.6
2024-02-01,Tunisia,29,1758.5
2024-02-01,Paraguay,35,1752.3
2024-02-01,Peru,29,1765.9
2024-02-01,Ghana,33,1677.0
2024-02-01,Saudi Arabia,35,1735.0
2024-02-01,Cabo Verde,33,1714.4
2024-02-01,Slovakia,37,1667.7
2024-02-01,Scotland,37,1668.8
2024-02-01,Jordan,43,1676.4
2024-02-01,Czechia,37,1695.5
2024-02-01,South Africa,37,1666.3
2024-02-01,Venezuela,45,1721.2
2024-02-01,Chile,44,1623.5
2024-02-01,Bolivia,41,1674.6
2024-02-01,Indonesia,49,1640.6
2024-02-01,New Zealand,46,1628.1
2024-02-01,Costa Rica,46,1602.6
2024-02-01,Curaçao,45,1656.2
2024-02-01,Honduras,46,1634.9
2024-02-01,DR Congo,49,1603.4
2024-02-01,Kenya,47,1616.7
2024-02-01,Panama,48,1623.9
2024-02-01,Bosnia and Herzegovina,50,1529.0
2024-02-01,Qatar,50,1529.9
2024-02-01,Haiti,52,1593.5
2024-02-01,Cuba,51,1558.2
2024-02-01,Iraq,51,1530.8
2024-02-01,Trinidad and Tobago,54,1595.1
2024-02-01,Uzbekistan,66,1486.2
2024-03-01,France,1,2008.4
2024-03-01,Spain,1,2004.0
2024-03-01,Argentina,1,2009.3
2024-03-01,England,2,1962.7
2024-03-01,Portugal,9,1942.7
2024-03-01,Brazil,7,1931.6
2024-03-01,Netherlands,3,1962.2
2024-03-01,Morocco,12,1898.4
2024-03-01,Belgium,10,1880.2
2024-03-01,Germany,14,1919.5
2024-03-01,Croatia,9,1900.1
2024-03-01,Austria,10,1895.1
2024-03-01,Colombia,12,1921.4
2024-03-01,Senegal,15,1864.1
2024-03-01,Mexico,13,1837.5
2024-03-01,United States,12,1871.7
2024-03-01,Uruguay,21,1855.5
2024-03-01,Japan,14,1827.2
2024-03-01,Switzerland,20,1879.1
2024-03-01,Norway,17,1842.9
2024-03-01,Iran,24,1842.1
2024-03-01,Turkey,22,1835.6
2024-03-01,Ecuador,27,1801.4
2024-03-01,Sweden,25,1811.9
2024-03-01,South Korea,23,1815.8
2024-03-01,Nigeria,25,1783.3
2024-03-01,Australia,26,1826.0
2024-03-01,Ivory Coast,30,1746.2
2024-03-01,Algeria,27,1811.7
2024-03-01,Egypt,29,1726.9
2024-03-01,Canada,30,1745.4
2024-03-01,Tunisia,30,1770.5
2024-03-01,Paraguay,34,1805.9
2024-03-01,Peru,32,1748.1
2024-03-01,Ghana,39,1702.1
2024-03-01,Saudi Arabia,34,1735.4
2024-03-01,Cabo Verde,36,1663.2
2024-03-01,Slovakia,35,1777.1
2024-03-01,Scotland,41,1651.0
2024-03-01,Jordan,40,1714.6
2024-03-01,Czechia,36,1684.2
2024-03-01,South Africa,41,1674.5
2024-03-01,Venezuela,46,1647.0
2024-03-01,Chile,39,1669.8
2024-03-01,Bolivia,48,1621.5
2024-03-01,Indonesia,44,1675.2
2024-03-01,New Zealand,46,1635.3
2024-03-01,Costa Rica,44,1589.9
2024-03-01,Curaçao,49,1649.5
2024-03-01,Honduras,51,1582.4
2024-03-01,DR Congo,46,1599.3
2024-03-01,Kenya,52,1609.7
2024-03-01,Panama,46,1614.0
2024-03-01,Bosnia and Herzegovina,55,1649.5
2024-03-01,Qatar,49,1602.4
2024-03-01,Haiti,51,1520.2
2024-03-01,Cuba,55,1497.3
2024-03-01,Iraq,51,1507.5
2024-03-01,Trinidad and Tobago,57,1597.1
2024-03-01,Uzbekistan,66,1482.3
2024-04-01,France,1,1996.1
2024-04-01,Spain,2,1971.3
2024-04-01,Argentina,1,1978.2
2024-04-01,England,6,1957.8
2024-04-01,Portugal,1,2010.4
2024-04-01,Brazil,3,1957.5
2024-04-01,Netherlands,9,1918.3
2024-04-01,Morocco,9,1934.5
2024-04-01,Belgium,12,1915.1
2024-04-01,Germany,7,1919.2
2024-04-01,Croatia,10,1880.0
2024-04-01,Austria,14,1871.3
2024-04-01,Colombia,12,1912.4
2024-04-01,Senegal,11,1908.9
2024-04-01,Mexico,13,1852.6
2024-04-01,United States,14,1879.7
2024-04-01,Uruguay,15,1883.8
2024-04-01,Japan,20,1890.1
2024-04-01,Switzerland,21,1854.6
2024-04-01,Norway,17,1859.6
2024-04-01,Iran,17,1818.5
2024-04-01,Turkey,23,1880.6
2024-04-01,Ecuador,19,1787.5
2024-04-01,Sweden,25,1833.1
2024-04-01,South Korea,21,1817.8
2024-04-01,Nigeria,29,1796.0
2024-04-01,Australia,23,1801.2
2024-04-01,Ivory Coast,30,1755.8
2024-04-01,Algeria,28,1792.5
2024-04-01,Egypt,25,1819.4
2024-04-01,Canada,30,1800.0
2024-04-01,Tunisia,27,1777.1
2024-04-01,Paraguay,34,1737.2
2024-04-01,Peru,29,1687.8
2024-04-01,Ghana,34,1774.1
2024-04-01,Saudi Arabia,38,1734.0
2024-04-01,Cabo Verde,37,1710.0
2024-04-01,Slovakia,37,1698.4
2024-04-01,Scotland,35,1690.4
2024-04-01,Jordan,35,1686.2
2024-04-01,Czechia,36,1662.7
2024-04-01,South Africa,43,1622.6
2024-04-01,Venezuela,45,1684.4
2024-04-01,Chile,44,1641.1
2024-04-01,Bolivia,42,1645.1
2024-04-01,Indonesia,43,1661.6
2024-04-01,New Zealand,48,1686.0
2024-04-01,Costa Rica,49,1611.2
2024-04-01,Curaçao,50,1618.7
2024-04-01,Honduras,52,1610.9
2024-04-01,DR Congo,45,1568.9
2024-04-01,Kenya,53,1653.9
2024-04-01,Panama,52,1531.9
2024-04-01,Bosnia and Herzegovina,47,1569.2
2024-04-01,Qatar,54,1588.8
2024-04-01,Haiti,51,1613.6
2024-04-01,Cuba,57,1550.9
2024-04-01,Iraq,51,1591.6
2024-04-01,Trinidad and Tobago,58,1585.7
2024-04-01,Uzbekistan,65,1506.0
2024-05-01,France,5,2009.4
2024-05-01,Spain,1,1953.5
2024-05-01,Argentina,2,1980.0
2024-05-01,England,8,2002.5
2024-05-01,Portugal,3,1968.9
2024-05-01,Brazil,3,1971.2
2024-05-01,Netherlands,3,1964.1
2024-05-01,Morocco,7,1927.8
2024-05-01,Belgium,13,1969.0
2024-05-01,Germany,13,1866.0
2024-05-01,Croatia,10,1889.8
2024-05-01,Austria,14,1915.5
2024-05-01,Colombia,13,1917.9
2024-05-01,Senegal,11,1849.8
2024-05-01,Mexico,13,1855.7
2024-05-01,United States,14,1898.4
2024-05-01,Uruguay,21,1810.6
2024-05-01,Japan,17,1858.7
2024-05-01,Switzerland,21,1810.7
2024-05-01,Norway,16,1864.9
2024-05-01,Iran,17,1841.5
2024-05-01,Turkey,18,1843.2
2024-05-01,Ecuador,23,1818.7
2024-05-01,Sweden,28,1812.2
2024-05-01,South Korea,21,1761.2
2024-05-01,Nigeria,26,1758.2
2024-05-01,Australia,31,1757.5
2024-05-01,Ivory Coast,29,1739.1
2024-05-01,Algeria,28,1774.1
2024-05-01,Egypt,33,1756.5
2024-05-01,Canada,31,1779.9
2024-05-01,Tunisia,35,1752.0
2024-05-01,Paraguay,32,1705.3
2024-05-01,Peru,35,1781.6
2024-05-01,Ghana,35,1707.1
2024-05-01,Saudi Arabia,39,1715.5
2024-05-01,Cabo Verde,33,1747.8
2024-05-01,Slovakia,34,1716.4
2024-05-01,Scotland,40,1642.9
2024-05-01,Jordan,42,1729.1
2024-05-01,Czechia,43,1638.3
2024-05-01,South Africa,37,1651.0
2024-05-01,Venezuela,40,1637.8
2024-05-01,Chile,39,1639.5
2024-05-01,Bolivia,46,1615.1
2024-05-01,Indonesia,41,1665.6
2024-05-01,New Zealand,49,1626.1
2024-05-01,Costa Rica,45,1572.4
2024-05-01,Curaçao,51,1609.5
2024-05-01,Honduras,46,1570.8
2024-05-01,DR Congo,46,1645.7
2024-05-01,Kenya,46,1594.8
2024-05-01,Panama,48,1593.5
2024-05-01,Bosnia and Herzegovina,52,1605.1
2024-05-01,Qatar,53,1561.3
2024-05-01,Haiti,53,1572.0
2024-05-01,Cuba,58,1621.6
2024-05-01,Iraq,58,1585.2
2024-05-01,Trinidad and Tobago,56,1551.4
2024-05-01,Uzbekistan,66,1501.9
2024-06-01,France,2,2022.9
2024-06-01,Spain,5,1950.9
2024-06-01,Argentina,5,1976.2
2024-06-01,England,1,2066.3
2024-06-01,Portugal,7,1989.1
2024-06-01,Brazil,6,1916.1
2024-06-01,Netherlands,6,1920.6
2024-06-01,Morocco,5,2005.7
2024-06-01,Belgium,8,1911.9
2024-06-01,Germany,9,1892.2
2024-06-01,Croatia,9,1923.0
2024-06-01,Austria,11,1921.3
2024-06-01,Colombia,12,1856.8
2024-06-01,Senegal,11,1865.5
2024-06-01,Mexico,13,1887.9
2024-06-01,United States,16,1856.7
2024-06-01,Uruguay,18,1865.3
2024-06-01,Japan,17,1907.0
2024-06-01,Switzerland,19,1828.0
2024-06-01,Norway,16,1845.5
2024-06-01,Iran,21,1823.4
2024-06-01,Turkey,18,1843.0
2024-06-01,Ecuador,21,1814.3
2024-06-01,Sweden,24,1851.0
2024-06-01,South Korea,24,1778.6
2024-06-01,Nigeria,24,1765.2
2024-06-01,Australia,25,1790.0
2024-06-01,Ivory Coast,31,1775.1
2024-06-01,Algeria,26,1761.9
2024-06-01,Egypt,27,1788.8
2024-06-01,Canada,30,1676.1
2024-06-01,Tunisia,33,1707.6
2024-06-01,Paraguay,32,1727.0
2024-06-01,Peru,32,1786.6
2024-06-01,Ghana,35,1737.1
2024-06-01,Saudi Arabia,35,1703.9
2024-06-01,Cabo Verde,38,1745.1
2024-06-01,Slovakia,33,1715.1
2024-06-01,Scotland,40,1675.1
2024-06-01,Jordan,42,1681.0
2024-06-01,Czechia,39,1694.9
2024-06-01,South Africa,44,1678.3
2024-06-01,Venezuela,38,1701.3
2024-06-01,Chile,41,1689.1
2024-06-01,Bolivia,47,1656.8
2024-06-01,Indonesia,47,1637.3
2024-06-01,New Zealand,43,1637.4
2024-06-01,Costa Rica,45,1599.7
2024-06-01,Curaçao,43,1647.3
2024-06-01,Honduras,46,1602.6
2024-06-01,DR Congo,52,1626.2
2024-06-01,Kenya,51,1638.0
2024-06-01,Panama,47,1655.7
2024-06-01,Bosnia and Herzegovina,55,1573.2
2024-06-01,Qatar,51,1564.5
2024-06-01,Haiti,51,1562.3
2024-06-01,Cuba,58,1519.8
2024-06-01,Iraq,58,1557.3
2024-06-01,Trinidad and Tobago,55,1586.6
2024-06-01,Uzbekistan,61,1487.1
2024-07-01,France,4,1976.8
2024-07-01,Spain,1,1949.5
2024-07-01,Argentina,1,2011.4
2024-07-01,England,1,2035.0
2024-07-01,Portugal,5,1968.2
2024-07-01,Brazil,5,2000.5
2024-07-01,Netherlands,8,1945.2
2024-07-01,Morocco,4,1938.7
2024-07-01,Belgium,12,1934.3
2024-07-01,Germany,12,1992.9
2024-07-01,Croatia,14,1918.5
2024-07-01,Austria,11,1902.3
2024-07-01,Colombia,10,1845.4
2024-07-01,Senegal,15,1887.4
2024-07-01,Mexico,17,1886.0
2024-07-01,United States,13,1836.9
2024-07-01,Uruguay,16,1878.6
2024-07-01,Japan,19,1849.9
2024-07-01,Switzerland,17,1874.5
2024-07-01,Norway,19,1833.4
2024-07-01,Iran,18,1790.5
2024-07-01,Turkey,26,1829.7
2024-07-01,Ecuador,27,1850.6
2024-07-01,Sweden,24,1818.5
2024-07-01,South Korea,29,1810.1
2024-07-01,Nigeria,23,1829.0
2024-07-01,Australia,25,1764.7
2024-07-01,Ivory Coast,29,1795.4
2024-07-01,Algeria,31,1774.1
2024-07-01,Egypt,27,1808.6
2024-07-01,Canada,27,1799.1
2024-07-01,Tunisia,27,1748.7
2024-07-01,Paraguay,30,1724.7
2024-07-01,Peru,30,1777.0
2024-07-01,Ghana,31,1754.7
2024-07-01,Saudi Arabia,32,1753.1
2024-07-01,Cabo Verde,37,1684.7
2024-07-01,Slovakia,36,1686.6
2024-07-01,Scotland,36,1670.0
2024-07-01,Jordan,38,1691.8
2024-07-01,Czechia,41,1676.6
2024-07-01,South Africa,41,1701.5
2024-07-01,Venezuela,44,1703.7
2024-07-01,Chile,47,1638.2
2024-07-01,Bolivia,40,1640.8
2024-07-01,Indonesia,44,1591.9
2024-07-01,New Zealand,50,1648.1
2024-07-01,Costa Rica,51,1595.3
2024-07-01,Curaçao,50,1692.3
2024-07-01,Honduras,49,1707.7
2024-07-01,DR Congo,44,1682.8
2024-07-01,Kenya,53,1627.8
2024-07-01,Panama,52,1585.7
2024-07-01,Bosnia and Herzegovina,50,1576.0
2024-07-01,Qatar,53,1576.0
2024-07-01,Haiti,52,1594.4
2024-07-01,Cuba,57,1578.5
2024-07-01,Iraq,59,1586.1
2024-07-01,Trinidad and Tobago,51,1547.2
2024-07-01,Uzbekistan,61,1500.9
2024-08-01,France,1,1983.9
2024-08-01,Spain,3,1995.6
2024-08-01,Argentina,4,1996.9
2024-08-01,England,2,1975.7
2024-08-01,Portugal,5,1950.8
2024-08-01,Brazil,6,1938.5
2024-08-01,Netherlands,11,1944.6
2024-08-01,Morocco,12,1933.8
2024-08-01,Belgium,7,1974.4
2024-08-01,Germany,13,1907.2
2024-08-01,Croatia,13,1902.2
2024-08-01,Austria,8,1910.8
2024-08-01,Colombia,12,1873.8
2024-08-01,Senegal,18,1883.0
2024-08-01,Mexico,15,1902.7
2024-08-01,United States,12,1840.5
2024-08-01,Uruguay,14,1869.4
2024-08-01,Japan,21,1863.8
2024-08-01,Switzerland,19,1834.0
2024-08-01,Norway,17,1840.4
2024-08-01,Iran,23,1859.2
2024-08-01,Turkey,25,1864.8
2024-08-01,Ecuador,27,1795.1
2024-08-01,Sweden,26,1861.2
2024-08-01,South Korea,28,1795.7
2024-08-01,Nigeria,26,1771.2
2024-08-01,Australia,30,1813.4
2024-08-01,Ivory Coast,25,1795.1
2024-08-01,Algeria,30,1796.7
2024-08-01,Egypt,27,1751.7
2024-08-01,Canada,28,1815.1
2024-08-01,Tunisia,32,1726.7
2024-08-01,Paraguay,35,1755.5
2024-08-01,Peru,29,1724.1
2024-08-01,Ghana,35,1645.6
2024-08-01,Saudi Arabia,40,1715.1
2024-08-01,Cabo Verde,38,1689.4
2024-08-01,Slovakia,33,1730.9
2024-08-01,Scotland,38,1709.8
2024-08-01,Jordan,41,1660.9
2024-08-01,Czechia,44,1655.4
2024-08-01,South Africa,38,1637.8
2024-08-01,Venezuela,42,1692.3
2024-08-01,Chile,39,1678.9
2024-08-01,Bolivia,46,1679.8
2024-08-01,Indonesia,48,1684.5
2024-08-01,New Zealand,46,1627.1
2024-08-01,Costa Rica,50,1591.6
2024-08-01,Curaçao,45,1601.4
2024-08-01,Honduras,48,1606.4
2024-08-01,DR Congo,44,1651.0
2024-08-01,Kenya,45,1589.3
2024-08-01,Panama,52,1582.3
2024-08-01,Bosnia and Herzegovina,50,1611.7
2024-08-01,Qatar,52,1586.3
2024-08-01,Haiti,57,1595.5
2024-08-01,Cuba,52,1601.6
2024-08-01,Iraq,53,1590.7
2024-08-01,Trinidad and Tobago,54,1592.5
2024-08-01,Uzbekistan,65,1486.4
2024-09-01,France,1,1985.2
2024-09-01,Spain,4,2037.7
2024-09-01,Argentina,2,1992.8
2024-09-01,England,7,1978.6
2024-09-01,Portugal,2,1923.1
2024-09-01,Brazil,6,1916.8
2024-09-01,Netherlands,3,1912.0
2024-09-01,Morocco,10,1997.7
2024-09-01,Belgium,6,1957.8
2024-09-01,Germany,14,1889.1
2024-09-01,Croatia,7,1967.1
2024-09-01,Austria,12,1913.1
2024-09-01,Colombia,15,1899.4
2024-09-01,Senegal,17,1870.2
2024-09-01,Mexico,18,1909.6
2024-09-01,United States,18,1859.0
2024-09-01,Uruguay,19,1850.8
2024-09-01,Japan,20,1855.8
2024-09-01,Switzerland,22,1817.2
2024-09-01,Norway,20,1795.3
2024-09-01,Iran,20,1859.3
2024-09-01,Turkey,23,1809.8
2024-09-01,Ecuador,25,1766.3
2024-09-01,Sweden,25,1765.0
2024-09-01,South Korea,26,1792.3
2024-09-01,Nigeria,29,1783.8
2024-09-01,Australia,28,1752.2
2024-09-01,Ivory Coast,31,1843.3
2024-09-01,Algeria,30,1789.0
2024-09-01,Egypt,30,1831.2
2024-09-01,Canada,32,1720.4
2024-09-01,Tunisia,32,1710.1
2024-09-01,Paraguay,34,1726.1
2024-09-01,Peru,32,1713.7
2024-09-01,Ghana,33,1732.4
2024-09-01,Saudi Arabia,39,1767.5
2024-09-01,Cabo Verde,32,1729.2
2024-09-01,Slovakia,39,1693.2
2024-09-01,Scotland,39,1706.3
2024-09-01,Jordan,39,1692.8
2024-09-01,Czechia,39,1727.8
2024-09-01,South Africa,37,1640.5
2024-09-01,Venezuela,42,1637.3
2024-09-01,Chile,41,1706.6
2024-09-01,Bolivia,44,1686.9
2024-09-01,Indonesia,46,1683.2
2024-09-01,New Zealand,50,1582.7
2024-09-01,Costa Rica,46,1565.3
2024-09-01,Curaçao,43,1645.4
2024-09-01,Honduras,49,1632.4
2024-09-01,DR Congo,50,1597.5
2024-09-01,Kenya,46,1603.9
2024-09-01,Panama,52,1616.0
2024-09-01,Bosnia and Herzegovina,48,1541.1
2024-09-01,Qatar,51,1637.0
2024-09-01,Haiti,52,1551.4
2024-09-01,Cuba,53,1570.5
2024-09-01,Iraq,54,1548.0
2024-09-01,Trinidad and Tobago,59,1571.4
2024-09-01,Uzbekistan,63,1473.1
2024-10-01,France,1,2023.1
2024-10-01,Spain,5,1997.5
2024-10-01,Argentina,6,1957.0
2024-10-01,England,8,1963.6
2024-10-01,Portugal,3,1969.7
2024-10-01,Brazil,10,1979.9
2024-10-01,Netherlands,7,1908.4
2024-10-01,Morocco,5,1950.2
2024-10-01,Belgium,11,1926.5
2024-10-01,Germany,6,1964.7
2024-10-01,Croatia,10,1883.8
2024-10-01,Austria,11,1911.3
2024-10-01,Colombia,9,1878.8
2024-10-01,Senegal,14,1897.0
2024-10-01,Mexico,11,1830.8
2024-10-01,United States,16,1881.5
2024-10-01,Uruguay,14,1842.3
2024-10-01,Japan,17,1879.4
2024-10-01,Switzerland,18,1818.6
2024-10-01,Norway,22,1864.9
2024-10-01,Iran,20,1781.5
2024-10-01,Turkey,19,1832.9
2024-10-01,Ecuador,23,1807.1
2024-10-01,Sweden,22,1797.0
2024-10-01,South Korea,28,1746.5
2024-10-01,Nigeria,27,1785.4
2024-10-01,Australia,29,1752.3
2024-10-01,Ivory Coast,25,1756.0
2024-10-01,Algeria,28,1831.0
2024-10-01,Egypt,30,1741.8
2024-10-01,Canada,33,1814.7
2024-10-01,Tunisia,27,1756.8
2024-10-01,Paraguay,36,1787.2
2024-10-01,Peru,37,1696.1
2024-10-01,Ghana,33,1653.7
2024-10-01,Saudi Arabia,34,1668.2
2024-10-01,Cabo Verde,38,1684.4
2024-10-01,Slovakia,34,1691.1
2024-10-01,Scotland,37,1700.2
2024-10-01,Jordan,40,1745.5
2024-10-01,Czechia,38,1653.0
2024-10-01,South Africa,37,1674.5
2024-10-01,Venezuela,39,1673.6
2024-10-01,Chile,46,1684.3
2024-10-01,Bolivia,47,1613.4
2024-10-01,Indonesia,44,1675.8
2024-10-01,New Zealand,46,1650.0
2024-10-01,Costa Rica,44,1627.8
2024-10-01,Curaçao,49,1601.7
2024-10-01,Honduras,50,1633.6
2024-10-01,DR Congo,49,1641.3
2024-10-01,Kenya,45,1634.7
2024-10-01,Panama,46,1604.5
2024-10-01,Bosnia and Herzegovina,55,1539.8
2024-10-01,Qatar,51,1587.7
2024-10-01,Haiti,49,1588.8
2024-10-01,Cuba,52,1580.3
2024-10-01,Iraq,52,1558.1
2024-10-01,Trinidad and Tobago,51,1556.0
2024-10-01,Uzbekistan,60,1495.7
2024-11-01,France,2,2041.9
2024-11-01,Spain,1,2032.2
2024-11-01,Argentina,7,1986.5
2024-11-01,England,3,1991.9
2024-11-01,Portugal,9,2022.9
2024-11-01,Brazil,3,1999.2
2024-11-01,Netherlands,11,1937.1
2024-11-01,Morocco,11,1969.5
2024-11-01,Belgium,12,1925.3
2024-11-01,Germany,9,1852.5
2024-11-01,Croatia,9,1963.3
2024-11-01,Austria,15,1914.9
2024-11-01,Colombia,13,1876.3
2024-11-01,Senegal,14,1892.6
2024-11-01,Mexico,14,1903.3
2024-11-01,United States,13,1848.9
2024-11-01,Uruguay,14,1816.2
2024-11-01,Japan,16,1837.7
2024-11-01,Switzerland,23,1833.9
2024-11-01,Norway,20,1871.4
2024-11-01,Iran,17,1877.7
2024-11-01,Turkey,23,1835.2
2024-11-01,Ecuador,27,1800.7
2024-11-01,Sweden,26,1799.8
2024-11-01,South Korea,22,1778.6
2024-11-01,Nigeria,29,1848.2
2024-11-01,Australia,23,1793.1
2024-11-01,Ivory Coast,27,1768.6
2024-11-01,Algeria,28,1818.1
2024-11-01,Egypt,33,1804.2
2024-11-01,Canada,34,1798.9
2024-11-01,Tunisia,30,1721.2
2024-11-01,Paraguay,36,1763.3
2024-11-01,Peru,34,1789.8
2024-11-01,Ghana,37,1706.0
2024-11-01,Saudi Arabia,32,1705.1
2024-11-01,Cabo Verde,38,1687.8
2024-11-01,Slovakia,37,1701.6
2024-11-01,Scotland,37,1669.6
2024-11-01,Jordan,37,1709.0
2024-11-01,Czechia,40,1611.5
2024-11-01,South Africa,44,1698.8
2024-11-01,Venezuela,44,1675.4
2024-11-01,Chile,45,1653.2
2024-11-01,Bolivia,41,1599.7
2024-11-01,Indonesia,45,1687.3
2024-11-01,New Zealand,42,1660.6
2024-11-01,Costa Rica,48,1660.3
2024-11-01,Curaçao,49,1606.2
2024-11-01,Honduras,49,1633.8
2024-11-01,DR Congo,49,1631.4
2024-11-01,Kenya,47,1577.3
2024-11-01,Panama,53,1628.7
2024-11-01,Bosnia and Herzegovina,49,1601.7
2024-11-01,Qatar,54,1618.3
2024-11-01,Haiti,51,1568.1
2024-11-01,Cuba,56,1528.2
2024-11-01,Iraq,57,1568.2
2024-11-01,Trinidad and Tobago,52,1550.9
2024-11-01,Uzbekistan,67,1486.7
2024-12-01,France,3,2006.8
2024-12-01,Spain,2,1964.6
2024-12-01,Argentina,1,1983.4
2024-12-01,England,4,1984.9
2024-12-01,Portugal,8,1936.2
2024-12-01,Brazil,5,1945.4
2024-12-01,Netherlands,8,1925.6
2024-12-01,Morocco,9,1969.2
2024-12-01,Belgium,6,1906.6
2024-12-01,Germany,8,1938.6
2024-12-01,Croatia,15,1882.7
2024-12-01,Austria,8,1918.6
2024-12-01,Colombia,12,1881.0
2024-12-01,Senegal,12,1886.8
2024-12-01,Mexico,11,1835.7
2024-12-01,United States,17,1835.8
2024-12-01,Uruguay,13,1809.4
2024-12-01,Japan,15,1880.9
2024-12-01,Switzerland,15,1894.5
2024-12-01,Norway,23,1834.2
2024-12-01,Iran,23,1901.0
2024-12-01,Turkey,23,1779.6
2024-12-01,Ecuador,22,1810.0
2024-12-01,Sweden,26,1794.1
2024-12-01,South Korea,24,1793.9
2024-12-01,Nigeria,23,1804.5
2024-12-01,Australia,31,1821.5
2024-12-01,Ivory Coast,31,1760.8
2024-12-01,Algeria,30,1784.3
2024-12-01,Egypt,28,1780.3
2024-12-01,Canada,26,1763.8
2024-12-01,Tunisia,29,1713.0
2024-12-01,Paraguay,28,1752.0
2024-12-01,Peru,37,1704.3
2024-12-01,Ghana,35,1762.2
2024-12-01,Saudi Arabia,38,1675.7
2024-12-01,Cabo Verde,39,1696.8
2024-12-01,Slovakia,36,1661.4
2024-12-01,Scotland,41,1717.1
2024-12-01,Jordan,43,1720.0
2024-12-01,Czechia,39,1654.0
2024-12-01,South Africa,42,1661.7
2024-12-01,Venezuela,43,1663.9
2024-12-01,Chile,42,1636.7
2024-12-01,Bolivia,45,1659.7
2024-12-01,Indonesia,45,1684.5
2024-12-01,New Zealand,49,1661.7
2024-12-01,Costa Rica,50,1645.8
2024-12-01,Curaçao,50,1630.8
2024-12-01,Honduras,47,1607.9
2024-12-01,DR Congo,47,1599.7
2024-12-01,Kenya,45,1633.0
2024-12-01,Panama,50,1605.2
2024-12-01,Bosnia and Herzegovina,52,1624.9
2024-12-01,Qatar,50,1562.0
2024-12-01,Haiti,54,1567.8
2024-12-01,Cuba,53,1571.3
2024-12-01,Iraq,56,1593.2
2024-12-01,Trinidad and Tobago,54,1586.7
2024-12-01,Uzbekistan,60,1516.3
2025-01-01,France,2,2017.6
2025-01-01,Spain,2,1937.8
2025-01-01,Argentina,1,1997.0
2025-01-01,England,2,1913.8
2025-01-01,Portugal,6,1958.8
2025-01-01,Brazil,3,1947.6
2025-01-01,Netherlands,8,1874.6
2025-01-01,Morocco,6,1929.8
2025-01-01,Belgium,8,1972.0
2025-01-01,Germany,7,1941.2
2025-01-01,Croatia,13,1904.2
2025-01-01,Austria,12,1875.9
2025-01-01,Colombia,17,1944.3
2025-01-01,Senegal,18,1893.7
2025-01-01,Mexico,14,1863.2
2025-01-01,United States,18,1881.4
2025-01-01,Uruguay,17,1858.6
2025-01-01,Japan,18,1840.6
2025-01-01,Switzerland,19,1837.3
2025-01-01,Norway,18,1840.0
2025-01-01,Iran,21,1802.7
2025-01-01,Turkey,23,1841.4
2025-01-01,Ecuador,22,1791.3
2025-01-01,Sweden,22,1794.6
2025-01-01,South Korea,27,1847.3
2025-01-01,Nigeria,26,1762.9
2025-01-01,Australia,28,1756.7
2025-01-01,Ivory Coast,32,1808.1
2025-01-01,Algeria,32,1738.9
2025-01-01,Egypt,28,1805.9
2025-01-01,Canada,33,1738.6
2025-01-01,Tunisia,27,1760.7
2025-01-01,Paraguay,34,1736.5
2025-01-01,Peru,29,1726.9
2025-01-01,Ghana,34,1667.9
2025-01-01,Saudi Arabia,36,1680.8
2025-01-01,Cabo Verde,35,1730.2
2025-01-01,Slovakia,40,1707.2
2025-01-01,Scotland,38,1691.3
2025-01-01,Jordan,42,1642.4
2025-01-01,Czechia,43,1691.2
2025-01-01,South Africa,39,1652.7
2025-01-01,Venezuela,38,1714.2
2025-01-01,Chile,41,1691.5
2025-01-01,Bolivia,47,1633.1
2025-01-01,Indonesia,42,1667.0
2025-01-01,New Zealand,47,1662.1
2025-01-01,Costa Rica,49,1634.1
2025-01-01,Curaçao,50,1637.5
2025-01-01,Honduras,48,1627.2
2025-01-01,DR Congo,49,1569.5
2025-01-01,Kenya,51,1575.8
2025-01-01,Panama,54,1598.1
2025-01-01,Bosnia and Herzegovina,53,1596.2
2025-01-01,Qatar,55,1628.9
2025-01-01,Haiti,55,1608.4
2025-01-01,Cuba,58,1586.7
2025-01-01,Iraq,53,1555.6
2025-01-01,Trinidad and Tobago,54,1550.9
2025-01-01,Uzbekistan,62,1520.1
2025-02-01,France,4,2052.3
2025-02-01,Spain,5,1975.9
2025-02-01,Argentina,4,1937.6
2025-02-01,England,6,1982.6
2025-02-01,Portugal,5,1929.4
2025-02-01,Brazil,7,1976.3
2025-02-01,Netherlands,10,1966.4
2025-02-01,Morocco,12,1915.5
2025-02-01,Belgium,7,1949.9
2025-02-01,Germany,14,1980.4
2025-02-01,Croatia,10,1902.5
2025-02-01,Austria,12,1833.7
2025-02-01,Colombia,14,1840.5
2025-02-01,Senegal,13,1861.6
2025-02-01,Mexico,17,1856.4
2025-02-01,United States,16,1890.2
2025-02-01,Uruguay,13,1856.7
2025-02-01,Japan,17,1837.1
2025-02-01,Switzerland,22,1843.1
2025-02-01,Norway,21,1819.2
2025-02-01,Iran,22,1861.1
2025-02-01,Turkey,25,1804.1
2025-02-01,Ecuador,27,1792.0
2025-02-01,Sweden,20,1785.0
2025-02-01,South Korea,21,1864.2
2025-02-01,Nigeria,27,1763.0
2025-02-01,Australia,25,1800.9
2025-02-01,Ivory Coast,26,1813.2
2025-02-01,Algeria,27,1815.9
2025-02-01,Egypt,25,1729.9
2025-02-01,Canada,30,1776.5
2025-02-01,Tunisia,28,1733.7
2025-02-01,Paraguay,32,1719.0
2025-02-01,Peru,31,1713.2
2025-02-01,Ghana,36,1709.9
2025-02-01,Saudi Arabia,32,1659.3
2025-02-01,Cabo Verde,38,1717.9
2025-02-01,Slovakia,38,1683.0
2025-02-01,Scotland,35,1671.2
2025-02-01,Jordan,41,1715.4
2025-02-01,Czechia,39,1658.7
2025-02-01,South Africa,45,1695.8
2025-02-01,Venezuela,45,1674.0
2025-02-01,Chile,45,1652.3
2025-02-01,Bolivia,48,1623.8
2025-02-01,Indonesia,44,1599.3
2025-02-01,New Zealand,43,1647.5
2025-02-01,Costa Rica,44,1621.1
2025-02-01,Curaçao,44,1651.4
2025-02-01,Honduras,49,1614.5
2025-02-01,DR Congo,46,1624.3
2025-02-01,Kenya,50,1616.8
2025-02-01,Panama,48,1646.7
2025-02-01,Bosnia and Herzegovina,50,1560.8
2025-02-01,Qatar,49,1600.2
2025-02-01,Haiti,51,1595.3
2025-02-01,Cuba,55,1499.1
2025-02-01,Iraq,56,1578.9
2025-02-01,Trinidad and Tobago,55,1599.6
2025-02-01,Uzbekistan,60,1459.1
2025-03-01,France,3,1971.1
2025-03-01,Spain,1,1951.5
2025-03-01,Argentina,4,1988.7
2025-03-01,England,1,1993.5
2025-03-01,Portugal,9,1990.8
2025-03-01,Brazil,8,1950.7
2025-03-01,Netherlands,9,1916.3
2025-03-01,Morocco,6,1947.9
2025-03-01,Belgium,5,1913.6
2025-03-01,Germany,8,1914.1
2025-03-01,Croatia,15,1863.5
2025-03-01,Austria,10,1938.5
2025-03-01,Colombia,13,1934.3
2025-03-01,Senegal,15,1935.9
2025-03-01,Mexico,16,1897.5
2025-03-01,United States,20,1865.5
2025-03-01,Uruguay,15,1819.2
2025-03-01,Japan,16,1822.4
2025-03-01,Switzerland,18,1816.7
2025-03-01,Norway,16,1812.0
2025-03-01,Iran,18,1813.4
2025-03-01,Turkey,24,1824.4
2025-03-01,Ecuador,27,1813.3
2025-03-01,Sweden,21,1767.7
2025-03-01,South Korea,29,1814.0
2025-03-01,Nigeria,30,1815.2
2025-03-01,Australia,24,1736.8
2025-03-01,Ivory Coast,31,1746.5
2025-03-01,Algeria,28,1775.8
2025-03-01,Egypt,25,1778.8
2025-03-01,Canada,31,1758.8
2025-03-01,Tunisia,35,1703.8
2025-03-01,Paraguay,36,1739.5
2025-03-01,Peru,33,1752.9
2025-03-01,Ghana,38,1698.4
2025-03-01,Saudi Arabia,36,1684.1
2025-03-01,Cabo Verde,35,1676.0
2025-03-01,Slovakia,41,1738.3
2025-03-01,Scotland,39,1702.5
2025-03-01,Jordan,35,1679.8
2025-03-01,Czechia,36,1657.6
2025-03-01,South Africa,40,1659.8
2025-03-01,Venezuela,43,1684.1
2025-03-01,Chile,39,1665.4
2025-03-01,Bolivia,46,1630.0
2025-03-01,Indonesia,43,1617.6
2025-03-01,New Zealand,49,1591.1
2025-03-01,Costa Rica,51,1622.5
2025-03-01,Curaçao,45,1599.9
2025-03-01,Honduras,44,1593.2
2025-03-01,DR Congo,47,1638.0
2025-03-01,Kenya,53,1587.5
2025-03-01,Panama,46,1585.3
2025-03-01,Bosnia and Herzegovina,51,1566.8
2025-03-01,Qatar,50,1627.8
2025-03-01,Haiti,55,1579.5
2025-03-01,Cuba,52,1597.9
2025-03-01,Iraq,56,1594.8
2025-03-01,Trinidad and Tobago,52,1559.0
2025-03-01,Uzbekistan,59,1487.3
2025-04-01,France,1,2024.9
2025-04-01,Spain,1,2012.5
2025-04-01,Argentina,1,1981.8
2025-04-01,England,8,1951.1
2025-04-01,Portugal,2,1958.9
2025-04-01,Brazil,3,1965.5
2025-04-01,Netherlands,9,1970.8
2025-04-01,Morocco,11,1954.0
2025-04-01,Belgium,11,1914.8
2025-04-01,Germany,8,1934.8
2025-04-01,Croatia,10,1921.9
2025-04-01,Austria,14,1875.9
2025-04-01,Colombia,13,1989.8
2025-04-01,Senegal,13,1872.5
2025-04-01,Mexico,13,1856.3
2025-04-01,United States,18,1861.7
2025-04-01,Uruguay,19,1810.8
2025-04-01,Japan,14,1784.5
2025-04-01,Switzerland,15,1808.4
2025-04-01,Norway,17,1865.8
2025-04-01,Iran,25,1785.6
2025-04-01,Turkey,21,1813.6
2025-04-01,Ecuador,24,1785.8
2025-04-01,Sweden,24,1785.8
2025-04-01,South Korea,25,1770.5
2025-04-01,Nigeria,29,1842.0
2025-04-01,Australia,28,1794.7
2025-04-01,Ivory Coast,24,1753.5
2025-04-01,Algeria,27,1826.5
2025-04-01,Egypt,28,1807.9
2025-04-01,Canada,27,1720.4
2025-04-01,Tunisia,29,1748.3
2025-04-01,Paraguay,32,1763.0
2025-04-01,Peru,36,1706.2
2025-04-01,Ghana,37,1714.6
2025-04-01,Saudi Arabia,37,1740.1
2025-04-01,Cabo Verde,33,1706.6
2025-04-01,Slovakia,40,1747.2
2025-04-01,Scotland,36,1672.6
2025-04-01,Jordan,36,1704.3
2025-04-01,Czechia,42,1665.1
2025-04-01,South Africa,41,1645.6
2025-04-01,Venezuela,44,1640.0
2025-04-01,Chile,47,1627.0
2025-04-01,Bolivia,48,1630.5
2025-04-01,Indonesia,46,1658.5
2025-04-01,New Zealand,48,1663.7
2025-04-01,Costa Rica,44,1591.4
2025-04-01,Curaçao,45,1627.6
2025-04-01,Honduras,49,1656.9
2025-04-01,DR Congo,52,1624.6
2025-04-01,Kenya,52,1577.5
2025-04-01,Panama,53,1596.1
2025-04-01,Bosnia and Herzegovina,51,1602.4
2025-04-01,Qatar,48,1559.2
2025-04-01,Haiti,56,1569.6
2025-04-01,Cuba,57,1594.0
2025-04-01,Iraq,59,1550.1
2025-04-01,Trinidad and Tobago,57,1596.3
2025-04-01,Uzbekistan,59,1515.1
2025-05-01,France,1,1955.3
2025-05-01,Spain,1,1991.2
2025-05-01,Argentina,6,1948.0
2025-05-01,England,8,1965.5
2025-05-01,Portugal,8,1966.8
2025-05-01,Brazil,3,1952.4
2025-05-01,Netherlands,9,1926.3
2025-05-01,Morocco,4,1907.1
2025-05-01,Belgium,6,1982.1
2025-05-01,Germany,10,1943.8
2025-05-01,Croatia,9,1900.9
2025-05-01,Austria,15,1898.6
2025-05-01,Colombia,12,1904.7
2025-05-01,Senegal,12,1869.9
2025-05-01,Mexico,17,1955.4
2025-05-01,United States,15,1892.0
2025-05-01,Uruguay,14,1878.1
2025-05-01,Japan,16,1889.0
2025-05-01,Switzerland,23,1862.3
2025-05-01,Norway,18,1819.8
2025-05-01,Iran,21,1847.0
2025-05-01,Turkey,26,1853.7
2025-05-01,Ecuador,20,1850.1
2025-05-01,Sweden,20,1762.1
2025-05-01,South Korea,28,1826.6
2025-05-01,Nigeria,24,1720.6
2025-05-01,Australia,23,1784.7
2025-05-01,Ivory Coast,26,1795.5
2025-05-01,Algeria,31,1810.4
2025-05-01,Egypt,26,1781.3
2025-05-01,Canada,27,1763.0
2025-05-01,Tunisia,33,1750.9
2025-05-01,Paraguay,31,1750.2
2025-05-01,Peru,34,1725.9
2025-05-01,Ghana,31,1720.8
2025-05-01,Saudi Arabia,37,1707.2
2025-05-01,Cabo Verde,39,1726.1
2025-05-01,Slovakia,36,1736.9
2025-05-01,Scotland,42,1707.5
2025-05-01,Jordan,37,1713.9
2025-05-01,Czechia,38,1683.8
2025-05-01,South Africa,37,1678.4
2025-05-01,Venezuela,43,1626.8
2025-05-01,Chile,44,1636.2
2025-05-01,Bolivia,42,1673.4
2025-05-01,Indonesia,43,1667.3
2025-05-01,New Zealand,42,1615.0
2025-05-01,Costa Rica,51,1653.3
2025-05-01,Curaçao,46,1648.4
2025-05-01,Honduras,51,1636.4
2025-05-01,DR Congo,46,1640.7
2025-05-01,Kenya,49,1575.7
2025-05-01,Panama,51,1538.9
2025-05-01,Bosnia and Herzegovina,53,1579.7
2025-05-01,Qatar,56,1546.4
2025-05-01,Haiti,53,1579.9
2025-05-01,Cuba,54,1583.9
2025-05-01,Iraq,52,1629.0
2025-05-01,Trinidad and Tobago,51,1561.8
2025-05-01,Uzbekistan,61,1464.1
2025-06-01,France,1,1961.2
2025-06-01,Spain,4,2008.1
2025-06-01,Argentina,6,2005.7
2025-06-01,England,1,1970.3
2025-06-01,Portugal,5,1933.1
2025-06-01,Brazil,9,1905.1
2025-06-01,Netherlands,11,1926.7
2025-06-01,Morocco,8,1992.3
2025-06-01,Belgium,12,1899.8
2025-06-01,Germany,11,1916.8
2025-06-01,Croatia,11,1918.9
2025-06-01,Austria,12,1915.0
2025-06-01,Colombia,13,1917.9
2025-06-01,Senegal,11,1889.7
2025-06-01,Mexico,17,1882.2
2025-06-01,United States,18,1842.9
2025-06-01,Uruguay,16,1885.6
2025-06-01,Japan,17,1842.9
2025-06-01,Switzerland,20,1843.7
2025-06-01,Norway,22,1826.9
2025-06-01,Iran,25,1824.2
2025-06-01,Turkey,26,1802.3
2025-06-01,Ecuador,23,1833.6
2025-06-01,Sweden,28,1879.1
2025-06-01,South Korea,28,1798.1
2025-06-01,Nigeria,30,1806.0
2025-06-01,Australia,28,1800.0
2025-06-01,Ivory Coast,32,1811.1
2025-06-01,Algeria,24,1777.1
2025-06-01,Egypt,32,1787.6
2025-06-01,Canada,33,1742.1
2025-06-01,Tunisia,28,1754.5
2025-06-01,Paraguay,33,1739.8
2025-06-01,Peru,32,1748.0
2025-06-01,Ghana,37,1694.0
2025-06-01,Saudi Arabia,38,1662.8
2025-06-01,Cabo Verde,34,1697.8
2025-06-01,Slovakia,33,1725.9
2025-06-01,Scotland,38,1686.2
2025-06-01,Jordan,37,1698.1
2025-06-01,Czechia,39,1667.4
2025-06-01,South Africa,43,1684.9
2025-06-01,Venezuela,46,1672.2
2025-06-01,Chile,47,1673.3
2025-06-01,Bolivia,40,1634.8
2025-06-01,Indonesia,43,1598.7
2025-06-01,New Zealand,49,1605.0
2025-06-01,Costa Rica,49,1575.3
2025-06-01,Curaçao,44,1585.5
2025-06-01,Honduras,51,1580.4
2025-06-01,DR Congo,46,1635.6
2025-06-01,Kenya,51,1616.1
2025-06-01,Panama,48,1649.2
2025-06-01,Bosnia and Herzegovina,47,1599.0
2025-06-01,Qatar,51,1566.6
2025-06-01,Haiti,49,1624.0
2025-06-01,Cuba,54,1622.6
2025-06-01,Iraq,58,1523.7
2025-06-01,Trinidad and Tobago,57,1584.9
2025-06-01,Uzbekistan,67,1529.9
2025-07-01,France,1,1999.9
2025-07-01,Spain,1,2007.1
2025-07-01,Argentina,5,1995.9
2025-07-01,England,8,1940.4
2025-07-01,Portugal,1,1923.7
2025-07-01,Brazil,10,1970.5
2025-07-01,Netherlands,3,1987.1
2025-07-01,Morocco,11,1975.1
2025-07-01,Belgium,13,1972.6
2025-07-01,Germany,11,1916.5
2025-07-01,Croatia,10,1947.9
2025-07-01,Austria,9,1933.8
2025-07-01,Colombia,17,1895.6
2025-07-01,Senegal,15,1829.1
2025-07-01,Mexico,12,1894.3
2025-07-01,United States,18,1899.3
2025-07-01,Uruguay,16,1865.2
2025-07-01,Japan,18,1839.8
2025-07-01,Switzerland,16,1855.4
2025-07-01,Norway,19,1917.0
2025-07-01,Iran,22,1848.0
2025-07-01,Turkey,22,1881.0
2025-07-01,Ecuador,21,1865.9
2025-07-01,Sweden,21,1759.8
2025-07-01,South Korea,24,1816.0
2025-07-01,Nigeria,30,1862.0
2025-07-01,Australia,23,1749.4
2025-07-01,Ivory Coast,28,1781.8
2025-07-01,Algeria,26,1788.7
2025-07-01,Egypt,32,1799.0
2025-07-01,Canada,34,1744.9
2025-07-01,Tunisia,34,1782.1
2025-07-01,Paraguay,32,1730.6
2025-07-01,Peru,33,1777.1
2025-07-01,Ghana,36,1707.1
2025-07-01,Saudi Arabia,38,1706.3
2025-07-01,Cabo Verde,39,1721.8
2025-07-01,Slovakia,38,1668.5
2025-07-01,Scotland,34,1669.6
2025-07-01,Jordan,36,1733.5
2025-07-01,Czechia,37,1722.6
2025-07-01,South Africa,37,1603.2
2025-07-01,Venezuela,41,1697.8
2025-07-01,Chile,45,1669.3
2025-07-01,Bolivia,44,1615.7
2025-07-01,Indonesia,42,1635.0
2025-07-01,New Zealand,45,1679.2
2025-07-01,Costa Rica,51,1646.9
2025-07-01,Curaçao,45,1661.9
2025-07-01,Honduras,45,1625.7
2025-07-01,DR Congo,46,1659.4
2025-07-01,Kenya,51,1637.7
2025-07-01,Panama,46,1609.2
2025-07-01,Bosnia and Herzegovina,51,1618.3
2025-07-01,Qatar,51,1577.6
2025-07-01,Haiti,53,1571.9
2025-07-01,Cuba,58,1589.1
2025-07-01,Iraq,55,1577.0
2025-07-01,Trinidad and Tobago,54,1557.9
2025-07-01,Uzbekistan,67,1534.6
2025-08-01,France,1,1994.0
2025-08-01,Spain,3,1959.0
2025-08-01,Argentina,1,1941.1
2025-08-01,England,1,1991.1
2025-08-01,Portugal,9,1977.4
2025-08-01,Brazil,8,1921.9
2025-08-01,Netherlands,3,1959.2
2025-08-01,Morocco,10,1932.2
2025-08-01,Belgium,5,1946.6
2025-08-01,Germany,13,1970.9
2025-08-01,Croatia,10,1910.9
2025-08-01,Austria,9,1888.7
2025-08-01,Colombia,10,1901.2
2025-08-01,Senegal,18,1875.4
2025-08-01,Mexico,18,1834.9
2025-08-01,United States,12,1874.7
2025-08-01,Uruguay,17,1852.8
2025-08-01,Japan,14,1870.2
2025-08-01,Switzerland,16,1882.9
2025-08-01,Norway,21,1875.1
2025-08-01,Iran,23,1862.1
2025-08-01,Turkey,23,1872.0
2025-08-01,Ecuador,21,1805.3
2025-08-01,Sweden,22,1793.7
2025-08-01,South Korea,21,1777.5
2025-08-01,Nigeria,22,1778.7
2025-08-01,Australia,26,1761.3
2025-08-01,Ivory Coast,32,1776.0
2025-08-01,Algeria,29,1744.4
2025-08-01,Egypt,32,1779.6
2025-08-01,Canada,28,1799.0
2025-08-01,Tunisia,29,1755.2
2025-08-01,Paraguay,28,1735.9
2025-08-01,Peru,33,1711.4
2025-08-01,Ghana,35,1727.5
2025-08-01,Saudi Arabia,38,1714.0
2025-08-01,Cabo Verde,35,1703.8
2025-08-01,Slovakia,33,1688.7
2025-08-01,Scotland,34,1672.9
2025-08-01,Jordan,38,1682.6
2025-08-01,Czechia,42,1675.8
2025-08-01,South Africa,43,1627.9
2025-08-01,Venezuela,38,1666.8
2025-08-01,Chile,44,1644.7
2025-08-01,Bolivia,46,1692.5
2025-08-01,Indonesia,42,1625.1
2025-08-01,New Zealand,42,1614.7
2025-08-01,Costa Rica,45,1642.7
2025-08-01,Curaçao,47,1664.4
2025-08-01,Honduras,45,1624.0
2025-08-01,DR Congo,45,1652.0
2025-08-01,Kenya,50,1630.9
2025-08-01,Panama,52,1646.1
2025-08-01,Bosnia and Herzegovina,47,1568.1
2025-08-01,Qatar,52,1585.9
2025-08-01,Haiti,52,1487.1
2025-08-01,Cuba,55,1598.1
2025-08-01,Iraq,52,1549.5
2025-08-01,Trinidad and Tobago,54,1555.3
2025-08-01,Uzbekistan,66,1491.2
2025-09-01,France,3,2011.5
2025-09-01,Spain,1,2000.5
2025-09-01,Argentina,1,1965.3
2025-09-01,England,6,1995.1
2025-09-01,Portugal,8,1977.6
2025-09-01,Brazil,7,1959.8
2025-09-01,Netherlands,8,1947.2
2025-09-01,Morocco,6,1910.0
2025-09-01,Belgium,8,1939.3
2025-09-01,Germany,7,1958.4
2025-09-01,Croatia,11,1924.0
2025-09-01,Austria,16,1885.7
2025-09-01,Colombia,16,1930.6
2025-09-01,Senegal,12,1869.1
2025-09-01,Mexico,13,1876.1
2025-09-01,United States,12,1921.3
2025-09-01,Uruguay,13,1926.3
2025-09-01,Japan,14,1902.4
2025-09-01,Switzerland,23,1834.8
2025-09-01,Norway,22,1835.4
2025-09-01,Iran,24,1859.9
2025-09-01,Turkey,25,1827.5
2025-09-01,Ecuador,23,1804.1
2025-09-01,Sweden,21,1829.1
2025-09-01,South Korea,22,1764.6
2025-09-01,Nigeria,25,1793.6
2025-09-01,Australia,27,1742.2
2025-09-01,Ivory Coast,28,1715.8
2025-09-01,Algeria,32,1820.3
2025-09-01,Egypt,29,1734.7
2025-09-01,Canada,32,1758.8
2025-09-01,Tunisia,32,1814.0
2025-09-01,Paraguay,29,1739.3
2025-09-01,Peru,33,1792.1
2025-09-01,Ghana,38,1764.2
2025-09-01,Saudi Arabia,35,1699.3
2025-09-01,Cabo Verde,34,1694.8
2025-09-01,Slovakia,40,1687.9
2025-09-01,Scotland,41,1720.1
2025-09-01,Jordan,35,1733.0
2025-09-01,Czechia,37,1661.9
2025-09-01,South Africa,43,1628.2
2025-09-01,Venezuela,40,1720.6
2025-09-01,Chile,46,1649.2
2025-09-01,Bolivia,47,1664.3
2025-09-01,Indonesia,47,1642.8
2025-09-01,New Zealand,45,1617.2
2025-09-01,Costa Rica,49,1618.7
2025-09-01,Curaçao,46,1636.8
2025-09-01,Honduras,49,1658.3
2025-09-01,DR Congo,49,1641.4
2025-09-01,Kenya,52,1601.7
2025-09-01,Panama,49,1574.3
2025-09-01,Bosnia and Herzegovina,51,1592.6
2025-09-01,Qatar,51,1598.9
2025-09-01,Haiti,55,1541.3
2025-09-01,Cuba,58,1602.0
2025-09-01,Iraq,51,1532.4
2025-09-01,Trinidad and Tobago,59,1538.8
2025-09-01,Uzbekistan,64,1497.2
2025-10-01,France,2,2004.2
2025-10-01,Spain,1,1955.3
2025-10-01,Argentina,3,2022.4
2025-10-01,England,2,2014.9
2025-10-01,Portugal,9,1971.5
2025-10-01,Brazil,7,1910.8
2025-10-01,Netherlands,8,1977.4
2025-10-01,Morocco,9,1920.4
2025-10-01,Belgium,7,1874.9
2025-10-01,Germany,14,1948.5
2025-10-01,Croatia,9,1924.3
2025-10-01,Austria,11,1876.0
2025-10-01,Colombia,9,1882.8
2025-10-01,Senegal,12,1974.4
2025-10-01,Mexico,17,1855.3
2025-10-01,United States,13,1860.2
2025-10-01,Uruguay,14,1853.4
2025-10-01,Japan,18,1857.9
2025-10-01,Switzerland,20,1867.5
2025-10-01,Norway,22,1837.3
2025-10-01,Iran,23,1784.7
2025-10-01,Turkey,19,1812.0
2025-10-01,Ecuador,24,1796.2
2025-10-01,Sweden,21,1818.6
2025-10-01,South Korea,24,1769.7
2025-10-01,Nigeria,30,1832.8
2025-10-01,Australia,29,1806.0
2025-10-01,Ivory Coast,27,1761.1
2025-10-01,Algeria,32,1734.3
2025-10-01,Egypt,28,1817.4
2025-10-01,Canada,29,1738.0
2025-10-01,Tunisia,35,1815.0
2025-10-01,Paraguay,35,1748.7
2025-10-01,Peru,32,1696.6
2025-10-01,Ghana,37,1633.9
2025-10-01,Saudi Arabia,36,1709.0
2025-10-01,Cabo Verde,38,1738.4
2025-10-01,Slovakia,34,1718.7
2025-10-01,Scotland,36,1731.2
2025-10-01,Jordan,37,1721.1
2025-10-01,Czechia,41,1702.2
2025-10-01,South Africa,37,1694.3
2025-10-01,Venezuela,38,1668.9
2025-10-01,Chile,42,1614.9
2025-10-01,Bolivia,42,1665.6
2025-10-01,Indonesia,48,1664.5
2025-10-01,New Zealand,49,1637.3
2025-10-01,Costa Rica,43,1655.0
2025-10-01,Curaçao,48,1615.1
2025-10-01,Honduras,48,1655.5
2025-10-01,DR Congo,46,1624.3
2025-10-01,Kenya,50,1557.0
2025-10-01,Panama,50,1590.9
2025-10-01,Bosnia and Herzegovina,55,1566.0
2025-10-01,Qatar,48,1621.0
2025-10-01,Haiti,55,1639.8
2025-10-01,Cuba,57,1537.8
2025-10-01,Iraq,52,1549.3
2025-10-01,Trinidad and Tobago,59,1534.5
2025-10-01,Uzbekistan,62,1517.9
2025-11-01,France,1,1952.7
2025-11-01,Spain,1,1989.3
2025-11-01,Argentina,1,1990.0
2025-11-01,England,8,1950.9
2025-11-01,Portugal,1,1958.1
2025-11-01,Brazil,7,1957.8
2025-11-01,Netherlands,4,1996.9
2025-11-01,Morocco,10,1933.7
2025-11-01,Belgium,11,1961.6
2025-11-01,Germany,10,1969.9
2025-11-01,Croatia,8,1900.7
2025-11-01,Austria,9,1917.8
2025-11-01,Colombia,12,1883.9
2025-11-01,Senegal,15,1850.2
2025-11-01,Mexico,11,1837.6
2025-11-01,United States,12,1870.8
2025-11-01,Uruguay,13,1825.0
2025-11-01,Japan,22,1855.9
2025-11-01,Switzerland,19,1860.9
2025-11-01,Norway,19,1853.5
2025-11-01,Iran,17,1852.0
2025-11-01,Turkey,22,1804.9
2025-11-01,Ecuador,26,1819.4
2025-11-01,Sweden,24,1829.7
2025-11-01,South Korea,25,1756.2
2025-11-01,Nigeria,22,1824.8
2025-11-01,Australia,31,1802.5
2025-11-01,Ivory Coast,24,1748.1
2025-11-01,Algeria,29,1763.7
2025-11-01,Egypt,27,1792.4
2025-11-01,Canada,31,1752.2
2025-11-01,Tunisia,31,1773.1
2025-11-01,Paraguay,34,1848.3
2025-11-01,Peru,33,1756.2
2025-11-01,Ghana,37,1709.8
2025-11-01,Saudi Arabia,32,1694.4
2025-11-01,Cabo Verde,32,1730.1
2025-11-01,Slovakia,36,1656.5
2025-11-01,Scotland,38,1660.7
2025-11-01,Jordan,36,1656.8
2025-11-01,Czechia,39,1688.7
2025-11-01,South Africa,42,1706.7
2025-11-01,Venezuela,44,1643.7
2025-11-01,Chile,43,1648.4
2025-11-01,Bolivia,45,1615.6
2025-11-01,Indonesia,47,1644.2
2025-11-01,New Zealand,46,1612.4
2025-11-01,Costa Rica,50,1629.5
2025-11-01,Curaçao,45,1605.1
2025-11-01,Honduras,47,1623.7
2025-11-01,DR Congo,48,1555.4
2025-11-01,Kenya,52,1580.6
2025-11-01,Panama,53,1626.8
2025-11-01,Bosnia and Herzegovina,55,1601.5
2025-11-01,Qatar,55,1539.4
2025-11-01,Haiti,55,1626.4
2025-11-01,Cuba,51,1531.7
2025-11-01,Iraq,57,1474.8
2025-11-01,Trinidad and Tobago,59,1546.5
2025-11-01,Uzbekistan,66,1484.0
2025-12-01,France,2,2000.1
2025-12-01,Spain,6,1997.6
2025-12-01,Argentina,6,2000.8
2025-12-01,England,7,1971.2
2025-12-01,Portugal,8,1923.9
2025-12-01,Brazil,2,1958.7
2025-12-01,Netherlands,8,1966.7
2025-12-01,Morocco,5,1923.6
2025-12-01,Belgium,6,1865.1
2025-12-01,Germany,9,1913.1
2025-12-01,Croatia,15,1916.7
2025-12-01,Austria,13,1876.2
2025-12-01,Colombia,17,1874.9
2025-12-01,Senegal,15,1878.1
2025-12-01,Mexico,16,1894.0
2025-12-01,United States,13,1890.0
2025-12-01,Uruguay,18,1879.9
2025-12-01,Japan,15,1888.5
2025-12-01,Switzerland,18,1856.0
2025-12-01,Norway,16,1840.3
2025-12-01,Iran,22,1831.2
2025-12-01,Turkey,21,1814.8
2025-12-01,Ecuador,25,1795.5
2025-12-01,Sweden,25,1801.8
2025-12-01,South Korea,23,1865.5
2025-12-01,Nigeria,30,1804.5
2025-12-01,Australia,26,1847.2
2025-12-01,Ivory Coast,31,1791.0
2025-12-01,Algeria,30,1819.5
2025-12-01,Egypt,27,1759.6
2025-12-01,Canada,27,1768.2
2025-12-01,Tunisia,27,1743.8
2025-12-01,Paraguay,34,1738.0
2025-12-01,Peru,32,1748.2
2025-12-01,Ghana,36,1696.3
2025-12-01,Saudi Arabia,34,1699.2
2025-12-01,Cabo Verde,33,1673.7
2025-12-01,Slovakia,36,1707.4
2025-12-01,Scotland,39,1745.0
2025-12-01,Jordan,38,1695.1
2025-12-01,Czechia,40,1700.7
2025-12-01,South Africa,45,1641.4
2025-12-01,Venezuela,46,1653.4
2025-12-01,Chile,40,1668.7
2025-12-01,Bolivia,42,1633.2
2025-12-01,Indonesia,43,1602.3
2025-12-01,New Zealand,45,1665.7
2025-12-01,Costa Rica,43,1613.1
2025-12-01,Curaçao,45,1624.2
2025-12-01,Honduras,50,1541.9
2025-12-01,DR Congo,47,1631.7
2025-12-01,Kenya,46,1636.7
2025-12-01,Panama,53,1567.1
2025-12-01,Bosnia and Herzegovina,48,1616.6
2025-12-01,Qatar,54,1590.9
2025-12-01,Haiti,57,1564.3
2025-12-01,Cuba,57,1565.8
2025-12-01,Iraq,57,1579.1
2025-12-01,Trinidad and Tobago,55,1571.2
2025-12-01,Uzbekistan,61,1476.5
2026-01-01,France,1,2049.8
2026-01-01,Spain,1,1943.6
2026-01-01,Argentina,5,1979.6
2026-01-01,England,2,1966.1
2026-01-01,Portugal,5,1972.3
2026-01-01,Brazil,10,1954.1
2026-01-01,Netherlands,10,1962.5
2026-01-01,Morocco,7,1912.1
2026-01-01,Belgium,5,1939.1
2026-01-01,Germany,8,1889.8
2026-01-01,Croatia,9,1875.3
2026-01-01,Austria,9,1913.9
2026-01-01,Colombia,16,1920.8
2026-01-01,Senegal,14,1881.1
2026-01-01,Mexico,17,1862.1
2026-01-01,United States,20,1875.4
2026-01-01,Uruguay,21,1873.1
2026-01-01,Japan,15,1904.1
2026-01-01,Switzerland,20,1843.2
2026-01-01,Norway,16,1849.5
2026-01-01,Iran,24,1849.0
2026-01-01,Turkey,26,1766.4
2026-01-01,Ecuador,23,1762.4
2026-01-01,Sweden,21,1802.6
2026-01-01,South Korea,22,1777.6
2026-01-01,Nigeria,25,1782.1
2026-01-01,Australia,31,1786.8
2026-01-01,Ivory Coast,30,1787.2
2026-01-01,Algeria,24,1837.0
2026-01-01,Egypt,31,1738.2
2026-01-01,Canada,33,1825.6
2026-01-01,Tunisia,32,1796.4
2026-01-01,Paraguay,29,1767.6
2026-01-01,Peru,33,1752.7
2026-01-01,Ghana,36,1662.9
2026-01-01,Saudi Arabia,33,1727.3
2026-01-01,Cabo Verde,36,1707.2
2026-01-01,Slovakia,36,1722.5
2026-01-01,Scotland,38,1735.8
2026-01-01,Jordan,36,1607.6
2026-01-01,Czechia,39,1663.4
2026-01-01,South Africa,38,1650.0
2026-01-01,Venezuela,38,1636.0
2026-01-01,Chile,46,1688.0
2026-01-01,Bolivia,45,1672.2
2026-01-01,Indonesia,41,1676.0
2026-01-01,New Zealand,48,1650.7
2026-01-01,Costa Rica,44,1587.9
2026-01-01,Curaçao,44,1604.7
2026-01-01,Honduras,44,1634.4
2026-01-01,DR Congo,49,1664.0
2026-01-01,Kenya,47,1581.0
2026-01-01,Panama,46,1599.4
2026-01-01,Bosnia and Herzegovina,53,1635.2
2026-01-01,Qatar,56,1558.7
2026-01-01,Haiti,53,1544.0
2026-01-01,Cuba,53,1540.4
2026-01-01,Iraq,54,1580.7
2026-01-01,Trinidad and Tobago,57,1519.1
2026-01-01,Uzbekistan,61,1497.2
2026-02-01,France,5,2028.9
2026-02-01,Spain,1,1969.1
2026-02-01,Argentina,1,2003.1
2026-02-01,England,8,1964.4
2026-02-01,Portugal,6,1912.2
2026-02-01,Brazil,10,1945.6
2026-02-01,Netherlands,8,1929.0
2026-02-01,Morocco,11,1905.0
2026-02-01,Belgium,10,1951.4
2026-02-01,Germany,7,1922.8
2026-02-01,Croatia,10,1896.0
2026-02-01,Austria,9,1905.6
2026-02-01,Colombia,13,1877.8
2026-02-01,Senegal,13,1842.4
2026-02-01,Mexico,11,1910.3
2026-02-01,United States,17,1856.4
2026-02-01,Uruguay,13,1856.7
2026-02-01,Japan,22,1854.6
2026-02-01,Switzerland,20,1826.7
2026-02-01,Norway,19,1791.8
2026-02-01,Iran,18,1865.5
2026-02-01,Turkey,25,1813.2
2026-02-01,Ecuador,25,1811.5
2026-02-01,Sweden,27,1785.9
2026-02-01,South Korea,22,1779.1
2026-02-01,Nigeria,27,1855.5
2026-02-01,Australia,31,1745.6
2026-02-01,Ivory Coast,25,1785.9
2026-02-01,Algeria,32,1765.7
2026-02-01,Egypt,25,1731.3
2026-02-01,Canada,29,1804.3
2026-02-01,Tunisia,33,1729.9
2026-02-01,Paraguay,29,1712.2
2026-02-01,Peru,33,1723.0
2026-02-01,Ghana,39,1689.3
2026-02-01,Saudi Arabia,38,1691.5
2026-02-01,Cabo Verde,35,1652.8
2026-02-01,Slovakia,41,1727.3
2026-02-01,Scotland,34,1689.0
2026-02-01,Jordan,36,1708.2
2026-02-01,Czechia,40,1631.4
2026-02-01,South Africa,41,1571.1
2026-02-01,Venezuela,38,1649.1
2026-02-01,Chile,45,1629.8
2026-02-01,Bolivia,43,1684.8
2026-02-01,Indonesia,47,1678.0
2026-02-01,New Zealand,48,1671.2
2026-02-01,Costa Rica,44,1599.7
2026-02-01,Curaçao,44,1618.2
2026-02-01,Honduras,48,1611.6
2026-02-01,DR Congo,49,1628.0
2026-02-01,Kenya,51,1573.5
2026-02-01,Panama,53,1604.5
2026-02-01,Bosnia and Herzegovina,49,1601.7
2026-02-01,Qatar,53,1605.3
2026-02-01,Haiti,49,1578.9
2026-02-01,Cuba,53,1562.4
2026-02-01,Iraq,51,1565.7
2026-02-01,Trinidad and Tobago,54,1595.4
2026-02-01,Uzbekistan,59,1515.6
2026-03-01,France,3,2024.4
2026-03-01,Spain,4,1967.4
2026-03-01,Argentina,4,1980.3
2026-03-01,England,1,2004.9
2026-03-01,Portugal,6,1986.9
2026-03-01,Brazil,9,1969.1
2026-03-01,Netherlands,6,1951.7
2026-03-01,Morocco,5,1916.9
2026-03-01,Belgium,6,1913.8
2026-03-01,Germany,12,1922.4
2026-03-01,Croatia,12,1947.4
2026-03-01,Austria,10,1904.1
2026-03-01,Colombia,15,1856.3
2026-03-01,Senegal,11,1893.7
2026-03-01,Mexico,14,1890.6
2026-03-01,United States,12,1827.1
2026-03-01,Uruguay,20,1869.4
2026-03-01,Japan,16,1786.9
2026-03-01,Switzerland,15,1837.1
2026-03-01,Norway,16,1855.5
2026-03-01,Iran,20,1867.5
2026-03-01,Turkey,20,1846.7
2026-03-01,Ecuador,23,1830.9
2026-03-01,Sweden,20,1826.9
2026-03-01,South Korea,23,1819.6
2026-03-01,Nigeria,28,1782.3
2026-03-01,Australia,29,1754.5
2026-03-01,Ivory Coast,31,1793.3
2026-03-01,Algeria,32,1779.6
2026-03-01,Egypt,25,1775.7
2026-03-01,Canada,29,1835.8
2026-03-01,Tunisia,33,1774.1
2026-03-01,Paraguay,35,1689.9
2026-03-01,Peru,29,1758.9
2026-03-01,Ghana,36,1713.9
2026-03-01,Saudi Arabia,32,1727.1
2026-03-01,Cabo Verde,35,1823.8
2026-03-01,Slovakia,37,1677.1
2026-03-01,Scotland,34,1748.9
2026-03-01,Jordan,42,1688.9
2026-03-01,Czechia,42,1639.5
2026-03-01,South Africa,45,1690.3
2026-03-01,Venezuela,42,1674.0
2026-03-01,Chile,40,1583.6
2026-03-01,Bolivia,40,1698.2
2026-03-01,Indonesia,47,1660.1
2026-03-01,New Zealand,50,1634.0
2026-03-01,Costa Rica,45,1651.1
2026-03-01,Curaçao,47,1570.3
2026-03-01,Honduras,46,1641.6
2026-03-01,DR Congo,44,1619.5
2026-03-01,Kenya,51,1605.5
2026-03-01,Panama,53,1618.5
2026-03-01,Bosnia and Herzegovina,52,1589.8
2026-03-01,Qatar,54,1609.3
2026-03-01,Haiti,54,1583.6
2026-03-01,Cuba,51,1572.9
2026-03-01,Iraq,59,1597.2
2026-03-01,Trinidad and Tobago,55,1581.8
2026-03-01,Uzbekistan,62,1508.9
2026-04-01,France,1,2019.0
2026-04-01,Spain,1,1957.7
2026-04-01,Argentina,3,2026.4
2026-04-01,England,4,1980.3
2026-04-01,Portugal,2,1962.0
2026-04-01,Brazil,7,1924.8
2026-04-01,Netherlands,9,1929.6
2026-04-01,Morocco,5,1963.2
2026-04-01,Belgium,12,1903.9
2026-04-01,Germany,14,1844.8
2026-04-01,Croatia,7,1992.2
2026-04-01,Austria,13,1962.8
2026-04-01,Colombia,15,1879.4
2026-04-01,Senegal,10,1892.3
2026-04-01,Mexico,18,1891.9
2026-04-01,United States,20,1912.4
2026-04-01,Uruguay,18,1917.7
2026-04-01,Japan,22,1865.0
2026-04-01,Switzerland,18,1837.4
2026-04-01,Norway,23,1838.4
2026-04-01,Iran,18,1839.0
2026-04-01,Turkey,23,1783.1
2026-04-01,Ecuador,19,1837.9
2026-04-01,Sweden,20,1891.2
2026-04-01,South Korea,22,1828.6
2026-04-01,Nigeria,23,1805.0
2026-04-01,Australia,23,1775.8
2026-04-01,Ivory Coast,28,1779.7
2026-04-01,Algeria,27,1731.9
2026-04-01,Egypt,29,1743.6
2026-04-01,Canada,32,1769.7
2026-04-01,Tunisia,31,1732.2
2026-04-01,Paraguay,36,1718.8
2026-04-01,Peru,29,1763.7
2026-04-01,Ghana,39,1705.7
2026-04-01,Saudi Arabia,33,1694.7
2026-04-01,Cabo Verde,32,1724.6
2026-04-01,Slovakia,34,1714.6
2026-04-01,Scotland,41,1659.6
2026-04-01,Jordan,37,1671.5
2026-04-01,Czechia,37,1716.7
2026-04-01,South Africa,39,1691.4
2026-04-01,Venezuela,39,1656.8
2026-04-01,Chile,47,1627.2
2026-04-01,Bolivia,40,1678.0
2026-04-01,Indonesia,43,1644.7
2026-04-01,New Zealand,45,1619.2
2026-04-01,Costa Rica,43,1600.2
2026-04-01,Curaçao,51,1628.8
2026-04-01,Honduras,45,1591.0
2026-04-01,DR Congo,48,1627.3
2026-04-01,Kenya,49,1632.5
2026-04-01,Panama,50,1605.1
2026-04-01,Bosnia and Herzegovina,51,1612.0
2026-04-01,Qatar,55,1581.9
2026-04-01,Haiti,50,1615.5
2026-04-01,Cuba,56,1522.5
2026-04-01,Iraq,56,1511.0
2026-04-01,Trinidad and Tobago,53,1515.9
2026-04-01,Uzbekistan,67,1507.1
